#Build: Fabric Compiler 2022.2-SP6.4, Build 146967, Jan 31 01:39 2024
#Install: F:\PDS_2022.2-SP6.4\bin
#Application name: pds_shell.exe
#OS: Windows 10 10.0.22621
#Hostname: ZHAO-Zhenxiang
Generated by Fabric Compiler (version 2022.2-SP6.4 build 146967) at Tue Oct  6 18:13:26 2026
License checkout: fabric_ads from F:\Jichuang-small_eyes\pango_license\new_pds_F4A80DA47D72.lic
Compiling verification operator library.
Compiling common defs.
Loading technology operator library.
Compiling technology operator library.
Compiling technology operator (valence) library.
Reading design from compile DB
Reading design from compile DB successfully.
Constraint check start.
Compiling prim grid devices.
Building architecture model.
Loading device packaging model.
Building architecture floorplan logic view.
Executing : get_ports clk
Executing : get_ports clk successfully.
Executing : create_clock -period 37.037 [get_ports clk] -name clk
Executing : create_clock -period 37.037 [get_ports clk] -name clk successfully.
Executing : get_ports JTAG_TCK
Executing : get_ports JTAG_TCK successfully.
Executing : create_clock -period 100.000 [get_ports JTAG_TCK] -name JTAG_CLK
Executing : create_clock -period 100.000 [get_ports JTAG_TCK] -name JTAG_CLK successfully.
Executing : get_ports cam1_pclk
Executing : get_ports cam1_pclk successfully.
Executing : create_clock -period 10.000 [get_ports cam1_pclk] -name CAM1_PCLK
Executing : create_clock -period 10.000 [get_ports cam1_pclk] -name CAM1_PCLK successfully.
Executing : get_ports cam2_pclk
Executing : get_ports cam2_pclk successfully.
Executing : create_clock -period 10.000 [get_ports cam2_pclk] -name CAM2_PCLK
Executing : create_clock -period 10.000 [get_ports cam2_pclk] -name CAM2_PCLK successfully.
Executing : get_ports clk
Executing : get_ports clk successfully.
Executing : get_pins g_bram_profile.u_bram_profile/u_pll/u_gpll:CLKOUT0
Executing : get_pins g_bram_profile.u_bram_profile/u_pll/u_gpll:CLKOUT0 successfully.
Executing : create_generated_clock -name cpu_clk -source [get_ports clk] -master_clock clk -multiply_by 70 -divide_by 27 [get_pins g_bram_profile.u_bram_profile/u_pll/u_gpll:CLKOUT0]
Executing : create_generated_clock -name cpu_clk -source [get_ports clk] -master_clock clk -multiply_by 70 -divide_by 27 [get_pins g_bram_profile.u_bram_profile/u_pll/u_gpll:CLKOUT0] successfully.
Executing : get_clocks cpu_clk
Executing : get_clocks cpu_clk successfully.
Executing : get_clocks JTAG_CLK
Executing : get_clocks JTAG_CLK successfully.
Executing : set_clock_groups -asynchronous -group [get_clocks cpu_clk] -group [get_clocks JTAG_CLK]
Executing : set_clock_groups -asynchronous -group [get_clocks cpu_clk] -group [get_clocks JTAG_CLK] successfully.
Executing : get_clocks cpu_clk
Executing : get_clocks cpu_clk successfully.
Executing : get_clocks CAM1_PCLK
Executing : get_clocks CAM1_PCLK successfully.
Executing : get_clocks CAM2_PCLK
Executing : get_clocks CAM2_PCLK successfully.
Executing : set_clock_groups -asynchronous -group [get_clocks cpu_clk] -group [get_clocks CAM1_PCLK] -group [get_clocks CAM2_PCLK]
Executing : set_clock_groups -asynchronous -group [get_clocks cpu_clk] -group [get_clocks CAM1_PCLK] -group [get_clocks CAM2_PCLK] successfully.
C: ConstraintEditor-2009: p:cam1_scl is lack of PAP_IO_SLEW, OUTPUT or INOUT PORT had better set PAP_IO_SLEW, the optional value is {SLOW, FAST}.
C: ConstraintEditor-2009: p:cam1_sda is lack of PAP_IO_SLEW, OUTPUT or INOUT PORT had better set PAP_IO_SLEW, the optional value is {SLOW, FAST}.
C: ConstraintEditor-2009: p:cam1_reset_n is lack of PAP_IO_SLEW, OUTPUT or INOUT PORT had better set PAP_IO_SLEW, the optional value is {SLOW, FAST}.
C: ConstraintEditor-2009: p:cam2_scl is lack of PAP_IO_SLEW, OUTPUT or INOUT PORT had better set PAP_IO_SLEW, the optional value is {SLOW, FAST}.
C: ConstraintEditor-2009: p:cam2_sda is lack of PAP_IO_SLEW, OUTPUT or INOUT PORT had better set PAP_IO_SLEW, the optional value is {SLOW, FAST}.
C: ConstraintEditor-2009: p:cam2_reset_n is lack of PAP_IO_SLEW, OUTPUT or INOUT PORT had better set PAP_IO_SLEW, the optional value is {SLOW, FAST}.
C: ConstraintEditor-2009: p:core_active is lack of PAP_IO_DRIVE, OUTPUT or INOUT PORT had better set PAP_IO_DRIVE, the optional value is {8, 4, 12, 16}.
C: ConstraintEditor-2009: p:core_active is lack of PAP_IO_SLEW, OUTPUT or INOUT PORT had better set PAP_IO_SLEW, the optional value is {SLOW, FAST}.
C: ConstraintEditor-2002: [F:/SocFpga/soc.fdc(line number: 186)] | Port JTAG_TDI has been placed at location R20, whose type is share pin.
C: ConstraintEditor-2002: [F:/SocFpga/soc.fdc(line number: 192)] | Port JTAG_TMS has been placed at location P19, whose type is share pin.
C: ConstraintEditor-2002: [F:/SocFpga/soc.fdc(line number: 198)] | Port JTAG_TCK has been placed at location M24, whose type is share pin.
C: ConstraintEditor-2009: p:JTAG_TDO is lack of PAP_IO_DRIVE, OUTPUT or INOUT PORT had better set PAP_IO_DRIVE, the optional value is {8, 4, 12, 16}.
C: ConstraintEditor-2009: p:fpioa[0] is lack of PAP_IO_DRIVE, OUTPUT or INOUT PORT had better set PAP_IO_DRIVE, the optional value is {8, 4, 12, 16}.
C: ConstraintEditor-2009: p:fpioa[0] is lack of PAP_IO_SLEW, OUTPUT or INOUT PORT had better set PAP_IO_SLEW, the optional value is {SLOW, FAST}.
C: ConstraintEditor-2009: p:fpioa[1] is lack of PAP_IO_DRIVE, OUTPUT or INOUT PORT had better set PAP_IO_DRIVE, the optional value is {8, 4, 12, 16}.
C: ConstraintEditor-2009: p:fpioa[1] is lack of PAP_IO_SLEW, OUTPUT or INOUT PORT had better set PAP_IO_SLEW, the optional value is {SLOW, FAST}.
C: ConstraintEditor-2002: [F:/SocFpga/soc.fdc(line number: 229)] | Port fpioa[2] has been placed at location T22, whose type is share pin.
C: ConstraintEditor-2009: p:fpioa[2] is lack of PAP_IO_DRIVE, OUTPUT or INOUT PORT had better set PAP_IO_DRIVE, the optional value is {8, 4, 12, 16}.
C: ConstraintEditor-2009: p:fpioa[2] is lack of PAP_IO_SLEW, OUTPUT or INOUT PORT had better set PAP_IO_SLEW, the optional value is {SLOW, FAST}.
C: ConstraintEditor-2002: [F:/SocFpga/soc.fdc(line number: 235)] | Port fpioa[3] has been placed at location K25, whose type is share pin.
C: ConstraintEditor-2009: p:fpioa[3] is lack of PAP_IO_DRIVE, OUTPUT or INOUT PORT had better set PAP_IO_DRIVE, the optional value is {8, 4, 12, 16}.
C: ConstraintEditor-2009: p:fpioa[3] is lack of PAP_IO_SLEW, OUTPUT or INOUT PORT had better set PAP_IO_SLEW, the optional value is {SLOW, FAST}.
C: ConstraintEditor-2009: p:fpioa[4] is lack of PAP_IO_DRIVE, OUTPUT or INOUT PORT had better set PAP_IO_DRIVE, the optional value is {8, 4, 12, 16}.
C: ConstraintEditor-2009: p:fpioa[4] is lack of PAP_IO_SLEW, OUTPUT or INOUT PORT had better set PAP_IO_SLEW, the optional value is {SLOW, FAST}.
C: ConstraintEditor-2009: p:fpioa[5] is lack of PAP_IO_DRIVE, OUTPUT or INOUT PORT had better set PAP_IO_DRIVE, the optional value is {8, 4, 12, 16}.
C: ConstraintEditor-2009: p:fpioa[5] is lack of PAP_IO_SLEW, OUTPUT or INOUT PORT had better set PAP_IO_SLEW, the optional value is {SLOW, FAST}.
C: ConstraintEditor-2009: p:fpioa[6] is lack of PAP_IO_DRIVE, OUTPUT or INOUT PORT had better set PAP_IO_DRIVE, the optional value is {8, 4, 12, 16}.
C: ConstraintEditor-2009: p:fpioa[6] is lack of PAP_IO_SLEW, OUTPUT or INOUT PORT had better set PAP_IO_SLEW, the optional value is {SLOW, FAST}.
C: ConstraintEditor-2009: p:fpioa[7] is lack of PAP_IO_DRIVE, OUTPUT or INOUT PORT had better set PAP_IO_DRIVE, the optional value is {8, 4, 12, 16}.
C: ConstraintEditor-2009: p:fpioa[7] is lack of PAP_IO_SLEW, OUTPUT or INOUT PORT had better set PAP_IO_SLEW, the optional value is {SLOW, FAST}.
C: ConstraintEditor-2009: p:fpioa[8] is lack of PAP_IO_DRIVE, OUTPUT or INOUT PORT had better set PAP_IO_DRIVE, the optional value is {8, 4, 12, 16}.
C: ConstraintEditor-2009: p:fpioa[8] is lack of PAP_IO_SLEW, OUTPUT or INOUT PORT had better set PAP_IO_SLEW, the optional value is {SLOW, FAST}.
C: ConstraintEditor-2009: p:fpioa[9] is lack of PAP_IO_DRIVE, OUTPUT or INOUT PORT had better set PAP_IO_DRIVE, the optional value is {8, 4, 12, 16}.
C: ConstraintEditor-2009: p:fpioa[9] is lack of PAP_IO_SLEW, OUTPUT or INOUT PORT had better set PAP_IO_SLEW, the optional value is {SLOW, FAST}.
C: ConstraintEditor-2009: p:fpioa[10] is lack of PAP_IO_DRIVE, OUTPUT or INOUT PORT had better set PAP_IO_DRIVE, the optional value is {8, 4, 12, 16}.
C: ConstraintEditor-2009: p:fpioa[10] is lack of PAP_IO_SLEW, OUTPUT or INOUT PORT had better set PAP_IO_SLEW, the optional value is {SLOW, FAST}.
C: ConstraintEditor-2009: p:fpioa[11] is lack of PAP_IO_DRIVE, OUTPUT or INOUT PORT had better set PAP_IO_DRIVE, the optional value is {8, 4, 12, 16}.
C: ConstraintEditor-2009: p:fpioa[11] is lack of PAP_IO_SLEW, OUTPUT or INOUT PORT had better set PAP_IO_SLEW, the optional value is {SLOW, FAST}.
C: ConstraintEditor-2009: p:fpioa[12] is lack of PAP_IO_DRIVE, OUTPUT or INOUT PORT had better set PAP_IO_DRIVE, the optional value is {8, 4, 12, 16}.
C: ConstraintEditor-2009: p:fpioa[12] is lack of PAP_IO_SLEW, OUTPUT or INOUT PORT had better set PAP_IO_SLEW, the optional value is {SLOW, FAST}.
C: ConstraintEditor-2009: p:fpioa[13] is lack of PAP_IO_DRIVE, OUTPUT or INOUT PORT had better set PAP_IO_DRIVE, the optional value is {8, 4, 12, 16}.
C: ConstraintEditor-2009: p:fpioa[13] is lack of PAP_IO_SLEW, OUTPUT or INOUT PORT had better set PAP_IO_SLEW, the optional value is {SLOW, FAST}.
C: ConstraintEditor-2009: p:fpioa[14] is lack of PAP_IO_DRIVE, OUTPUT or INOUT PORT had better set PAP_IO_DRIVE, the optional value is {8, 4, 12, 16}.
C: ConstraintEditor-2009: p:fpioa[14] is lack of PAP_IO_SLEW, OUTPUT or INOUT PORT had better set PAP_IO_SLEW, the optional value is {SLOW, FAST}.
C: ConstraintEditor-2009: p:fpioa[15] is lack of PAP_IO_DRIVE, OUTPUT or INOUT PORT had better set PAP_IO_DRIVE, the optional value is {8, 4, 12, 16}.
C: ConstraintEditor-2009: p:fpioa[15] is lack of PAP_IO_SLEW, OUTPUT or INOUT PORT had better set PAP_IO_SLEW, the optional value is {SLOW, FAST}.
C: ConstraintEditor-2009: p:fpioa[16] is lack of PAP_IO_DRIVE, OUTPUT or INOUT PORT had better set PAP_IO_DRIVE, the optional value is {8, 4, 12, 16}.
C: ConstraintEditor-2009: p:fpioa[16] is lack of PAP_IO_SLEW, OUTPUT or INOUT PORT had better set PAP_IO_SLEW, the optional value is {SLOW, FAST}.
C: ConstraintEditor-2009: p:fpioa[17] is lack of PAP_IO_DRIVE, OUTPUT or INOUT PORT had better set PAP_IO_DRIVE, the optional value is {8, 4, 12, 16}.
C: ConstraintEditor-2009: p:fpioa[17] is lack of PAP_IO_SLEW, OUTPUT or INOUT PORT had better set PAP_IO_SLEW, the optional value is {SLOW, FAST}.
C: UserConstraintEditor-2001: [F:/SocFpga/soc.fdc(line number: 322)] IO Direction INPUT is incorrect, change it to INOUT.
C: ConstraintEditor-2009: p:fpioa[18] is lack of PAP_IO_DRIVE, OUTPUT or INOUT PORT had better set PAP_IO_DRIVE, the optional value is {8, 4, 12, 16}.
C: ConstraintEditor-2009: p:fpioa[18] is lack of PAP_IO_SLEW, OUTPUT or INOUT PORT had better set PAP_IO_SLEW, the optional value is {SLOW, FAST}.
C: ConstraintEditor-2009: p:fpioa[19] is lack of PAP_IO_DRIVE, OUTPUT or INOUT PORT had better set PAP_IO_DRIVE, the optional value is {8, 4, 12, 16}.
C: ConstraintEditor-2009: p:fpioa[19] is lack of PAP_IO_SLEW, OUTPUT or INOUT PORT had better set PAP_IO_SLEW, the optional value is {SLOW, FAST}.
C: ConstraintEditor-2002: [F:/SocFpga/soc.fdc(line number: 337)] | Port fpioa[20] has been placed at location R23, whose type is share pin.
C: ConstraintEditor-2009: p:fpioa[20] is lack of PAP_IO_DRIVE, OUTPUT or INOUT PORT had better set PAP_IO_DRIVE, the optional value is {8, 4, 12, 16}.
C: ConstraintEditor-2009: p:fpioa[20] is lack of PAP_IO_SLEW, OUTPUT or INOUT PORT had better set PAP_IO_SLEW, the optional value is {SLOW, FAST}.
C: ConstraintEditor-2002: [F:/SocFpga/soc.fdc(line number: 343)] | Port fpioa[21] has been placed at location T23, whose type is share pin.
C: ConstraintEditor-2009: p:fpioa[21] is lack of PAP_IO_DRIVE, OUTPUT or INOUT PORT had better set PAP_IO_DRIVE, the optional value is {8, 4, 12, 16}.
C: ConstraintEditor-2009: p:fpioa[21] is lack of PAP_IO_SLEW, OUTPUT or INOUT PORT had better set PAP_IO_SLEW, the optional value is {SLOW, FAST}.
C: ConstraintEditor-2002: [F:/SocFpga/soc.fdc(line number: 349)] | Port fpioa[22] has been placed at location P26, whose type is share pin.
C: ConstraintEditor-2009: p:fpioa[22] is lack of PAP_IO_DRIVE, OUTPUT or INOUT PORT had better set PAP_IO_DRIVE, the optional value is {8, 4, 12, 16}.
C: ConstraintEditor-2009: p:fpioa[22] is lack of PAP_IO_SLEW, OUTPUT or INOUT PORT had better set PAP_IO_SLEW, the optional value is {SLOW, FAST}.
C: ConstraintEditor-2002: [F:/SocFpga/soc.fdc(line number: 355)] | Port fpioa[23] has been placed at location R26, whose type is share pin.
C: ConstraintEditor-2009: p:fpioa[23] is lack of PAP_IO_DRIVE, OUTPUT or INOUT PORT had better set PAP_IO_DRIVE, the optional value is {8, 4, 12, 16}.
C: ConstraintEditor-2009: p:fpioa[23] is lack of PAP_IO_SLEW, OUTPUT or INOUT PORT had better set PAP_IO_SLEW, the optional value is {SLOW, FAST}.
C: ConstraintEditor-2002: [F:/SocFpga/soc.fdc(line number: 361)] | Port fpioa[24] has been placed at location M26, whose type is share pin.
C: ConstraintEditor-2009: p:fpioa[24] is lack of PAP_IO_DRIVE, OUTPUT or INOUT PORT had better set PAP_IO_DRIVE, the optional value is {8, 4, 12, 16}.
C: ConstraintEditor-2009: p:fpioa[24] is lack of PAP_IO_SLEW, OUTPUT or INOUT PORT had better set PAP_IO_SLEW, the optional value is {SLOW, FAST}.
C: ConstraintEditor-2002: [F:/SocFpga/soc.fdc(line number: 367)] | Port fpioa[25] has been placed at location N26, whose type is share pin.
C: ConstraintEditor-2009: p:fpioa[25] is lack of PAP_IO_DRIVE, OUTPUT or INOUT PORT had better set PAP_IO_DRIVE, the optional value is {8, 4, 12, 16}.
C: ConstraintEditor-2009: p:fpioa[25] is lack of PAP_IO_SLEW, OUTPUT or INOUT PORT had better set PAP_IO_SLEW, the optional value is {SLOW, FAST}.
C: ConstraintEditor-2009: p:fpioa[26] is lack of PAP_IO_DRIVE, OUTPUT or INOUT PORT had better set PAP_IO_DRIVE, the optional value is {8, 4, 12, 16}.
C: ConstraintEditor-2009: p:fpioa[26] is lack of PAP_IO_SLEW, OUTPUT or INOUT PORT had better set PAP_IO_SLEW, the optional value is {SLOW, FAST}.
C: ConstraintEditor-2009: p:fpioa[27] is lack of PAP_IO_DRIVE, OUTPUT or INOUT PORT had better set PAP_IO_DRIVE, the optional value is {8, 4, 12, 16}.
C: ConstraintEditor-2009: p:fpioa[27] is lack of PAP_IO_SLEW, OUTPUT or INOUT PORT had better set PAP_IO_SLEW, the optional value is {SLOW, FAST}.
C: UserConstraintEditor-2001: [F:/SocFpga/soc.fdc(line number: 384)] IO Direction INPUT is incorrect, change it to INOUT.
C: ConstraintEditor-2009: p:fpioa[28] is lack of PAP_IO_DRIVE, OUTPUT or INOUT PORT had better set PAP_IO_DRIVE, the optional value is {8, 4, 12, 16}.
C: ConstraintEditor-2009: p:fpioa[28] is lack of PAP_IO_SLEW, OUTPUT or INOUT PORT had better set PAP_IO_SLEW, the optional value is {SLOW, FAST}.
C: UserConstraintEditor-2001: [F:/SocFpga/soc.fdc(line number: 390)] IO Direction INPUT is incorrect, change it to INOUT.
C: ConstraintEditor-2009: p:fpioa[29] is lack of PAP_IO_DRIVE, OUTPUT or INOUT PORT had better set PAP_IO_DRIVE, the optional value is {8, 4, 12, 16}.
C: ConstraintEditor-2009: p:fpioa[29] is lack of PAP_IO_SLEW, OUTPUT or INOUT PORT had better set PAP_IO_SLEW, the optional value is {SLOW, FAST}.
C: ConstraintEditor-2009: p:fpioa[30] is lack of PAP_IO_DRIVE, OUTPUT or INOUT PORT had better set PAP_IO_DRIVE, the optional value is {8, 4, 12, 16}.
C: ConstraintEditor-2009: p:fpioa[30] is lack of PAP_IO_SLEW, OUTPUT or INOUT PORT had better set PAP_IO_SLEW, the optional value is {SLOW, FAST}.
C: ConstraintEditor-2009: p:fpioa[31] is lack of PAP_IO_DRIVE, OUTPUT or INOUT PORT had better set PAP_IO_DRIVE, the optional value is {8, 4, 12, 16}.
C: ConstraintEditor-2009: p:fpioa[31] is lack of PAP_IO_SLEW, OUTPUT or INOUT PORT had better set PAP_IO_SLEW, the optional value is {SLOW, FAST}.
C: ConstraintEditor-2002: [F:/SocFpga/soc.fdc(line number: 532)] | Port mem_dq[15] has been placed at location G6, whose type is share pin.
C: ConstraintEditor-2002: [F:/SocFpga/soc.fdc(line number: 546)] | Port mem_dq[13] has been placed at location E6, whose type is share pin.
C: ConstraintEditor-2002: [F:/SocFpga/soc.fdc(line number: 553)] | Port mem_dq[12] has been placed at location G8, whose type is share pin.
C: ConstraintEditor-2002: [F:/SocFpga/soc.fdc(line number: 560)] | Port mem_dq[11] has been placed at location D6, whose type is share pin.
C: ConstraintEditor-2002: [F:/SocFpga/soc.fdc(line number: 567)] | Port mem_dq[10] has been placed at location H8, whose type is share pin.
C: ConstraintEditor-2002: [F:/SocFpga/soc.fdc(line number: 581)] | Port mem_dq[8] has been placed at location H6, whose type is share pin.
C: ConstraintEditor-2002: [F:/SocFpga/soc.fdc(line number: 588)] | Port mem_dq[7] has been placed at location J5, whose type is share pin.
C: ConstraintEditor-2002: [F:/SocFpga/soc.fdc(line number: 602)] | Port mem_dq[5] has been placed at location K7, whose type is share pin.
C: ConstraintEditor-2002: [F:/SocFpga/soc.fdc(line number: 616)] | Port mem_dq[3] has been placed at location L8, whose type is share pin.
C: ConstraintEditor-2002: [F:/SocFpga/soc.fdc(line number: 630)] | Port mem_dq[1] has been placed at location J6, whose type is share pin.
C: ConstraintEditor-2002: [F:/SocFpga/soc.fdc(line number: 763)] | Port mem_dqs[1] has been placed at location H7, whose type is share pin.
C: ConstraintEditor-2002: [F:/SocFpga/soc.fdc(line number: 770)] | Port mem_dqs[0] has been placed at location J4, whose type is share pin.
C: ConstraintEditor-2002: [F:/SocFpga/soc.fdc(line number: 791)] | Port mem_dqs_n[1] has been placed at location G7, whose type is share pin.
C: ConstraintEditor-2002: [F:/SocFpga/soc.fdc(line number: 798)] | Port mem_dqs_n[0] has been placed at location H4, whose type is share pin.
C: ConstraintEditor-2002: [F:/SocFpga/soc.fdc(line number: 847)] | Port mem_dm[0] has been placed at location K6, whose type is share pin.
C: ConstraintEditor-2002: [F:/SocFpga/soc.fdc(line number: 941)] | Port flash_cs_n has been placed at location P18, whose type is share pin.
C: ConstraintEditor-2009: p:flash_cs_n is lack of PAP_IO_DRIVE, OUTPUT or INOUT PORT had better set PAP_IO_DRIVE, the optional value is {8, 4, 12, 16}.
C: ConstraintEditor-2009: p:flash_cs_n is lack of PAP_IO_SLEW, OUTPUT or INOUT PORT had better set PAP_IO_SLEW, the optional value is {SLOW, FAST}.
C: ConstraintEditor-2002: [F:/SocFpga/soc.fdc(line number: 946)] | Port flash_cs2_n has been placed at location F25, whose type is share pin.
C: ConstraintEditor-2009: p:flash_cs2_n is lack of PAP_IO_DRIVE, OUTPUT or INOUT PORT had better set PAP_IO_DRIVE, the optional value is {8, 4, 12, 16}.
C: ConstraintEditor-2009: p:flash_cs2_n is lack of PAP_IO_SLEW, OUTPUT or INOUT PORT had better set PAP_IO_SLEW, the optional value is {SLOW, FAST}.
C: ConstraintEditor-2002: [F:/SocFpga/soc.fdc(line number: 951)] | Port flash_mosi has been placed at location R14, whose type is share pin.
C: ConstraintEditor-2009: p:flash_mosi is lack of PAP_IO_DRIVE, OUTPUT or INOUT PORT had better set PAP_IO_DRIVE, the optional value is {8, 4, 12, 16}.
C: ConstraintEditor-2009: p:flash_mosi is lack of PAP_IO_SLEW, OUTPUT or INOUT PORT had better set PAP_IO_SLEW, the optional value is {SLOW, FAST}.
C: ConstraintEditor-2002: [F:/SocFpga/soc.fdc(line number: 956)] | Port flash_miso has been placed at location R15, whose type is share pin.
C: ConstraintEditor-2002: [F:/SocFpga/soc.fdc(line number: 961)] | Port flash_wp_n has been placed at location P14, whose type is share pin.
C: ConstraintEditor-2009: p:flash_wp_n is lack of PAP_IO_DRIVE, OUTPUT or INOUT PORT had better set PAP_IO_DRIVE, the optional value is {8, 4, 12, 16}.
C: ConstraintEditor-2009: p:flash_wp_n is lack of PAP_IO_SLEW, OUTPUT or INOUT PORT had better set PAP_IO_SLEW, the optional value is {SLOW, FAST}.
C: ConstraintEditor-2002: [F:/SocFpga/soc.fdc(line number: 966)] | Port flash_hold_n has been placed at location N14, whose type is share pin.
C: ConstraintEditor-2009: p:flash_hold_n is lack of PAP_IO_DRIVE, OUTPUT or INOUT PORT had better set PAP_IO_DRIVE, the optional value is {8, 4, 12, 16}.
C: ConstraintEditor-2009: p:flash_hold_n is lack of PAP_IO_SLEW, OUTPUT or INOUT PORT had better set PAP_IO_SLEW, the optional value is {SLOW, FAST}.
Constraint check end.

Start pre-mapping.
W: Adm-4019: Unable to further flatten instance 'u_debug_core'. The design is empty.
I: Constant propagation done on g_bram_profile.u_bram_profile/u_cpu/u_exu/u_mul/N2 (bmsWIDEMUX).
I: Constant propagation done on g_bram_profile.u_bram_profile/u_cpu/u_exu/u_mul/N5 (bmsWIDEMUX).
I: Removed bmsPMUX inst N148 that is redundant to N131
I: Constant propagation done on g_bram_profile.u_bram_profile/u_jtag/u_jtag_dm/N889_1 (bmsWIDEMUX).
I: Constant propagation done on g_bram_profile.u_bram_profile/u_fpioa/N1120 (bmsWIDEINV).
I: Constant propagation done on g_bram_profile.u_bram_profile/u_fpioa/N1121 (bmsREDAND).
I: Constant propagation done on g_bram_profile.u_bram_profile/u_fpioa/N1122 (bmsREDAND).
I: Constant propagation done on g_bram_profile.u_bram_profile/u_fpioa/N1123 (bmsREDAND).
I: Constant propagation done on g_bram_profile.u_bram_profile/u_fpioa/N1124 (bmsREDAND).
I: Constant propagation done on g_bram_profile.u_bram_profile/u_fpioa/N1125 (bmsREDAND).
I: Constant propagation done on g_bram_profile.u_bram_profile/u_fpioa/N1126 (bmsREDAND).
I: Removed bmsPMUX inst N1084_1 that is redundant to N779_1
I: Removed bmsDECODER inst ND3_0 that is redundant to ND2_0
I: Removed bmsDECODER inst ND2_0 that is redundant to ND1_0
I: Removed bmsDECODER inst ND1_0 that is redundant to ND4
I: Encoding type of FSM 'write_requst_state_fsm[2:0]' is: onehot.
I: Encoding table of FSM 'write_requst_state_fsm[2:0]':
I: from  g_bram_profile.u_bram_profile/u_cpu/u_axi_bridge/write_requst_state[2] g_bram_profile.u_bram_profile/u_cpu/u_axi_bridge/write_requst_state[1] g_bram_profile.u_bram_profile/u_cpu/u_axi_bridge/write_requst_state[0]
I: to  g_bram_profile.u_bram_profile/u_cpu/u_axi_bridge/write_requst_state_reg[3] g_bram_profile.u_bram_profile/u_cpu/u_axi_bridge/write_requst_state_reg[2] g_bram_profile.u_bram_profile/u_cpu/u_axi_bridge/write_requst_state_reg[1] g_bram_profile.u_bram_profile/u_cpu/u_axi_bridge/write_requst_state_reg[0]
I: 000 => 0001
I: 100 => 0010
I: 101 => 0100
I: 110 => 1000
I: Encoding type of FSM 'arlen_fsm[7:0]' is: onehot.
W: [F:/SocFpga/cpu/axi_bridge.v(line number:163)] The forced initial state for regs on FSM arlen_fsm[7:0] is 00000000 and be encoded 01.
I: Encoding table of FSM 'arlen_fsm[7:0]':
I: from  g_bram_profile.u_bram_profile/u_cpu/u_axi_bridge/arlen[7] g_bram_profile.u_bram_profile/u_cpu/u_axi_bridge/arlen[6] g_bram_profile.u_bram_profile/u_cpu/u_axi_bridge/arlen[5] g_bram_profile.u_bram_profile/u_cpu/u_axi_bridge/arlen[4] g_bram_profile.u_bram_profile/u_cpu/u_axi_bridge/arlen[3] g_bram_profile.u_bram_profile/u_cpu/u_axi_bridge/arlen[2] g_bram_profile.u_bram_profile/u_cpu/u_axi_bridge/arlen[1] g_bram_profile.u_bram_profile/u_cpu/u_axi_bridge/arlen[0]
I: to  g_bram_profile.u_bram_profile/u_cpu/u_axi_bridge/arlen_reg[1] g_bram_profile.u_bram_profile/u_cpu/u_axi_bridge/arlen_reg[0]
I: 00000000 => 01
I: 00000011 => 10
I: Encoding type of FSM 'bus_p_fsm[1:0]' is: onehot.
I: Encoding table of FSM 'bus_p_fsm[1:0]':
I: from  g_bram_profile.u_bram_profile/u_jtag/u_jtag_dm/bus_p[1] g_bram_profile.u_bram_profile/u_jtag/u_jtag_dm/bus_p[0]
I: to  g_bram_profile.u_bram_profile/u_jtag/u_jtag_dm/bus_p_reg[3] g_bram_profile.u_bram_profile/u_jtag/u_jtag_dm/bus_p_reg[2] g_bram_profile.u_bram_profile/u_jtag/u_jtag_dm/bus_p_reg[1] g_bram_profile.u_bram_profile/u_jtag/u_jtag_dm/bus_p_reg[0]
I: 00 => 0001
I: 01 => 0010
I: 10 => 0100
I: 11 => 1000
I: Encoding type of FSM 'state_fsm[2:0]' is: onehot.
I: Encoding table of FSM 'state_fsm[2:0]':
I: from  g_bram_profile.u_bram_profile/u_jtag/u_jtag_dm/state[2] g_bram_profile.u_bram_profile/u_jtag/u_jtag_dm/state[1] g_bram_profile.u_bram_profile/u_jtag/u_jtag_dm/state[0]
I: to  g_bram_profile.u_bram_profile/u_jtag/u_jtag_dm/state_reg[2] g_bram_profile.u_bram_profile/u_jtag/u_jtag_dm/state_reg[1] g_bram_profile.u_bram_profile/u_jtag/u_jtag_dm/state_reg[0]
I: 001 => 001
I: 010 => 010
I: 100 => 100
I: Encoding type of FSM 'state_fsm[2:0]' is: onehot.
I: Encoding table of FSM 'state_fsm[2:0]':
I: from  g_bram_profile.u_bram_profile/u_jtag/u_jtag_dm/tx/state[2] g_bram_profile.u_bram_profile/u_jtag/u_jtag_dm/tx/state[1] g_bram_profile.u_bram_profile/u_jtag/u_jtag_dm/tx/state[0]
I: to  g_bram_profile.u_bram_profile/u_jtag/u_jtag_dm/tx/state_reg[2] g_bram_profile.u_bram_profile/u_jtag/u_jtag_dm/tx/state_reg[1] g_bram_profile.u_bram_profile/u_jtag/u_jtag_dm/tx/state_reg[0]
I: 001 => 001
I: 010 => 010
I: 100 => 100
I: Encoding type of FSM 'state_fsm[1:0]' is: onehot.
I: Encoding table of FSM 'state_fsm[1:0]':
I: from  g_bram_profile.u_bram_profile/u_jtag/u_jtag_dm/rx/state[1] g_bram_profile.u_bram_profile/u_jtag/u_jtag_dm/rx/state[0]
I: to  g_bram_profile.u_bram_profile/u_jtag/u_jtag_dm/rx/state_reg[1] g_bram_profile.u_bram_profile/u_jtag/u_jtag_dm/rx/state_reg[0]
I: 01 => 01
I: 10 => 10
I: Encoding type of FSM 'state_fsm[3:0]' is: onehot.
I: Encoding table of FSM 'state_fsm[3:0]':
I: from  g_bram_profile.u_bram_profile/u_flash_bram_boot/state[3] g_bram_profile.u_bram_profile/u_flash_bram_boot/state[2] g_bram_profile.u_bram_profile/u_flash_bram_boot/state[1] g_bram_profile.u_bram_profile/u_flash_bram_boot/state[0]
I: to  g_bram_profile.u_bram_profile/u_flash_bram_boot/state_reg[7] g_bram_profile.u_bram_profile/u_flash_bram_boot/state_reg[6] g_bram_profile.u_bram_profile/u_flash_bram_boot/state_reg[5] g_bram_profile.u_bram_profile/u_flash_bram_boot/state_reg[4] g_bram_profile.u_bram_profile/u_flash_bram_boot/state_reg[3] g_bram_profile.u_bram_profile/u_flash_bram_boot/state_reg[2] g_bram_profile.u_bram_profile/u_flash_bram_boot/state_reg[1] g_bram_profile.u_bram_profile/u_flash_bram_boot/state_reg[0]
I: 0000 => 00000001
I: 0001 => 00000010
I: 0010 => 00000100
I: 0011 => 00001000
I: 0100 => 00010000
I: 0101 => 00100000
I: 0110 => 01000000
I: 0111 => 10000000
I: Encoding type of FSM 'state_fsm[1:0]' is: onehot.
I: Encoding table of FSM 'state_fsm[1:0]':
I: from  g_bram_profile.u_bram_profile/u_flash_bram_boot/u_flash_reader/state[1] g_bram_profile.u_bram_profile/u_flash_bram_boot/u_flash_reader/state[0]
I: to  g_bram_profile.u_bram_profile/u_flash_bram_boot/u_flash_reader/state_reg[2] g_bram_profile.u_bram_profile/u_flash_bram_boot/u_flash_reader/state_reg[1] g_bram_profile.u_bram_profile/u_flash_bram_boot/u_flash_reader/state_reg[0]
I: 00 => 001
I: 01 => 010
I: 10 => 100
I: Encoding type of FSM 'jtag_state_fsm[2:0]' is: onehot.
I: Encoding table of FSM 'jtag_state_fsm[2:0]':
I: from  g_bram_profile.u_bram_profile/u_mem/jtag_state[2] g_bram_profile.u_bram_profile/u_mem/jtag_state[1] g_bram_profile.u_bram_profile/u_mem/jtag_state[0]
I: to  g_bram_profile.u_bram_profile/u_mem/jtag_state_reg[3] g_bram_profile.u_bram_profile/u_mem/jtag_state_reg[2] g_bram_profile.u_bram_profile/u_mem/jtag_state_reg[1] g_bram_profile.u_bram_profile/u_mem/jtag_state_reg[0]
I: 000 => 0001
I: 001 => 0010
I: 010 => 0100
I: 011 => 1000
I: Encoding type of FSM 'state_fsm[3:0]' is: onehot.
I: Encoding table of FSM 'state_fsm[3:0]':
I: from  g_bram_profile.u_bram_profile/u_mem/state[3] g_bram_profile.u_bram_profile/u_mem/state[2] g_bram_profile.u_bram_profile/u_mem/state[1] g_bram_profile.u_bram_profile/u_mem/state[0]
I: to  g_bram_profile.u_bram_profile/u_mem/state_reg[6] g_bram_profile.u_bram_profile/u_mem/state_reg[5] g_bram_profile.u_bram_profile/u_mem/state_reg[4] g_bram_profile.u_bram_profile/u_mem/state_reg[3] g_bram_profile.u_bram_profile/u_mem/state_reg[2] g_bram_profile.u_bram_profile/u_mem/state_reg[1] g_bram_profile.u_bram_profile/u_mem/state_reg[0]
I: 0000 => 0000001
I: 0001 => 0000010
I: 0010 => 0000100
I: 0011 => 0001000
I: 0100 => 0010000
I: 0101 => 0100000
I: 0110 => 1000000
I: Encoding type of FSM 'jtag_state_fsm[3:0]' is: onehot.
I: Encoding table of FSM 'jtag_state_fsm[3:0]':
I: from  g_bram_profile.u_bram_profile/u_jtag/u_jtag_driver/jtag_state[3] g_bram_profile.u_bram_profile/u_jtag/u_jtag_driver/jtag_state[2] g_bram_profile.u_bram_profile/u_jtag/u_jtag_driver/jtag_state[1] g_bram_profile.u_bram_profile/u_jtag/u_jtag_driver/jtag_state[0]
I: to  g_bram_profile.u_bram_profile/u_jtag/u_jtag_driver/jtag_state_reg[15] g_bram_profile.u_bram_profile/u_jtag/u_jtag_driver/jtag_state_reg[14] g_bram_profile.u_bram_profile/u_jtag/u_jtag_driver/jtag_state_reg[13] g_bram_profile.u_bram_profile/u_jtag/u_jtag_driver/jtag_state_reg[12] g_bram_profile.u_bram_profile/u_jtag/u_jtag_driver/jtag_state_reg[11] g_bram_profile.u_bram_profile/u_jtag/u_jtag_driver/jtag_state_reg[10] g_bram_profile.u_bram_profile/u_jtag/u_jtag_driver/jtag_state_reg[9] g_bram_profile.u_bram_profile/u_jtag/u_jtag_driver/jtag_state_reg[8] g_bram_profile.u_bram_profile/u_jtag/u_jtag_driver/jtag_state_reg[7] g_bram_profile.u_bram_profile/u_jtag/u_jtag_driver/jtag_state_reg[6] g_bram_profile.u_bram_profile/u_jtag/u_jtag_driver/jtag_state_reg[5] g_bram_profile.u_bram_profile/u_jtag/u_jtag_driver/jtag_state_reg[4] g_bram_profile.u_bram_profile/u_jtag/u_jtag_driver/jtag_state_reg[3] g_bram_profile.u_bram_profile/u_jtag/u_jtag_driver/jtag_state_reg[2] g_bram_profile.u_bram_profile/u_jtag/u_jtag_driver/jtag_state_reg[1] g_bram_profile.u_bram_profile/u_jtag/u_jtag_driver/jtag_state_reg[0]
I: 0000 => 0000000000000001
I: 0001 => 0000000000000010
I: 0010 => 0000000000000100
I: 0011 => 0000000000001000
I: 0100 => 0000000000010000
I: 0101 => 0000000000100000
I: 0110 => 0000000001000000
I: 0111 => 0000000010000000
I: 1000 => 0000000100000000
I: 1001 => 0000001000000000
I: 1010 => 0000010000000000
I: 1011 => 0000100000000000
I: 1100 => 0001000000000000
I: 1101 => 0010000000000000
I: 1110 => 0100000000000000
I: 1111 => 1000000000000000
I: Encoding type of FSM 'state_fsm[2:0]' is: onehot.
I: Encoding table of FSM 'state_fsm[2:0]':
I: from  g_bram_profile.u_bram_profile/u_jtag/u_jtag_driver/tx/state[2] g_bram_profile.u_bram_profile/u_jtag/u_jtag_driver/tx/state[1] g_bram_profile.u_bram_profile/u_jtag/u_jtag_driver/tx/state[0]
I: to  g_bram_profile.u_bram_profile/u_jtag/u_jtag_driver/tx/state_reg[2] g_bram_profile.u_bram_profile/u_jtag/u_jtag_driver/tx/state_reg[1] g_bram_profile.u_bram_profile/u_jtag/u_jtag_driver/tx/state_reg[0]
I: 001 => 001
I: 010 => 010
I: 100 => 100
I: Encoding type of FSM 'state_fsm[1:0]' is: onehot.
I: Encoding table of FSM 'state_fsm[1:0]':
I: from  g_bram_profile.u_bram_profile/u_jtag/u_jtag_driver/rx/state[1] g_bram_profile.u_bram_profile/u_jtag/u_jtag_driver/rx/state[0]
I: to  g_bram_profile.u_bram_profile/u_jtag/u_jtag_driver/rx/state_reg[1] g_bram_profile.u_bram_profile/u_jtag/u_jtag_driver/rx/state_reg[0]
I: 01 => 01
I: 10 => 10
W: Removed bmsWIDEDFFRSE inst csr_mepc[31:0] at 0 that is stuck at constant 0.
W: Removed bmsWIDEDFFRSE inst csr_mie[31:0] at 0 that is stuck at constant 0.
W: Removed bmsWIDEDFFPATRE inst csr_mstatus[31:0] at 0 that is stuck at constant 0.
W: Removed bmsWIDEDFFPATRE inst csr_mstatus[31:0] at 1 that is stuck at constant 0.
W: Removed bmsWIDEDFFPATRE inst csr_mstatus[31:0] at 2 that is stuck at constant 0.
W: Removed bmsWIDEDFFPATRE inst csr_mstatus[31:0] at 4 that is stuck at constant 0.
W: Removed bmsWIDEDFFPATRE inst csr_mstatus[31:0] at 5 that is stuck at constant 0.
W: Removed bmsWIDEDFFPATRE inst csr_mstatus[31:0] at 6 that is stuck at constant 0.
W: Removed bmsWIDEDFFPATRE inst csr_mstatus[31:0] at 8 that is stuck at constant 0.
W: Removed bmsWIDEDFFPATRE inst csr_mstatus[31:0] at 9 that is stuck at constant 0.
W: Removed bmsWIDEDFFPATRE inst csr_mstatus[31:0] at 10 that is stuck at constant 0.
W: Removed bmsWIDEDFFPATRE inst csr_mstatus[31:0] at 11 that is stuck at constant 1.
W: Removed bmsWIDEDFFPATRE inst csr_mstatus[31:0] at 12 that is stuck at constant 1.
W: Removed bmsWIDEDFFPATRE inst csr_mstatus[31:0] at 13 that is stuck at constant 0.
W: Removed bmsWIDEDFFPATRE inst csr_mstatus[31:0] at 14 that is stuck at constant 0.
W: Removed bmsWIDEDFFPATRE inst csr_mstatus[31:0] at 15 that is stuck at constant 0.
W: Removed bmsWIDEDFFPATRE inst csr_mstatus[31:0] at 16 that is stuck at constant 0.
W: Removed bmsWIDEDFFPATRE inst csr_mstatus[31:0] at 17 that is stuck at constant 0.
W: Removed bmsWIDEDFFPATRE inst csr_mstatus[31:0] at 18 that is stuck at constant 0.
W: Removed bmsWIDEDFFPATRE inst csr_mstatus[31:0] at 19 that is stuck at constant 0.
W: Removed bmsWIDEDFFPATRE inst csr_mstatus[31:0] at 20 that is stuck at constant 0.
W: Removed bmsWIDEDFFPATRE inst csr_mstatus[31:0] at 21 that is stuck at constant 0.
W: Removed bmsWIDEDFFPATRE inst csr_mstatus[31:0] at 22 that is stuck at constant 0.
W: Removed bmsWIDEDFFPATRE inst csr_mstatus[31:0] at 23 that is stuck at constant 0.
W: Removed bmsWIDEDFFPATRE inst csr_mstatus[31:0] at 24 that is stuck at constant 0.
W: Removed bmsWIDEDFFPATRE inst csr_mstatus[31:0] at 25 that is stuck at constant 0.
W: Removed bmsWIDEDFFPATRE inst csr_mstatus[31:0] at 26 that is stuck at constant 0.
W: Removed bmsWIDEDFFPATRE inst csr_mstatus[31:0] at 27 that is stuck at constant 0.
W: Removed bmsWIDEDFFPATRE inst csr_mstatus[31:0] at 28 that is stuck at constant 0.
W: Removed bmsWIDEDFFPATRE inst csr_mstatus[31:0] at 29 that is stuck at constant 0.
W: Removed bmsWIDEDFFPATRE inst csr_mstatus[31:0] at 30 that is stuck at constant 0.
W: Removed bmsWIDEDFFPATRE inst csr_mstatus[31:0] at 31 that is stuck at constant 0.
W: Removed bmsWIDEDFFRSE inst csr_mtvec[31:0] at 0 that is stuck at constant 0.
W: Removed bmsWIDEDFFRSE inst arid[3:0] at 1 that is stuck at constant 0.
W: Removed bmsWIDEDFFRSE inst awlen[7:0] at 1 that is stuck at constant 0.
W: Removed bmsWIDEDFFRSE inst write_buffer_data[127:0] at 96 that is stuck at constant 0.
W: Removed bmsWIDEDFFCPE inst abstractcs_cmderr[2:0] at 1 that is stuck at constant 0.
W: Removed bmsWIDEDFFCPE inst dcsr[31:0] at 0 that is stuck at constant 0.
W: Removed bmsWIDEDFFPATCE inst dmstatus[7:0] at 0 that is stuck at constant 0.
W: Removed bmsWIDEDFFPATCE inst dmstatus[7:0] at 1 that is stuck at constant 1.
W: Removed bmsWIDEDFFPATCE inst dmstatus[7:0] at 2 that is stuck at constant 0.
W: Removed bmsWIDEDFFPATCE inst dmstatus[7:0] at 3 that is stuck at constant 0.
W: Removed bmsWIDEDFFPATCE inst dmstatus[7:0] at 4 that is stuck at constant 0.
W: Removed bmsWIDEDFFPATCE inst dmstatus[7:0] at 5 that is stuck at constant 0.
W: Removed bmsWIDEDFFPATCE inst dmstatus[7:0] at 6 that is stuck at constant 0.
W: Removed bmsWIDEDFFPATCE inst dmstatus[7:0] at 7 that is stuck at constant 1.
W: Removed bmsWIDEDFFPATCE inst dmstatus[31:12] at 0 that is stuck at constant 0.
W: Removed bmsWIDEDFFPATCE inst dmstatus[31:12] at 1 that is stuck at constant 0.
W: Removed bmsWIDEDFFPATCE inst dmstatus[31:12] at 2 that is stuck at constant 0.
W: Removed bmsWIDEDFFPATCE inst dmstatus[31:12] at 3 that is stuck at constant 0.
W: Removed bmsWIDEDFFPATCE inst dmstatus[31:12] at 4 that is stuck at constant 1.
W: Removed bmsWIDEDFFPATCE inst dmstatus[31:12] at 5 that is stuck at constant 1.
W: Removed bmsWIDEDFFPATCE inst dmstatus[31:12] at 6 that is stuck at constant 0.
W: Removed bmsWIDEDFFPATCE inst dmstatus[31:12] at 7 that is stuck at constant 0.
W: Removed bmsWIDEDFFPATCE inst dmstatus[31:12] at 8 that is stuck at constant 0.
W: Removed bmsWIDEDFFPATCE inst dmstatus[31:12] at 9 that is stuck at constant 0.
W: Removed bmsWIDEDFFPATCE inst dmstatus[31:12] at 10 that is stuck at constant 1.
W: Removed bmsWIDEDFFPATCE inst dmstatus[31:12] at 11 that is stuck at constant 0.
W: Removed bmsWIDEDFFPATCE inst dmstatus[31:12] at 12 that is stuck at constant 0.
W: Removed bmsWIDEDFFPATCE inst dmstatus[31:12] at 13 that is stuck at constant 0.
W: Removed bmsWIDEDFFPATCE inst dmstatus[31:12] at 14 that is stuck at constant 0.
W: Removed bmsWIDEDFFPATCE inst dmstatus[31:12] at 15 that is stuck at constant 0.
W: Removed bmsWIDEDFFPATCE inst dmstatus[31:12] at 16 that is stuck at constant 0.
W: Removed bmsWIDEDFFPATCE inst dmstatus[31:12] at 17 that is stuck at constant 0.
W: Removed bmsWIDEDFFPATCE inst dmstatus[31:12] at 18 that is stuck at constant 0.
W: Removed bmsWIDEDFFPATCE inst dmstatus[31:12] at 19 that is stuck at constant 0.
W: Removed bmsWIDEDFFCPE inst boot_error_code[3:0] at 3 that is stuck at constant 0.
W: Removed bmsWIDEDFFCPE inst shift_reg[9:0] at 9 that is stuck at constant 1.
Executing : pre-mapping successfully. Time elapsed: 0.413s wall, 0.281s user + 0.000s system = 0.281s CPU (68.1%)

Start mod-gen.
W: Public-4008: Instance 'tx/idle' of 'bmsWIDEDFFCPE' unit is dangling and will be cleaned.
W: Public-4008: Instance 'u_cpu/u_memu/mem_pc[31:0]' of 'bmsWIDEDFFRSE' unit is dangling and will be cleaned.
W: Public-4008: Instance 'u_cpu/u_memu/mem_ins[31:0]' of 'bmsWIDEDFFRSE' unit is dangling and will be cleaned.
W: Public-4008: Instance 'u_cpu/u_memu/mem_is_ebreak' of 'bmsWIDEDFFRSE' unit is dangling and will be cleaned.
W: Public-4008: Instance 'u_cpu/u_wbu/wb_ins[31:0]' of 'bmsWIDEDFFPATRE' unit is dangling and will be cleaned.
W: Public-4008: Instance 'u_cpu/u_wbu/wb_is_ebreak_reg' of 'bmsWIDEDFFRSE' unit is dangling and will be cleaned.
W: Public-4008: Instance 'u_cpu/u_wbu/wb_pc[31:0]' of 'bmsWIDEDFFRSE' unit is dangling and will be cleaned.
W: Public-4008: Instance 'u_cpu/u_axi_bridge/arsize[2:0]' of 'bmsWIDEDFFRSE' unit is dangling and will be cleaned.
W: Public-4008: Instance 'u_cpu/u_axi_bridge/awsize[2:0]' of 'bmsWIDEDFFRSE' unit is dangling and will be cleaned.
W: Public-4008: Instance 'u_jtag/u_jtag_dm/dm_mem_wdata[31:0]' of 'bmsWIDEDFFRSE' unit is dangling and will be cleaned.
W: Public-4008: Instance 'u_jtag/u_jtag_dm/dm_reg_addr[4:0]' of 'bmsWIDEDFFCPE' unit is dangling and will be cleaned.
W: Public-4008: Instance 'u_jtag/u_jtag_dm/dm_reg_wdata[31:0]' of 'bmsWIDEDFFCPE' unit is dangling and will be cleaned.
W: Public-4008: Instance 'u_flash_bram_boot/boot_error_code[3:0]' of 'bmsWIDEDFFCPE' unit is dangling and will be cleaned.
W: Public-4008: Instance 'u_mem/aw_id_reg[3:0]' of 'bmsWIDEDFFCPE' unit is dangling and will be cleaned.
W: Public-4008: Instance 'u_mem/jtag_addr_reg[31:0]' of 'bmsWIDEDFFCPE' unit is dangling and will be cleaned.
W: Public-4008: Instance 'u_mem/jtag_rsp_err_reg' of 'bmsWIDEDFFCPE' unit is dangling and will be cleaned.
W: Public-4008: Instance 'u_mem/jtag_wdata_reg[31:0]' of 'bmsWIDEDFFCPE' unit is dangling and will be cleaned.
W: Public-4008: Instance 'u_mem/jtag_wmask_reg[3:0]' of 'bmsWIDEDFFCPE' unit is dangling and will be cleaned.
W: Removed bmsWIDEDFFRSE inst g_bram_profile.u_bram_profile/u_cpu/u_axi_bridge/awaddr[31:0] at 0 that is stuck at constant 0.
W: Removed bmsWIDEDFFRSE inst g_bram_profile.u_bram_profile/u_cpu/u_axi_bridge/awaddr[31:0] at 1 that is stuck at constant 0.
W: Removed bmsWIDEDFFCPE inst g_bram_profile.u_bram_profile/u_mem/aw_len_reg[7:0] at 2 that is stuck at constant 0.
W: Removed bmsWIDEDFFCPE inst g_bram_profile.u_bram_profile/u_mem/aw_len_reg[7:0] at 3 that is stuck at constant 0.
W: Removed bmsWIDEDFFCPE inst g_bram_profile.u_bram_profile/u_mem/aw_len_reg[7:0] at 4 that is stuck at constant 0.
W: Removed bmsWIDEDFFCPE inst g_bram_profile.u_bram_profile/u_mem/aw_len_reg[7:0] at 5 that is stuck at constant 0.
W: Removed bmsWIDEDFFCPE inst g_bram_profile.u_bram_profile/u_mem/aw_len_reg[7:0] at 6 that is stuck at constant 0.
W: Removed bmsWIDEDFFCPE inst g_bram_profile.u_bram_profile/u_mem/aw_len_reg[7:0] at 7 that is stuck at constant 0.
W: Removed bmsWIDEDFFCPE inst g_bram_profile.u_bram_profile/u_mem/read_pending_id[3:0] at 1 that is stuck at constant 0.
W: Removed bmsWIDEDFFCPE inst g_bram_profile.u_bram_profile/u_mem/read_pending_id[3:0] at 2 that is stuck at constant 0.
W: Removed bmsWIDEDFFCPE inst g_bram_profile.u_bram_profile/u_mem/read_pending_id[3:0] at 3 that is stuck at constant 0.
W: Removed bmsWIDEDFFCPE inst g_bram_profile.u_bram_profile/u_mem/read_pending_len[7:0] at 2 that is stuck at constant 0.
W: Removed bmsWIDEDFFCPE inst g_bram_profile.u_bram_profile/u_mem/read_pending_len[7:0] at 3 that is stuck at constant 0.
W: Removed bmsWIDEDFFCPE inst g_bram_profile.u_bram_profile/u_mem/read_pending_len[7:0] at 4 that is stuck at constant 0.
W: Removed bmsWIDEDFFCPE inst g_bram_profile.u_bram_profile/u_mem/read_pending_len[7:0] at 5 that is stuck at constant 0.
W: Removed bmsWIDEDFFCPE inst g_bram_profile.u_bram_profile/u_mem/read_pending_len[7:0] at 6 that is stuck at constant 0.
W: Removed bmsWIDEDFFCPE inst g_bram_profile.u_bram_profile/u_mem/read_pending_len[7:0] at 7 that is stuck at constant 0.
W: Removed bmsWIDEDFFRSE inst g_bram_profile.u_bram_profile/u_cpu/u_axi_bridge/awlen[7:0] at 0 that is stuck at constant 0.
W: Removed bmsWIDEDFFRSE inst g_bram_profile.u_bram_profile/u_cpu/u_axi_bridge/write_buffer_data[127:0] at 64 that is stuck at constant 0.
W: Removed bmsWIDEDFFRSE inst g_bram_profile.u_bram_profile/u_cpu/u_axi_bridge/write_buffer_data[127:0] at 65 that is stuck at constant 0.
W: Removed bmsWIDEDFFRSE inst g_bram_profile.u_bram_profile/u_cpu/u_axi_bridge/write_buffer_data[127:0] at 66 that is stuck at constant 0.
W: Removed bmsWIDEDFFRSE inst g_bram_profile.u_bram_profile/u_cpu/u_axi_bridge/write_buffer_data[127:0] at 67 that is stuck at constant 0.
W: Removed bmsWIDEDFFRSE inst g_bram_profile.u_bram_profile/u_cpu/u_axi_bridge/write_buffer_data[127:0] at 68 that is stuck at constant 0.
W: Removed bmsWIDEDFFRSE inst g_bram_profile.u_bram_profile/u_cpu/u_axi_bridge/write_buffer_data[127:0] at 69 that is stuck at constant 0.
W: Removed bmsWIDEDFFRSE inst g_bram_profile.u_bram_profile/u_cpu/u_axi_bridge/write_buffer_data[127:0] at 70 that is stuck at constant 0.
W: Removed bmsWIDEDFFRSE inst g_bram_profile.u_bram_profile/u_cpu/u_axi_bridge/write_buffer_data[127:0] at 71 that is stuck at constant 0.
W: Removed bmsWIDEDFFRSE inst g_bram_profile.u_bram_profile/u_cpu/u_axi_bridge/write_buffer_data[127:0] at 72 that is stuck at constant 0.
W: Removed bmsWIDEDFFRSE inst g_bram_profile.u_bram_profile/u_cpu/u_axi_bridge/write_buffer_data[127:0] at 73 that is stuck at constant 0.
W: Removed bmsWIDEDFFRSE inst g_bram_profile.u_bram_profile/u_cpu/u_axi_bridge/write_buffer_data[127:0] at 74 that is stuck at constant 0.
W: Removed bmsWIDEDFFRSE inst g_bram_profile.u_bram_profile/u_cpu/u_axi_bridge/write_buffer_data[127:0] at 75 that is stuck at constant 0.
W: Removed bmsWIDEDFFRSE inst g_bram_profile.u_bram_profile/u_cpu/u_axi_bridge/write_buffer_data[127:0] at 76 that is stuck at constant 0.
W: Removed bmsWIDEDFFRSE inst g_bram_profile.u_bram_profile/u_cpu/u_axi_bridge/write_buffer_data[127:0] at 77 that is stuck at constant 0.
W: Removed bmsWIDEDFFRSE inst g_bram_profile.u_bram_profile/u_cpu/u_axi_bridge/write_buffer_data[127:0] at 78 that is stuck at constant 0.
W: Removed bmsWIDEDFFRSE inst g_bram_profile.u_bram_profile/u_cpu/u_axi_bridge/write_buffer_data[127:0] at 79 that is stuck at constant 0.
W: Removed bmsWIDEDFFRSE inst g_bram_profile.u_bram_profile/u_cpu/u_axi_bridge/write_buffer_data[127:0] at 80 that is stuck at constant 0.
W: Removed bmsWIDEDFFRSE inst g_bram_profile.u_bram_profile/u_cpu/u_axi_bridge/write_buffer_data[127:0] at 81 that is stuck at constant 0.
W: Removed bmsWIDEDFFRSE inst g_bram_profile.u_bram_profile/u_cpu/u_axi_bridge/write_buffer_data[127:0] at 82 that is stuck at constant 0.
W: Removed bmsWIDEDFFRSE inst g_bram_profile.u_bram_profile/u_cpu/u_axi_bridge/write_buffer_data[127:0] at 83 that is stuck at constant 0.
W: Removed bmsWIDEDFFRSE inst g_bram_profile.u_bram_profile/u_cpu/u_axi_bridge/write_buffer_data[127:0] at 84 that is stuck at constant 0.
W: Removed bmsWIDEDFFRSE inst g_bram_profile.u_bram_profile/u_cpu/u_axi_bridge/write_buffer_data[127:0] at 85 that is stuck at constant 0.
W: Removed bmsWIDEDFFRSE inst g_bram_profile.u_bram_profile/u_cpu/u_axi_bridge/write_buffer_data[127:0] at 86 that is stuck at constant 0.
W: Removed bmsWIDEDFFRSE inst g_bram_profile.u_bram_profile/u_cpu/u_axi_bridge/write_buffer_data[127:0] at 87 that is stuck at constant 0.
W: Removed bmsWIDEDFFRSE inst g_bram_profile.u_bram_profile/u_cpu/u_axi_bridge/write_buffer_data[127:0] at 88 that is stuck at constant 0.
W: Removed bmsWIDEDFFRSE inst g_bram_profile.u_bram_profile/u_cpu/u_axi_bridge/write_buffer_data[127:0] at 89 that is stuck at constant 0.
W: Removed bmsWIDEDFFRSE inst g_bram_profile.u_bram_profile/u_cpu/u_axi_bridge/write_buffer_data[127:0] at 90 that is stuck at constant 0.
W: Removed bmsWIDEDFFRSE inst g_bram_profile.u_bram_profile/u_cpu/u_axi_bridge/write_buffer_data[127:0] at 91 that is stuck at constant 0.
W: Removed bmsWIDEDFFRSE inst g_bram_profile.u_bram_profile/u_cpu/u_axi_bridge/write_buffer_data[127:0] at 92 that is stuck at constant 0.
W: Removed bmsWIDEDFFRSE inst g_bram_profile.u_bram_profile/u_cpu/u_axi_bridge/write_buffer_data[127:0] at 93 that is stuck at constant 0.
W: Removed bmsWIDEDFFRSE inst g_bram_profile.u_bram_profile/u_cpu/u_axi_bridge/write_buffer_data[127:0] at 94 that is stuck at constant 0.
W: Removed bmsWIDEDFFRSE inst g_bram_profile.u_bram_profile/u_cpu/u_axi_bridge/write_buffer_data[127:0] at 95 that is stuck at constant 0.
W: Removed bmsWIDEDFFCPE inst g_bram_profile.u_bram_profile/u_mem/aw_base_reg[31:0] at 0 that is stuck at constant 0.
W: Removed bmsWIDEDFFCPE inst g_bram_profile.u_bram_profile/u_mem/aw_base_reg[31:0] at 1 that is stuck at constant 0.
W: Removed bmsWIDEDFFCPE inst g_bram_profile.u_bram_profile/u_jtag/u_jtag_dm/tx/req_data[39:0] at 0 that is stuck at constant 0.
W: Removed bmsWIDEDFFCPE inst g_bram_profile.u_bram_profile/u_jtag/u_jtag_dm/tx/req_data[39:0] at 1 that is stuck at constant 0.
W: Removed bmsWIDEDFFCPE inst g_bram_profile.u_bram_profile/u_flash_bram_boot/u_flash_reader/tx_shift[31:0] at 0 that is stuck at constant 0.
W: Removed bmsWIDEDFFCPE inst g_bram_profile.u_bram_profile/u_mem/jtag_rsp_rdata[31:0] at 0 that is stuck at constant 0.
W: Removed bmsWIDEDFFCPE inst g_bram_profile.u_bram_profile/u_mem/jtag_rsp_rdata[31:0] at 1 that is stuck at constant 0.
W: Removed bmsWIDEDFFCPE inst g_bram_profile.u_bram_profile/u_mem/jtag_rsp_rdata[31:0] at 2 that is stuck at constant 0.
W: Removed bmsWIDEDFFCPE inst g_bram_profile.u_bram_profile/u_mem/jtag_rsp_rdata[31:0] at 3 that is stuck at constant 0.
W: Removed bmsWIDEDFFCPE inst g_bram_profile.u_bram_profile/u_mem/jtag_rsp_rdata[31:0] at 4 that is stuck at constant 0.
W: Removed bmsWIDEDFFCPE inst g_bram_profile.u_bram_profile/u_mem/jtag_rsp_rdata[31:0] at 5 that is stuck at constant 0.
W: Removed bmsWIDEDFFCPE inst g_bram_profile.u_bram_profile/u_mem/jtag_rsp_rdata[31:0] at 6 that is stuck at constant 0.
W: Removed bmsWIDEDFFCPE inst g_bram_profile.u_bram_profile/u_mem/jtag_rsp_rdata[31:0] at 7 that is stuck at constant 0.
W: Removed bmsWIDEDFFCPE inst g_bram_profile.u_bram_profile/u_mem/jtag_rsp_rdata[31:0] at 8 that is stuck at constant 0.
W: Removed bmsWIDEDFFCPE inst g_bram_profile.u_bram_profile/u_mem/jtag_rsp_rdata[31:0] at 9 that is stuck at constant 0.
W: Removed bmsWIDEDFFCPE inst g_bram_profile.u_bram_profile/u_mem/jtag_rsp_rdata[31:0] at 10 that is stuck at constant 0.
W: Removed bmsWIDEDFFCPE inst g_bram_profile.u_bram_profile/u_mem/jtag_rsp_rdata[31:0] at 11 that is stuck at constant 0.
W: Removed bmsWIDEDFFCPE inst g_bram_profile.u_bram_profile/u_mem/jtag_rsp_rdata[31:0] at 12 that is stuck at constant 0.
W: Removed bmsWIDEDFFCPE inst g_bram_profile.u_bram_profile/u_mem/jtag_rsp_rdata[31:0] at 13 that is stuck at constant 0.
W: Removed bmsWIDEDFFCPE inst g_bram_profile.u_bram_profile/u_mem/jtag_rsp_rdata[31:0] at 14 that is stuck at constant 0.
W: Removed bmsWIDEDFFCPE inst g_bram_profile.u_bram_profile/u_mem/jtag_rsp_rdata[31:0] at 15 that is stuck at constant 0.
W: Removed bmsWIDEDFFCPE inst g_bram_profile.u_bram_profile/u_mem/jtag_rsp_rdata[31:0] at 16 that is stuck at constant 0.
W: Removed bmsWIDEDFFCPE inst g_bram_profile.u_bram_profile/u_mem/jtag_rsp_rdata[31:0] at 17 that is stuck at constant 0.
W: Removed bmsWIDEDFFCPE inst g_bram_profile.u_bram_profile/u_mem/jtag_rsp_rdata[31:0] at 18 that is stuck at constant 0.
W: Removed bmsWIDEDFFCPE inst g_bram_profile.u_bram_profile/u_mem/jtag_rsp_rdata[31:0] at 19 that is stuck at constant 0.
W: Removed bmsWIDEDFFCPE inst g_bram_profile.u_bram_profile/u_mem/jtag_rsp_rdata[31:0] at 20 that is stuck at constant 0.
W: Removed bmsWIDEDFFCPE inst g_bram_profile.u_bram_profile/u_mem/jtag_rsp_rdata[31:0] at 21 that is stuck at constant 0.
W: Removed bmsWIDEDFFCPE inst g_bram_profile.u_bram_profile/u_mem/jtag_rsp_rdata[31:0] at 22 that is stuck at constant 0.
W: Removed bmsWIDEDFFCPE inst g_bram_profile.u_bram_profile/u_mem/jtag_rsp_rdata[31:0] at 23 that is stuck at constant 0.
W: Removed bmsWIDEDFFCPE inst g_bram_profile.u_bram_profile/u_mem/jtag_rsp_rdata[31:0] at 24 that is stuck at constant 0.
W: Removed bmsWIDEDFFCPE inst g_bram_profile.u_bram_profile/u_mem/jtag_rsp_rdata[31:0] at 25 that is stuck at constant 0.
W: Removed bmsWIDEDFFCPE inst g_bram_profile.u_bram_profile/u_mem/jtag_rsp_rdata[31:0] at 26 that is stuck at constant 0.
W: Removed bmsWIDEDFFCPE inst g_bram_profile.u_bram_profile/u_mem/jtag_rsp_rdata[31:0] at 27 that is stuck at constant 0.
W: Removed bmsWIDEDFFCPE inst g_bram_profile.u_bram_profile/u_mem/jtag_rsp_rdata[31:0] at 28 that is stuck at constant 0.
W: Removed bmsWIDEDFFCPE inst g_bram_profile.u_bram_profile/u_mem/jtag_rsp_rdata[31:0] at 29 that is stuck at constant 0.
W: Removed bmsWIDEDFFCPE inst g_bram_profile.u_bram_profile/u_mem/jtag_rsp_rdata[31:0] at 30 that is stuck at constant 0.
W: Removed bmsWIDEDFFCPE inst g_bram_profile.u_bram_profile/u_mem/jtag_rsp_rdata[31:0] at 31 that is stuck at constant 0.
W: Removed bmsWIDEDFFCPE inst g_bram_profile.u_bram_profile/u_mem/aw_len_reg[7:0] at 0 that is stuck at constant 0.
W: Removed bmsWIDEDFFCPE inst g_bram_profile.u_bram_profile/u_mem/aw_len_reg[7:0] at 1 that is stuck at constant 0.
W: Removed bmsWIDEDFFRSE inst g_bram_profile.u_bram_profile/u_jtag/u_jtag_dm/dm_mem_rdata[31:0] at 0 that is stuck at constant 0.
W: Removed bmsWIDEDFFRSE inst g_bram_profile.u_bram_profile/u_jtag/u_jtag_dm/dm_mem_rdata[31:0] at 1 that is stuck at constant 0.
W: Removed bmsWIDEDFFRSE inst g_bram_profile.u_bram_profile/u_jtag/u_jtag_dm/dm_mem_rdata[31:0] at 2 that is stuck at constant 0.
W: Removed bmsWIDEDFFRSE inst g_bram_profile.u_bram_profile/u_jtag/u_jtag_dm/dm_mem_rdata[31:0] at 3 that is stuck at constant 0.
W: Removed bmsWIDEDFFRSE inst g_bram_profile.u_bram_profile/u_jtag/u_jtag_dm/dm_mem_rdata[31:0] at 4 that is stuck at constant 0.
W: Removed bmsWIDEDFFRSE inst g_bram_profile.u_bram_profile/u_jtag/u_jtag_dm/dm_mem_rdata[31:0] at 5 that is stuck at constant 0.
W: Removed bmsWIDEDFFRSE inst g_bram_profile.u_bram_profile/u_jtag/u_jtag_dm/dm_mem_rdata[31:0] at 6 that is stuck at constant 0.
W: Removed bmsWIDEDFFRSE inst g_bram_profile.u_bram_profile/u_jtag/u_jtag_dm/dm_mem_rdata[31:0] at 7 that is stuck at constant 0.
W: Removed bmsWIDEDFFRSE inst g_bram_profile.u_bram_profile/u_jtag/u_jtag_dm/dm_mem_rdata[31:0] at 8 that is stuck at constant 0.
W: Removed bmsWIDEDFFRSE inst g_bram_profile.u_bram_profile/u_jtag/u_jtag_dm/dm_mem_rdata[31:0] at 9 that is stuck at constant 0.
W: Removed bmsWIDEDFFRSE inst g_bram_profile.u_bram_profile/u_jtag/u_jtag_dm/dm_mem_rdata[31:0] at 10 that is stuck at constant 0.
W: Removed bmsWIDEDFFRSE inst g_bram_profile.u_bram_profile/u_jtag/u_jtag_dm/dm_mem_rdata[31:0] at 11 that is stuck at constant 0.
W: Removed bmsWIDEDFFRSE inst g_bram_profile.u_bram_profile/u_jtag/u_jtag_dm/dm_mem_rdata[31:0] at 12 that is stuck at constant 0.
W: Removed bmsWIDEDFFRSE inst g_bram_profile.u_bram_profile/u_jtag/u_jtag_dm/dm_mem_rdata[31:0] at 13 that is stuck at constant 0.
W: Removed bmsWIDEDFFRSE inst g_bram_profile.u_bram_profile/u_jtag/u_jtag_dm/dm_mem_rdata[31:0] at 14 that is stuck at constant 0.
W: Removed bmsWIDEDFFRSE inst g_bram_profile.u_bram_profile/u_jtag/u_jtag_dm/dm_mem_rdata[31:0] at 15 that is stuck at constant 0.
W: Removed bmsWIDEDFFRSE inst g_bram_profile.u_bram_profile/u_jtag/u_jtag_dm/dm_mem_rdata[31:0] at 16 that is stuck at constant 0.
W: Removed bmsWIDEDFFRSE inst g_bram_profile.u_bram_profile/u_jtag/u_jtag_dm/dm_mem_rdata[31:0] at 17 that is stuck at constant 0.
W: Removed bmsWIDEDFFRSE inst g_bram_profile.u_bram_profile/u_jtag/u_jtag_dm/dm_mem_rdata[31:0] at 18 that is stuck at constant 0.
W: Removed bmsWIDEDFFRSE inst g_bram_profile.u_bram_profile/u_jtag/u_jtag_dm/dm_mem_rdata[31:0] at 19 that is stuck at constant 0.
W: Removed bmsWIDEDFFRSE inst g_bram_profile.u_bram_profile/u_jtag/u_jtag_dm/dm_mem_rdata[31:0] at 20 that is stuck at constant 0.
W: Removed bmsWIDEDFFRSE inst g_bram_profile.u_bram_profile/u_jtag/u_jtag_dm/dm_mem_rdata[31:0] at 21 that is stuck at constant 0.
W: Removed bmsWIDEDFFRSE inst g_bram_profile.u_bram_profile/u_jtag/u_jtag_dm/dm_mem_rdata[31:0] at 22 that is stuck at constant 0.
W: Removed bmsWIDEDFFRSE inst g_bram_profile.u_bram_profile/u_jtag/u_jtag_dm/dm_mem_rdata[31:0] at 23 that is stuck at constant 0.
W: Removed bmsWIDEDFFRSE inst g_bram_profile.u_bram_profile/u_jtag/u_jtag_dm/dm_mem_rdata[31:0] at 24 that is stuck at constant 0.
W: Removed bmsWIDEDFFRSE inst g_bram_profile.u_bram_profile/u_jtag/u_jtag_dm/dm_mem_rdata[31:0] at 25 that is stuck at constant 0.
W: Removed bmsWIDEDFFRSE inst g_bram_profile.u_bram_profile/u_jtag/u_jtag_dm/dm_mem_rdata[31:0] at 26 that is stuck at constant 0.
W: Removed bmsWIDEDFFRSE inst g_bram_profile.u_bram_profile/u_jtag/u_jtag_dm/dm_mem_rdata[31:0] at 27 that is stuck at constant 0.
W: Removed bmsWIDEDFFRSE inst g_bram_profile.u_bram_profile/u_jtag/u_jtag_dm/dm_mem_rdata[31:0] at 28 that is stuck at constant 0.
W: Removed bmsWIDEDFFRSE inst g_bram_profile.u_bram_profile/u_jtag/u_jtag_dm/dm_mem_rdata[31:0] at 29 that is stuck at constant 0.
W: Removed bmsWIDEDFFRSE inst g_bram_profile.u_bram_profile/u_jtag/u_jtag_dm/dm_mem_rdata[31:0] at 30 that is stuck at constant 0.
W: Removed bmsWIDEDFFRSE inst g_bram_profile.u_bram_profile/u_jtag/u_jtag_dm/dm_mem_rdata[31:0] at 31 that is stuck at constant 0.
W: Removed bmsWIDEDFFCPE inst g_bram_profile.u_bram_profile/u_mem/ar_len_reg[7:0] at 2 that is stuck at constant 0.
W: Removed bmsWIDEDFFCPE inst g_bram_profile.u_bram_profile/u_mem/ar_len_reg[7:0] at 3 that is stuck at constant 0.
W: Removed bmsWIDEDFFCPE inst g_bram_profile.u_bram_profile/u_mem/ar_len_reg[7:0] at 4 that is stuck at constant 0.
W: Removed bmsWIDEDFFCPE inst g_bram_profile.u_bram_profile/u_mem/ar_len_reg[7:0] at 5 that is stuck at constant 0.
W: Removed bmsWIDEDFFCPE inst g_bram_profile.u_bram_profile/u_mem/ar_len_reg[7:0] at 6 that is stuck at constant 0.
W: Removed bmsWIDEDFFCPE inst g_bram_profile.u_bram_profile/u_mem/ar_len_reg[7:0] at 7 that is stuck at constant 0.
W: Removed bmsWIDEDFFRSE inst g_bram_profile.u_bram_profile/u_cpu/u_axi_bridge/write_buffer_data[127:0] at 32 that is stuck at constant 0.
W: Removed bmsWIDEDFFRSE inst g_bram_profile.u_bram_profile/u_cpu/u_axi_bridge/write_buffer_data[127:0] at 33 that is stuck at constant 0.
W: Removed bmsWIDEDFFRSE inst g_bram_profile.u_bram_profile/u_cpu/u_axi_bridge/write_buffer_data[127:0] at 34 that is stuck at constant 0.
W: Removed bmsWIDEDFFRSE inst g_bram_profile.u_bram_profile/u_cpu/u_axi_bridge/write_buffer_data[127:0] at 35 that is stuck at constant 0.
W: Removed bmsWIDEDFFRSE inst g_bram_profile.u_bram_profile/u_cpu/u_axi_bridge/write_buffer_data[127:0] at 36 that is stuck at constant 0.
W: Removed bmsWIDEDFFRSE inst g_bram_profile.u_bram_profile/u_cpu/u_axi_bridge/write_buffer_data[127:0] at 37 that is stuck at constant 0.
W: Removed bmsWIDEDFFRSE inst g_bram_profile.u_bram_profile/u_cpu/u_axi_bridge/write_buffer_data[127:0] at 38 that is stuck at constant 0.
W: Removed bmsWIDEDFFRSE inst g_bram_profile.u_bram_profile/u_cpu/u_axi_bridge/write_buffer_data[127:0] at 39 that is stuck at constant 0.
W: Removed bmsWIDEDFFRSE inst g_bram_profile.u_bram_profile/u_cpu/u_axi_bridge/write_buffer_data[127:0] at 40 that is stuck at constant 0.
W: Removed bmsWIDEDFFRSE inst g_bram_profile.u_bram_profile/u_cpu/u_axi_bridge/write_buffer_data[127:0] at 41 that is stuck at constant 0.
W: Removed bmsWIDEDFFRSE inst g_bram_profile.u_bram_profile/u_cpu/u_axi_bridge/write_buffer_data[127:0] at 42 that is stuck at constant 0.
W: Removed bmsWIDEDFFRSE inst g_bram_profile.u_bram_profile/u_cpu/u_axi_bridge/write_buffer_data[127:0] at 43 that is stuck at constant 0.
W: Removed bmsWIDEDFFRSE inst g_bram_profile.u_bram_profile/u_cpu/u_axi_bridge/write_buffer_data[127:0] at 44 that is stuck at constant 0.
W: Removed bmsWIDEDFFRSE inst g_bram_profile.u_bram_profile/u_cpu/u_axi_bridge/write_buffer_data[127:0] at 45 that is stuck at constant 0.
W: Removed bmsWIDEDFFRSE inst g_bram_profile.u_bram_profile/u_cpu/u_axi_bridge/write_buffer_data[127:0] at 46 that is stuck at constant 0.
W: Removed bmsWIDEDFFRSE inst g_bram_profile.u_bram_profile/u_cpu/u_axi_bridge/write_buffer_data[127:0] at 47 that is stuck at constant 0.
W: Removed bmsWIDEDFFRSE inst g_bram_profile.u_bram_profile/u_cpu/u_axi_bridge/write_buffer_data[127:0] at 48 that is stuck at constant 0.
W: Removed bmsWIDEDFFRSE inst g_bram_profile.u_bram_profile/u_cpu/u_axi_bridge/write_buffer_data[127:0] at 49 that is stuck at constant 0.
W: Removed bmsWIDEDFFRSE inst g_bram_profile.u_bram_profile/u_cpu/u_axi_bridge/write_buffer_data[127:0] at 50 that is stuck at constant 0.
W: Removed bmsWIDEDFFRSE inst g_bram_profile.u_bram_profile/u_cpu/u_axi_bridge/write_buffer_data[127:0] at 51 that is stuck at constant 0.
W: Removed bmsWIDEDFFRSE inst g_bram_profile.u_bram_profile/u_cpu/u_axi_bridge/write_buffer_data[127:0] at 52 that is stuck at constant 0.
W: Removed bmsWIDEDFFRSE inst g_bram_profile.u_bram_profile/u_cpu/u_axi_bridge/write_buffer_data[127:0] at 53 that is stuck at constant 0.
W: Removed bmsWIDEDFFRSE inst g_bram_profile.u_bram_profile/u_cpu/u_axi_bridge/write_buffer_data[127:0] at 54 that is stuck at constant 0.
W: Removed bmsWIDEDFFRSE inst g_bram_profile.u_bram_profile/u_cpu/u_axi_bridge/write_buffer_data[127:0] at 55 that is stuck at constant 0.
W: Removed bmsWIDEDFFRSE inst g_bram_profile.u_bram_profile/u_cpu/u_axi_bridge/write_buffer_data[127:0] at 56 that is stuck at constant 0.
W: Removed bmsWIDEDFFRSE inst g_bram_profile.u_bram_profile/u_cpu/u_axi_bridge/write_buffer_data[127:0] at 57 that is stuck at constant 0.
W: Removed bmsWIDEDFFRSE inst g_bram_profile.u_bram_profile/u_cpu/u_axi_bridge/write_buffer_data[127:0] at 58 that is stuck at constant 0.
W: Removed bmsWIDEDFFRSE inst g_bram_profile.u_bram_profile/u_cpu/u_axi_bridge/write_buffer_data[127:0] at 59 that is stuck at constant 0.
W: Removed bmsWIDEDFFRSE inst g_bram_profile.u_bram_profile/u_cpu/u_axi_bridge/write_buffer_data[127:0] at 60 that is stuck at constant 0.
W: Removed bmsWIDEDFFRSE inst g_bram_profile.u_bram_profile/u_cpu/u_axi_bridge/write_buffer_data[127:0] at 61 that is stuck at constant 0.
W: Removed bmsWIDEDFFRSE inst g_bram_profile.u_bram_profile/u_cpu/u_axi_bridge/write_buffer_data[127:0] at 62 that is stuck at constant 0.
W: Removed bmsWIDEDFFRSE inst g_bram_profile.u_bram_profile/u_cpu/u_axi_bridge/write_buffer_data[127:0] at 63 that is stuck at constant 0.
W: Removed bmsWIDEDFFCPE inst g_bram_profile.u_bram_profile/u_jtag/u_jtag_driver/rx/recv_data[39:0] at 0 that is stuck at constant 0.
W: Removed bmsWIDEDFFCPE inst g_bram_profile.u_bram_profile/u_jtag/u_jtag_driver/rx/recv_data[39:0] at 1 that is stuck at constant 0.
W: Removed bmsWIDEDFFCPE inst g_bram_profile.u_bram_profile/u_flash_bram_boot/u_flash_reader/tx_shift[31:0] at 1 that is stuck at constant 0.
W: Removed bmsWIDEDFFCPE inst g_bram_profile.u_bram_profile/u_jtag/u_jtag_driver/dm_resp_data[39:0] at 0 that is stuck at constant 0.
W: Removed bmsWIDEDFFCPE inst g_bram_profile.u_bram_profile/u_jtag/u_jtag_driver/dm_resp_data[39:0] at 1 that is stuck at constant 0.
W: Removed bmsWIDEDFFRSE inst g_bram_profile.u_bram_profile/u_cpu/u_axi_bridge/write_buffer_data[127:0] at 0 that is stuck at constant 0.
W: Removed bmsWIDEDFFRSE inst g_bram_profile.u_bram_profile/u_cpu/u_axi_bridge/write_buffer_data[127:0] at 1 that is stuck at constant 0.
W: Removed bmsWIDEDFFRSE inst g_bram_profile.u_bram_profile/u_cpu/u_axi_bridge/write_buffer_data[127:0] at 2 that is stuck at constant 0.
W: Removed bmsWIDEDFFRSE inst g_bram_profile.u_bram_profile/u_cpu/u_axi_bridge/write_buffer_data[127:0] at 3 that is stuck at constant 0.
W: Removed bmsWIDEDFFRSE inst g_bram_profile.u_bram_profile/u_cpu/u_axi_bridge/write_buffer_data[127:0] at 4 that is stuck at constant 0.
W: Removed bmsWIDEDFFRSE inst g_bram_profile.u_bram_profile/u_cpu/u_axi_bridge/write_buffer_data[127:0] at 5 that is stuck at constant 0.
W: Removed bmsWIDEDFFRSE inst g_bram_profile.u_bram_profile/u_cpu/u_axi_bridge/write_buffer_data[127:0] at 6 that is stuck at constant 0.
W: Removed bmsWIDEDFFRSE inst g_bram_profile.u_bram_profile/u_cpu/u_axi_bridge/write_buffer_data[127:0] at 7 that is stuck at constant 0.
W: Removed bmsWIDEDFFRSE inst g_bram_profile.u_bram_profile/u_cpu/u_axi_bridge/write_buffer_data[127:0] at 8 that is stuck at constant 0.
W: Removed bmsWIDEDFFRSE inst g_bram_profile.u_bram_profile/u_cpu/u_axi_bridge/write_buffer_data[127:0] at 9 that is stuck at constant 0.
W: Removed bmsWIDEDFFRSE inst g_bram_profile.u_bram_profile/u_cpu/u_axi_bridge/write_buffer_data[127:0] at 10 that is stuck at constant 0.
W: Removed bmsWIDEDFFRSE inst g_bram_profile.u_bram_profile/u_cpu/u_axi_bridge/write_buffer_data[127:0] at 11 that is stuck at constant 0.
W: Removed bmsWIDEDFFRSE inst g_bram_profile.u_bram_profile/u_cpu/u_axi_bridge/write_buffer_data[127:0] at 12 that is stuck at constant 0.
W: Removed bmsWIDEDFFRSE inst g_bram_profile.u_bram_profile/u_cpu/u_axi_bridge/write_buffer_data[127:0] at 13 that is stuck at constant 0.
W: Removed bmsWIDEDFFRSE inst g_bram_profile.u_bram_profile/u_cpu/u_axi_bridge/write_buffer_data[127:0] at 14 that is stuck at constant 0.
W: Removed bmsWIDEDFFRSE inst g_bram_profile.u_bram_profile/u_cpu/u_axi_bridge/write_buffer_data[127:0] at 15 that is stuck at constant 0.
W: Removed bmsWIDEDFFRSE inst g_bram_profile.u_bram_profile/u_cpu/u_axi_bridge/write_buffer_data[127:0] at 16 that is stuck at constant 0.
W: Removed bmsWIDEDFFRSE inst g_bram_profile.u_bram_profile/u_cpu/u_axi_bridge/write_buffer_data[127:0] at 17 that is stuck at constant 0.
W: Removed bmsWIDEDFFRSE inst g_bram_profile.u_bram_profile/u_cpu/u_axi_bridge/write_buffer_data[127:0] at 18 that is stuck at constant 0.
W: Removed bmsWIDEDFFRSE inst g_bram_profile.u_bram_profile/u_cpu/u_axi_bridge/write_buffer_data[127:0] at 19 that is stuck at constant 0.
W: Removed bmsWIDEDFFRSE inst g_bram_profile.u_bram_profile/u_cpu/u_axi_bridge/write_buffer_data[127:0] at 20 that is stuck at constant 0.
W: Removed bmsWIDEDFFRSE inst g_bram_profile.u_bram_profile/u_cpu/u_axi_bridge/write_buffer_data[127:0] at 21 that is stuck at constant 0.
W: Removed bmsWIDEDFFRSE inst g_bram_profile.u_bram_profile/u_cpu/u_axi_bridge/write_buffer_data[127:0] at 22 that is stuck at constant 0.
W: Removed bmsWIDEDFFRSE inst g_bram_profile.u_bram_profile/u_cpu/u_axi_bridge/write_buffer_data[127:0] at 23 that is stuck at constant 0.
W: Removed bmsWIDEDFFRSE inst g_bram_profile.u_bram_profile/u_cpu/u_axi_bridge/write_buffer_data[127:0] at 24 that is stuck at constant 0.
W: Removed bmsWIDEDFFRSE inst g_bram_profile.u_bram_profile/u_cpu/u_axi_bridge/write_buffer_data[127:0] at 25 that is stuck at constant 0.
W: Removed bmsWIDEDFFRSE inst g_bram_profile.u_bram_profile/u_cpu/u_axi_bridge/write_buffer_data[127:0] at 26 that is stuck at constant 0.
W: Removed bmsWIDEDFFRSE inst g_bram_profile.u_bram_profile/u_cpu/u_axi_bridge/write_buffer_data[127:0] at 27 that is stuck at constant 0.
W: Removed bmsWIDEDFFRSE inst g_bram_profile.u_bram_profile/u_cpu/u_axi_bridge/write_buffer_data[127:0] at 28 that is stuck at constant 0.
W: Removed bmsWIDEDFFRSE inst g_bram_profile.u_bram_profile/u_cpu/u_axi_bridge/write_buffer_data[127:0] at 29 that is stuck at constant 0.
W: Removed bmsWIDEDFFRSE inst g_bram_profile.u_bram_profile/u_cpu/u_axi_bridge/write_buffer_data[127:0] at 30 that is stuck at constant 0.
W: Removed bmsWIDEDFFRSE inst g_bram_profile.u_bram_profile/u_cpu/u_axi_bridge/write_buffer_data[127:0] at 31 that is stuck at constant 0.
W: Removed bmsWIDEDFFCPE inst g_bram_profile.u_bram_profile/u_flash_bram_boot/u_flash_reader/tx_shift[31:0] at 2 that is stuck at constant 0.
W: Removed bmsWIDEDFFCPE inst g_bram_profile.u_bram_profile/u_flash_bram_boot/u_flash_reader/tx_shift[31:0] at 3 that is stuck at constant 0.
W: Removed bmsWIDEDFFCPE inst g_bram_profile.u_bram_profile/u_flash_bram_boot/u_flash_reader/tx_shift[31:0] at 4 that is stuck at constant 0.
W: Removed bmsWIDEDFFCPE inst g_bram_profile.u_bram_profile/u_flash_bram_boot/u_flash_reader/tx_shift[31:0] at 5 that is stuck at constant 0.
W: Removed bmsWIDEDFFCPE inst g_bram_profile.u_bram_profile/u_flash_bram_boot/u_flash_reader/tx_shift[31:0] at 6 that is stuck at constant 0.
W: Removed bmsWIDEDFFCPE inst g_bram_profile.u_bram_profile/u_flash_bram_boot/u_flash_reader/tx_shift[31:0] at 7 that is stuck at constant 0.
W: Removed bmsWIDEDFFCPE inst g_bram_profile.u_bram_profile/u_flash_bram_boot/u_flash_reader/tx_shift[31:0] at 8 that is stuck at constant 0.
W: Removed bmsWIDEDFFCPE inst g_bram_profile.u_bram_profile/u_flash_bram_boot/u_flash_reader/tx_shift[31:0] at 9 that is stuck at constant 0.
W: Removed bmsWIDEDFFCPE inst g_bram_profile.u_bram_profile/u_flash_bram_boot/u_flash_reader/tx_shift[31:0] at 10 that is stuck at constant 0.
W: Removed bmsWIDEDFFCPE inst g_bram_profile.u_bram_profile/u_flash_bram_boot/u_flash_reader/tx_shift[31:0] at 11 that is stuck at constant 0.
W: Removed bmsWIDEDFFCPE inst g_bram_profile.u_bram_profile/u_flash_bram_boot/u_flash_reader/tx_shift[31:0] at 12 that is stuck at constant 0.
W: Removed bmsWIDEDFFCPE inst g_bram_profile.u_bram_profile/u_flash_bram_boot/u_flash_reader/tx_shift[31:0] at 13 that is stuck at constant 0.
W: Removed bmsWIDEDFFCPE inst g_bram_profile.u_bram_profile/u_flash_bram_boot/u_flash_reader/tx_shift[31:0] at 14 that is stuck at constant 0.
W: Removed bmsWIDEDFFCPE inst g_bram_profile.u_bram_profile/u_flash_bram_boot/u_flash_reader/tx_shift[31:0] at 15 that is stuck at constant 0.
W: Removed bmsWIDEDFFCPE inst g_bram_profile.u_bram_profile/u_flash_bram_boot/u_flash_reader/tx_shift[31:0] at 16 that is stuck at constant 0.
W: Removed bmsWIDEDFFCPE inst g_bram_profile.u_bram_profile/u_flash_bram_boot/u_flash_reader/tx_shift[31:0] at 17 that is stuck at constant 0.
W: Removed bmsWIDEDFFCPE inst g_bram_profile.u_bram_profile/u_flash_bram_boot/u_flash_reader/tx_shift[31:0] at 18 that is stuck at constant 0.
W: Removed bmsWIDEDFFCPE inst g_bram_profile.u_bram_profile/u_flash_bram_boot/u_flash_reader/tx_shift[31:0] at 19 that is stuck at constant 0.
W: Removed bmsWIDEDFFCPE inst g_bram_profile.u_bram_profile/u_flash_bram_boot/u_flash_reader/tx_shift[31:0] at 20 that is stuck at constant 0.
W: Removed bmsWIDEDFFRSE inst g_bram_profile.u_bram_profile/u_cpu/u_axi_bridge/arid[3:0] at 0 that is stuck at constant 1.
I: Removed bmsEQUAL inst g_bram_profile.u_bram_profile/u_cpu/u_idu/N299 that is redundant to g_bram_profile.u_bram_profile/u_cpu/u_idu/N262
I: Removed bmsADD inst g_bram_profile.u_bram_profile/u_cpu/u_exu/u_csr/N207 that is redundant to g_bram_profile.u_bram_profile/u_cpu/u_exu/N131
I: Removed bmsEQUAL inst g_bram_profile.u_bram_profile/u_cpu/u_idu/N297 that is redundant to g_bram_profile.u_bram_profile/u_cpu/u_idu/N246
W: Removed bmsWIDEDFFRSE inst g_bram_profile.u_bram_profile/u_cpu/u_axi_bridge/arlen_reg[0] that is stuck at constant 1.
W: Removed bmsWIDEDFFRSE inst g_bram_profile.u_bram_profile/u_cpu/u_axi_bridge/araddr[31:0] at 0 that is stuck at constant 0.
W: Removed bmsWIDEDFFPATCE inst g_bram_profile.u_bram_profile/u_mem/jtag_state_reg at 2 that is stuck at constant 0.
W: Removed bmsWIDEDFFPATCE inst g_bram_profile.u_bram_profile/u_mem/state_reg at 2 that is stuck at constant 0.
W: Removed bmsWIDEDFFPATCE inst g_bram_profile.u_bram_profile/u_mem/state_reg at 5 that is stuck at constant 0.
W: Removed bmsWIDEDFFCPE inst g_bram_profile.u_bram_profile/u_mem/read_pending_base[31:0] at 0 that is stuck at constant 0.
W: Removed bmsWIDEDFFCPE inst g_bram_profile.u_bram_profile/u_mem/read_pending_len[7:0] at 0 that is stuck at constant 0.
W: Removed bmsWIDEDFFCPE inst g_bram_profile.u_bram_profile/u_mem/ar_base_reg[31:0] at 0 that is stuck at constant 0.
W: Removed bmsWIDEDFFCPE inst g_bram_profile.u_bram_profile/u_mem/ar_len_reg[7:0] at 0 that is stuck at constant 0.
W: Public-4008: Instance 'g_bram_profile.u_bram_profile/u_mem/jtag_read_reg' of 'bmsWIDEDFFCPE' unit is dangling and will be cleaned.
W: Removed bmsWIDEDFFRSE inst g_bram_profile.u_bram_profile/u_cpu/u_exu/u_div/count[5:0] at 5 that is stuck at constant 0.
W: Removed bmsWIDEDFFCPE inst g_bram_profile.u_bram_profile/u_flash_bram_boot/word_index[31:0] at 13 that is stuck at constant 0.
I: Removed inst g_bram_profile.u_bram_profile/u_cpu/u_axi_bridge/arvalid which is redundant to g_bram_profile.u_bram_profile/u_cpu/u_axi_bridge/read_requst_state (type bmsWIDEDFFRSE)
W: Removed bmsWIDEDFFRSE inst g_bram_profile.u_bram_profile/u_cpu/gen_cpu_bram.u_bram_mem/prog_read_addr_q[31:0] at 0 that is stuck at constant 0.
W: Removed bmsWIDEDFFRSE inst g_bram_profile.u_bram_profile/u_cpu/gen_cpu_bram.u_bram_mem/prog_read_addr_q[31:0] at 1 that is stuck at constant 0.
W: Removed bmsWIDEDFFRSE inst g_bram_profile.u_bram_profile/u_cpu/gen_cpu_bram.u_bram_mem/prog_read_addr_q[31:0] at 15 that is stuck at constant 0.
W: Removed bmsWIDEDFFRSE inst g_bram_profile.u_bram_profile/u_cpu/gen_cpu_bram.u_bram_mem/prog_read_addr_q[31:0] at 16 that is stuck at constant 0.
W: Removed bmsWIDEDFFRSE inst g_bram_profile.u_bram_profile/u_cpu/gen_cpu_bram.u_bram_mem/prog_read_addr_q[31:0] at 17 that is stuck at constant 0.
W: Removed bmsWIDEDFFRSE inst g_bram_profile.u_bram_profile/u_cpu/gen_cpu_bram.u_bram_mem/prog_read_addr_q[31:0] at 18 that is stuck at constant 0.
W: Removed bmsWIDEDFFRSE inst g_bram_profile.u_bram_profile/u_cpu/gen_cpu_bram.u_bram_mem/prog_read_addr_q[31:0] at 19 that is stuck at constant 0.
W: Removed bmsWIDEDFFRSE inst g_bram_profile.u_bram_profile/u_cpu/gen_cpu_bram.u_bram_mem/prog_read_addr_q[31:0] at 20 that is stuck at constant 0.
W: Removed bmsWIDEDFFRSE inst g_bram_profile.u_bram_profile/u_cpu/gen_cpu_bram.u_bram_mem/prog_read_addr_q[31:0] at 21 that is stuck at constant 0.
W: Removed bmsWIDEDFFRSE inst g_bram_profile.u_bram_profile/u_cpu/gen_cpu_bram.u_bram_mem/prog_read_addr_q[31:0] at 22 that is stuck at constant 0.
W: Removed bmsWIDEDFFRSE inst g_bram_profile.u_bram_profile/u_cpu/gen_cpu_bram.u_bram_mem/prog_read_addr_q[31:0] at 23 that is stuck at constant 0.
W: Removed bmsWIDEDFFRSE inst g_bram_profile.u_bram_profile/u_cpu/gen_cpu_bram.u_bram_mem/prog_read_addr_q[31:0] at 24 that is stuck at constant 0.
W: Removed bmsWIDEDFFRSE inst g_bram_profile.u_bram_profile/u_cpu/gen_cpu_bram.u_bram_mem/prog_read_addr_q[31:0] at 25 that is stuck at constant 0.
W: Removed bmsWIDEDFFRSE inst g_bram_profile.u_bram_profile/u_cpu/gen_cpu_bram.u_bram_mem/prog_read_addr_q[31:0] at 26 that is stuck at constant 0.
W: Removed bmsWIDEDFFRSE inst g_bram_profile.u_bram_profile/u_cpu/gen_cpu_bram.u_bram_mem/prog_read_addr_q[31:0] at 27 that is stuck at constant 0.
W: Removed bmsWIDEDFFRSE inst g_bram_profile.u_bram_profile/u_cpu/gen_cpu_bram.u_bram_mem/prog_read_addr_q[31:0] at 28 that is stuck at constant 0.
W: Removed bmsWIDEDFFRSE inst g_bram_profile.u_bram_profile/u_cpu/gen_cpu_bram.u_bram_mem/prog_read_addr_q[31:0] at 29 that is stuck at constant 0.
W: Removed bmsWIDEDFFRSE inst g_bram_profile.u_bram_profile/u_cpu/gen_cpu_bram.u_bram_mem/prog_read_addr_q[31:0] at 30 that is stuck at constant 0.
W: Removed bmsWIDEDFFRSE inst g_bram_profile.u_bram_profile/u_cpu/gen_cpu_bram.u_bram_mem/prog_read_addr_q[31:0] at 31 that is stuck at constant 1.
Executing : mod-gen successfully. Time elapsed: 1.291s wall, 0.625s user + 0.016s system = 0.641s CPU (49.6%)

Start logic-optimization.
W: Removed bmsWIDEDFFRSE inst g_bram_profile.u_bram_profile/u_cpu/u_memu/mem_load_resp_received that is stuck at constant 0.
W: Removed bmsWIDEDFFPATCE inst g_bram_profile.u_bram_profile/u_flash_bram_boot/reader_req_length[31:0] at 0 that is stuck at constant 0.
W: Removed bmsWIDEDFFPATCE inst g_bram_profile.u_bram_profile/u_flash_bram_boot/reader_req_length[31:0] at 1 that is stuck at constant 0.
W: Removed bmsWIDEDFFPATCE inst g_bram_profile.u_bram_profile/u_flash_bram_boot/reader_req_length[31:0] at 2 that is stuck at constant 0.
W: Removed bmsWIDEDFFPATCE inst g_bram_profile.u_bram_profile/u_flash_bram_boot/reader_req_length[31:0] at 3 that is stuck at constant 0.
W: Removed bmsWIDEDFFPATCE inst g_bram_profile.u_bram_profile/u_flash_bram_boot/reader_req_length[31:0] at 4 that is stuck at constant 0.
W: Removed bmsWIDEDFFPATCE inst g_bram_profile.u_bram_profile/u_flash_bram_boot/reader_req_length[31:0] at 5 that is stuck at constant 0.
W: Removed bmsWIDEDFFPATCE inst g_bram_profile.u_bram_profile/u_flash_bram_boot/reader_req_length[31:0] at 6 that is stuck at constant 0.
W: Removed bmsWIDEDFFPATCE inst g_bram_profile.u_bram_profile/u_flash_bram_boot/reader_req_length[31:0] at 7 that is stuck at constant 0.
W: Removed bmsWIDEDFFPATCE inst g_bram_profile.u_bram_profile/u_flash_bram_boot/reader_req_length[31:0] at 8 that is stuck at constant 0.
W: Removed bmsWIDEDFFPATCE inst g_bram_profile.u_bram_profile/u_flash_bram_boot/reader_req_length[31:0] at 9 that is stuck at constant 0.
W: Removed bmsWIDEDFFPATCE inst g_bram_profile.u_bram_profile/u_flash_bram_boot/reader_req_length[31:0] at 10 that is stuck at constant 0.
W: Removed bmsWIDEDFFPATCE inst g_bram_profile.u_bram_profile/u_flash_bram_boot/reader_req_length[31:0] at 11 that is stuck at constant 0.
W: Removed bmsWIDEDFFPATCE inst g_bram_profile.u_bram_profile/u_flash_bram_boot/reader_req_length[31:0] at 12 that is stuck at constant 0.
W: Removed bmsWIDEDFFPATCE inst g_bram_profile.u_bram_profile/u_flash_bram_boot/reader_req_length[31:0] at 13 that is stuck at constant 0.
W: Removed bmsWIDEDFFPATCE inst g_bram_profile.u_bram_profile/u_flash_bram_boot/reader_req_length[31:0] at 14 that is stuck at constant 0.
W: Removed bmsWIDEDFFPATCE inst g_bram_profile.u_bram_profile/u_flash_bram_boot/reader_req_length[31:0] at 15 that is stuck at constant 1.
W: Removed bmsWIDEDFFPATCE inst g_bram_profile.u_bram_profile/u_flash_bram_boot/reader_req_length[31:0] at 16 that is stuck at constant 0.
W: Removed bmsWIDEDFFPATCE inst g_bram_profile.u_bram_profile/u_flash_bram_boot/reader_req_length[31:0] at 17 that is stuck at constant 0.
W: Removed bmsWIDEDFFPATCE inst g_bram_profile.u_bram_profile/u_flash_bram_boot/reader_req_length[31:0] at 18 that is stuck at constant 0.
W: Removed bmsWIDEDFFPATCE inst g_bram_profile.u_bram_profile/u_flash_bram_boot/reader_req_length[31:0] at 19 that is stuck at constant 0.
W: Removed bmsWIDEDFFPATCE inst g_bram_profile.u_bram_profile/u_flash_bram_boot/reader_req_length[31:0] at 20 that is stuck at constant 0.
W: Removed bmsWIDEDFFPATCE inst g_bram_profile.u_bram_profile/u_flash_bram_boot/reader_req_length[31:0] at 21 that is stuck at constant 0.
W: Removed bmsWIDEDFFPATCE inst g_bram_profile.u_bram_profile/u_flash_bram_boot/reader_req_length[31:0] at 22 that is stuck at constant 0.
W: Removed bmsWIDEDFFPATCE inst g_bram_profile.u_bram_profile/u_flash_bram_boot/reader_req_length[31:0] at 23 that is stuck at constant 0.
W: Removed bmsWIDEDFFPATCE inst g_bram_profile.u_bram_profile/u_flash_bram_boot/reader_req_length[31:0] at 24 that is stuck at constant 0.
W: Removed bmsWIDEDFFPATCE inst g_bram_profile.u_bram_profile/u_flash_bram_boot/reader_req_length[31:0] at 25 that is stuck at constant 0.
W: Removed bmsWIDEDFFPATCE inst g_bram_profile.u_bram_profile/u_flash_bram_boot/reader_req_length[31:0] at 26 that is stuck at constant 0.
W: Removed bmsWIDEDFFPATCE inst g_bram_profile.u_bram_profile/u_flash_bram_boot/reader_req_length[31:0] at 27 that is stuck at constant 0.
W: Removed bmsWIDEDFFPATCE inst g_bram_profile.u_bram_profile/u_flash_bram_boot/reader_req_length[31:0] at 28 that is stuck at constant 0.
W: Removed bmsWIDEDFFPATCE inst g_bram_profile.u_bram_profile/u_flash_bram_boot/reader_req_length[31:0] at 29 that is stuck at constant 0.
W: Removed bmsWIDEDFFPATCE inst g_bram_profile.u_bram_profile/u_flash_bram_boot/reader_req_length[31:0] at 30 that is stuck at constant 0.
W: Removed bmsWIDEDFFPATCE inst g_bram_profile.u_bram_profile/u_flash_bram_boot/reader_req_length[31:0] at 31 that is stuck at constant 0.
W: Public-4008: Instance 'g_bram_profile.u_bram_profile/u_cpu/u_memu/mem_load_resp_data[31:0]' of 'bmsWIDEDFFRSE' unit is dangling and will be cleaned.
W: Public-4008: Instance 'g_bram_profile.u_bram_profile/u_cpu/u_idu/u_rf/rf[0][31:0]' of 'bmsWIDEDFFRSE' unit is dangling and will be cleaned.
Executing : logic-optimization successfully. Time elapsed: 4.062s wall, 0.844s user + 0.000s system = 0.844s CPU (20.8%)

Start tech-mapping phase 1.
W: Public-4008: Instance 'g_bram_profile.u_bram_profile/u_mem/state_reg[2]' of 'bmsWIDEDFFCPE' unit is dangling and will be cleaned.
W: Public-4008: Instance 'g_bram_profile.u_bram_profile/u_mem/state_reg[5]' of 'bmsWIDEDFFCPE' unit is dangling and will be cleaned.
W: Public-4008: Instance 'g_bram_profile.u_bram_profile/u_jtag/u_jtag_driver/rx/recv_data[0]' of 'bmsWIDEDFFCPE' unit is dangling and will be cleaned.
W: Public-4008: Instance 'g_bram_profile.u_bram_profile/u_jtag/u_jtag_driver/rx/recv_data[1]' of 'bmsWIDEDFFCPE' unit is dangling and will be cleaned.
W: Public-4008: Instance 'g_bram_profile.u_bram_profile/u_mem/jtag_state_reg[1]' of 'bmsWIDEDFFCPE' unit is dangling and will be cleaned.
W: Public-4008: Instance 'g_bram_profile.u_bram_profile/u_mem/jtag_state_reg[2]' of 'bmsWIDEDFFCPE' unit is dangling and will be cleaned.
W: Public-4008: Instance 'g_bram_profile.u_bram_profile/u_cpu/u_exu/u_mul/product_q[64]' of 'bmsWIDEDFFRSE' unit is dangling and will be cleaned.
W: Public-4008: Instance 'g_bram_profile.u_bram_profile/u_cpu/u_exu/u_mul/product_q[65]' of 'bmsWIDEDFFRSE' unit is dangling and will be cleaned.
W: Public-4008: Instance 'g_bram_profile.u_bram_profile/u_cpu/u_exu/ex_ins[7]' of 'bmsWIDEDFFRSE' unit is dangling and will be cleaned.
W: Public-4008: Instance 'g_bram_profile.u_bram_profile/u_cpu/u_exu/ex_ins[8]' of 'bmsWIDEDFFRSE' unit is dangling and will be cleaned.
W: Public-4008: Instance 'g_bram_profile.u_bram_profile/u_cpu/u_exu/ex_ins[9]' of 'bmsWIDEDFFRSE' unit is dangling and will be cleaned.
W: Public-4008: Instance 'g_bram_profile.u_bram_profile/u_cpu/u_exu/ex_ins[10]' of 'bmsWIDEDFFRSE' unit is dangling and will be cleaned.
W: Public-4008: Instance 'g_bram_profile.u_bram_profile/u_cpu/u_exu/ex_ins[11]' of 'bmsWIDEDFFRSE' unit is dangling and will be cleaned.
W: Public-4008: Instance 'g_bram_profile.u_bram_profile/u_cpu/u_exu/ex_ins[12]' of 'bmsWIDEDFFRSE' unit is dangling and will be cleaned.
W: Public-4008: Instance 'g_bram_profile.u_bram_profile/u_cpu/u_exu/ex_ins[13]' of 'bmsWIDEDFFRSE' unit is dangling and will be cleaned.
W: Public-4008: Instance 'g_bram_profile.u_bram_profile/u_cpu/u_exu/ex_ins[14]' of 'bmsWIDEDFFRSE' unit is dangling and will be cleaned.
W: Public-4008: Instance 'g_bram_profile.u_bram_profile/u_cpu/u_exu/ex_ins[15]' of 'bmsWIDEDFFRSE' unit is dangling and will be cleaned.
W: Public-4008: Instance 'g_bram_profile.u_bram_profile/u_cpu/u_exu/ex_ins[16]' of 'bmsWIDEDFFRSE' unit is dangling and will be cleaned.
W: Public-4008: Instance 'g_bram_profile.u_bram_profile/u_cpu/u_exu/ex_ins[17]' of 'bmsWIDEDFFRSE' unit is dangling and will be cleaned.
W: Public-4008: Instance 'g_bram_profile.u_bram_profile/u_cpu/u_exu/ex_ins[18]' of 'bmsWIDEDFFRSE' unit is dangling and will be cleaned.
W: Public-4008: Instance 'g_bram_profile.u_bram_profile/u_cpu/u_exu/ex_ins[19]' of 'bmsWIDEDFFRSE' unit is dangling and will be cleaned.
W: Public-4008: Instance 'g_bram_profile.u_bram_profile/u_cpu/u_exu/ex_ins[20]' of 'bmsWIDEDFFRSE' unit is dangling and will be cleaned.
W: Public-4008: Instance 'g_bram_profile.u_bram_profile/u_cpu/u_exu/ex_ins[21]' of 'bmsWIDEDFFRSE' unit is dangling and will be cleaned.
W: Public-4008: Instance 'g_bram_profile.u_bram_profile/u_cpu/u_exu/ex_ins[22]' of 'bmsWIDEDFFRSE' unit is dangling and will be cleaned.
W: Public-4008: Instance 'g_bram_profile.u_bram_profile/u_cpu/u_exu/ex_ins[23]' of 'bmsWIDEDFFRSE' unit is dangling and will be cleaned.
W: Public-4008: Instance 'g_bram_profile.u_bram_profile/u_cpu/u_exu/ex_ins[24]' of 'bmsWIDEDFFRSE' unit is dangling and will be cleaned.
W: Public-4008: Instance 'g_bram_profile.u_bram_profile/u_cpu/u_exu/ex_ins[25]' of 'bmsWIDEDFFRSE' unit is dangling and will be cleaned.
W: Public-4008: Instance 'g_bram_profile.u_bram_profile/u_cpu/u_exu/ex_ins[26]' of 'bmsWIDEDFFRSE' unit is dangling and will be cleaned.
W: Public-4008: Instance 'g_bram_profile.u_bram_profile/u_cpu/u_exu/ex_ins[27]' of 'bmsWIDEDFFRSE' unit is dangling and will be cleaned.
W: Public-4008: Instance 'g_bram_profile.u_bram_profile/u_cpu/u_exu/ex_ins[28]' of 'bmsWIDEDFFRSE' unit is dangling and will be cleaned.
W: Public-4008: Instance 'g_bram_profile.u_bram_profile/u_cpu/u_exu/ex_ins[29]' of 'bmsWIDEDFFRSE' unit is dangling and will be cleaned.
W: Public-4008: Instance 'g_bram_profile.u_bram_profile/u_cpu/u_exu/ex_ins[30]' of 'bmsWIDEDFFRSE' unit is dangling and will be cleaned.
W: Public-4008: Instance 'g_bram_profile.u_bram_profile/u_cpu/u_exu/ex_ins[31]' of 'bmsWIDEDFFRSE' unit is dangling and will be cleaned.
W: Public-4008: Instance 'g_bram_profile.u_bram_profile/u_cpu/u_exu/u_csr/csr_mtvec[0]' of 'bmsWIDEDFFRSE' unit is dangling and will be cleaned.
W: Public-4008: Instance 'g_bram_profile.u_bram_profile/u_cpu/u_exu/u_csr/csr_mtvec[1]' of 'bmsWIDEDFFRSE' unit is dangling and will be cleaned.
W: Public-4008: Instance 'g_bram_profile.u_bram_profile/u_mem/read_pending_base[0]' of 'bmsWIDEDFFCPE' unit is dangling and will be cleaned.
W: Public-4008: Instance 'g_bram_profile.u_bram_profile/u_mem/read_pending_base[1]' of 'bmsWIDEDFFCPE' unit is dangling and will be cleaned.
W: Public-4008: Instance 'g_bram_profile.u_bram_profile/u_cpu/u_exu/u_csr/csr_mepc[0]' of 'bmsWIDEDFFRSE' unit is dangling and will be cleaned.
W: Public-4008: Instance 'g_bram_profile.u_bram_profile/u_cpu/u_exu/u_csr/csr_mepc[1]' of 'bmsWIDEDFFRSE' unit is dangling and will be cleaned.
W: Public-4008: Instance 'g_bram_profile.u_bram_profile/u_cpu/u_exu/u_csr/csr_mie[0]' of 'bmsWIDEDFFRSE' unit is dangling and will be cleaned.
W: Public-4008: Instance 'g_bram_profile.u_bram_profile/u_cpu/u_exu/u_csr/csr_mie[1]' of 'bmsWIDEDFFRSE' unit is dangling and will be cleaned.
W: Public-4008: Instance 'g_bram_profile.u_bram_profile/u_cpu/u_exu/u_csr/csr_mie[2]' of 'bmsWIDEDFFRSE' unit is dangling and will be cleaned.
W: Public-4008: Instance 'g_bram_profile.u_bram_profile/u_cpu/u_exu/u_csr/csr_mie[3]' of 'bmsWIDEDFFRSE' unit is dangling and will be cleaned.
W: Public-4008: Instance 'g_bram_profile.u_bram_profile/u_cpu/u_exu/u_csr/csr_mie[4]' of 'bmsWIDEDFFRSE' unit is dangling and will be cleaned.
W: Public-4008: Instance 'g_bram_profile.u_bram_profile/u_cpu/u_exu/u_csr/csr_mie[5]' of 'bmsWIDEDFFRSE' unit is dangling and will be cleaned.
W: Public-4008: Instance 'g_bram_profile.u_bram_profile/u_cpu/u_exu/u_csr/csr_mie[6]' of 'bmsWIDEDFFRSE' unit is dangling and will be cleaned.
W: Public-4008: Instance 'g_bram_profile.u_bram_profile/u_cpu/u_exu/u_csr/csr_mie[8]' of 'bmsWIDEDFFRSE' unit is dangling and will be cleaned.
W: Public-4008: Instance 'g_bram_profile.u_bram_profile/u_cpu/u_exu/u_csr/csr_mie[9]' of 'bmsWIDEDFFRSE' unit is dangling and will be cleaned.
W: Public-4008: Instance 'g_bram_profile.u_bram_profile/u_cpu/u_exu/u_csr/csr_mie[10]' of 'bmsWIDEDFFRSE' unit is dangling and will be cleaned.
W: Public-4008: Instance 'g_bram_profile.u_bram_profile/u_cpu/u_exu/u_csr/csr_mie[12]' of 'bmsWIDEDFFRSE' unit is dangling and will be cleaned.
W: Public-4008: Instance 'g_bram_profile.u_bram_profile/u_cpu/u_exu/u_csr/csr_mie[13]' of 'bmsWIDEDFFRSE' unit is dangling and will be cleaned.
W: Public-4008: Instance 'g_bram_profile.u_bram_profile/u_cpu/u_exu/u_csr/csr_mie[14]' of 'bmsWIDEDFFRSE' unit is dangling and will be cleaned.
W: Public-4008: Instance 'g_bram_profile.u_bram_profile/u_cpu/u_exu/u_csr/csr_mie[15]' of 'bmsWIDEDFFRSE' unit is dangling and will be cleaned.
W: Public-4008: Instance 'g_bram_profile.u_bram_profile/u_cpu/u_exu/u_csr/csr_mie[16]' of 'bmsWIDEDFFRSE' unit is dangling and will be cleaned.
W: Public-4008: Instance 'g_bram_profile.u_bram_profile/u_cpu/u_exu/u_csr/csr_mie[17]' of 'bmsWIDEDFFRSE' unit is dangling and will be cleaned.
W: Public-4008: Instance 'g_bram_profile.u_bram_profile/u_cpu/u_exu/u_csr/csr_mie[18]' of 'bmsWIDEDFFRSE' unit is dangling and will be cleaned.
W: Public-4008: Instance 'g_bram_profile.u_bram_profile/u_cpu/u_exu/u_csr/csr_mie[19]' of 'bmsWIDEDFFRSE' unit is dangling and will be cleaned.
W: Public-4008: Instance 'g_bram_profile.u_bram_profile/u_cpu/u_exu/u_csr/csr_mie[20]' of 'bmsWIDEDFFRSE' unit is dangling and will be cleaned.
W: Public-4008: Instance 'g_bram_profile.u_bram_profile/u_cpu/u_exu/u_csr/csr_mie[21]' of 'bmsWIDEDFFRSE' unit is dangling and will be cleaned.
W: Public-4008: Instance 'g_bram_profile.u_bram_profile/u_cpu/u_exu/u_csr/csr_mie[22]' of 'bmsWIDEDFFRSE' unit is dangling and will be cleaned.
W: Public-4008: Instance 'g_bram_profile.u_bram_profile/u_cpu/u_exu/u_csr/csr_mie[23]' of 'bmsWIDEDFFRSE' unit is dangling and will be cleaned.
W: Public-4008: Instance 'g_bram_profile.u_bram_profile/u_cpu/u_exu/u_csr/csr_mie[24]' of 'bmsWIDEDFFRSE' unit is dangling and will be cleaned.
W: Public-4008: Instance 'g_bram_profile.u_bram_profile/u_cpu/u_exu/u_csr/csr_mie[25]' of 'bmsWIDEDFFRSE' unit is dangling and will be cleaned.
W: Public-4008: Instance 'g_bram_profile.u_bram_profile/u_cpu/u_exu/u_csr/csr_mie[26]' of 'bmsWIDEDFFRSE' unit is dangling and will be cleaned.
W: Public-4008: Instance 'g_bram_profile.u_bram_profile/u_cpu/u_exu/u_csr/csr_mie[27]' of 'bmsWIDEDFFRSE' unit is dangling and will be cleaned.
W: Public-4008: Instance 'g_bram_profile.u_bram_profile/u_cpu/u_exu/u_csr/csr_mie[28]' of 'bmsWIDEDFFRSE' unit is dangling and will be cleaned.
W: Public-4008: Instance 'g_bram_profile.u_bram_profile/u_cpu/u_exu/u_csr/csr_mie[29]' of 'bmsWIDEDFFRSE' unit is dangling and will be cleaned.
W: Public-4008: Instance 'g_bram_profile.u_bram_profile/u_cpu/u_exu/u_csr/csr_mie[30]' of 'bmsWIDEDFFRSE' unit is dangling and will be cleaned.
W: Public-4008: Instance 'g_bram_profile.u_bram_profile/u_cpu/u_exu/u_csr/csr_mie[31]' of 'bmsWIDEDFFRSE' unit is dangling and will be cleaned.
W: Public-4008: Instance 'g_bram_profile.u_bram_profile/u_cpu/u_exu/u_csr/csr_mstatus[0]' of 'bmsWIDEDFFRSE' unit is dangling and will be cleaned.
W: Public-4008: Instance 'g_bram_profile.u_bram_profile/u_cpu/u_exu/u_csr/csr_mstatus[1]' of 'bmsWIDEDFFRSE' unit is dangling and will be cleaned.
W: Public-4008: Instance 'g_bram_profile.u_bram_profile/u_cpu/u_exu/u_csr/csr_mstatus[2]' of 'bmsWIDEDFFRSE' unit is dangling and will be cleaned.
W: Public-4008: Instance 'g_bram_profile.u_bram_profile/u_cpu/u_exu/u_csr/csr_mstatus[4]' of 'bmsWIDEDFFRSE' unit is dangling and will be cleaned.
W: Public-4008: Instance 'g_bram_profile.u_bram_profile/u_cpu/u_exu/u_csr/csr_mstatus[5]' of 'bmsWIDEDFFRSE' unit is dangling and will be cleaned.
W: Public-4008: Instance 'g_bram_profile.u_bram_profile/u_cpu/u_exu/u_csr/csr_mstatus[6]' of 'bmsWIDEDFFRSE' unit is dangling and will be cleaned.
W: Public-4008: Instance 'g_bram_profile.u_bram_profile/u_cpu/u_exu/u_csr/csr_mstatus[8]' of 'bmsWIDEDFFRSE' unit is dangling and will be cleaned.
W: Public-4008: Instance 'g_bram_profile.u_bram_profile/u_cpu/u_exu/u_csr/csr_mstatus[9]' of 'bmsWIDEDFFRSE' unit is dangling and will be cleaned.
W: Public-4008: Instance 'g_bram_profile.u_bram_profile/u_cpu/u_exu/u_csr/csr_mstatus[10]' of 'bmsWIDEDFFRSE' unit is dangling and will be cleaned.
W: Public-4008: Instance 'g_bram_profile.u_bram_profile/u_cpu/u_exu/u_csr/csr_mstatus[11]' of 'bmsWIDEDFFRSE' unit is dangling and will be cleaned.
W: Public-4008: Instance 'g_bram_profile.u_bram_profile/u_cpu/u_exu/u_csr/csr_mstatus[12]' of 'bmsWIDEDFFRSE' unit is dangling and will be cleaned.
W: Public-4008: Instance 'g_bram_profile.u_bram_profile/u_cpu/u_exu/u_csr/csr_mstatus[13]' of 'bmsWIDEDFFRSE' unit is dangling and will be cleaned.
W: Public-4008: Instance 'g_bram_profile.u_bram_profile/u_cpu/u_exu/u_csr/csr_mstatus[14]' of 'bmsWIDEDFFRSE' unit is dangling and will be cleaned.
W: Public-4008: Instance 'g_bram_profile.u_bram_profile/u_cpu/u_exu/u_csr/csr_mstatus[15]' of 'bmsWIDEDFFRSE' unit is dangling and will be cleaned.
W: Public-4008: Instance 'g_bram_profile.u_bram_profile/u_cpu/u_exu/u_csr/csr_mstatus[16]' of 'bmsWIDEDFFRSE' unit is dangling and will be cleaned.
W: Public-4008: Instance 'g_bram_profile.u_bram_profile/u_cpu/u_exu/u_csr/csr_mstatus[17]' of 'bmsWIDEDFFRSE' unit is dangling and will be cleaned.
W: Public-4008: Instance 'g_bram_profile.u_bram_profile/u_cpu/u_exu/u_csr/csr_mstatus[18]' of 'bmsWIDEDFFRSE' unit is dangling and will be cleaned.
W: Public-4008: Instance 'g_bram_profile.u_bram_profile/u_cpu/u_exu/u_csr/csr_mstatus[19]' of 'bmsWIDEDFFRSE' unit is dangling and will be cleaned.
W: Public-4008: Instance 'g_bram_profile.u_bram_profile/u_cpu/u_exu/u_csr/csr_mstatus[20]' of 'bmsWIDEDFFRSE' unit is dangling and will be cleaned.
W: Public-4008: Instance 'g_bram_profile.u_bram_profile/u_cpu/u_exu/u_csr/csr_mstatus[21]' of 'bmsWIDEDFFRSE' unit is dangling and will be cleaned.
W: Public-4008: Instance 'g_bram_profile.u_bram_profile/u_cpu/u_exu/u_csr/csr_mstatus[22]' of 'bmsWIDEDFFRSE' unit is dangling and will be cleaned.
W: Public-4008: Instance 'g_bram_profile.u_bram_profile/u_cpu/u_exu/u_csr/csr_mstatus[23]' of 'bmsWIDEDFFRSE' unit is dangling and will be cleaned.
W: Public-4008: Instance 'g_bram_profile.u_bram_profile/u_cpu/u_exu/u_csr/csr_mstatus[24]' of 'bmsWIDEDFFRSE' unit is dangling and will be cleaned.
W: Public-4008: Instance 'g_bram_profile.u_bram_profile/u_cpu/u_exu/u_csr/csr_mstatus[25]' of 'bmsWIDEDFFRSE' unit is dangling and will be cleaned.
W: Public-4008: Instance 'g_bram_profile.u_bram_profile/u_cpu/u_exu/u_csr/csr_mstatus[26]' of 'bmsWIDEDFFRSE' unit is dangling and will be cleaned.
W: Public-4008: Instance 'g_bram_profile.u_bram_profile/u_cpu/u_exu/u_csr/csr_mstatus[27]' of 'bmsWIDEDFFRSE' unit is dangling and will be cleaned.
W: Public-4008: Instance 'g_bram_profile.u_bram_profile/u_cpu/u_exu/u_csr/csr_mstatus[28]' of 'bmsWIDEDFFRSE' unit is dangling and will be cleaned.
W: Public-4008: Instance 'g_bram_profile.u_bram_profile/u_cpu/u_exu/u_csr/csr_mstatus[29]' of 'bmsWIDEDFFRSE' unit is dangling and will be cleaned.
W: Public-4008: Instance 'g_bram_profile.u_bram_profile/u_cpu/u_exu/u_csr/csr_mstatus[30]' of 'bmsWIDEDFFRSE' unit is dangling and will be cleaned.
W: Public-4008: Instance 'g_bram_profile.u_bram_profile/u_cpu/u_exu/u_csr/csr_mstatus[31]' of 'bmsWIDEDFFRSE' unit is dangling and will be cleaned.
W: Public-4008: Instance 'g_bram_profile.u_bram_profile/u_mem/read_pending_id[1]' of 'bmsWIDEDFFCPE' unit is dangling and will be cleaned.
W: Public-4008: Instance 'g_bram_profile.u_bram_profile/u_mem/read_pending_id[2]' of 'bmsWIDEDFFCPE' unit is dangling and will be cleaned.
W: Public-4008: Instance 'g_bram_profile.u_bram_profile/u_mem/read_pending_id[3]' of 'bmsWIDEDFFCPE' unit is dangling and will be cleaned.
W: Public-4008: Instance 'g_bram_profile.u_bram_profile/u_cpu/u_exu/u_div/count[5]' of 'bmsWIDEDFFRSE' unit is dangling and will be cleaned.
W: Public-4008: Instance 'g_bram_profile.u_bram_profile/u_cpu/u_exu/u_div/quotient_work[31]' of 'bmsWIDEDFFRSE' unit is dangling and will be cleaned.
W: Public-4008: Instance 'g_bram_profile.u_bram_profile/u_mem/aw_base_reg[0]' of 'bmsWIDEDFFCPE' unit is dangling and will be cleaned.
W: Public-4008: Instance 'g_bram_profile.u_bram_profile/u_mem/aw_base_reg[1]' of 'bmsWIDEDFFCPE' unit is dangling and will be cleaned.
W: Public-4008: Instance 'g_bram_profile.u_bram_profile/u_mem/ar_id_reg[1]' of 'bmsWIDEDFFCPE' unit is dangling and will be cleaned.
W: Public-4008: Instance 'g_bram_profile.u_bram_profile/u_mem/ar_id_reg[2]' of 'bmsWIDEDFFCPE' unit is dangling and will be cleaned.
W: Public-4008: Instance 'g_bram_profile.u_bram_profile/u_mem/ar_id_reg[3]' of 'bmsWIDEDFFCPE' unit is dangling and will be cleaned.
W: Public-4008: Instance 'g_bram_profile.u_bram_profile/u_cpu/gen_cpu_bram.u_bram_mem/prog_read_addr_q[0]' of 'bmsWIDEDFFRSE' unit is dangling and will be cleaned.
W: Public-4008: Instance 'g_bram_profile.u_bram_profile/u_cpu/gen_cpu_bram.u_bram_mem/prog_read_addr_q[1]' of 'bmsWIDEDFFRSE' unit is dangling and will be cleaned.
W: Public-4008: Instance 'g_bram_profile.u_bram_profile/u_cpu/gen_cpu_bram.u_bram_mem/prog_read_addr_q[15]' of 'bmsWIDEDFFRSE' unit is dangling and will be cleaned.
W: Public-4008: Instance 'g_bram_profile.u_bram_profile/u_cpu/gen_cpu_bram.u_bram_mem/prog_read_addr_q[16]' of 'bmsWIDEDFFRSE' unit is dangling and will be cleaned.
W: Public-4008: Instance 'g_bram_profile.u_bram_profile/u_cpu/gen_cpu_bram.u_bram_mem/prog_read_addr_q[17]' of 'bmsWIDEDFFRSE' unit is dangling and will be cleaned.
W: Public-4008: Instance 'g_bram_profile.u_bram_profile/u_cpu/gen_cpu_bram.u_bram_mem/prog_read_addr_q[18]' of 'bmsWIDEDFFRSE' unit is dangling and will be cleaned.
W: Public-4008: Instance 'g_bram_profile.u_bram_profile/u_cpu/gen_cpu_bram.u_bram_mem/prog_read_addr_q[19]' of 'bmsWIDEDFFRSE' unit is dangling and will be cleaned.
W: Public-4008: Instance 'g_bram_profile.u_bram_profile/u_cpu/gen_cpu_bram.u_bram_mem/prog_read_addr_q[20]' of 'bmsWIDEDFFRSE' unit is dangling and will be cleaned.
W: Public-4008: Instance 'g_bram_profile.u_bram_profile/u_cpu/gen_cpu_bram.u_bram_mem/prog_read_addr_q[21]' of 'bmsWIDEDFFRSE' unit is dangling and will be cleaned.
W: Public-4008: Instance 'g_bram_profile.u_bram_profile/u_cpu/gen_cpu_bram.u_bram_mem/prog_read_addr_q[22]' of 'bmsWIDEDFFRSE' unit is dangling and will be cleaned.
W: Public-4008: Instance 'g_bram_profile.u_bram_profile/u_cpu/gen_cpu_bram.u_bram_mem/prog_read_addr_q[23]' of 'bmsWIDEDFFRSE' unit is dangling and will be cleaned.
W: Public-4008: Instance 'g_bram_profile.u_bram_profile/u_cpu/gen_cpu_bram.u_bram_mem/prog_read_addr_q[24]' of 'bmsWIDEDFFRSE' unit is dangling and will be cleaned.
W: Public-4008: Instance 'g_bram_profile.u_bram_profile/u_cpu/gen_cpu_bram.u_bram_mem/prog_read_addr_q[25]' of 'bmsWIDEDFFRSE' unit is dangling and will be cleaned.
W: Public-4008: Instance 'g_bram_profile.u_bram_profile/u_cpu/gen_cpu_bram.u_bram_mem/prog_read_addr_q[26]' of 'bmsWIDEDFFRSE' unit is dangling and will be cleaned.
W: Public-4008: Instance 'g_bram_profile.u_bram_profile/u_cpu/gen_cpu_bram.u_bram_mem/prog_read_addr_q[27]' of 'bmsWIDEDFFRSE' unit is dangling and will be cleaned.
W: Public-4008: Instance 'g_bram_profile.u_bram_profile/u_cpu/gen_cpu_bram.u_bram_mem/prog_read_addr_q[28]' of 'bmsWIDEDFFRSE' unit is dangling and will be cleaned.
W: Public-4008: Instance 'g_bram_profile.u_bram_profile/u_cpu/gen_cpu_bram.u_bram_mem/prog_read_addr_q[29]' of 'bmsWIDEDFFRSE' unit is dangling and will be cleaned.
W: Public-4008: Instance 'g_bram_profile.u_bram_profile/u_cpu/gen_cpu_bram.u_bram_mem/prog_read_addr_q[30]' of 'bmsWIDEDFFRSE' unit is dangling and will be cleaned.
W: Public-4008: Instance 'g_bram_profile.u_bram_profile/u_cpu/gen_cpu_bram.u_bram_mem/prog_read_addr_q[31]' of 'bmsWIDEDFFRSE' unit is dangling and will be cleaned.
W: Public-4008: Instance 'g_bram_profile.u_bram_profile/u_cpu/u_axi_bridge/awaddr[0]' of 'bmsWIDEDFFRSE' unit is dangling and will be cleaned.
W: Public-4008: Instance 'g_bram_profile.u_bram_profile/u_cpu/u_axi_bridge/awaddr[1]' of 'bmsWIDEDFFRSE' unit is dangling and will be cleaned.
W: Public-4008: Instance 'g_bram_profile.u_bram_profile/u_cpu/u_axi_bridge/araddr[0]' of 'bmsWIDEDFFRSE' unit is dangling and will be cleaned.
W: Public-4008: Instance 'g_bram_profile.u_bram_profile/u_cpu/u_axi_bridge/araddr[1]' of 'bmsWIDEDFFRSE' unit is dangling and will be cleaned.
W: Public-4008: Instance 'g_bram_profile.u_bram_profile/u_jtag/u_jtag_driver/dm_resp_data[0]' of 'bmsWIDEDFFCPE' unit is dangling and will be cleaned.
W: Public-4008: Instance 'g_bram_profile.u_bram_profile/u_jtag/u_jtag_driver/dm_resp_data[1]' of 'bmsWIDEDFFCPE' unit is dangling and will be cleaned.
W: Public-4008: Instance 'g_bram_profile.u_bram_profile/u_uart0_tx/shift_reg[0]' of 'bmsWIDEDFFCPE' unit is dangling and will be cleaned.
W: Public-4008: Instance 'g_bram_profile.u_bram_profile/u_uart0_tx/shift_reg[9]' of 'bmsWIDEDFFCPE' unit is dangling and will be cleaned.
W: Public-4008: Instance 'g_bram_profile.u_bram_profile/u_mem/ar_base_reg[0]' of 'bmsWIDEDFFCPE' unit is dangling and will be cleaned.
W: Public-4008: Instance 'g_bram_profile.u_bram_profile/u_mem/ar_base_reg[1]' of 'bmsWIDEDFFCPE' unit is dangling and will be cleaned.
W: Public-4008: Instance 'g_bram_profile.u_bram_profile/u_jtag/u_jtag_dm/abstractcs_cmderr[1]' of 'bmsWIDEDFFCPE' unit is dangling and will be cleaned.
W: Public-4008: Instance 'g_bram_profile.u_bram_profile/u_jtag/u_jtag_dm/abstractcs_cmderr[2]' of 'bmsWIDEDFFCPE' unit is dangling and will be cleaned.
W: Public-4008: Instance 'g_bram_profile.u_bram_profile/u_jtag/u_jtag_dm/dcsr[0]' of 'bmsWIDEDFFCPE' unit is dangling and will be cleaned.
W: Public-4008: Instance 'g_bram_profile.u_bram_profile/u_jtag/u_jtag_dm/dcsr[1]' of 'bmsWIDEDFFCPE' unit is dangling and will be cleaned.
W: Public-4008: Instance 'g_bram_profile.u_bram_profile/u_jtag/u_jtag_dm/dcsr[2]' of 'bmsWIDEDFFCPE' unit is dangling and will be cleaned.
W: Public-4008: Instance 'g_bram_profile.u_bram_profile/u_jtag/u_jtag_dm/dcsr[3]' of 'bmsWIDEDFFCPE' unit is dangling and will be cleaned.
W: Public-4008: Instance 'g_bram_profile.u_bram_profile/u_jtag/u_jtag_dm/dcsr[4]' of 'bmsWIDEDFFCPE' unit is dangling and will be cleaned.
W: Public-4008: Instance 'g_bram_profile.u_bram_profile/u_jtag/u_jtag_dm/dcsr[5]' of 'bmsWIDEDFFCPE' unit is dangling and will be cleaned.
W: Public-4008: Instance 'g_bram_profile.u_bram_profile/u_jtag/u_jtag_dm/dcsr[7]' of 'bmsWIDEDFFCPE' unit is dangling and will be cleaned.
W: Public-4008: Instance 'g_bram_profile.u_bram_profile/u_jtag/u_jtag_dm/dcsr[8]' of 'bmsWIDEDFFCPE' unit is dangling and will be cleaned.
W: Public-4008: Instance 'g_bram_profile.u_bram_profile/u_jtag/u_jtag_dm/dcsr[9]' of 'bmsWIDEDFFCPE' unit is dangling and will be cleaned.
W: Public-4008: Instance 'g_bram_profile.u_bram_profile/u_jtag/u_jtag_dm/dcsr[10]' of 'bmsWIDEDFFCPE' unit is dangling and will be cleaned.
W: Public-4008: Instance 'g_bram_profile.u_bram_profile/u_jtag/u_jtag_dm/dcsr[11]' of 'bmsWIDEDFFCPE' unit is dangling and will be cleaned.
W: Public-4008: Instance 'g_bram_profile.u_bram_profile/u_jtag/u_jtag_dm/dcsr[12]' of 'bmsWIDEDFFCPE' unit is dangling and will be cleaned.
W: Public-4008: Instance 'g_bram_profile.u_bram_profile/u_jtag/u_jtag_dm/dcsr[13]' of 'bmsWIDEDFFCPE' unit is dangling and will be cleaned.
W: Public-4008: Instance 'g_bram_profile.u_bram_profile/u_jtag/u_jtag_dm/dcsr[14]' of 'bmsWIDEDFFCPE' unit is dangling and will be cleaned.
W: Public-4008: Instance 'g_bram_profile.u_bram_profile/u_jtag/u_jtag_dm/dcsr[15]' of 'bmsWIDEDFFCPE' unit is dangling and will be cleaned.
W: Public-4008: Instance 'g_bram_profile.u_bram_profile/u_jtag/u_jtag_dm/dcsr[16]' of 'bmsWIDEDFFCPE' unit is dangling and will be cleaned.
W: Public-4008: Instance 'g_bram_profile.u_bram_profile/u_jtag/u_jtag_dm/dcsr[17]' of 'bmsWIDEDFFCPE' unit is dangling and will be cleaned.
W: Public-4008: Instance 'g_bram_profile.u_bram_profile/u_jtag/u_jtag_dm/dcsr[18]' of 'bmsWIDEDFFCPE' unit is dangling and will be cleaned.
W: Public-4008: Instance 'g_bram_profile.u_bram_profile/u_jtag/u_jtag_dm/dcsr[19]' of 'bmsWIDEDFFCPE' unit is dangling and will be cleaned.
W: Public-4008: Instance 'g_bram_profile.u_bram_profile/u_jtag/u_jtag_dm/dcsr[20]' of 'bmsWIDEDFFCPE' unit is dangling and will be cleaned.
W: Public-4008: Instance 'g_bram_profile.u_bram_profile/u_jtag/u_jtag_dm/dcsr[21]' of 'bmsWIDEDFFCPE' unit is dangling and will be cleaned.
W: Public-4008: Instance 'g_bram_profile.u_bram_profile/u_jtag/u_jtag_dm/dcsr[22]' of 'bmsWIDEDFFCPE' unit is dangling and will be cleaned.
W: Public-4008: Instance 'g_bram_profile.u_bram_profile/u_jtag/u_jtag_dm/dcsr[23]' of 'bmsWIDEDFFCPE' unit is dangling and will be cleaned.
W: Public-4008: Instance 'g_bram_profile.u_bram_profile/u_jtag/u_jtag_dm/dcsr[24]' of 'bmsWIDEDFFCPE' unit is dangling and will be cleaned.
W: Public-4008: Instance 'g_bram_profile.u_bram_profile/u_jtag/u_jtag_dm/dcsr[25]' of 'bmsWIDEDFFCPE' unit is dangling and will be cleaned.
W: Public-4008: Instance 'g_bram_profile.u_bram_profile/u_jtag/u_jtag_dm/dcsr[26]' of 'bmsWIDEDFFCPE' unit is dangling and will be cleaned.
W: Public-4008: Instance 'g_bram_profile.u_bram_profile/u_jtag/u_jtag_dm/dcsr[27]' of 'bmsWIDEDFFCPE' unit is dangling and will be cleaned.
W: Public-4008: Instance 'g_bram_profile.u_bram_profile/u_jtag/u_jtag_dm/dcsr[28]' of 'bmsWIDEDFFCPE' unit is dangling and will be cleaned.
W: Public-4008: Instance 'g_bram_profile.u_bram_profile/u_jtag/u_jtag_dm/dcsr[29]' of 'bmsWIDEDFFCPE' unit is dangling and will be cleaned.
W: Public-4008: Instance 'g_bram_profile.u_bram_profile/u_jtag/u_jtag_dm/dcsr[30]' of 'bmsWIDEDFFCPE' unit is dangling and will be cleaned.
W: Public-4008: Instance 'g_bram_profile.u_bram_profile/u_jtag/u_jtag_dm/dcsr[31]' of 'bmsWIDEDFFCPE' unit is dangling and will be cleaned.
W: Public-4008: Instance 'g_bram_profile.u_bram_profile/u_jtag/u_jtag_dm/tx/req_data[0]' of 'bmsWIDEDFFCPE' unit is dangling and will be cleaned.
W: Public-4008: Instance 'g_bram_profile.u_bram_profile/u_jtag/u_jtag_dm/tx/req_data[1]' of 'bmsWIDEDFFCPE' unit is dangling and will be cleaned.
W: Public-4008: Instance 'g_bram_profile.u_bram_profile/u_flash_bram_boot/byte_count[2]' of 'bmsWIDEDFFCPE' unit is dangling and will be cleaned.
W: Public-4008: Instance 'g_bram_profile.u_bram_profile/u_flash_bram_boot/byte_count[3]' of 'bmsWIDEDFFCPE' unit is dangling and will be cleaned.
W: Public-4008: Instance 'g_bram_profile.u_bram_profile/u_flash_bram_boot/byte_count[4]' of 'bmsWIDEDFFCPE' unit is dangling and will be cleaned.
W: Public-4008: Instance 'g_bram_profile.u_bram_profile/u_flash_bram_boot/byte_count[5]' of 'bmsWIDEDFFCPE' unit is dangling and will be cleaned.
W: Public-4008: Instance 'g_bram_profile.u_bram_profile/u_flash_bram_boot/byte_count[6]' of 'bmsWIDEDFFCPE' unit is dangling and will be cleaned.
W: Public-4008: Instance 'g_bram_profile.u_bram_profile/u_flash_bram_boot/byte_count[7]' of 'bmsWIDEDFFCPE' unit is dangling and will be cleaned.
W: Public-4008: Instance 'g_bram_profile.u_bram_profile/u_flash_bram_boot/byte_count[8]' of 'bmsWIDEDFFCPE' unit is dangling and will be cleaned.
W: Public-4008: Instance 'g_bram_profile.u_bram_profile/u_flash_bram_boot/byte_count[9]' of 'bmsWIDEDFFCPE' unit is dangling and will be cleaned.
W: Public-4008: Instance 'g_bram_profile.u_bram_profile/u_flash_bram_boot/byte_count[10]' of 'bmsWIDEDFFCPE' unit is dangling and will be cleaned.
W: Public-4008: Instance 'g_bram_profile.u_bram_profile/u_flash_bram_boot/byte_count[11]' of 'bmsWIDEDFFCPE' unit is dangling and will be cleaned.
W: Public-4008: Instance 'g_bram_profile.u_bram_profile/u_flash_bram_boot/byte_count[12]' of 'bmsWIDEDFFCPE' unit is dangling and will be cleaned.
W: Public-4008: Instance 'g_bram_profile.u_bram_profile/u_flash_bram_boot/byte_count[13]' of 'bmsWIDEDFFCPE' unit is dangling and will be cleaned.
W: Public-4008: Instance 'g_bram_profile.u_bram_profile/u_flash_bram_boot/byte_count[14]' of 'bmsWIDEDFFCPE' unit is dangling and will be cleaned.
W: Public-4008: Instance 'g_bram_profile.u_bram_profile/u_flash_bram_boot/byte_count[15]' of 'bmsWIDEDFFCPE' unit is dangling and will be cleaned.
W: Public-4008: Instance 'g_bram_profile.u_bram_profile/u_flash_bram_boot/byte_count[16]' of 'bmsWIDEDFFCPE' unit is dangling and will be cleaned.
W: Public-4008: Instance 'g_bram_profile.u_bram_profile/u_flash_bram_boot/byte_count[17]' of 'bmsWIDEDFFCPE' unit is dangling and will be cleaned.
W: Public-4008: Instance 'g_bram_profile.u_bram_profile/u_flash_bram_boot/byte_count[18]' of 'bmsWIDEDFFCPE' unit is dangling and will be cleaned.
W: Public-4008: Instance 'g_bram_profile.u_bram_profile/u_flash_bram_boot/byte_count[19]' of 'bmsWIDEDFFCPE' unit is dangling and will be cleaned.
W: Public-4008: Instance 'g_bram_profile.u_bram_profile/u_flash_bram_boot/byte_count[20]' of 'bmsWIDEDFFCPE' unit is dangling and will be cleaned.
W: Public-4008: Instance 'g_bram_profile.u_bram_profile/u_flash_bram_boot/byte_count[21]' of 'bmsWIDEDFFCPE' unit is dangling and will be cleaned.
W: Public-4008: Instance 'g_bram_profile.u_bram_profile/u_flash_bram_boot/byte_count[22]' of 'bmsWIDEDFFCPE' unit is dangling and will be cleaned.
W: Public-4008: Instance 'g_bram_profile.u_bram_profile/u_flash_bram_boot/byte_count[23]' of 'bmsWIDEDFFCPE' unit is dangling and will be cleaned.
W: Public-4008: Instance 'g_bram_profile.u_bram_profile/u_flash_bram_boot/byte_count[24]' of 'bmsWIDEDFFCPE' unit is dangling and will be cleaned.
W: Public-4008: Instance 'g_bram_profile.u_bram_profile/u_flash_bram_boot/byte_count[25]' of 'bmsWIDEDFFCPE' unit is dangling and will be cleaned.
W: Public-4008: Instance 'g_bram_profile.u_bram_profile/u_flash_bram_boot/byte_count[26]' of 'bmsWIDEDFFCPE' unit is dangling and will be cleaned.
W: Public-4008: Instance 'g_bram_profile.u_bram_profile/u_flash_bram_boot/byte_count[27]' of 'bmsWIDEDFFCPE' unit is dangling and will be cleaned.
W: Public-4008: Instance 'g_bram_profile.u_bram_profile/u_flash_bram_boot/byte_count[28]' of 'bmsWIDEDFFCPE' unit is dangling and will be cleaned.
W: Public-4008: Instance 'g_bram_profile.u_bram_profile/u_flash_bram_boot/byte_count[29]' of 'bmsWIDEDFFCPE' unit is dangling and will be cleaned.
W: Public-4008: Instance 'g_bram_profile.u_bram_profile/u_flash_bram_boot/byte_count[30]' of 'bmsWIDEDFFCPE' unit is dangling and will be cleaned.
W: Public-4008: Instance 'g_bram_profile.u_bram_profile/u_flash_bram_boot/byte_count[31]' of 'bmsWIDEDFFCPE' unit is dangling and will be cleaned.
W: Public-4008: Instance 'g_bram_profile.u_bram_profile/u_flash_bram_boot/word_index[13]' of 'bmsWIDEDFFCPE' unit is dangling and will be cleaned.
W: Public-4008: Instance 'g_bram_profile.u_bram_profile/u_flash_bram_boot/word_index[14]' of 'bmsWIDEDFFCPE' unit is dangling and will be cleaned.
W: Public-4008: Instance 'g_bram_profile.u_bram_profile/u_flash_bram_boot/word_index[15]' of 'bmsWIDEDFFCPE' unit is dangling and will be cleaned.
W: Public-4008: Instance 'g_bram_profile.u_bram_profile/u_flash_bram_boot/word_index[16]' of 'bmsWIDEDFFCPE' unit is dangling and will be cleaned.
W: Public-4008: Instance 'g_bram_profile.u_bram_profile/u_flash_bram_boot/word_index[17]' of 'bmsWIDEDFFCPE' unit is dangling and will be cleaned.
W: Public-4008: Instance 'g_bram_profile.u_bram_profile/u_flash_bram_boot/word_index[18]' of 'bmsWIDEDFFCPE' unit is dangling and will be cleaned.
W: Public-4008: Instance 'g_bram_profile.u_bram_profile/u_flash_bram_boot/word_index[19]' of 'bmsWIDEDFFCPE' unit is dangling and will be cleaned.
W: Public-4008: Instance 'g_bram_profile.u_bram_profile/u_flash_bram_boot/word_index[20]' of 'bmsWIDEDFFCPE' unit is dangling and will be cleaned.
W: Public-4008: Instance 'g_bram_profile.u_bram_profile/u_flash_bram_boot/word_index[21]' of 'bmsWIDEDFFCPE' unit is dangling and will be cleaned.
W: Public-4008: Instance 'g_bram_profile.u_bram_profile/u_flash_bram_boot/word_index[22]' of 'bmsWIDEDFFCPE' unit is dangling and will be cleaned.
W: Public-4008: Instance 'g_bram_profile.u_bram_profile/u_flash_bram_boot/word_index[23]' of 'bmsWIDEDFFCPE' unit is dangling and will be cleaned.
W: Public-4008: Instance 'g_bram_profile.u_bram_profile/u_flash_bram_boot/word_index[24]' of 'bmsWIDEDFFCPE' unit is dangling and will be cleaned.
W: Public-4008: Instance 'g_bram_profile.u_bram_profile/u_flash_bram_boot/word_index[25]' of 'bmsWIDEDFFCPE' unit is dangling and will be cleaned.
W: Public-4008: Instance 'g_bram_profile.u_bram_profile/u_flash_bram_boot/word_index[26]' of 'bmsWIDEDFFCPE' unit is dangling and will be cleaned.
W: Public-4008: Instance 'g_bram_profile.u_bram_profile/u_flash_bram_boot/word_index[27]' of 'bmsWIDEDFFCPE' unit is dangling and will be cleaned.
W: Public-4008: Instance 'g_bram_profile.u_bram_profile/u_flash_bram_boot/word_index[28]' of 'bmsWIDEDFFCPE' unit is dangling and will be cleaned.
W: Public-4008: Instance 'g_bram_profile.u_bram_profile/u_flash_bram_boot/word_index[29]' of 'bmsWIDEDFFCPE' unit is dangling and will be cleaned.
W: Public-4008: Instance 'g_bram_profile.u_bram_profile/u_flash_bram_boot/word_index[30]' of 'bmsWIDEDFFCPE' unit is dangling and will be cleaned.
W: Public-4008: Instance 'g_bram_profile.u_bram_profile/u_flash_bram_boot/word_index[31]' of 'bmsWIDEDFFCPE' unit is dangling and will be cleaned.
W: Public-4008: Instance 'g_bram_profile.u_bram_profile/u_flash_bram_boot/u_flash_reader/tx_shift[0]' of 'bmsWIDEDFFCPE' unit is dangling and will be cleaned.
W: Public-4008: Instance 'g_bram_profile.u_bram_profile/u_flash_bram_boot/u_flash_reader/tx_shift[1]' of 'bmsWIDEDFFCPE' unit is dangling and will be cleaned.
W: Public-4008: Instance 'g_bram_profile.u_bram_profile/u_flash_bram_boot/u_flash_reader/tx_shift[2]' of 'bmsWIDEDFFCPE' unit is dangling and will be cleaned.
W: Public-4008: Instance 'g_bram_profile.u_bram_profile/u_flash_bram_boot/u_flash_reader/tx_shift[3]' of 'bmsWIDEDFFCPE' unit is dangling and will be cleaned.
W: Public-4008: Instance 'g_bram_profile.u_bram_profile/u_flash_bram_boot/u_flash_reader/tx_shift[4]' of 'bmsWIDEDFFCPE' unit is dangling and will be cleaned.
W: Public-4008: Instance 'g_bram_profile.u_bram_profile/u_flash_bram_boot/u_flash_reader/tx_shift[5]' of 'bmsWIDEDFFCPE' unit is dangling and will be cleaned.
W: Public-4008: Instance 'g_bram_profile.u_bram_profile/u_flash_bram_boot/u_flash_reader/tx_shift[6]' of 'bmsWIDEDFFCPE' unit is dangling and will be cleaned.
W: Public-4008: Instance 'g_bram_profile.u_bram_profile/u_flash_bram_boot/u_flash_reader/tx_shift[7]' of 'bmsWIDEDFFCPE' unit is dangling and will be cleaned.
W: Public-4008: Instance 'g_bram_profile.u_bram_profile/u_flash_bram_boot/u_flash_reader/tx_shift[8]' of 'bmsWIDEDFFCPE' unit is dangling and will be cleaned.
W: Public-4008: Instance 'g_bram_profile.u_bram_profile/u_flash_bram_boot/u_flash_reader/tx_shift[9]' of 'bmsWIDEDFFCPE' unit is dangling and will be cleaned.
W: Public-4008: Instance 'g_bram_profile.u_bram_profile/u_flash_bram_boot/u_flash_reader/tx_shift[10]' of 'bmsWIDEDFFCPE' unit is dangling and will be cleaned.
W: Public-4008: Instance 'g_bram_profile.u_bram_profile/u_flash_bram_boot/u_flash_reader/tx_shift[11]' of 'bmsWIDEDFFCPE' unit is dangling and will be cleaned.
W: Public-4008: Instance 'g_bram_profile.u_bram_profile/u_flash_bram_boot/u_flash_reader/tx_shift[12]' of 'bmsWIDEDFFCPE' unit is dangling and will be cleaned.
W: Public-4008: Instance 'g_bram_profile.u_bram_profile/u_flash_bram_boot/u_flash_reader/tx_shift[13]' of 'bmsWIDEDFFCPE' unit is dangling and will be cleaned.
W: Public-4008: Instance 'g_bram_profile.u_bram_profile/u_flash_bram_boot/u_flash_reader/tx_shift[14]' of 'bmsWIDEDFFCPE' unit is dangling and will be cleaned.
W: Public-4008: Instance 'g_bram_profile.u_bram_profile/u_flash_bram_boot/u_flash_reader/tx_shift[15]' of 'bmsWIDEDFFCPE' unit is dangling and will be cleaned.
W: Public-4008: Instance 'g_bram_profile.u_bram_profile/u_flash_bram_boot/u_flash_reader/tx_shift[16]' of 'bmsWIDEDFFCPE' unit is dangling and will be cleaned.
W: Public-4008: Instance 'g_bram_profile.u_bram_profile/u_flash_bram_boot/u_flash_reader/tx_shift[17]' of 'bmsWIDEDFFCPE' unit is dangling and will be cleaned.
W: Public-4008: Instance 'g_bram_profile.u_bram_profile/u_flash_bram_boot/u_flash_reader/tx_shift[18]' of 'bmsWIDEDFFCPE' unit is dangling and will be cleaned.
W: Public-4008: Instance 'g_bram_profile.u_bram_profile/u_flash_bram_boot/u_flash_reader/tx_shift[19]' of 'bmsWIDEDFFCPE' unit is dangling and will be cleaned.
W: Public-4008: Instance 'g_bram_profile.u_bram_profile/u_flash_bram_boot/u_flash_reader/tx_shift[20]' of 'bmsWIDEDFFCPE' unit is dangling and will be cleaned.
W: Public-4008: Instance 'g_bram_profile.u_bram_profile/u_flash_bram_boot/u_flash_reader/tx_shift[31]' of 'bmsWIDEDFFCPE' unit is dangling and will be cleaned.
I: Removed GTP_DFF_PE inst g_bram_profile.u_bram_profile/u_jtag/u_jtag_dm/dmstatus[11] that is redundant to g_bram_profile.u_bram_profile/u_jtag/u_jtag_dm/dmstatus[10]
I: Removed GTP_DFF_RE inst g_bram_profile.u_bram_profile/u_cpu/u_exu/ex_imm[0] that is redundant to g_bram_profile.u_bram_profile/u_cpu/u_exu/ex_csr_imm[0]
I: Removed GTP_DFF_RE inst g_bram_profile.u_bram_profile/u_cpu/u_exu/ex_imm[1] that is redundant to g_bram_profile.u_bram_profile/u_cpu/u_exu/ex_csr_imm[1]
I: Removed GTP_DFF_RE inst g_bram_profile.u_bram_profile/u_cpu/u_exu/ex_imm[2] that is redundant to g_bram_profile.u_bram_profile/u_cpu/u_exu/ex_csr_imm[2]
I: Removed GTP_DFF_RE inst g_bram_profile.u_bram_profile/u_cpu/u_exu/ex_imm[3] that is redundant to g_bram_profile.u_bram_profile/u_cpu/u_exu/ex_csr_imm[3]
I: Removed GTP_DFF_RE inst g_bram_profile.u_bram_profile/u_cpu/u_exu/ex_imm[4] that is redundant to g_bram_profile.u_bram_profile/u_cpu/u_exu/ex_csr_imm[4]
I: Removed GTP_DFF_CE inst g_bram_profile.u_bram_profile/u_jtag/u_jtag_dm/dmstatus[8] that is redundant to g_bram_profile.u_bram_profile/u_jtag/u_jtag_dm/dm_halt_req
I: Removed GTP_DFF_CE inst g_bram_profile.u_bram_profile/u_jtag/u_jtag_dm/dmstatus[9] that is redundant to g_bram_profile.u_bram_profile/u_jtag/u_jtag_dm/dm_halt_req
Executing : tech-mapping phase 1 successfully. Time elapsed: 0.622s wall, 0.109s user + 0.000s system = 0.109s CPU (17.6%)

Start tech-mapping phase 2.
Executing : tech-mapping phase 2 successfully. Time elapsed: 5.739s wall, 0.875s user + 0.016s system = 0.891s CPU (15.5%)

Start tech-optimization.
Executing : tech-optimization successfully. Time elapsed: 0.965s wall, 0.125s user + 0.000s system = 0.125s CPU (13.0%)

Start phys-optimization.
Executing : phys-optimization successfully. Time elapsed: 0.000s wall, 0.000s user + 0.000s system = 0.000s CPU (n/a%)

Start restore-hierarchy.
Executing : restore-hierarchy successfully. Time elapsed: 0.771s wall, 0.078s user + 0.000s system = 0.078s CPU (10.1%)

W: syn_maxfan of lutcarry N131_1_29 is more than 10000 on net N131[31], but wasn't replicated.
W: syn_maxfan of lutcarry N131_1_28 is more than 10000 on net N131[30], but wasn't replicated.
W: syn_maxfan of lutcarry N131_1_27 is more than 10000 on net N131[29], but wasn't replicated.
W: syn_maxfan of lutcarry N131_1_26 is more than 10000 on net N131[28], but wasn't replicated.
W: syn_maxfan of lutcarry N131_1_25 is more than 10000 on net N131[27], but wasn't replicated.
W: syn_maxfan of lutcarry N131_1_24 is more than 10000 on net N131[26], but wasn't replicated.
W: syn_maxfan of lutcarry N131_1_23 is more than 10000 on net N131[25], but wasn't replicated.
W: syn_maxfan of lutcarry N131_1_22 is more than 10000 on net N131[24], but wasn't replicated.
W: syn_maxfan of lutcarry N131_1_21 is more than 10000 on net N131[23], but wasn't replicated.
W: syn_maxfan of lutcarry N131_1_20 is more than 10000 on net N131[22], but wasn't replicated.
W: syn_maxfan of lutcarry N131_1_19 is more than 10000 on net N131[21], but wasn't replicated.
W: syn_maxfan of lutcarry N131_1_18 is more than 10000 on net N131[20], but wasn't replicated.
W: syn_maxfan of lutcarry N131_1_17 is more than 10000 on net N131[19], but wasn't replicated.
W: syn_maxfan of lutcarry N131_1_16 is more than 10000 on net N131[18], but wasn't replicated.
W: syn_maxfan of lutcarry N131_1_15 is more than 10000 on net N131[17], but wasn't replicated.
W: syn_maxfan of lutcarry N131_1_14 is more than 10000 on net N131[16], but wasn't replicated.
W: syn_maxfan of lutcarry N131_1_13 is more than 10000 on net N131[15], but wasn't replicated.
W: syn_maxfan of lutcarry N131_1_12 is more than 10000 on net N131[14], but wasn't replicated.
W: syn_maxfan of lutcarry N131_1_11 is more than 10000 on net N131[13], but wasn't replicated.
W: syn_maxfan of lutcarry N131_1_10 is more than 10000 on net N131[12], but wasn't replicated.
W: syn_maxfan of lutcarry N131_1_9 is more than 10000 on net N131[11], but wasn't replicated.
W: syn_maxfan of lutcarry N131_1_8 is more than 10000 on net N131[10], but wasn't replicated.
W: syn_maxfan of lutcarry N131_1_7 is more than 10000 on net N131[9], but wasn't replicated.
W: syn_maxfan of lutcarry N131_1_6 is more than 10000 on net N131[8], but wasn't replicated.
W: syn_maxfan of lutcarry N131_1_5 is more than 10000 on net N131[7], but wasn't replicated.
W: syn_maxfan of lutcarry N131_1_4 is more than 10000 on net N131[6], but wasn't replicated.
W: syn_maxfan of lutcarry N131_1_3 is more than 10000 on net N131[5], but wasn't replicated.
W: syn_maxfan of lutcarry N131_1_2 is more than 10000 on net N131[4], but wasn't replicated.
W: syn_maxfan of lutcarry N131_1_1 is more than 10000 on net N131[3], but wasn't replicated.
W: syn_maxfan of lutcarry N131_1_29 is more than 10000 on net N131[31], but wasn't replicated.
W: syn_maxfan of lutcarry N131_1_28 is more than 10000 on net N131[30], but wasn't replicated.
W: syn_maxfan of lutcarry N131_1_27 is more than 10000 on net N131[29], but wasn't replicated.
W: syn_maxfan of lutcarry N131_1_26 is more than 10000 on net N131[28], but wasn't replicated.
W: syn_maxfan of lutcarry N131_1_25 is more than 10000 on net N131[27], but wasn't replicated.
W: syn_maxfan of lutcarry N131_1_24 is more than 10000 on net N131[26], but wasn't replicated.
W: syn_maxfan of lutcarry N131_1_23 is more than 10000 on net N131[25], but wasn't replicated.
W: syn_maxfan of lutcarry N131_1_22 is more than 10000 on net N131[24], but wasn't replicated.
W: syn_maxfan of lutcarry N131_1_21 is more than 10000 on net N131[23], but wasn't replicated.
W: syn_maxfan of lutcarry N131_1_20 is more than 10000 on net N131[22], but wasn't replicated.
W: syn_maxfan of lutcarry N131_1_19 is more than 10000 on net N131[21], but wasn't replicated.
W: syn_maxfan of lutcarry N131_1_18 is more than 10000 on net N131[20], but wasn't replicated.
W: syn_maxfan of lutcarry N131_1_17 is more than 10000 on net N131[19], but wasn't replicated.
W: syn_maxfan of lutcarry N131_1_16 is more than 10000 on net N131[18], but wasn't replicated.
W: syn_maxfan of lutcarry N131_1_15 is more than 10000 on net N131[17], but wasn't replicated.
W: syn_maxfan of lutcarry N131_1_14 is more than 10000 on net N131[16], but wasn't replicated.
W: syn_maxfan of lutcarry N131_1_13 is more than 10000 on net N131[15], but wasn't replicated.
W: syn_maxfan of lutcarry N131_1_12 is more than 10000 on net N131[14], but wasn't replicated.
W: syn_maxfan of lutcarry N131_1_11 is more than 10000 on net N131[13], but wasn't replicated.
W: syn_maxfan of lutcarry N131_1_10 is more than 10000 on net N131[12], but wasn't replicated.
W: syn_maxfan of lutcarry N131_1_9 is more than 10000 on net N131[11], but wasn't replicated.
W: syn_maxfan of lutcarry N131_1_8 is more than 10000 on net N131[10], but wasn't replicated.
W: syn_maxfan of lutcarry N131_1_7 is more than 10000 on net N131[9], but wasn't replicated.
W: syn_maxfan of lutcarry N131_1_6 is more than 10000 on net N131[8], but wasn't replicated.
W: syn_maxfan of lutcarry N131_1_5 is more than 10000 on net N131[7], but wasn't replicated.
W: syn_maxfan of lutcarry N131_1_4 is more than 10000 on net N131[6], but wasn't replicated.
W: syn_maxfan of lutcarry N131_1_3 is more than 10000 on net N131[5], but wasn't replicated.
W: syn_maxfan of lutcarry N131_1_2 is more than 10000 on net N131[4], but wasn't replicated.
W: syn_maxfan of lutcarry N131_1_1 is more than 10000 on net N131[3], but wasn't replicated.
W: prevent name conflict by renaming net g_bram_profile.u_bram_profile/u_fpioa/fpioa_oe[4]_inv to g_bram_profile.u_bram_profile/u_fpioa/fpioa_oe[4]_inv_rnmt
W: prevent name conflict by renaming net g_bram_profile.u_bram_profile/u_fpioa/fpioa_oe[3]_inv to g_bram_profile.u_bram_profile/u_fpioa/fpioa_oe[3]_inv_rnmt
W: prevent name conflict by renaming net g_bram_profile.u_bram_profile/u_fpioa/fpioa_oe[2]_inv to g_bram_profile.u_bram_profile/u_fpioa/fpioa_oe[2]_inv_rnmt
W: prevent name conflict by renaming net g_bram_profile.u_bram_profile/u_fpioa/fpioa_oe[1]_inv to g_bram_profile.u_bram_profile/u_fpioa/fpioa_oe[1]_inv_rnmt
W: prevent name conflict by renaming net g_bram_profile.u_bram_profile/u_fpioa/fpioa_oe[0]_inv to g_bram_profile.u_bram_profile/u_fpioa/fpioa_oe[0]_inv_rnmt
W: prevent name conflict by renaming net g_bram_profile.u_bram_profile/u_fpioa/fpioa_oe[5]_inv to g_bram_profile.u_bram_profile/u_fpioa/fpioa_oe[5]_inv_rnmt
W: prevent name conflict by renaming net g_bram_profile.u_bram_profile/u_fpioa/fpioa_oe[6]_inv to g_bram_profile.u_bram_profile/u_fpioa/fpioa_oe[6]_inv_rnmt
W: prevent name conflict by renaming net g_bram_profile.u_bram_profile/u_fpioa/fpioa_oe[7]_inv to g_bram_profile.u_bram_profile/u_fpioa/fpioa_oe[7]_inv_rnmt
W: prevent name conflict by renaming net g_bram_profile.u_bram_profile/u_fpioa/fpioa_oe[8]_inv to g_bram_profile.u_bram_profile/u_fpioa/fpioa_oe[8]_inv_rnmt
W: prevent name conflict by renaming net g_bram_profile.u_bram_profile/u_fpioa/fpioa_oe[9]_inv to g_bram_profile.u_bram_profile/u_fpioa/fpioa_oe[9]_inv_rnmt
W: prevent name conflict by renaming net g_bram_profile.u_bram_profile/u_fpioa/fpioa_oe[10]_inv to g_bram_profile.u_bram_profile/u_fpioa/fpioa_oe[10]_inv_rnmt
W: prevent name conflict by renaming net g_bram_profile.u_bram_profile/u_fpioa/fpioa_oe[11]_inv to g_bram_profile.u_bram_profile/u_fpioa/fpioa_oe[11]_inv_rnmt
W: prevent name conflict by renaming net g_bram_profile.u_bram_profile/u_fpioa/fpioa_oe[12]_inv to g_bram_profile.u_bram_profile/u_fpioa/fpioa_oe[12]_inv_rnmt
W: prevent name conflict by renaming net g_bram_profile.u_bram_profile/u_fpioa/fpioa_oe[13]_inv to g_bram_profile.u_bram_profile/u_fpioa/fpioa_oe[13]_inv_rnmt
W: prevent name conflict by renaming net g_bram_profile.u_bram_profile/u_fpioa/fpioa_oe[14]_inv to g_bram_profile.u_bram_profile/u_fpioa/fpioa_oe[14]_inv_rnmt
W: prevent name conflict by renaming net g_bram_profile.u_bram_profile/u_fpioa/fpioa_oe[15]_inv to g_bram_profile.u_bram_profile/u_fpioa/fpioa_oe[15]_inv_rnmt
W: prevent name conflict by renaming net g_bram_profile.u_bram_profile/u_fpioa/fpioa_oe[16]_inv to g_bram_profile.u_bram_profile/u_fpioa/fpioa_oe[16]_inv_rnmt
W: prevent name conflict by renaming net g_bram_profile.u_bram_profile/u_fpioa/fpioa_oe[17]_inv to g_bram_profile.u_bram_profile/u_fpioa/fpioa_oe[17]_inv_rnmt
W: prevent name conflict by renaming net g_bram_profile.u_bram_profile/u_fpioa/fpioa_oe[19]_inv to g_bram_profile.u_bram_profile/u_fpioa/fpioa_oe[19]_inv_rnmt
W: prevent name conflict by renaming net g_bram_profile.u_bram_profile/u_fpioa/fpioa_oe[20]_inv to g_bram_profile.u_bram_profile/u_fpioa/fpioa_oe[20]_inv_rnmt
W: prevent name conflict by renaming net g_bram_profile.u_bram_profile/u_fpioa/fpioa_oe[21]_inv to g_bram_profile.u_bram_profile/u_fpioa/fpioa_oe[21]_inv_rnmt
W: prevent name conflict by renaming net g_bram_profile.u_bram_profile/u_fpioa/fpioa_oe[22]_inv to g_bram_profile.u_bram_profile/u_fpioa/fpioa_oe[22]_inv_rnmt
W: prevent name conflict by renaming net g_bram_profile.u_bram_profile/u_fpioa/fpioa_oe[23]_inv to g_bram_profile.u_bram_profile/u_fpioa/fpioa_oe[23]_inv_rnmt
W: prevent name conflict by renaming net g_bram_profile.u_bram_profile/u_fpioa/fpioa_oe[24]_inv to g_bram_profile.u_bram_profile/u_fpioa/fpioa_oe[24]_inv_rnmt
W: prevent name conflict by renaming net g_bram_profile.u_bram_profile/u_fpioa/fpioa_oe[25]_inv to g_bram_profile.u_bram_profile/u_fpioa/fpioa_oe[25]_inv_rnmt
W: prevent name conflict by renaming net g_bram_profile.u_bram_profile/u_fpioa/fpioa_oe[26]_inv to g_bram_profile.u_bram_profile/u_fpioa/fpioa_oe[26]_inv_rnmt
W: prevent name conflict by renaming net g_bram_profile.u_bram_profile/u_fpioa/fpioa_oe[27]_inv to g_bram_profile.u_bram_profile/u_fpioa/fpioa_oe[27]_inv_rnmt
W: prevent name conflict by renaming net g_bram_profile.u_bram_profile/u_fpioa/fpioa_oe[30]_inv to g_bram_profile.u_bram_profile/u_fpioa/fpioa_oe[30]_inv_rnmt
W: prevent name conflict by renaming net g_bram_profile.u_bram_profile/u_fpioa/fpioa_oe[31]_inv to g_bram_profile.u_bram_profile/u_fpioa/fpioa_oe[31]_inv_rnmt

Cell Usage:
GTP_APM_E2                    4 uses
GTP_CFGCLK                    1 use
GTP_DFF                       7 uses
GTP_DFF_C                    54 uses
GTP_DFF_CE                  989 uses
GTP_DFF_E                   181 uses
GTP_DFF_P                     7 uses
GTP_DFF_PE                   47 uses
GTP_DFF_R                    20 uses
GTP_DFF_RE                 3085 uses
GTP_DFF_S                     1 use
GTP_DFF_SE                  149 uses
GTP_DRM36K_E1                20 uses
GTP_GPLL                      1 use
GTP_GRS                       1 use
GTP_INV                       2 uses
GTP_LUT1                      4 uses
GTP_LUT2                     37 uses
GTP_LUT3                    183 uses
GTP_LUT4                    192 uses
GTP_LUT5                    742 uses
GTP_LUT6                   1783 uses
GTP_LUT6CARRY              1024 uses
GTP_LUT6D                   534 uses
GTP_MUX2LUT7                506 uses
GTP_MUX2LUT8                213 uses

I/O ports: 122
GTP_INBUF                   6 uses
GTP_IOBUF                  32 uses
GTP_OUTBUF                 40 uses
GTP_OUTBUFT                44 uses

Mapping Summary:
Total LUTs: 4499 of 159800 (2.82%)
	LUTs as dram: 0 of 39500 (0.00%)
	LUTs as logic: 4499
Total Registers: 4540 of 319600 (1.42%)
Total Latches: 0

DRM36K/FIFO:
Total DRM = 20.0 of 415 (4.82%)

APMs:
Total APMs = 4.00 of 740 (0.54%)

Total I/O ports = 122 of 400 (30.50%)


Overview of Control Sets:

Number of unique control sets : 185

Histogram:
**************************************************************
  Fanout      | Count    | Sync Set/Reset    Async Set/Reset
--------------------------------------------------------------
  [0, 2)      | 3        | 1                 2
  [2, 4)      | 26       | 20                6
  [4, 6)      | 27       | 7                 20
  [6, 8)      | 3        | 1                 2
  [8, 10)     | 11       | 0                 11
  [10, 12)    | 9        | 0                 9
  [12, 14)    | 3        | 2                 1
  [14, 16)    | 0        | 0                 0
  [16, Inf)   | 103      | 79                24
--------------------------------------------------------------
  The maximum fanout: 179
==============================================================

Flip-Flop Distribution:
************************************************************************
  Clock Enable    Sync Set/Reset    Async Set/Reset    Total Registers
------------------------------------------------------------------------
  NO              NO                NO                 7
  NO              NO                YES                61
  NO              YES               NO                 21
  YES             NO                NO                 181
  YES             NO                YES                1036
  YES             YES               NO                 3234
========================================================================

Latch Distribution:
************************************************
  Gate Enable    Preset/Clear    Total Latches
************************************************
  NO             NO              0
  NO             YES             0
  YES            NO              0
  YES            YES             0
************************************************

Design 'Hfpga_soc' has been successfully synthesized to architecture-specific objects.
Saving design to DB.
I: Adm-6003: Trying to disconnect un-connected pin 'Z[0]' of instance 'ND0[0]'.
I: Adm-6003: Trying to disconnect un-connected pin 'Z[0]' of instance 'ND0[1]'.
I: Adm-6003: Trying to disconnect un-connected pin 'Z[0]' of instance 'ND0[2]'.
I: Adm-6003: Trying to disconnect un-connected pin 'Z[0]' of instance 'ND0[3]'.
I: Adm-6003: Trying to disconnect un-connected pin 'Z[0]' of instance 'ND0[4]'.
I: Adm-6003: Trying to disconnect un-connected pin 'Z[0]' of instance 'ND0[5]'.
I: Adm-6003: Trying to disconnect un-connected pin 'Z[0]' of instance 'ND0[6]'.
I: Adm-6003: Trying to disconnect un-connected pin 'Z[0]' of instance 'ND0[7]'.
I: Adm-6003: Trying to disconnect un-connected pin 'Z[0]' of instance 'ND0[8]'.
I: Adm-6003: Trying to disconnect un-connected pin 'Z[0]' of instance 'ND0[9]'.
I: Adm-6003: Trying to disconnect un-connected pin 'Z[0]' of instance 'ND0[10]'.
I: Adm-6003: Trying to disconnect un-connected pin 'Z[0]' of instance 'ND0[11]'.
I: Adm-6003: Trying to disconnect un-connected pin 'Z[0]' of instance 'ND0[12]'.
I: Adm-6003: Trying to disconnect un-connected pin 'Z[0]' of instance 'ND0[13]'.
I: Adm-6003: Trying to disconnect un-connected pin 'Z[0]' of instance 'ND0[14]'.
I: Adm-6003: Trying to disconnect un-connected pin 'Z[0]' of instance 'ND0[15]'.
I: Adm-6003: Trying to disconnect un-connected pin 'Z[0]' of instance 'ND0[16]'.
I: Adm-6003: Trying to disconnect un-connected pin 'Z[0]' of instance 'ND0[17]'.
I: Adm-6003: Trying to disconnect un-connected pin 'Z[0]' of instance 'ND0[18]'.
I: Adm-6003: Trying to disconnect un-connected pin 'Z[0]' of instance 'ND0[19]'.
I: Adm-6003: Trying to disconnect un-connected pin 'Z[0]' of instance 'ND0[20]'.
I: Adm-6003: Trying to disconnect un-connected pin 'Z[0]' of instance 'ND0[21]'.
I: Adm-6003: Trying to disconnect un-connected pin 'Z[0]' of instance 'ND0[22]'.
I: Adm-6003: Trying to disconnect un-connected pin 'Z[0]' of instance 'ND0[23]'.
I: Adm-6003: Trying to disconnect un-connected pin 'Z[0]' of instance 'ND0[24]'.
I: Adm-6003: Trying to disconnect un-connected pin 'Z[0]' of instance 'ND0[25]'.
I: Adm-6003: Trying to disconnect un-connected pin 'Z[0]' of instance 'ND0[26]'.
I: Adm-6003: Trying to disconnect un-connected pin 'Z[0]' of instance 'ND0[27]'.
I: Adm-6003: Trying to disconnect un-connected pin 'Z[0]' of instance 'ND0[28]'.
I: Adm-6003: Trying to disconnect un-connected pin 'Z[0]' of instance 'ND0[29]'.
I: Adm-6003: Trying to disconnect un-connected pin 'Z[0]' of instance 'ND0[30]'.
I: Adm-6003: Trying to disconnect un-connected pin 'Z[0]' of instance 'ND0[31]'.
I: Adm-6003: Trying to disconnect un-connected pin 'Z[0]' of instance 'ND1[0]'.
I: Adm-6003: Trying to disconnect un-connected pin 'Z[0]' of instance 'ND1[1]'.
I: Adm-6003: Trying to disconnect un-connected pin 'Z[0]' of instance 'ND1[2]'.
I: Adm-6003: Trying to disconnect un-connected pin 'Z[0]' of instance 'ND1[3]'.
I: Adm-6003: Trying to disconnect un-connected pin 'Z[0]' of instance 'ND1[4]'.
I: Adm-6003: Trying to disconnect un-connected pin 'Z[0]' of instance 'ND1[5]'.
I: Adm-6003: Trying to disconnect un-connected pin 'Z[0]' of instance 'ND1[6]'.
I: Adm-6003: Trying to disconnect un-connected pin 'Z[0]' of instance 'ND1[7]'.
I: Adm-6003: Trying to disconnect un-connected pin 'Z[0]' of instance 'ND1[8]'.
I: Adm-6003: Trying to disconnect un-connected pin 'Z[0]' of instance 'ND1[9]'.
I: Adm-6003: Trying to disconnect un-connected pin 'Z[0]' of instance 'ND1[10]'.
I: Adm-6003: Trying to disconnect un-connected pin 'Z[0]' of instance 'ND1[11]'.
I: Adm-6003: Trying to disconnect un-connected pin 'Z[0]' of instance 'ND1[12]'.
I: Adm-6003: Trying to disconnect un-connected pin 'Z[0]' of instance 'ND1[13]'.
I: Adm-6003: Trying to disconnect un-connected pin 'Z[0]' of instance 'ND1[14]'.
I: Adm-6003: Trying to disconnect un-connected pin 'Z[0]' of instance 'ND1[15]'.
I: Adm-6003: Trying to disconnect un-connected pin 'Z[0]' of instance 'ND1[16]'.
I: Adm-6003: Trying to disconnect un-connected pin 'Z[0]' of instance 'ND1[17]'.
I: Adm-6003: Trying to disconnect un-connected pin 'Z[0]' of instance 'ND1[18]'.
I: Adm-6003: Trying to disconnect un-connected pin 'Z[0]' of instance 'ND1[19]'.
I: Adm-6003: Trying to disconnect un-connected pin 'Z[0]' of instance 'ND1[20]'.
I: Adm-6003: Trying to disconnect un-connected pin 'Z[0]' of instance 'ND1[21]'.
I: Adm-6003: Trying to disconnect un-connected pin 'Z[0]' of instance 'ND1[22]'.
I: Adm-6003: Trying to disconnect un-connected pin 'Z[0]' of instance 'ND1[23]'.
I: Adm-6003: Trying to disconnect un-connected pin 'Z[0]' of instance 'ND1[24]'.
I: Adm-6003: Trying to disconnect un-connected pin 'Z[0]' of instance 'ND1[25]'.
I: Adm-6003: Trying to disconnect un-connected pin 'Z[0]' of instance 'ND1[26]'.
I: Adm-6003: Trying to disconnect un-connected pin 'Z[0]' of instance 'ND1[27]'.
I: Adm-6003: Trying to disconnect un-connected pin 'Z[0]' of instance 'ND1[28]'.
I: Adm-6003: Trying to disconnect un-connected pin 'Z[0]' of instance 'ND1[29]'.
I: Adm-6003: Trying to disconnect un-connected pin 'Z[0]' of instance 'ND1[30]'.
I: Adm-6003: Trying to disconnect un-connected pin 'Z[0]' of instance 'ND1[31]'.
I: Adm-6003: Trying to disconnect un-connected pin 'Z[0]' of instance 'ND2[0]'.
I: Adm-6003: Trying to disconnect un-connected pin 'Z[0]' of instance 'ND2[1]'.
I: Adm-6003: Trying to disconnect un-connected pin 'Z[0]' of instance 'ND2[2]'.
I: Adm-6003: Trying to disconnect un-connected pin 'Z[0]' of instance 'ND2[3]'.
I: Adm-6003: Trying to disconnect un-connected pin 'Z[0]' of instance 'ND2[4]'.
I: Adm-6003: Trying to disconnect un-connected pin 'Z[0]' of instance 'ND2[5]'.
I: Adm-6003: Trying to disconnect un-connected pin 'Z[0]' of instance 'ND2[6]'.
I: Adm-6003: Trying to disconnect un-connected pin 'Z[0]' of instance 'ND2[7]'.
I: Adm-6003: Trying to disconnect un-connected pin 'Z[0]' of instance 'ND2[8]'.
I: Adm-6003: Trying to disconnect un-connected pin 'Z[0]' of instance 'ND2[9]'.
I: Adm-6003: Trying to disconnect un-connected pin 'Z[0]' of instance 'ND2[10]'.
I: Adm-6003: Trying to disconnect un-connected pin 'Z[0]' of instance 'ND2[11]'.
I: Adm-6003: Trying to disconnect un-connected pin 'Z[0]' of instance 'ND2[12]'.
I: Adm-6003: Trying to disconnect un-connected pin 'Z[0]' of instance 'ND2[13]'.
I: Adm-6003: Trying to disconnect un-connected pin 'Z[0]' of instance 'ND2[14]'.
I: Adm-6003: Trying to disconnect un-connected pin 'Z[0]' of instance 'ND2[15]'.
I: Adm-6003: Trying to disconnect un-connected pin 'Z[0]' of instance 'ND2[16]'.
I: Adm-6003: Trying to disconnect un-connected pin 'Z[0]' of instance 'ND2[17]'.
I: Adm-6003: Trying to disconnect un-connected pin 'Z[0]' of instance 'ND2[18]'.
I: Adm-6003: Trying to disconnect un-connected pin 'Z[0]' of instance 'ND2[19]'.
I: Adm-6003: Trying to disconnect un-connected pin 'Z[0]' of instance 'ND2[20]'.
I: Adm-6003: Trying to disconnect un-connected pin 'Z[0]' of instance 'ND2[21]'.
I: Adm-6003: Trying to disconnect un-connected pin 'Z[0]' of instance 'ND2[22]'.
I: Adm-6003: Trying to disconnect un-connected pin 'Z[0]' of instance 'ND2[23]'.
I: Adm-6003: Trying to disconnect un-connected pin 'Z[0]' of instance 'ND2[24]'.
I: Adm-6003: Trying to disconnect un-connected pin 'Z[0]' of instance 'ND2[25]'.
I: Adm-6003: Trying to disconnect un-connected pin 'Z[0]' of instance 'ND2[26]'.
I: Adm-6003: Trying to disconnect un-connected pin 'Z[0]' of instance 'ND2[27]'.
I: Adm-6003: Trying to disconnect un-connected pin 'Z[0]' of instance 'ND2[28]'.
I: Adm-6003: Trying to disconnect un-connected pin 'Z[0]' of instance 'ND2[29]'.
I: Adm-6003: Trying to disconnect un-connected pin 'Z[0]' of instance 'ND2[30]'.
I: Adm-6003: Trying to disconnect un-connected pin 'Z[0]' of instance 'ND2[31]'.
I: Adm-6003: Trying to disconnect un-connected pin 'Z[0]' of instance 'ND3[0]'.
I: Adm-6003: Trying to disconnect un-connected pin 'Z[0]' of instance 'ND3[1]'.
I: Adm-6003: Trying to disconnect un-connected pin 'Z[0]' of instance 'ND3[2]'.
I: Adm-6003: Trying to disconnect un-connected pin 'Z[0]' of instance 'ND3[3]'.
I: Adm-6003: Trying to disconnect un-connected pin 'Z[0]' of instance 'ND3[4]'.
I: Adm-6003: Trying to disconnect un-connected pin 'Z[0]' of instance 'ND3[5]'.
I: Adm-6003: Trying to disconnect un-connected pin 'Z[0]' of instance 'ND3[6]'.
I: Adm-6003: Trying to disconnect un-connected pin 'Z[0]' of instance 'ND3[7]'.
I: Adm-6003: Trying to disconnect un-connected pin 'Z[0]' of instance 'ND3[8]'.
I: Adm-6003: Trying to disconnect un-connected pin 'Z[0]' of instance 'ND3[9]'.
I: Adm-6003: Trying to disconnect un-connected pin 'Z[0]' of instance 'ND3[10]'.
I: Adm-6003: Trying to disconnect un-connected pin 'Z[0]' of instance 'ND3[11]'.
I: Adm-6003: Trying to disconnect un-connected pin 'Z[0]' of instance 'ND3[12]'.
I: Adm-6003: Trying to disconnect un-connected pin 'Z[0]' of instance 'ND3[13]'.
I: Adm-6003: Trying to disconnect un-connected pin 'Z[0]' of instance 'ND3[14]'.
I: Adm-6003: Trying to disconnect un-connected pin 'Z[0]' of instance 'ND3[15]'.
I: Adm-6003: Trying to disconnect un-connected pin 'Z[0]' of instance 'ND3[16]'.
I: Adm-6003: Trying to disconnect un-connected pin 'Z[0]' of instance 'ND3[17]'.
I: Adm-6003: Trying to disconnect un-connected pin 'Z[0]' of instance 'ND3[18]'.
I: Adm-6003: Trying to disconnect un-connected pin 'Z[0]' of instance 'ND3[19]'.
I: Adm-6003: Trying to disconnect un-connected pin 'Z[0]' of instance 'ND3[20]'.
I: Adm-6003: Trying to disconnect un-connected pin 'Z[0]' of instance 'ND3[21]'.
I: Adm-6003: Trying to disconnect un-connected pin 'Z[0]' of instance 'ND3[22]'.
I: Adm-6003: Trying to disconnect un-connected pin 'Z[0]' of instance 'ND3[23]'.
I: Adm-6003: Trying to disconnect un-connected pin 'Z[0]' of instance 'ND3[24]'.
I: Adm-6003: Trying to disconnect un-connected pin 'Z[0]' of instance 'ND3[25]'.
I: Adm-6003: Trying to disconnect un-connected pin 'Z[0]' of instance 'ND3[26]'.
I: Adm-6003: Trying to disconnect un-connected pin 'Z[0]' of instance 'ND3[27]'.
I: Adm-6003: Trying to disconnect un-connected pin 'Z[0]' of instance 'ND3[28]'.
I: Adm-6003: Trying to disconnect un-connected pin 'Z[0]' of instance 'ND3[29]'.
I: Adm-6003: Trying to disconnect un-connected pin 'Z[0]' of instance 'ND3[30]'.
I: Adm-6003: Trying to disconnect un-connected pin 'Z[0]' of instance 'ND3[31]'.
I: Adm-6003: Trying to disconnect un-connected pin 'Z[0]' of instance 'ND4[0]'.
I: Adm-6003: Trying to disconnect un-connected pin 'Z[0]' of instance 'ND4[1]'.
I: Adm-6003: Trying to disconnect un-connected pin 'Z[0]' of instance 'ND4[2]'.
I: Adm-6003: Trying to disconnect un-connected pin 'Z[0]' of instance 'ND4[3]'.
I: Adm-6003: Trying to disconnect un-connected pin 'Z[0]' of instance 'ND4[4]'.
I: Adm-6003: Trying to disconnect un-connected pin 'Z[0]' of instance 'ND4[5]'.
I: Adm-6003: Trying to disconnect un-connected pin 'Z[0]' of instance 'ND4[6]'.
I: Adm-6003: Trying to disconnect un-connected pin 'Z[0]' of instance 'ND4[7]'.
I: Adm-6003: Trying to disconnect un-connected pin 'Z[0]' of instance 'ND4[8]'.
I: Adm-6003: Trying to disconnect un-connected pin 'Z[0]' of instance 'ND4[9]'.
I: Adm-6003: Trying to disconnect un-connected pin 'Z[0]' of instance 'ND4[10]'.
I: Adm-6003: Trying to disconnect un-connected pin 'Z[0]' of instance 'ND4[11]'.
I: Adm-6003: Trying to disconnect un-connected pin 'Z[0]' of instance 'ND4[12]'.
I: Adm-6003: Trying to disconnect un-connected pin 'Z[0]' of instance 'ND4[13]'.
I: Adm-6003: Trying to disconnect un-connected pin 'Z[0]' of instance 'ND4[14]'.
I: Adm-6003: Trying to disconnect un-connected pin 'Z[0]' of instance 'ND4[15]'.
I: Adm-6003: Trying to disconnect un-connected pin 'Z[0]' of instance 'ND4[16]'.
I: Adm-6003: Trying to disconnect un-connected pin 'Z[0]' of instance 'ND4[17]'.
I: Adm-6003: Trying to disconnect un-connected pin 'Z[0]' of instance 'ND4[18]'.
I: Adm-6003: Trying to disconnect un-connected pin 'Z[0]' of instance 'ND4[19]'.
I: Adm-6003: Trying to disconnect un-connected pin 'Z[0]' of instance 'ND4[20]'.
I: Adm-6003: Trying to disconnect un-connected pin 'Z[0]' of instance 'ND4[21]'.
I: Adm-6003: Trying to disconnect un-connected pin 'Z[0]' of instance 'ND4[22]'.
I: Adm-6003: Trying to disconnect un-connected pin 'Z[0]' of instance 'ND4[23]'.
I: Adm-6003: Trying to disconnect un-connected pin 'Z[0]' of instance 'ND4[24]'.
I: Adm-6003: Trying to disconnect un-connected pin 'Z[0]' of instance 'ND4[25]'.
I: Adm-6003: Trying to disconnect un-connected pin 'Z[0]' of instance 'ND4[26]'.
I: Adm-6003: Trying to disconnect un-connected pin 'Z[0]' of instance 'ND4[27]'.
I: Adm-6003: Trying to disconnect un-connected pin 'Z[0]' of instance 'ND4[28]'.
I: Adm-6003: Trying to disconnect un-connected pin 'Z[0]' of instance 'ND4[29]'.
I: Adm-6003: Trying to disconnect un-connected pin 'Z[0]' of instance 'ND4[30]'.
I: Adm-6003: Trying to disconnect un-connected pin 'Z[0]' of instance 'ND4[31]'.
I: Adm-6003: Trying to disconnect un-connected pin 'Z[0]' of instance 'ND5[0]'.
I: Adm-6003: Trying to disconnect un-connected pin 'Z[0]' of instance 'ND5[1]'.
I: Adm-6003: Trying to disconnect un-connected pin 'Z[0]' of instance 'ND5[2]'.
I: Adm-6003: Trying to disconnect un-connected pin 'Z[0]' of instance 'ND5[3]'.
I: Adm-6003: Trying to disconnect un-connected pin 'Z[0]' of instance 'ND5[4]'.
I: Adm-6003: Trying to disconnect un-connected pin 'Z[0]' of instance 'ND5[5]'.
I: Adm-6003: Trying to disconnect un-connected pin 'Z[0]' of instance 'ND5[6]'.
I: Adm-6003: Trying to disconnect un-connected pin 'Z[0]' of instance 'ND5[7]'.
I: Adm-6003: Trying to disconnect un-connected pin 'Z[0]' of instance 'ND5[8]'.
I: Adm-6003: Trying to disconnect un-connected pin 'Z[0]' of instance 'ND5[9]'.
I: Adm-6003: Trying to disconnect un-connected pin 'Z[0]' of instance 'ND5[10]'.
I: Adm-6003: Trying to disconnect un-connected pin 'Z[0]' of instance 'ND5[11]'.
I: Adm-6003: Trying to disconnect un-connected pin 'Z[0]' of instance 'ND5[12]'.
I: Adm-6003: Trying to disconnect un-connected pin 'Z[0]' of instance 'ND5[13]'.
I: Adm-6003: Trying to disconnect un-connected pin 'Z[0]' of instance 'ND5[14]'.
I: Adm-6003: Trying to disconnect un-connected pin 'Z[0]' of instance 'ND5[15]'.
I: Adm-6003: Trying to disconnect un-connected pin 'Z[0]' of instance 'ND5[16]'.
I: Adm-6003: Trying to disconnect un-connected pin 'Z[0]' of instance 'ND5[17]'.
I: Adm-6003: Trying to disconnect un-connected pin 'Z[0]' of instance 'ND5[18]'.
I: Adm-6003: Trying to disconnect un-connected pin 'Z[0]' of instance 'ND5[19]'.
I: Adm-6003: Trying to disconnect un-connected pin 'Z[0]' of instance 'ND5[20]'.
I: Adm-6003: Trying to disconnect un-connected pin 'Z[0]' of instance 'ND5[21]'.
I: Adm-6003: Trying to disconnect un-connected pin 'Z[0]' of instance 'ND5[22]'.
I: Adm-6003: Trying to disconnect un-connected pin 'Z[0]' of instance 'ND5[23]'.
I: Adm-6003: Trying to disconnect un-connected pin 'Z[0]' of instance 'ND5[24]'.
I: Adm-6003: Trying to disconnect un-connected pin 'Z[0]' of instance 'ND5[25]'.
I: Adm-6003: Trying to disconnect un-connected pin 'Z[0]' of instance 'ND5[26]'.
I: Adm-6003: Trying to disconnect un-connected pin 'Z[0]' of instance 'ND5[27]'.
I: Adm-6003: Trying to disconnect un-connected pin 'Z[0]' of instance 'ND5[28]'.
I: Adm-6003: Trying to disconnect un-connected pin 'Z[0]' of instance 'ND5[29]'.
I: Adm-6003: Trying to disconnect un-connected pin 'Z[0]' of instance 'ND5[30]'.
I: Adm-6003: Trying to disconnect un-connected pin 'Z[0]' of instance 'ND5[31]'.
I: Adm-6003: Trying to disconnect un-connected pin 'Z[0]' of instance 'ND6[0]'.
I: Adm-6003: Trying to disconnect un-connected pin 'Z[0]' of instance 'ND6[1]'.
I: Adm-6003: Trying to disconnect un-connected pin 'Z[0]' of instance 'ND6[2]'.
I: Adm-6003: Trying to disconnect un-connected pin 'Z[0]' of instance 'ND6[3]'.
I: Adm-6003: Trying to disconnect un-connected pin 'Z[0]' of instance 'ND6[4]'.
I: Adm-6003: Trying to disconnect un-connected pin 'Z[0]' of instance 'ND6[5]'.
I: Adm-6003: Trying to disconnect un-connected pin 'Z[0]' of instance 'ND6[6]'.
I: Adm-6003: Trying to disconnect un-connected pin 'Z[0]' of instance 'ND6[7]'.
I: Adm-6003: Trying to disconnect un-connected pin 'Z[0]' of instance 'ND6[8]'.
I: Adm-6003: Trying to disconnect un-connected pin 'Z[0]' of instance 'ND6[9]'.
I: Adm-6003: Trying to disconnect un-connected pin 'Z[0]' of instance 'ND6[10]'.
I: Adm-6003: Trying to disconnect un-connected pin 'Z[0]' of instance 'ND6[11]'.
I: Adm-6003: Trying to disconnect un-connected pin 'Z[0]' of instance 'ND6[12]'.
I: Adm-6003: Trying to disconnect un-connected pin 'Z[0]' of instance 'ND6[13]'.
I: Adm-6003: Trying to disconnect un-connected pin 'Z[0]' of instance 'ND6[14]'.
I: Adm-6003: Trying to disconnect un-connected pin 'Z[0]' of instance 'ND6[15]'.
I: Adm-6003: Trying to disconnect un-connected pin 'Z[0]' of instance 'ND6[16]'.
I: Adm-6003: Trying to disconnect un-connected pin 'Z[0]' of instance 'ND6[17]'.
I: Adm-6003: Trying to disconnect un-connected pin 'Z[0]' of instance 'ND6[18]'.
I: Adm-6003: Trying to disconnect un-connected pin 'Z[0]' of instance 'ND6[19]'.
I: Adm-6003: Trying to disconnect un-connected pin 'Z[0]' of instance 'ND6[20]'.
I: Adm-6003: Trying to disconnect un-connected pin 'Z[0]' of instance 'ND6[21]'.
I: Adm-6003: Trying to disconnect un-connected pin 'Z[0]' of instance 'ND6[22]'.
I: Adm-6003: Trying to disconnect un-connected pin 'Z[0]' of instance 'ND6[23]'.
I: Adm-6003: Trying to disconnect un-connected pin 'Z[0]' of instance 'ND6[24]'.
I: Adm-6003: Trying to disconnect un-connected pin 'Z[0]' of instance 'ND6[25]'.
I: Adm-6003: Trying to disconnect un-connected pin 'Z[0]' of instance 'ND6[26]'.
I: Adm-6003: Trying to disconnect un-connected pin 'Z[0]' of instance 'ND6[27]'.
I: Adm-6003: Trying to disconnect un-connected pin 'Z[0]' of instance 'ND6[28]'.
I: Adm-6003: Trying to disconnect un-connected pin 'Z[0]' of instance 'ND6[29]'.
I: Adm-6003: Trying to disconnect un-connected pin 'Z[0]' of instance 'ND6[30]'.
I: Adm-6003: Trying to disconnect un-connected pin 'Z[0]' of instance 'ND8[25]'.
I: Adm-6003: Trying to disconnect un-connected pin 'Z[0]' of instance 'ND8[24]'.
I: Adm-6003: Trying to disconnect un-connected pin 'Z[0]' of instance 'ND8[26]'.
I: Adm-6003: Trying to disconnect un-connected pin 'Z[0]' of instance 'ND8[27]'.
I: Adm-6003: Trying to disconnect un-connected pin 'Z[0]' of instance 'ND8[28]'.
I: Adm-6003: Trying to disconnect un-connected pin 'Z[0]' of instance 'ND8[29]'.
I: Adm-6003: Trying to disconnect un-connected pin 'Z[0]' of instance 'ND8[30]'.
I: Adm-6003: Trying to disconnect un-connected pin 'Z[0]' of instance 'ND7[23]'.
I: Adm-6003: Trying to disconnect un-connected pin 'Z[0]' of instance 'ND7[24]'.
I: Adm-6003: Trying to disconnect un-connected pin 'Z[0]' of instance 'ND7[25]'.
I: Adm-6003: Trying to disconnect un-connected pin 'Z[0]' of instance 'ND7[26]'.
I: Adm-6003: Trying to disconnect un-connected pin 'Z[0]' of instance 'ND7[27]'.
I: Adm-6003: Trying to disconnect un-connected pin 'Z[0]' of instance 'ND7[28]'.
I: Adm-6003: Trying to disconnect un-connected pin 'Z[0]' of instance 'ND7[29]'.
I: Adm-6003: Trying to disconnect un-connected pin 'Z[0]' of instance 'ND7[30]'.
I: Adm-6003: Trying to disconnect un-connected pin 'Z[0]' of instance 'ND7[31]'.
I: Adm-6003: Trying to disconnect un-connected pin 'Z[0]' of instance 'ND8[0]'.
I: Adm-6003: Trying to disconnect un-connected pin 'Z[0]' of instance 'ND8[1]'.
I: Adm-6003: Trying to disconnect un-connected pin 'Z[0]' of instance 'ND8[2]'.
I: Adm-6003: Trying to disconnect un-connected pin 'Z[0]' of instance 'ND8[3]'.
I: Adm-6003: Trying to disconnect un-connected pin 'Z[0]' of instance 'ND8[4]'.
I: Adm-6003: Trying to disconnect un-connected pin 'Z[0]' of instance 'ND8[5]'.
I: Adm-6003: Trying to disconnect un-connected pin 'Z[0]' of instance 'ND8[6]'.
I: Adm-6003: Trying to disconnect un-connected pin 'Z[0]' of instance 'ND8[7]'.
I: Adm-6003: Trying to disconnect un-connected pin 'Z[0]' of instance 'ND8[8]'.
I: Adm-6003: Trying to disconnect un-connected pin 'Z[0]' of instance 'ND8[9]'.
I: Adm-6003: Trying to disconnect un-connected pin 'Z[0]' of instance 'ND8[10]'.
I: Adm-6003: Trying to disconnect un-connected pin 'Z[0]' of instance 'ND8[11]'.
I: Adm-6003: Trying to disconnect un-connected pin 'Z[0]' of instance 'ND8[12]'.
I: Adm-6003: Trying to disconnect un-connected pin 'Z[0]' of instance 'ND8[13]'.
I: Adm-6003: Trying to disconnect un-connected pin 'Z[0]' of instance 'ND8[14]'.
I: Adm-6003: Trying to disconnect un-connected pin 'Z[0]' of instance 'ND8[15]'.
I: Adm-6003: Trying to disconnect un-connected pin 'Z[0]' of instance 'ND8[16]'.
I: Adm-6003: Trying to disconnect un-connected pin 'Z[0]' of instance 'ND8[17]'.
I: Adm-6003: Trying to disconnect un-connected pin 'Z[0]' of instance 'ND8[18]'.
I: Adm-6003: Trying to disconnect un-connected pin 'Z[0]' of instance 'ND8[19]'.
I: Adm-6003: Trying to disconnect un-connected pin 'Z[0]' of instance 'ND8[20]'.
I: Adm-6003: Trying to disconnect un-connected pin 'Z[0]' of instance 'ND8[21]'.
I: Adm-6003: Trying to disconnect un-connected pin 'Z[0]' of instance 'ND8[22]'.
I: Adm-6003: Trying to disconnect un-connected pin 'Z[0]' of instance 'ND8[23]'.
I: Adm-6003: Trying to disconnect un-connected pin 'Z[0]' of instance 'ND2[0]'.
I: Adm-6003: Trying to disconnect un-connected pin 'Z[0]' of instance 'ND2[1]'.
I: Adm-6003: Trying to disconnect un-connected pin 'Z[0]' of instance 'ND2[2]'.
I: Adm-6003: Trying to disconnect un-connected pin 'Z[0]' of instance 'ND2[3]'.
I: Adm-6003: Trying to disconnect un-connected pin 'Z[0]' of instance 'ND2[4]'.
I: Adm-6003: Trying to disconnect un-connected pin 'Z[0]' of instance 'ND2[5]'.
I: Adm-6003: Trying to disconnect un-connected pin 'Z[0]' of instance 'ND2[6]'.
I: Adm-6003: Trying to disconnect un-connected pin 'Z[0]' of instance 'ND2[7]'.
I: Adm-6003: Trying to disconnect un-connected pin 'Z[0]' of instance 'ND2[8]'.
I: Adm-6003: Trying to disconnect un-connected pin 'Z[0]' of instance 'ND2[9]'.
I: Adm-6003: Trying to disconnect un-connected pin 'Z[0]' of instance 'ND2[10]'.
I: Adm-6003: Trying to disconnect un-connected pin 'Z[0]' of instance 'ND2[11]'.
I: Adm-6003: Trying to disconnect un-connected pin 'Z[0]' of instance 'ND2[12]'.
I: Adm-6003: Trying to disconnect un-connected pin 'Z[0]' of instance 'ND2[13]'.
I: Adm-6003: Trying to disconnect un-connected pin 'Z[0]' of instance 'ND2[14]'.
I: Adm-6003: Trying to disconnect un-connected pin 'Z[0]' of instance 'ND2[15]'.
I: Adm-6003: Trying to disconnect un-connected pin 'Z[0]' of instance 'ND2[16]'.
I: Adm-6003: Trying to disconnect un-connected pin 'Z[0]' of instance 'ND2[17]'.
I: Adm-6003: Trying to disconnect un-connected pin 'Z[0]' of instance 'ND2[18]'.
I: Adm-6003: Trying to disconnect un-connected pin 'Z[0]' of instance 'ND2[19]'.
I: Adm-6003: Trying to disconnect un-connected pin 'Z[0]' of instance 'ND2[20]'.
I: Adm-6003: Trying to disconnect un-connected pin 'Z[0]' of instance 'ND2[21]'.
I: Adm-6003: Trying to disconnect un-connected pin 'Z[0]' of instance 'ND2[22]'.
I: Adm-6003: Trying to disconnect un-connected pin 'Z[0]' of instance 'ND2[23]'.
I: Adm-6003: Trying to disconnect un-connected pin 'Z[0]' of instance 'ND2[24]'.
I: Adm-6003: Trying to disconnect un-connected pin 'Z[0]' of instance 'ND2[25]'.
I: Adm-6003: Trying to disconnect un-connected pin 'Z[0]' of instance 'ND2[26]'.
I: Adm-6003: Trying to disconnect un-connected pin 'Z[0]' of instance 'ND2[27]'.
I: Adm-6003: Trying to disconnect un-connected pin 'Z[0]' of instance 'ND2[28]'.
I: Adm-6003: Trying to disconnect un-connected pin 'Z[0]' of instance 'ND2[29]'.
I: Adm-6003: Trying to disconnect un-connected pin 'Z[0]' of instance 'ND2[30]'.
I: Adm-6003: Trying to disconnect un-connected pin 'Z[0]' of instance 'ND2[31]'.
I: Adm-6003: Trying to disconnect un-connected pin 'Z[0]' of instance 'ND3[0]'.
I: Adm-6003: Trying to disconnect un-connected pin 'Z[0]' of instance 'ND3[1]'.
I: Adm-6003: Trying to disconnect un-connected pin 'Z[0]' of instance 'ND3[2]'.
I: Adm-6003: Trying to disconnect un-connected pin 'Z[0]' of instance 'ND3[3]'.
I: Adm-6003: Trying to disconnect un-connected pin 'Z[0]' of instance 'ND3[4]'.
I: Adm-6003: Trying to disconnect un-connected pin 'Z[0]' of instance 'ND3[5]'.
I: Adm-6003: Trying to disconnect un-connected pin 'Z[0]' of instance 'ND3[6]'.
I: Adm-6003: Trying to disconnect un-connected pin 'Z[0]' of instance 'ND3[7]'.
I: Adm-6003: Trying to disconnect un-connected pin 'Z[0]' of instance 'ND3[8]'.
I: Adm-6003: Trying to disconnect un-connected pin 'Z[0]' of instance 'ND3[9]'.
I: Adm-6003: Trying to disconnect un-connected pin 'Z[0]' of instance 'ND3[10]'.
I: Adm-6003: Trying to disconnect un-connected pin 'Z[0]' of instance 'ND3[11]'.
I: Adm-6003: Trying to disconnect un-connected pin 'Z[0]' of instance 'ND3[12]'.
I: Adm-6003: Trying to disconnect un-connected pin 'Z[0]' of instance 'ND3[13]'.
I: Adm-6003: Trying to disconnect un-connected pin 'Z[0]' of instance 'ND3[14]'.
I: Adm-6003: Trying to disconnect un-connected pin 'Z[0]' of instance 'ND3[15]'.
I: Adm-6003: Trying to disconnect un-connected pin 'Z[0]' of instance 'ND3[16]'.
I: Adm-6003: Trying to disconnect un-connected pin 'Z[0]' of instance 'ND3[17]'.
I: Adm-6003: Trying to disconnect un-connected pin 'Z[0]' of instance 'ND3[18]'.
I: Adm-6003: Trying to disconnect un-connected pin 'Z[0]' of instance 'ND3[19]'.
I: Adm-6003: Trying to disconnect un-connected pin 'Z[0]' of instance 'ND3[20]'.
I: Adm-6003: Trying to disconnect un-connected pin 'Z[0]' of instance 'ND3[21]'.
I: Adm-6003: Trying to disconnect un-connected pin 'Z[0]' of instance 'ND3[22]'.
I: Adm-6003: Trying to disconnect un-connected pin 'Z[0]' of instance 'ND3[23]'.
I: Adm-6003: Trying to disconnect un-connected pin 'Z[0]' of instance 'ND3[24]'.
I: Adm-6003: Trying to disconnect un-connected pin 'Z[0]' of instance 'ND3[25]'.
I: Adm-6003: Trying to disconnect un-connected pin 'Z[0]' of instance 'ND3[26]'.
I: Adm-6003: Trying to disconnect un-connected pin 'Z[0]' of instance 'ND3[27]'.
I: Adm-6003: Trying to disconnect un-connected pin 'Z[0]' of instance 'ND3[28]'.
I: Adm-6003: Trying to disconnect un-connected pin 'Z[0]' of instance 'ND3[29]'.
I: Adm-6003: Trying to disconnect un-connected pin 'Z[0]' of instance 'ND3[30]'.
I: Adm-6003: Trying to disconnect un-connected pin 'Z[0]' of instance 'ND3[31]'.
I: Adm-6003: Trying to disconnect un-connected pin 'Z[0]' of instance 'ND4[0]'.
I: Adm-6003: Trying to disconnect un-connected pin 'Z[0]' of instance 'ND4[1]'.
I: Adm-6003: Trying to disconnect un-connected pin 'Z[0]' of instance 'ND4[2]'.
I: Adm-6003: Trying to disconnect un-connected pin 'Z[0]' of instance 'ND4[3]'.
I: Adm-6003: Trying to disconnect un-connected pin 'Z[0]' of instance 'ND4[4]'.
I: Adm-6003: Trying to disconnect un-connected pin 'Z[0]' of instance 'ND4[5]'.
I: Adm-6003: Trying to disconnect un-connected pin 'Z[0]' of instance 'ND4[6]'.
I: Adm-6003: Trying to disconnect un-connected pin 'Z[0]' of instance 'ND4[7]'.
I: Adm-6003: Trying to disconnect un-connected pin 'Z[0]' of instance 'ND4[8]'.
I: Adm-6003: Trying to disconnect un-connected pin 'Z[0]' of instance 'ND4[9]'.
I: Adm-6003: Trying to disconnect un-connected pin 'Z[0]' of instance 'ND4[10]'.
I: Adm-6003: Trying to disconnect un-connected pin 'Z[0]' of instance 'ND4[11]'.
I: Adm-6003: Trying to disconnect un-connected pin 'Z[0]' of instance 'ND4[12]'.
I: Adm-6003: Trying to disconnect un-connected pin 'Z[0]' of instance 'ND4[13]'.
I: Adm-6003: Trying to disconnect un-connected pin 'Z[0]' of instance 'ND4[14]'.
I: Adm-6003: Trying to disconnect un-connected pin 'Z[0]' of instance 'ND4[15]'.
I: Adm-6003: Trying to disconnect un-connected pin 'Z[0]' of instance 'ND4[16]'.
I: Adm-6003: Trying to disconnect un-connected pin 'Z[0]' of instance 'ND4[17]'.
I: Adm-6003: Trying to disconnect un-connected pin 'Z[0]' of instance 'ND4[18]'.
I: Adm-6003: Trying to disconnect un-connected pin 'Z[0]' of instance 'ND4[19]'.
I: Adm-6003: Trying to disconnect un-connected pin 'Z[0]' of instance 'ND4[20]'.
I: Adm-6003: Trying to disconnect un-connected pin 'Z[0]' of instance 'ND4[21]'.
I: Adm-6003: Trying to disconnect un-connected pin 'Z[0]' of instance 'ND4[22]'.
I: Adm-6003: Trying to disconnect un-connected pin 'Z[0]' of instance 'ND4[23]'.
I: Adm-6003: Trying to disconnect un-connected pin 'Z[0]' of instance 'ND4[24]'.
I: Adm-6003: Trying to disconnect un-connected pin 'Z[0]' of instance 'ND4[25]'.
I: Adm-6003: Trying to disconnect un-connected pin 'Z[0]' of instance 'ND4[26]'.
I: Adm-6003: Trying to disconnect un-connected pin 'Z[0]' of instance 'ND4[27]'.
I: Adm-6003: Trying to disconnect un-connected pin 'Z[0]' of instance 'ND4[28]'.
I: Adm-6003: Trying to disconnect un-connected pin 'Z[0]' of instance 'ND4[29]'.
I: Adm-6003: Trying to disconnect un-connected pin 'Z[0]' of instance 'ND4[30]'.
I: Adm-6003: Trying to disconnect un-connected pin 'Z[0]' of instance 'ND4[31]'.
I: Adm-6003: Trying to disconnect un-connected pin 'Z[0]' of instance 'ND5[0]'.
I: Adm-6003: Trying to disconnect un-connected pin 'Z[0]' of instance 'ND5[1]'.
I: Adm-6003: Trying to disconnect un-connected pin 'Z[0]' of instance 'ND5[2]'.
I: Adm-6003: Trying to disconnect un-connected pin 'Z[0]' of instance 'ND5[3]'.
I: Adm-6003: Trying to disconnect un-connected pin 'Z[0]' of instance 'ND5[4]'.
I: Adm-6003: Trying to disconnect un-connected pin 'Z[0]' of instance 'ND5[5]'.
I: Adm-6003: Trying to disconnect un-connected pin 'Z[0]' of instance 'ND5[6]'.
I: Adm-6003: Trying to disconnect un-connected pin 'Z[0]' of instance 'ND5[7]'.
I: Adm-6003: Trying to disconnect un-connected pin 'Z[0]' of instance 'ND5[8]'.
I: Adm-6003: Trying to disconnect un-connected pin 'Z[0]' of instance 'ND5[9]'.
I: Adm-6003: Trying to disconnect un-connected pin 'Z[0]' of instance 'ND5[10]'.
I: Adm-6003: Trying to disconnect un-connected pin 'Z[0]' of instance 'ND5[11]'.
I: Adm-6003: Trying to disconnect un-connected pin 'Z[0]' of instance 'ND5[12]'.
I: Adm-6003: Trying to disconnect un-connected pin 'Z[0]' of instance 'ND5[13]'.
I: Adm-6003: Trying to disconnect un-connected pin 'Z[0]' of instance 'ND5[14]'.
I: Adm-6003: Trying to disconnect un-connected pin 'Z[0]' of instance 'ND5[15]'.
I: Adm-6003: Trying to disconnect un-connected pin 'Z[0]' of instance 'ND5[16]'.
I: Adm-6003: Trying to disconnect un-connected pin 'Z[0]' of instance 'ND5[17]'.
I: Adm-6003: Trying to disconnect un-connected pin 'Z[0]' of instance 'ND5[18]'.
I: Adm-6003: Trying to disconnect un-connected pin 'Z[0]' of instance 'ND5[19]'.
I: Adm-6003: Trying to disconnect un-connected pin 'Z[0]' of instance 'ND5[20]'.
I: Adm-6003: Trying to disconnect un-connected pin 'Z[0]' of instance 'ND5[21]'.
I: Adm-6003: Trying to disconnect un-connected pin 'Z[0]' of instance 'ND5[22]'.
I: Adm-6003: Trying to disconnect un-connected pin 'Z[0]' of instance 'ND5[23]'.
I: Adm-6003: Trying to disconnect un-connected pin 'Z[0]' of instance 'ND5[24]'.
I: Adm-6003: Trying to disconnect un-connected pin 'Z[0]' of instance 'ND5[25]'.
I: Adm-6003: Trying to disconnect un-connected pin 'Z[0]' of instance 'ND5[26]'.
I: Adm-6003: Trying to disconnect un-connected pin 'Z[0]' of instance 'ND5[27]'.
I: Adm-6003: Trying to disconnect un-connected pin 'Z[0]' of instance 'ND5[28]'.
I: Adm-6003: Trying to disconnect un-connected pin 'Z[0]' of instance 'ND5[29]'.
I: Adm-6003: Trying to disconnect un-connected pin 'Z[0]' of instance 'ND5[30]'.
I: Adm-6003: Trying to disconnect un-connected pin 'Z[0]' of instance 'ND5[31]'.
I: Adm-6003: Trying to disconnect un-connected pin 'Z[0]' of instance 'ND6[0]'.
I: Adm-6003: Trying to disconnect un-connected pin 'Z[0]' of instance 'ND6[1]'.
I: Adm-6003: Trying to disconnect un-connected pin 'Z[0]' of instance 'ND6[2]'.
I: Adm-6003: Trying to disconnect un-connected pin 'Z[0]' of instance 'ND6[3]'.
I: Adm-6003: Trying to disconnect un-connected pin 'Z[0]' of instance 'ND6[4]'.
I: Adm-6003: Trying to disconnect un-connected pin 'Z[0]' of instance 'ND6[5]'.
I: Adm-6003: Trying to disconnect un-connected pin 'Z[0]' of instance 'ND6[6]'.
I: Adm-6003: Trying to disconnect un-connected pin 'Z[0]' of instance 'ND6[7]'.
I: Adm-6003: Trying to disconnect un-connected pin 'Z[0]' of instance 'ND6[8]'.
I: Adm-6003: Trying to disconnect un-connected pin 'Z[0]' of instance 'ND6[9]'.
I: Adm-6003: Trying to disconnect un-connected pin 'Z[0]' of instance 'ND6[10]'.
I: Adm-6003: Trying to disconnect un-connected pin 'Z[0]' of instance 'ND6[11]'.
I: Adm-6003: Trying to disconnect un-connected pin 'Z[0]' of instance 'ND6[12]'.
I: Adm-6003: Trying to disconnect un-connected pin 'Z[0]' of instance 'ND6[13]'.
I: Adm-6003: Trying to disconnect un-connected pin 'Z[0]' of instance 'ND6[14]'.
I: Adm-6003: Trying to disconnect un-connected pin 'Z[0]' of instance 'ND6[15]'.
I: Adm-6003: Trying to disconnect un-connected pin 'Z[0]' of instance 'ND6[16]'.
I: Adm-6003: Trying to disconnect un-connected pin 'Z[0]' of instance 'ND6[17]'.
I: Adm-6003: Trying to disconnect un-connected pin 'Z[0]' of instance 'ND6[18]'.
I: Adm-6003: Trying to disconnect un-connected pin 'Z[0]' of instance 'ND6[19]'.
I: Adm-6003: Trying to disconnect un-connected pin 'Z[0]' of instance 'ND6[20]'.
I: Adm-6003: Trying to disconnect un-connected pin 'Z[0]' of instance 'ND6[21]'.
I: Adm-6003: Trying to disconnect un-connected pin 'Z[0]' of instance 'ND6[22]'.
I: Adm-6003: Trying to disconnect un-connected pin 'Z[0]' of instance 'ND6[23]'.
I: Adm-6003: Trying to disconnect un-connected pin 'Z[0]' of instance 'ND6[24]'.
I: Adm-6003: Trying to disconnect un-connected pin 'Z[0]' of instance 'ND6[25]'.
I: Adm-6003: Trying to disconnect un-connected pin 'Z[0]' of instance 'ND6[26]'.
I: Adm-6003: Trying to disconnect un-connected pin 'Z[0]' of instance 'ND6[27]'.
I: Adm-6003: Trying to disconnect un-connected pin 'Z[0]' of instance 'ND6[28]'.
I: Adm-6003: Trying to disconnect un-connected pin 'Z[0]' of instance 'ND6[29]'.
I: Adm-6003: Trying to disconnect un-connected pin 'Z[0]' of instance 'ND6[30]'.
I: Adm-6003: Trying to disconnect un-connected pin 'Z[0]' of instance 'ND6[31]'.
I: Adm-6003: Trying to disconnect un-connected pin 'Z[0]' of instance 'ND7[0]'.
I: Adm-6003: Trying to disconnect un-connected pin 'Z[0]' of instance 'ND7[1]'.
I: Adm-6003: Trying to disconnect un-connected pin 'Z[0]' of instance 'ND7[2]'.
I: Adm-6003: Trying to disconnect un-connected pin 'Z[0]' of instance 'ND7[3]'.
I: Adm-6003: Trying to disconnect un-connected pin 'Z[0]' of instance 'ND7[4]'.
I: Adm-6003: Trying to disconnect un-connected pin 'Z[0]' of instance 'ND7[5]'.
I: Adm-6003: Trying to disconnect un-connected pin 'Z[0]' of instance 'ND7[6]'.
I: Adm-6003: Trying to disconnect un-connected pin 'Z[0]' of instance 'ND7[7]'.
I: Adm-6003: Trying to disconnect un-connected pin 'Z[0]' of instance 'ND7[8]'.
I: Adm-6003: Trying to disconnect un-connected pin 'Z[0]' of instance 'ND7[9]'.
I: Adm-6003: Trying to disconnect un-connected pin 'Z[0]' of instance 'ND7[10]'.
I: Adm-6003: Trying to disconnect un-connected pin 'Z[0]' of instance 'ND7[11]'.
I: Adm-6003: Trying to disconnect un-connected pin 'Z[0]' of instance 'ND7[12]'.
I: Adm-6003: Trying to disconnect un-connected pin 'Z[0]' of instance 'ND7[13]'.
I: Adm-6003: Trying to disconnect un-connected pin 'Z[0]' of instance 'ND7[14]'.
I: Adm-6003: Trying to disconnect un-connected pin 'Z[0]' of instance 'ND7[15]'.
I: Adm-6003: Trying to disconnect un-connected pin 'Z[0]' of instance 'ND7[16]'.
I: Adm-6003: Trying to disconnect un-connected pin 'Z[0]' of instance 'ND7[17]'.
I: Adm-6003: Trying to disconnect un-connected pin 'Z[0]' of instance 'ND7[18]'.
I: Adm-6003: Trying to disconnect un-connected pin 'Z[0]' of instance 'ND7[19]'.
I: Adm-6003: Trying to disconnect un-connected pin 'Z[0]' of instance 'ND7[20]'.
I: Adm-6003: Trying to disconnect un-connected pin 'Z[0]' of instance 'ND7[21]'.
I: Adm-6003: Trying to disconnect un-connected pin 'Z[0]' of instance 'ND7[22]'.
Saving design to Hfpga_soc_syn.vm
Constructing timing graph ...
Timing graph has been constructed successfully
C: STA-3009: The clock CAM1_PCLK is not connected to any clock endpoints,it will be treated as a normal port or pin.
C: STA-3009: The clock CAM2_PCLK is not connected to any clock endpoints,it will be treated as a normal port or pin.
W: Timing-4087: Port 'cam1_scl' is not constrained, it is treated as combinational output.
W: Timing-4087: Port 'cam1_sda' is not constrained, it is treated as combinational output.
W: Timing-4087: Port 'cam2_scl' is not constrained, it is treated as combinational output.
W: Timing-4087: Port 'cam2_sda' is not constrained, it is treated as combinational output.
W: Timing-4086: Port 'fpioa[0]' is not constrained, it is treated as combinational input.
W: Timing-4087: Port 'fpioa[0]' is not constrained, it is treated as combinational output.
W: Timing-4086: Port 'fpioa[1]' is not constrained, it is treated as combinational input.
W: Timing-4087: Port 'fpioa[1]' is not constrained, it is treated as combinational output.
W: Timing-4086: Port 'fpioa[2]' is not constrained, it is treated as combinational input.
W: Timing-4087: Port 'fpioa[2]' is not constrained, it is treated as combinational output.
W: Timing-4086: Port 'fpioa[3]' is not constrained, it is treated as combinational input.
W: Timing-4087: Port 'fpioa[3]' is not constrained, it is treated as combinational output.
W: Timing-4086: Port 'fpioa[4]' is not constrained, it is treated as combinational input.
W: Timing-4087: Port 'fpioa[4]' is not constrained, it is treated as combinational output.
W: Timing-4086: Port 'fpioa[5]' is not constrained, it is treated as combinational input.
W: Timing-4087: Port 'fpioa[5]' is not constrained, it is treated as combinational output.
W: Timing-4086: Port 'fpioa[6]' is not constrained, it is treated as combinational input.
W: Timing-4087: Port 'fpioa[6]' is not constrained, it is treated as combinational output.
W: Timing-4086: Port 'fpioa[7]' is not constrained, it is treated as combinational input.
W: Timing-4087: Port 'fpioa[7]' is not constrained, it is treated as combinational output.
W: Timing-4086: Port 'fpioa[8]' is not constrained, it is treated as combinational input.
W: Timing-4087: Port 'fpioa[8]' is not constrained, it is treated as combinational output.
W: Timing-4086: Port 'fpioa[9]' is not constrained, it is treated as combinational input.
W: Timing-4087: Port 'fpioa[9]' is not constrained, it is treated as combinational output.
W: Timing-4086: Port 'fpioa[10]' is not constrained, it is treated as combinational input.
W: Timing-4087: Port 'fpioa[10]' is not constrained, it is treated as combinational output.
W: Timing-4086: Port 'fpioa[11]' is not constrained, it is treated as combinational input.
W: Timing-4087: Port 'fpioa[11]' is not constrained, it is treated as combinational output.
W: Timing-4086: Port 'fpioa[12]' is not constrained, it is treated as combinational input.
W: Timing-4087: Port 'fpioa[12]' is not constrained, it is treated as combinational output.
W: Timing-4086: Port 'fpioa[13]' is not constrained, it is treated as combinational input.
W: Timing-4087: Port 'fpioa[13]' is not constrained, it is treated as combinational output.
W: Timing-4086: Port 'fpioa[14]' is not constrained, it is treated as combinational input.
W: Timing-4087: Port 'fpioa[14]' is not constrained, it is treated as combinational output.
W: Timing-4086: Port 'fpioa[15]' is not constrained, it is treated as combinational input.
W: Timing-4087: Port 'fpioa[15]' is not constrained, it is treated as combinational output.
W: Timing-4086: Port 'fpioa[16]' is not constrained, it is treated as combinational input.
W: Timing-4087: Port 'fpioa[16]' is not constrained, it is treated as combinational output.
W: Timing-4086: Port 'fpioa[17]' is not constrained, it is treated as combinational input.
W: Timing-4087: Port 'fpioa[17]' is not constrained, it is treated as combinational output.
W: Timing-4086: Port 'fpioa[18]' is not constrained, it is treated as combinational input.
W: Timing-4087: Port 'fpioa[18]' is not constrained, it is treated as combinational output.
W: Timing-4086: Port 'fpioa[19]' is not constrained, it is treated as combinational input.
W: Timing-4087: Port 'fpioa[19]' is not constrained, it is treated as combinational output.
W: Timing-4086: Port 'fpioa[20]' is not constrained, it is treated as combinational input.
W: Timing-4087: Port 'fpioa[20]' is not constrained, it is treated as combinational output.
W: Timing-4086: Port 'fpioa[21]' is not constrained, it is treated as combinational input.
W: Timing-4087: Port 'fpioa[21]' is not constrained, it is treated as combinational output.
W: Timing-4086: Port 'fpioa[22]' is not constrained, it is treated as combinational input.
W: Timing-4087: Port 'fpioa[22]' is not constrained, it is treated as combinational output.
W: Timing-4086: Port 'fpioa[23]' is not constrained, it is treated as combinational input.
W: Timing-4087: Port 'fpioa[23]' is not constrained, it is treated as combinational output.
W: Timing-4086: Port 'fpioa[24]' is not constrained, it is treated as combinational input.
W: Timing-4087: Port 'fpioa[24]' is not constrained, it is treated as combinational output.
W: Timing-4086: Port 'fpioa[25]' is not constrained, it is treated as combinational input.
W: Timing-4087: Port 'fpioa[25]' is not constrained, it is treated as combinational output.
W: Timing-4086: Port 'fpioa[26]' is not constrained, it is treated as combinational input.
W: Timing-4087: Port 'fpioa[26]' is not constrained, it is treated as combinational output.
W: Timing-4086: Port 'fpioa[27]' is not constrained, it is treated as combinational input.
W: Timing-4087: Port 'fpioa[27]' is not constrained, it is treated as combinational output.
W: Timing-4086: Port 'fpioa[28]' is not constrained, it is treated as combinational input.
W: Timing-4087: Port 'fpioa[28]' is not constrained, it is treated as combinational output.
W: Timing-4086: Port 'fpioa[29]' is not constrained, it is treated as combinational input.
W: Timing-4087: Port 'fpioa[29]' is not constrained, it is treated as combinational output.
W: Timing-4086: Port 'fpioa[30]' is not constrained, it is treated as combinational input.
W: Timing-4087: Port 'fpioa[30]' is not constrained, it is treated as combinational output.
W: Timing-4086: Port 'fpioa[31]' is not constrained, it is treated as combinational input.
W: Timing-4087: Port 'fpioa[31]' is not constrained, it is treated as combinational output.
W: Timing-4087: Port 'mem_dq[0]' is not constrained, it is treated as combinational output.
W: Timing-4087: Port 'mem_dq[1]' is not constrained, it is treated as combinational output.
W: Timing-4087: Port 'mem_dq[2]' is not constrained, it is treated as combinational output.
W: Timing-4087: Port 'mem_dq[3]' is not constrained, it is treated as combinational output.
W: Timing-4087: Port 'mem_dq[4]' is not constrained, it is treated as combinational output.
W: Timing-4087: Port 'mem_dq[5]' is not constrained, it is treated as combinational output.
W: Timing-4087: Port 'mem_dq[6]' is not constrained, it is treated as combinational output.
W: Timing-4087: Port 'mem_dq[7]' is not constrained, it is treated as combinational output.
W: Timing-4087: Port 'mem_dq[8]' is not constrained, it is treated as combinational output.
W: Timing-4087: Port 'mem_dq[9]' is not constrained, it is treated as combinational output.
W: Timing-4087: Port 'mem_dq[10]' is not constrained, it is treated as combinational output.
W: Timing-4087: Port 'mem_dq[11]' is not constrained, it is treated as combinational output.
W: Timing-4087: Port 'mem_dq[12]' is not constrained, it is treated as combinational output.
W: Timing-4087: Port 'mem_dq[13]' is not constrained, it is treated as combinational output.
W: Timing-4087: Port 'mem_dq[14]' is not constrained, it is treated as combinational output.
W: Timing-4087: Port 'mem_dq[15]' is not constrained, it is treated as combinational output.
W: Timing-4087: Port 'mem_dq[16]' is not constrained, it is treated as combinational output.
W: Timing-4087: Port 'mem_dq[17]' is not constrained, it is treated as combinational output.
W: Timing-4087: Port 'mem_dq[18]' is not constrained, it is treated as combinational output.
W: Timing-4087: Port 'mem_dq[19]' is not constrained, it is treated as combinational output.
W: Timing-4087: Port 'mem_dq[20]' is not constrained, it is treated as combinational output.
W: Timing-4087: Port 'mem_dq[21]' is not constrained, it is treated as combinational output.
W: Timing-4087: Port 'mem_dq[22]' is not constrained, it is treated as combinational output.
W: Timing-4087: Port 'mem_dq[23]' is not constrained, it is treated as combinational output.
W: Timing-4087: Port 'mem_dq[24]' is not constrained, it is treated as combinational output.
W: Timing-4087: Port 'mem_dq[25]' is not constrained, it is treated as combinational output.
W: Timing-4087: Port 'mem_dq[26]' is not constrained, it is treated as combinational output.
W: Timing-4087: Port 'mem_dq[27]' is not constrained, it is treated as combinational output.
W: Timing-4087: Port 'mem_dq[28]' is not constrained, it is treated as combinational output.
W: Timing-4087: Port 'mem_dq[29]' is not constrained, it is treated as combinational output.
W: Timing-4087: Port 'mem_dq[30]' is not constrained, it is treated as combinational output.
W: Timing-4087: Port 'mem_dq[31]' is not constrained, it is treated as combinational output.
W: Timing-4087: Port 'mem_dqs[0]' is not constrained, it is treated as combinational output.
W: Timing-4087: Port 'mem_dqs[1]' is not constrained, it is treated as combinational output.
W: Timing-4087: Port 'mem_dqs[2]' is not constrained, it is treated as combinational output.
W: Timing-4087: Port 'mem_dqs[3]' is not constrained, it is treated as combinational output.
W: Timing-4087: Port 'mem_dqs_n[0]' is not constrained, it is treated as combinational output.
W: Timing-4087: Port 'mem_dqs_n[1]' is not constrained, it is treated as combinational output.
W: Timing-4087: Port 'mem_dqs_n[2]' is not constrained, it is treated as combinational output.
W: Timing-4087: Port 'mem_dqs_n[3]' is not constrained, it is treated as combinational output.
W: Timing-4087: Port 'JTAG_TDO' is not constrained, it is treated as combinational output.
W: Timing-4087: Port 'cam1_reset_n' is not constrained, it is treated as combinational output.
W: Timing-4087: Port 'cam2_reset_n' is not constrained, it is treated as combinational output.
W: Timing-4087: Port 'core_active' is not constrained, it is treated as combinational output.
W: Timing-4087: Port 'flash_cs2_n' is not constrained, it is treated as combinational output.
W: Timing-4087: Port 'flash_cs_n' is not constrained, it is treated as combinational output.
W: Timing-4087: Port 'flash_hold_n' is not constrained, it is treated as combinational output.
W: Timing-4087: Port 'flash_mosi' is not constrained, it is treated as combinational output.
W: Timing-4087: Port 'flash_wp_n' is not constrained, it is treated as combinational output.
W: Timing-4087: Port 'mem_a[0]' is not constrained, it is treated as combinational output.
W: Timing-4087: Port 'mem_a[1]' is not constrained, it is treated as combinational output.
W: Timing-4087: Port 'mem_a[2]' is not constrained, it is treated as combinational output.
W: Timing-4087: Port 'mem_a[3]' is not constrained, it is treated as combinational output.
W: Timing-4087: Port 'mem_a[4]' is not constrained, it is treated as combinational output.
W: Timing-4087: Port 'mem_a[5]' is not constrained, it is treated as combinational output.
W: Timing-4087: Port 'mem_a[6]' is not constrained, it is treated as combinational output.
W: Timing-4087: Port 'mem_a[7]' is not constrained, it is treated as combinational output.
W: Timing-4087: Port 'mem_a[8]' is not constrained, it is treated as combinational output.
W: Timing-4087: Port 'mem_a[9]' is not constrained, it is treated as combinational output.
W: Timing-4087: Port 'mem_a[10]' is not constrained, it is treated as combinational output.
W: Timing-4087: Port 'mem_a[11]' is not constrained, it is treated as combinational output.
W: Timing-4087: Port 'mem_a[12]' is not constrained, it is treated as combinational output.
W: Timing-4087: Port 'mem_a[13]' is not constrained, it is treated as combinational output.
W: Timing-4087: Port 'mem_a[14]' is not constrained, it is treated as combinational output.
W: Timing-4087: Port 'mem_ba[0]' is not constrained, it is treated as combinational output.
W: Timing-4087: Port 'mem_ba[1]' is not constrained, it is treated as combinational output.
W: Timing-4087: Port 'mem_ba[2]' is not constrained, it is treated as combinational output.
W: Timing-4087: Port 'mem_cas_n' is not constrained, it is treated as combinational output.
W: Timing-4087: Port 'mem_ck' is not constrained, it is treated as combinational output.
W: Timing-4087: Port 'mem_ck_n' is not constrained, it is treated as combinational output.
W: Timing-4087: Port 'mem_cke' is not constrained, it is treated as combinational output.
W: Timing-4087: Port 'mem_cs_n' is not constrained, it is treated as combinational output.
W: Timing-4087: Port 'mem_dm[0]' is not constrained, it is treated as combinational output.
W: Timing-4087: Port 'mem_dm[1]' is not constrained, it is treated as combinational output.
W: Timing-4087: Port 'mem_dm[2]' is not constrained, it is treated as combinational output.
W: Timing-4087: Port 'mem_dm[3]' is not constrained, it is treated as combinational output.
W: Timing-4087: Port 'mem_odt' is not constrained, it is treated as combinational output.
W: Timing-4087: Port 'mem_ras_n' is not constrained, it is treated as combinational output.
W: Timing-4087: Port 'mem_rst_n' is not constrained, it is treated as combinational output.
W: Timing-4087: Port 'mem_we_n' is not constrained, it is treated as combinational output.
W: Timing-4086: Port 'JTAG_TDI' is not constrained, it is treated as combinational input.
W: Timing-4086: Port 'JTAG_TMS' is not constrained, it is treated as combinational input.
W: Timing-4086: Port 'flash_miso' is not constrained, it is treated as combinational input.
W: Timing-4086: Port 'hard_rst_n' is not constrained, it is treated as combinational input.
Action synthesize: Real time elapsed is 0h:0m:25s
Action synthesize: CPU time elapsed is 0h:0m:6s
Action synthesize: Process CPU time elapsed is 0h:0m:6s
Current time: Tue Oct  6 18:13:49 2026
Action synthesize: Peak memory pool usage is 608 MB
