#Build: Fabric Compiler 2022.2-SP6.4, Build 146967, Jan 31 01:39 2024
#Install: F:\PDS_2022.2-SP6.4\bin
#Application name: pds_shell.exe
#OS: Windows 10 10.0.22621
#Hostname: ZHAO-Zhenxiang
Generated by Fabric Compiler (version 2022.2-SP6.4 build 146967) at Sat Oct  3 16:05:40 2026
License checkout: fabric_ads from F:\Jichuang-small_eyes\pango_license\new_pds_F4A80DA47D72.lic
Compiling verification operator library.
Compiling common defs.
Loading technology operator library.
Compiling technology operator library.
Compiling technology operator (valence) library.
Reading design from compile DB
Reading design from compile DB successfully.
Constraint check start.
Compiling prim grid devices.
Building architecture model.
Loading device packaging model.
Building architecture floorplan logic view.
Executing : get_ports clk
Executing : get_ports clk successfully.
Executing : create_clock -period 37.037 [get_ports clk] -name clk
Executing : create_clock -period 37.037 [get_ports clk] -name clk successfully.
Executing : get_ports JTAG_TCK
Executing : get_ports JTAG_TCK successfully.
Executing : create_clock -period 100.000 [get_ports JTAG_TCK] -name JTAG_CLK
Executing : create_clock -period 100.000 [get_ports JTAG_TCK] -name JTAG_CLK successfully.
Executing : get_ports cam1_pclk
Executing : get_ports cam1_pclk successfully.
Executing : create_clock -period 10.000 [get_ports cam1_pclk] -name CAM1_PCLK
Executing : create_clock -period 10.000 [get_ports cam1_pclk] -name CAM1_PCLK successfully.
Executing : get_ports cam2_pclk
Executing : get_ports cam2_pclk successfully.
Executing : create_clock -period 10.000 [get_ports cam2_pclk] -name CAM2_PCLK
Executing : create_clock -period 10.000 [get_ports cam2_pclk] -name CAM2_PCLK successfully.
Executing : get_ports clk
Executing : get_ports clk successfully.
Executing : get_pins u_pll/u_gpll:CLKOUT0
Executing : get_pins u_pll/u_gpll:CLKOUT0 successfully.
Executing : create_generated_clock -name cpu_clk -source [get_ports clk] -master_clock clk -multiply_by 70 -divide_by 27 [get_pins u_pll/u_gpll:CLKOUT0]
Executing : create_generated_clock -name cpu_clk -source [get_ports clk] -master_clock clk -multiply_by 70 -divide_by 27 [get_pins u_pll/u_gpll:CLKOUT0] successfully.
Executing : get_clocks cpu_clk
Executing : get_clocks cpu_clk successfully.
Executing : get_clocks JTAG_CLK
Executing : get_clocks JTAG_CLK successfully.
Executing : set_clock_groups -asynchronous -group [get_clocks cpu_clk] -group [get_clocks JTAG_CLK]
Executing : set_clock_groups -asynchronous -group [get_clocks cpu_clk] -group [get_clocks JTAG_CLK] successfully.
Executing : get_clocks cpu_clk
Executing : get_clocks cpu_clk successfully.
Executing : get_clocks CAM1_PCLK
Executing : get_clocks CAM1_PCLK successfully.
Executing : get_clocks CAM2_PCLK
Executing : get_clocks CAM2_PCLK successfully.
Executing : set_clock_groups -asynchronous -group [get_clocks cpu_clk] -group [get_clocks CAM1_PCLK] -group [get_clocks CAM2_PCLK]
Executing : set_clock_groups -asynchronous -group [get_clocks cpu_clk] -group [get_clocks CAM1_PCLK] -group [get_clocks CAM2_PCLK] successfully.
C: ConstraintEditor-2009: p:cam1_scl is lack of PAP_IO_SLEW, OUTPUT or INOUT PORT had better set PAP_IO_SLEW, the optional value is {SLOW, FAST}.
C: ConstraintEditor-2009: p:cam1_sda is lack of PAP_IO_SLEW, OUTPUT or INOUT PORT had better set PAP_IO_SLEW, the optional value is {SLOW, FAST}.
C: ConstraintEditor-2009: p:cam1_reset_n is lack of PAP_IO_SLEW, OUTPUT or INOUT PORT had better set PAP_IO_SLEW, the optional value is {SLOW, FAST}.
C: ConstraintEditor-2009: p:cam2_scl is lack of PAP_IO_SLEW, OUTPUT or INOUT PORT had better set PAP_IO_SLEW, the optional value is {SLOW, FAST}.
C: ConstraintEditor-2009: p:cam2_sda is lack of PAP_IO_SLEW, OUTPUT or INOUT PORT had better set PAP_IO_SLEW, the optional value is {SLOW, FAST}.
C: ConstraintEditor-2009: p:cam2_reset_n is lack of PAP_IO_SLEW, OUTPUT or INOUT PORT had better set PAP_IO_SLEW, the optional value is {SLOW, FAST}.
C: ConstraintEditor-2009: p:core_active is lack of PAP_IO_DRIVE, OUTPUT or INOUT PORT had better set PAP_IO_DRIVE, the optional value is {8, 4, 12, 16}.
C: ConstraintEditor-2009: p:core_active is lack of PAP_IO_SLEW, OUTPUT or INOUT PORT had better set PAP_IO_SLEW, the optional value is {SLOW, FAST}.
C: ConstraintEditor-2002: [F:/SocFpga/soc.fdc(line number: 182)] | Port JTAG_TDI has been placed at location R20, whose type is share pin.
C: ConstraintEditor-2002: [F:/SocFpga/soc.fdc(line number: 188)] | Port JTAG_TMS has been placed at location P19, whose type is share pin.
C: ConstraintEditor-2002: [F:/SocFpga/soc.fdc(line number: 194)] | Port JTAG_TCK has been placed at location M24, whose type is share pin.
C: ConstraintEditor-2009: p:JTAG_TDO is lack of PAP_IO_DRIVE, OUTPUT or INOUT PORT had better set PAP_IO_DRIVE, the optional value is {8, 4, 12, 16}.
C: ConstraintEditor-2009: p:fpioa[0] is lack of PAP_IO_DRIVE, OUTPUT or INOUT PORT had better set PAP_IO_DRIVE, the optional value is {8, 4, 12, 16}.
C: ConstraintEditor-2009: p:fpioa[0] is lack of PAP_IO_SLEW, OUTPUT or INOUT PORT had better set PAP_IO_SLEW, the optional value is {SLOW, FAST}.
C: ConstraintEditor-2009: p:fpioa[1] is lack of PAP_IO_DRIVE, OUTPUT or INOUT PORT had better set PAP_IO_DRIVE, the optional value is {8, 4, 12, 16}.
C: ConstraintEditor-2009: p:fpioa[1] is lack of PAP_IO_SLEW, OUTPUT or INOUT PORT had better set PAP_IO_SLEW, the optional value is {SLOW, FAST}.
C: ConstraintEditor-2002: [F:/SocFpga/soc.fdc(line number: 225)] | Port fpioa[2] has been placed at location T22, whose type is share pin.
C: ConstraintEditor-2009: p:fpioa[2] is lack of PAP_IO_DRIVE, OUTPUT or INOUT PORT had better set PAP_IO_DRIVE, the optional value is {8, 4, 12, 16}.
C: ConstraintEditor-2009: p:fpioa[2] is lack of PAP_IO_SLEW, OUTPUT or INOUT PORT had better set PAP_IO_SLEW, the optional value is {SLOW, FAST}.
C: ConstraintEditor-2002: [F:/SocFpga/soc.fdc(line number: 231)] | Port fpioa[3] has been placed at location K25, whose type is share pin.
C: ConstraintEditor-2009: p:fpioa[3] is lack of PAP_IO_DRIVE, OUTPUT or INOUT PORT had better set PAP_IO_DRIVE, the optional value is {8, 4, 12, 16}.
C: ConstraintEditor-2009: p:fpioa[3] is lack of PAP_IO_SLEW, OUTPUT or INOUT PORT had better set PAP_IO_SLEW, the optional value is {SLOW, FAST}.
C: ConstraintEditor-2009: p:fpioa[4] is lack of PAP_IO_DRIVE, OUTPUT or INOUT PORT had better set PAP_IO_DRIVE, the optional value is {8, 4, 12, 16}.
C: ConstraintEditor-2009: p:fpioa[4] is lack of PAP_IO_SLEW, OUTPUT or INOUT PORT had better set PAP_IO_SLEW, the optional value is {SLOW, FAST}.
C: ConstraintEditor-2009: p:fpioa[5] is lack of PAP_IO_DRIVE, OUTPUT or INOUT PORT had better set PAP_IO_DRIVE, the optional value is {8, 4, 12, 16}.
C: ConstraintEditor-2009: p:fpioa[5] is lack of PAP_IO_SLEW, OUTPUT or INOUT PORT had better set PAP_IO_SLEW, the optional value is {SLOW, FAST}.
C: ConstraintEditor-2009: p:fpioa[6] is lack of PAP_IO_DRIVE, OUTPUT or INOUT PORT had better set PAP_IO_DRIVE, the optional value is {8, 4, 12, 16}.
C: ConstraintEditor-2009: p:fpioa[6] is lack of PAP_IO_SLEW, OUTPUT or INOUT PORT had better set PAP_IO_SLEW, the optional value is {SLOW, FAST}.
C: ConstraintEditor-2009: p:fpioa[7] is lack of PAP_IO_DRIVE, OUTPUT or INOUT PORT had better set PAP_IO_DRIVE, the optional value is {8, 4, 12, 16}.
C: ConstraintEditor-2009: p:fpioa[7] is lack of PAP_IO_SLEW, OUTPUT or INOUT PORT had better set PAP_IO_SLEW, the optional value is {SLOW, FAST}.
C: ConstraintEditor-2009: p:fpioa[8] is lack of PAP_IO_DRIVE, OUTPUT or INOUT PORT had better set PAP_IO_DRIVE, the optional value is {8, 4, 12, 16}.
C: ConstraintEditor-2009: p:fpioa[8] is lack of PAP_IO_SLEW, OUTPUT or INOUT PORT had better set PAP_IO_SLEW, the optional value is {SLOW, FAST}.
C: ConstraintEditor-2009: p:fpioa[9] is lack of PAP_IO_DRIVE, OUTPUT or INOUT PORT had better set PAP_IO_DRIVE, the optional value is {8, 4, 12, 16}.
C: ConstraintEditor-2009: p:fpioa[9] is lack of PAP_IO_SLEW, OUTPUT or INOUT PORT had better set PAP_IO_SLEW, the optional value is {SLOW, FAST}.
C: ConstraintEditor-2009: p:fpioa[10] is lack of PAP_IO_DRIVE, OUTPUT or INOUT PORT had better set PAP_IO_DRIVE, the optional value is {8, 4, 12, 16}.
C: ConstraintEditor-2009: p:fpioa[10] is lack of PAP_IO_SLEW, OUTPUT or INOUT PORT had better set PAP_IO_SLEW, the optional value is {SLOW, FAST}.
C: ConstraintEditor-2009: p:fpioa[11] is lack of PAP_IO_DRIVE, OUTPUT or INOUT PORT had better set PAP_IO_DRIVE, the optional value is {8, 4, 12, 16}.
C: ConstraintEditor-2009: p:fpioa[11] is lack of PAP_IO_SLEW, OUTPUT or INOUT PORT had better set PAP_IO_SLEW, the optional value is {SLOW, FAST}.
C: ConstraintEditor-2009: p:fpioa[12] is lack of PAP_IO_DRIVE, OUTPUT or INOUT PORT had better set PAP_IO_DRIVE, the optional value is {8, 4, 12, 16}.
C: ConstraintEditor-2009: p:fpioa[12] is lack of PAP_IO_SLEW, OUTPUT or INOUT PORT had better set PAP_IO_SLEW, the optional value is {SLOW, FAST}.
C: ConstraintEditor-2009: p:fpioa[13] is lack of PAP_IO_DRIVE, OUTPUT or INOUT PORT had better set PAP_IO_DRIVE, the optional value is {8, 4, 12, 16}.
C: ConstraintEditor-2009: p:fpioa[13] is lack of PAP_IO_SLEW, OUTPUT or INOUT PORT had better set PAP_IO_SLEW, the optional value is {SLOW, FAST}.
C: ConstraintEditor-2009: p:fpioa[14] is lack of PAP_IO_DRIVE, OUTPUT or INOUT PORT had better set PAP_IO_DRIVE, the optional value is {8, 4, 12, 16}.
C: ConstraintEditor-2009: p:fpioa[14] is lack of PAP_IO_SLEW, OUTPUT or INOUT PORT had better set PAP_IO_SLEW, the optional value is {SLOW, FAST}.
C: ConstraintEditor-2009: p:fpioa[15] is lack of PAP_IO_DRIVE, OUTPUT or INOUT PORT had better set PAP_IO_DRIVE, the optional value is {8, 4, 12, 16}.
C: ConstraintEditor-2009: p:fpioa[15] is lack of PAP_IO_SLEW, OUTPUT or INOUT PORT had better set PAP_IO_SLEW, the optional value is {SLOW, FAST}.
C: ConstraintEditor-2009: p:fpioa[16] is lack of PAP_IO_DRIVE, OUTPUT or INOUT PORT had better set PAP_IO_DRIVE, the optional value is {8, 4, 12, 16}.
C: ConstraintEditor-2009: p:fpioa[16] is lack of PAP_IO_SLEW, OUTPUT or INOUT PORT had better set PAP_IO_SLEW, the optional value is {SLOW, FAST}.
C: ConstraintEditor-2009: p:fpioa[17] is lack of PAP_IO_DRIVE, OUTPUT or INOUT PORT had better set PAP_IO_DRIVE, the optional value is {8, 4, 12, 16}.
C: ConstraintEditor-2009: p:fpioa[17] is lack of PAP_IO_SLEW, OUTPUT or INOUT PORT had better set PAP_IO_SLEW, the optional value is {SLOW, FAST}.
C: UserConstraintEditor-2001: [F:/SocFpga/soc.fdc(line number: 318)] IO Direction INPUT is incorrect, change it to INOUT.
C: ConstraintEditor-2009: p:fpioa[18] is lack of PAP_IO_DRIVE, OUTPUT or INOUT PORT had better set PAP_IO_DRIVE, the optional value is {8, 4, 12, 16}.
C: ConstraintEditor-2009: p:fpioa[18] is lack of PAP_IO_SLEW, OUTPUT or INOUT PORT had better set PAP_IO_SLEW, the optional value is {SLOW, FAST}.
C: ConstraintEditor-2009: p:fpioa[19] is lack of PAP_IO_DRIVE, OUTPUT or INOUT PORT had better set PAP_IO_DRIVE, the optional value is {8, 4, 12, 16}.
C: ConstraintEditor-2009: p:fpioa[19] is lack of PAP_IO_SLEW, OUTPUT or INOUT PORT had better set PAP_IO_SLEW, the optional value is {SLOW, FAST}.
C: ConstraintEditor-2002: [F:/SocFpga/soc.fdc(line number: 333)] | Port fpioa[20] has been placed at location R23, whose type is share pin.
C: ConstraintEditor-2009: p:fpioa[20] is lack of PAP_IO_DRIVE, OUTPUT or INOUT PORT had better set PAP_IO_DRIVE, the optional value is {8, 4, 12, 16}.
C: ConstraintEditor-2009: p:fpioa[20] is lack of PAP_IO_SLEW, OUTPUT or INOUT PORT had better set PAP_IO_SLEW, the optional value is {SLOW, FAST}.
C: ConstraintEditor-2002: [F:/SocFpga/soc.fdc(line number: 339)] | Port fpioa[21] has been placed at location T23, whose type is share pin.
C: ConstraintEditor-2009: p:fpioa[21] is lack of PAP_IO_DRIVE, OUTPUT or INOUT PORT had better set PAP_IO_DRIVE, the optional value is {8, 4, 12, 16}.
C: ConstraintEditor-2009: p:fpioa[21] is lack of PAP_IO_SLEW, OUTPUT or INOUT PORT had better set PAP_IO_SLEW, the optional value is {SLOW, FAST}.
C: ConstraintEditor-2002: [F:/SocFpga/soc.fdc(line number: 345)] | Port fpioa[22] has been placed at location P26, whose type is share pin.
C: ConstraintEditor-2009: p:fpioa[22] is lack of PAP_IO_DRIVE, OUTPUT or INOUT PORT had better set PAP_IO_DRIVE, the optional value is {8, 4, 12, 16}.
C: ConstraintEditor-2009: p:fpioa[22] is lack of PAP_IO_SLEW, OUTPUT or INOUT PORT had better set PAP_IO_SLEW, the optional value is {SLOW, FAST}.
C: ConstraintEditor-2002: [F:/SocFpga/soc.fdc(line number: 351)] | Port fpioa[23] has been placed at location R26, whose type is share pin.
C: ConstraintEditor-2009: p:fpioa[23] is lack of PAP_IO_DRIVE, OUTPUT or INOUT PORT had better set PAP_IO_DRIVE, the optional value is {8, 4, 12, 16}.
C: ConstraintEditor-2009: p:fpioa[23] is lack of PAP_IO_SLEW, OUTPUT or INOUT PORT had better set PAP_IO_SLEW, the optional value is {SLOW, FAST}.
C: ConstraintEditor-2002: [F:/SocFpga/soc.fdc(line number: 357)] | Port fpioa[24] has been placed at location M26, whose type is share pin.
C: ConstraintEditor-2009: p:fpioa[24] is lack of PAP_IO_DRIVE, OUTPUT or INOUT PORT had better set PAP_IO_DRIVE, the optional value is {8, 4, 12, 16}.
C: ConstraintEditor-2009: p:fpioa[24] is lack of PAP_IO_SLEW, OUTPUT or INOUT PORT had better set PAP_IO_SLEW, the optional value is {SLOW, FAST}.
C: ConstraintEditor-2002: [F:/SocFpga/soc.fdc(line number: 363)] | Port fpioa[25] has been placed at location N26, whose type is share pin.
C: ConstraintEditor-2009: p:fpioa[25] is lack of PAP_IO_DRIVE, OUTPUT or INOUT PORT had better set PAP_IO_DRIVE, the optional value is {8, 4, 12, 16}.
C: ConstraintEditor-2009: p:fpioa[25] is lack of PAP_IO_SLEW, OUTPUT or INOUT PORT had better set PAP_IO_SLEW, the optional value is {SLOW, FAST}.
C: ConstraintEditor-2009: p:fpioa[26] is lack of PAP_IO_DRIVE, OUTPUT or INOUT PORT had better set PAP_IO_DRIVE, the optional value is {8, 4, 12, 16}.
C: ConstraintEditor-2009: p:fpioa[26] is lack of PAP_IO_SLEW, OUTPUT or INOUT PORT had better set PAP_IO_SLEW, the optional value is {SLOW, FAST}.
C: ConstraintEditor-2009: p:fpioa[27] is lack of PAP_IO_DRIVE, OUTPUT or INOUT PORT had better set PAP_IO_DRIVE, the optional value is {8, 4, 12, 16}.
C: ConstraintEditor-2009: p:fpioa[27] is lack of PAP_IO_SLEW, OUTPUT or INOUT PORT had better set PAP_IO_SLEW, the optional value is {SLOW, FAST}.
C: UserConstraintEditor-2001: [F:/SocFpga/soc.fdc(line number: 380)] IO Direction INPUT is incorrect, change it to INOUT.
C: ConstraintEditor-2009: p:fpioa[28] is lack of PAP_IO_DRIVE, OUTPUT or INOUT PORT had better set PAP_IO_DRIVE, the optional value is {8, 4, 12, 16}.
C: ConstraintEditor-2009: p:fpioa[28] is lack of PAP_IO_SLEW, OUTPUT or INOUT PORT had better set PAP_IO_SLEW, the optional value is {SLOW, FAST}.
C: UserConstraintEditor-2001: [F:/SocFpga/soc.fdc(line number: 386)] IO Direction INPUT is incorrect, change it to INOUT.
C: ConstraintEditor-2009: p:fpioa[29] is lack of PAP_IO_DRIVE, OUTPUT or INOUT PORT had better set PAP_IO_DRIVE, the optional value is {8, 4, 12, 16}.
C: ConstraintEditor-2009: p:fpioa[29] is lack of PAP_IO_SLEW, OUTPUT or INOUT PORT had better set PAP_IO_SLEW, the optional value is {SLOW, FAST}.
C: ConstraintEditor-2009: p:fpioa[30] is lack of PAP_IO_DRIVE, OUTPUT or INOUT PORT had better set PAP_IO_DRIVE, the optional value is {8, 4, 12, 16}.
C: ConstraintEditor-2009: p:fpioa[30] is lack of PAP_IO_SLEW, OUTPUT or INOUT PORT had better set PAP_IO_SLEW, the optional value is {SLOW, FAST}.
C: ConstraintEditor-2009: p:fpioa[31] is lack of PAP_IO_DRIVE, OUTPUT or INOUT PORT had better set PAP_IO_DRIVE, the optional value is {8, 4, 12, 16}.
C: ConstraintEditor-2009: p:fpioa[31] is lack of PAP_IO_SLEW, OUTPUT or INOUT PORT had better set PAP_IO_SLEW, the optional value is {SLOW, FAST}.
C: ConstraintEditor-2002: [F:/SocFpga/soc.fdc(line number: 525)] | Port mem_dq[15] has been placed at location G6, whose type is share pin.
C: ConstraintEditor-2002: [F:/SocFpga/soc.fdc(line number: 539)] | Port mem_dq[13] has been placed at location E6, whose type is share pin.
C: ConstraintEditor-2002: [F:/SocFpga/soc.fdc(line number: 546)] | Port mem_dq[12] has been placed at location G8, whose type is share pin.
C: ConstraintEditor-2002: [F:/SocFpga/soc.fdc(line number: 553)] | Port mem_dq[11] has been placed at location D6, whose type is share pin.
C: ConstraintEditor-2002: [F:/SocFpga/soc.fdc(line number: 560)] | Port mem_dq[10] has been placed at location H8, whose type is share pin.
C: ConstraintEditor-2002: [F:/SocFpga/soc.fdc(line number: 574)] | Port mem_dq[8] has been placed at location H6, whose type is share pin.
C: ConstraintEditor-2002: [F:/SocFpga/soc.fdc(line number: 581)] | Port mem_dq[7] has been placed at location J5, whose type is share pin.
C: ConstraintEditor-2002: [F:/SocFpga/soc.fdc(line number: 595)] | Port mem_dq[5] has been placed at location K7, whose type is share pin.
C: ConstraintEditor-2002: [F:/SocFpga/soc.fdc(line number: 609)] | Port mem_dq[3] has been placed at location L8, whose type is share pin.
C: ConstraintEditor-2002: [F:/SocFpga/soc.fdc(line number: 623)] | Port mem_dq[1] has been placed at location J6, whose type is share pin.
C: ConstraintEditor-2002: [F:/SocFpga/soc.fdc(line number: 756)] | Port mem_dqs[1] has been placed at location H7, whose type is share pin.
C: ConstraintEditor-2002: [F:/SocFpga/soc.fdc(line number: 763)] | Port mem_dqs[0] has been placed at location J4, whose type is share pin.
C: ConstraintEditor-2002: [F:/SocFpga/soc.fdc(line number: 784)] | Port mem_dqs_n[1] has been placed at location G7, whose type is share pin.
C: ConstraintEditor-2002: [F:/SocFpga/soc.fdc(line number: 791)] | Port mem_dqs_n[0] has been placed at location H4, whose type is share pin.
C: ConstraintEditor-2002: [F:/SocFpga/soc.fdc(line number: 840)] | Port mem_dm[0] has been placed at location K6, whose type is share pin.
C: ConstraintEditor-2002: [F:/SocFpga/soc.fdc(line number: 934)] | Port flash_cs_n has been placed at location P18, whose type is share pin.
C: ConstraintEditor-2009: p:flash_cs_n is lack of PAP_IO_DRIVE, OUTPUT or INOUT PORT had better set PAP_IO_DRIVE, the optional value is {8, 4, 12, 16}.
C: ConstraintEditor-2009: p:flash_cs_n is lack of PAP_IO_SLEW, OUTPUT or INOUT PORT had better set PAP_IO_SLEW, the optional value is {SLOW, FAST}.
C: ConstraintEditor-2002: [F:/SocFpga/soc.fdc(line number: 939)] | Port flash_cs2_n has been placed at location F25, whose type is share pin.
C: ConstraintEditor-2009: p:flash_cs2_n is lack of PAP_IO_DRIVE, OUTPUT or INOUT PORT had better set PAP_IO_DRIVE, the optional value is {8, 4, 12, 16}.
C: ConstraintEditor-2009: p:flash_cs2_n is lack of PAP_IO_SLEW, OUTPUT or INOUT PORT had better set PAP_IO_SLEW, the optional value is {SLOW, FAST}.
C: ConstraintEditor-2002: [F:/SocFpga/soc.fdc(line number: 944)] | Port flash_mosi has been placed at location R14, whose type is share pin.
C: ConstraintEditor-2009: p:flash_mosi is lack of PAP_IO_DRIVE, OUTPUT or INOUT PORT had better set PAP_IO_DRIVE, the optional value is {8, 4, 12, 16}.
C: ConstraintEditor-2009: p:flash_mosi is lack of PAP_IO_SLEW, OUTPUT or INOUT PORT had better set PAP_IO_SLEW, the optional value is {SLOW, FAST}.
C: ConstraintEditor-2002: [F:/SocFpga/soc.fdc(line number: 949)] | Port flash_miso has been placed at location R15, whose type is share pin.
C: ConstraintEditor-2002: [F:/SocFpga/soc.fdc(line number: 954)] | Port flash_wp_n has been placed at location P14, whose type is share pin.
C: ConstraintEditor-2009: p:flash_wp_n is lack of PAP_IO_DRIVE, OUTPUT or INOUT PORT had better set PAP_IO_DRIVE, the optional value is {8, 4, 12, 16}.
C: ConstraintEditor-2009: p:flash_wp_n is lack of PAP_IO_SLEW, OUTPUT or INOUT PORT had better set PAP_IO_SLEW, the optional value is {SLOW, FAST}.
C: ConstraintEditor-2002: [F:/SocFpga/soc.fdc(line number: 959)] | Port flash_hold_n has been placed at location N14, whose type is share pin.
C: ConstraintEditor-2009: p:flash_hold_n is lack of PAP_IO_DRIVE, OUTPUT or INOUT PORT had better set PAP_IO_DRIVE, the optional value is {8, 4, 12, 16}.
C: ConstraintEditor-2009: p:flash_hold_n is lack of PAP_IO_SLEW, OUTPUT or INOUT PORT had better set PAP_IO_SLEW, the optional value is {SLOW, FAST}.
Constraint check end.

C: SDC-2025: Clock source 'n:clk_p' need a clock constraint, please use 'create_clock' or 'create_generate_clock' to generate.
Executing : get_ports clk_p
Executing : get_ports clk_p successfully.
Executing : create_clock -name Hfpga_soc|clk_p [get_ports clk_p] -period 1000.000 -waveform {0.000 500.000} -add
Executing : create_clock -name Hfpga_soc|clk_p [get_ports clk_p] -period 1000.000 -waveform {0.000 500.000} -add successfully.
Executing : set_clock_groups -name Inferred_clock_group_0 -asynchronous -group Hfpga_soc|clk_p
Executing : set_clock_groups -name Inferred_clock_group_0 -asynchronous -group Hfpga_soc|clk_p successfully.
C: SDC-2025: Clock source 'n:u_ddr3_ctrl/u_ddrphy_top/ddrphy_slice_top/i_dqs_bank[0].ddrphy_ppll/clkoutphy' need a clock constraint, please use 'create_clock' or 'create_generate_clock' to generate.
Executing : get_pins {u_ddr3_ctrl/u_ddrphy_top/ddrphy_slice_top/i_dqs_bank[0].ddrphy_ppll/u_ppll:CLKOUTPHY}
Executing : get_pins {u_ddr3_ctrl/u_ddrphy_top/ddrphy_slice_top/i_dqs_bank[0].ddrphy_ppll/u_ppll:CLKOUTPHY} successfully.
Executing : create_clock -name {ips2l_ddrphy_ppll_v1_0|u_ddr3_ctrl/u_ddrphy_top/ddrphy_slice_top/i_dqs_bank[0].ddrphy_ppll/u_ppll/CLKOUTPHY} [get_pins {u_ddr3_ctrl/u_ddrphy_top/ddrphy_slice_top/i_dqs_bank[0].ddrphy_ppll/u_ppll:CLKOUTPHY}] -period 1000.000 -waveform {0.000 500.000} -add
Executing : create_clock -name {ips2l_ddrphy_ppll_v1_0|u_ddr3_ctrl/u_ddrphy_top/ddrphy_slice_top/i_dqs_bank[0].ddrphy_ppll/u_ppll/CLKOUTPHY} [get_pins {u_ddr3_ctrl/u_ddrphy_top/ddrphy_slice_top/i_dqs_bank[0].ddrphy_ppll/u_ppll:CLKOUTPHY}] -period 1000.000 -waveform {0.000 500.000} -add successfully.
Executing : set_clock_groups -name Inferred_clock_group_1 -asynchronous -group {ips2l_ddrphy_ppll_v1_0|u_ddr3_ctrl/u_ddrphy_top/ddrphy_slice_top/i_dqs_bank[0].ddrphy_ppll/u_ppll/CLKOUTPHY}
Executing : set_clock_groups -name Inferred_clock_group_1 -asynchronous -group {ips2l_ddrphy_ppll_v1_0|u_ddr3_ctrl/u_ddrphy_top/ddrphy_slice_top/i_dqs_bank[0].ddrphy_ppll/u_ppll/CLKOUTPHY} successfully.
C: SDC-2025: Clock source 'n:u_ddr3_ctrl/u_ddrphy_top/ddrphy_slice_top/phy_sysclk_fb' need a clock constraint, please use 'create_clock' or 'create_generate_clock' to generate.
Executing : get_pins {u_ddr3_ctrl/u_ddrphy_top/ddrphy_slice_top/i_dqs_bank[0].u_ddrphy_ioclkdiv:CLKDIVOUT}
Executing : get_pins {u_ddr3_ctrl/u_ddrphy_top/ddrphy_slice_top/i_dqs_bank[0].u_ddrphy_ioclkdiv:CLKDIVOUT} successfully.
Executing : create_clock -name {ips2l_ddrphy_slice_top_v1_16|u_ddr3_ctrl/u_ddrphy_top/ddrphy_slice_top/i_dqs_bank[0].u_ddrphy_ioclkdiv/CLKDIVOUT} [get_pins {u_ddr3_ctrl/u_ddrphy_top/ddrphy_slice_top/i_dqs_bank[0].u_ddrphy_ioclkdiv:CLKDIVOUT}] -period 1000.000 -waveform {0.000 500.000} -add
Executing : create_clock -name {ips2l_ddrphy_slice_top_v1_16|u_ddr3_ctrl/u_ddrphy_top/ddrphy_slice_top/i_dqs_bank[0].u_ddrphy_ioclkdiv/CLKDIVOUT} [get_pins {u_ddr3_ctrl/u_ddrphy_top/ddrphy_slice_top/i_dqs_bank[0].u_ddrphy_ioclkdiv:CLKDIVOUT}] -period 1000.000 -waveform {0.000 500.000} -add successfully.
Executing : set_clock_groups -name Inferred_clock_group_2 -asynchronous -group {ips2l_ddrphy_slice_top_v1_16|u_ddr3_ctrl/u_ddrphy_top/ddrphy_slice_top/i_dqs_bank[0].u_ddrphy_ioclkdiv/CLKDIVOUT}
Executing : set_clock_groups -name Inferred_clock_group_2 -asynchronous -group {ips2l_ddrphy_slice_top_v1_16|u_ddr3_ctrl/u_ddrphy_top/ddrphy_slice_top/i_dqs_bank[0].u_ddrphy_ioclkdiv/CLKDIVOUT} successfully.
C: SDC-2025: Clock source 'n:u_ddr3_ctrl/u_ddrphy_top/ddrphy_slice_top/i_dqs_bank[1].ddrphy_ppll/clkoutphy' need a clock constraint, please use 'create_clock' or 'create_generate_clock' to generate.
Executing : get_pins {u_ddr3_ctrl/u_ddrphy_top/ddrphy_slice_top/i_dqs_bank[1].ddrphy_ppll/u_ppll:CLKOUTPHY}
Executing : get_pins {u_ddr3_ctrl/u_ddrphy_top/ddrphy_slice_top/i_dqs_bank[1].ddrphy_ppll/u_ppll:CLKOUTPHY} successfully.
Executing : create_clock -name {ips2l_ddrphy_ppll_v1_0|u_ddr3_ctrl/u_ddrphy_top/ddrphy_slice_top/i_dqs_bank[1].ddrphy_ppll/u_ppll/CLKOUTPHY} [get_pins {u_ddr3_ctrl/u_ddrphy_top/ddrphy_slice_top/i_dqs_bank[1].ddrphy_ppll/u_ppll:CLKOUTPHY}] -period 1000.000 -waveform {0.000 500.000} -add
Executing : create_clock -name {ips2l_ddrphy_ppll_v1_0|u_ddr3_ctrl/u_ddrphy_top/ddrphy_slice_top/i_dqs_bank[1].ddrphy_ppll/u_ppll/CLKOUTPHY} [get_pins {u_ddr3_ctrl/u_ddrphy_top/ddrphy_slice_top/i_dqs_bank[1].ddrphy_ppll/u_ppll:CLKOUTPHY}] -period 1000.000 -waveform {0.000 500.000} -add successfully.
Executing : set_clock_groups -name Inferred_clock_group_3 -asynchronous -group {ips2l_ddrphy_ppll_v1_0|u_ddr3_ctrl/u_ddrphy_top/ddrphy_slice_top/i_dqs_bank[1].ddrphy_ppll/u_ppll/CLKOUTPHY}
Executing : set_clock_groups -name Inferred_clock_group_3 -asynchronous -group {ips2l_ddrphy_ppll_v1_0|u_ddr3_ctrl/u_ddrphy_top/ddrphy_slice_top/i_dqs_bank[1].ddrphy_ppll/u_ppll/CLKOUTPHY} successfully.
C: SDC-2025: Clock source 'n:u_ddr3_ctrl/u_ddrphy_top/ddrphy_slice_top/phy_sysclk_p[1]' need a clock constraint, please use 'create_clock' or 'create_generate_clock' to generate.
Executing : get_pins {u_ddr3_ctrl/u_ddrphy_top/ddrphy_slice_top/i_dqs_bank[1].u_ddrphy_ioclkdiv:CLKDIVOUT}
Executing : get_pins {u_ddr3_ctrl/u_ddrphy_top/ddrphy_slice_top/i_dqs_bank[1].u_ddrphy_ioclkdiv:CLKDIVOUT} successfully.
Executing : create_clock -name {ips2l_ddrphy_slice_top_v1_16|u_ddr3_ctrl/u_ddrphy_top/ddrphy_slice_top/i_dqs_bank[1].u_ddrphy_ioclkdiv/CLKDIVOUT} [get_pins {u_ddr3_ctrl/u_ddrphy_top/ddrphy_slice_top/i_dqs_bank[1].u_ddrphy_ioclkdiv:CLKDIVOUT}] -period 1000.000 -waveform {0.000 500.000} -add
Executing : create_clock -name {ips2l_ddrphy_slice_top_v1_16|u_ddr3_ctrl/u_ddrphy_top/ddrphy_slice_top/i_dqs_bank[1].u_ddrphy_ioclkdiv/CLKDIVOUT} [get_pins {u_ddr3_ctrl/u_ddrphy_top/ddrphy_slice_top/i_dqs_bank[1].u_ddrphy_ioclkdiv:CLKDIVOUT}] -period 1000.000 -waveform {0.000 500.000} -add successfully.
Executing : set_clock_groups -name Inferred_clock_group_4 -asynchronous -group {ips2l_ddrphy_slice_top_v1_16|u_ddr3_ctrl/u_ddrphy_top/ddrphy_slice_top/i_dqs_bank[1].u_ddrphy_ioclkdiv/CLKDIVOUT}
Executing : set_clock_groups -name Inferred_clock_group_4 -asynchronous -group {ips2l_ddrphy_slice_top_v1_16|u_ddr3_ctrl/u_ddrphy_top/ddrphy_slice_top/i_dqs_bank[1].u_ddrphy_ioclkdiv/CLKDIVOUT} successfully.
C: SDC-2025: Clock source 'n:u_ddr3_ctrl/u_ddrphy_top/rst_clk_gpll/clkout0' need a clock constraint, please use 'create_clock' or 'create_generate_clock' to generate.
Executing : get_pins u_ddr3_ctrl/u_ddrphy_top/rst_clk_gpll/u_gpll:CLKOUT0
Executing : get_pins u_ddr3_ctrl/u_ddrphy_top/rst_clk_gpll/u_gpll:CLKOUT0 successfully.
Executing : create_clock -name ips2l_ddrphy_gpll_v1_3|u_ddr3_ctrl/u_ddrphy_top/rst_clk_gpll/u_gpll/CLKOUT0 [get_pins u_ddr3_ctrl/u_ddrphy_top/rst_clk_gpll/u_gpll:CLKOUT0] -period 1000.000 -waveform {0.000 500.000} -add
Executing : create_clock -name ips2l_ddrphy_gpll_v1_3|u_ddr3_ctrl/u_ddrphy_top/rst_clk_gpll/u_gpll/CLKOUT0 [get_pins u_ddr3_ctrl/u_ddrphy_top/rst_clk_gpll/u_gpll:CLKOUT0] -period 1000.000 -waveform {0.000 500.000} -add successfully.
Executing : set_clock_groups -name Inferred_clock_group_5 -asynchronous -group ips2l_ddrphy_gpll_v1_3|u_ddr3_ctrl/u_ddrphy_top/rst_clk_gpll/u_gpll/CLKOUT0
Executing : set_clock_groups -name Inferred_clock_group_5 -asynchronous -group ips2l_ddrphy_gpll_v1_3|u_ddr3_ctrl/u_ddrphy_top/rst_clk_gpll/u_gpll/CLKOUT0 successfully.
C: SDC-2025: Clock source 'n:u_ddr3_ctrl/u_ddrphy_top/ddrphy_gpll/clkout0' need a clock constraint, please use 'create_clock' or 'create_generate_clock' to generate.
Executing : get_pins u_ddr3_ctrl/u_ddrphy_top/ddrphy_gpll/u_gpll:CLKOUT0
Executing : get_pins u_ddr3_ctrl/u_ddrphy_top/ddrphy_gpll/u_gpll:CLKOUT0 successfully.
Executing : create_clock -name ips2l_ddrphy_gpll_v1_3|u_ddr3_ctrl/u_ddrphy_top/ddrphy_gpll/u_gpll/CLKOUT0 [get_pins u_ddr3_ctrl/u_ddrphy_top/ddrphy_gpll/u_gpll:CLKOUT0] -period 1000.000 -waveform {0.000 500.000} -add
Executing : create_clock -name ips2l_ddrphy_gpll_v1_3|u_ddr3_ctrl/u_ddrphy_top/ddrphy_gpll/u_gpll/CLKOUT0 [get_pins u_ddr3_ctrl/u_ddrphy_top/ddrphy_gpll/u_gpll:CLKOUT0] -period 1000.000 -waveform {0.000 500.000} -add successfully.
Executing : set_clock_groups -name Inferred_clock_group_6 -asynchronous -group ips2l_ddrphy_gpll_v1_3|u_ddr3_ctrl/u_ddrphy_top/ddrphy_gpll/u_gpll/CLKOUT0
Executing : set_clock_groups -name Inferred_clock_group_6 -asynchronous -group ips2l_ddrphy_gpll_v1_3|u_ddr3_ctrl/u_ddrphy_top/ddrphy_gpll/u_gpll/CLKOUT0 successfully.
Start pre-mapping.
W: Public-4008: Instance 'u_rst_gpll_phase_adj_finish_sync/sig_async_r1[0]' of 'bmsWIDEDFFCPE' unit is dangling and will be cleaned.
W: Public-4008: Instance 'u_rst_gpll_phase_adj_finish_sync/sig_async_r2[0]' of 'bmsWIDEDFFCPE' unit is dangling and will be cleaned.
W: Public-4008: Instance 'u_wrlvl_step_fix_sync/sig_async_r1[0]' of 'bmsWIDEDFFCPE' unit is dangling and will be cleaned.
W: Public-4008: Instance 'u_wrlvl_step_fix_sync/sig_async_r2[0]' of 'bmsWIDEDFFCPE' unit is dangling and will be cleaned.
W: Public-4008: Instance 'u_check_out_sync_point_begin_sync/sig_async_r1[0]' of 'bmsWIDEDFFCPE' unit is dangling and will be cleaned.
W: Public-4008: Instance 'u_check_out_sync_point_begin_sync/sig_async_r2[0]' of 'bmsWIDEDFFCPE' unit is dangling and will be cleaned.
W: Adm-4019: Unable to further flatten instance 'u_debug_core'. The design is empty.
I: Constant propagation done on u_cpu/u_dcache/data_ram_way[0].data_ram_bank[0].u/u_ram/U_ipml_spram_DataRAM/N66 (bmsREDAND).
I: Constant propagation done on u_cpu/u_dcache/data_ram_way[0].data_ram_bank[1].u/u_ram/U_ipml_spram_DataRAM/N66 (bmsREDAND).
I: Constant propagation done on u_cpu/u_dcache/data_ram_way[0].data_ram_bank[2].u/u_ram/U_ipml_spram_DataRAM/N66 (bmsREDAND).
I: Constant propagation done on u_cpu/u_dcache/data_ram_way[0].data_ram_bank[3].u/u_ram/U_ipml_spram_DataRAM/N66 (bmsREDAND).
I: Constant propagation done on u_cpu/u_dcache/data_ram_way[1].data_ram_bank[0].u/u_ram/U_ipml_spram_DataRAM/N66 (bmsREDAND).
I: Constant propagation done on u_cpu/u_dcache/data_ram_way[1].data_ram_bank[1].u/u_ram/U_ipml_spram_DataRAM/N66 (bmsREDAND).
I: Constant propagation done on u_cpu/u_dcache/data_ram_way[1].data_ram_bank[2].u/u_ram/U_ipml_spram_DataRAM/N66 (bmsREDAND).
I: Constant propagation done on u_cpu/u_dcache/data_ram_way[1].data_ram_bank[3].u/u_ram/U_ipml_spram_DataRAM/N66 (bmsREDAND).
I: Constant propagation done on u_cpu/u_dcache/tagv_ram_way[0].u/u_ram/U_ipml_spram_TagvRAM/N60 (bmsREDAND).
I: Constant propagation done on u_cpu/u_dcache/tagv_ram_way[1].u/u_ram/U_ipml_spram_TagvRAM/N60 (bmsREDAND).
I: Removed bmsPMUX inst N148 that is redundant to N131
I: Removed bmsSUB inst N61 that is redundant to N60
I: Removed bmsSUB inst N70 that is redundant to N69
I: Removed bmsSUB inst N61 that is redundant to N60
I: Removed bmsSUB inst N70 that is redundant to N69
I: Removed bmsSUB inst N61 that is redundant to N60
I: Removed bmsSUB inst N70 that is redundant to N69
I: Removed bmsSUB inst N61 that is redundant to N60
I: Removed bmsSUB inst N70 that is redundant to N69
I: Removed bmsSUB inst N61 that is redundant to N60
I: Removed bmsSUB inst N70 that is redundant to N69
I: Removed bmsSUB inst N61 that is redundant to N60
I: Removed bmsSUB inst N70 that is redundant to N69
I: Removed bmsSUB inst N61 that is redundant to N60
I: Removed bmsSUB inst N70 that is redundant to N69
I: Removed bmsSUB inst N61 that is redundant to N60
I: Removed bmsSUB inst N70 that is redundant to N69
I: Removed bmsSUB inst N61 that is redundant to N60
I: Removed bmsSUB inst N70 that is redundant to N69
I: Removed bmsSUB inst N70 that is redundant to N69
I: Removed bmsSUB inst N61 that is redundant to N60
I: Removed bmsSUB inst N61 that is redundant to N60
I: Removed bmsSUB inst N70 that is redundant to N69
I: Removed bmsSUB inst N70 that is redundant to N69
I: Removed bmsSUB inst N61 that is redundant to N60
I: Removed bmsSUB inst N70 that is redundant to N69
I: Removed bmsSUB inst N61 that is redundant to N60
I: Removed bmsSUB inst N70 that is redundant to N69
I: Removed bmsSUB inst N61 that is redundant to N60
I: Removed bmsSUB inst N70 that is redundant to N69
I: Removed bmsSUB inst N61 that is redundant to N60
I: Removed bmsSUB inst N70 that is redundant to N69
I: Removed bmsSUB inst N61 that is redundant to N60
I: Removed bmsSUB inst N70 that is redundant to N69
I: Removed bmsSUB inst N61 that is redundant to N60
I: Removed bmsSUB inst N70 that is redundant to N69
I: Removed bmsSUB inst N61 that is redundant to N60
I: Removed bmsSUB inst N70 that is redundant to N69
I: Removed bmsSUB inst N61 that is redundant to N60
I: Removed bmsSUB inst N70 that is redundant to N69
I: Removed bmsSUB inst N61 that is redundant to N60
I: Removed bmsSUB inst N70 that is redundant to N69
I: Removed bmsSUB inst N61 that is redundant to N60
I: Removed bmsSUB inst N70 that is redundant to N69
I: Removed bmsSUB inst N61 that is redundant to N60
I: Removed bmsSUB inst N70 that is redundant to N69
I: Removed bmsSUB inst N61 that is redundant to N60
I: Removed bmsSUB inst N70 that is redundant to N69
I: Removed bmsSUB inst N61 that is redundant to N60
I: Removed bmsSUB inst N70 that is redundant to N69
I: Removed bmsSUB inst N61 that is redundant to N60
I: Removed bmsSUB inst N70 that is redundant to N69
I: Removed bmsSUB inst N61 that is redundant to N60
I: Removed bmsSUB inst N70 that is redundant to N69
I: Removed bmsSUB inst N61 that is redundant to N60
I: Removed bmsSUB inst N70 that is redundant to N69
I: Removed bmsSUB inst N61 that is redundant to N60
I: Removed bmsSUB inst N70 that is redundant to N69
I: Removed bmsSUB inst N61 that is redundant to N60
I: Removed bmsSUB inst N70 that is redundant to N69
I: Removed bmsSUB inst N61 that is redundant to N60
I: Removed bmsSUB inst N70 that is redundant to N69
I: Removed bmsSUB inst N61 that is redundant to N60
I: Removed bmsSUB inst N70 that is redundant to N69
I: Removed bmsSUB inst N61 that is redundant to N60
I: Removed bmsSUB inst N70 that is redundant to N69
I: Removed bmsSUB inst N61 that is redundant to N60
I: Removed bmsSUB inst N70 that is redundant to N69
I: Removed bmsSUB inst N61 that is redundant to N60
I: Removed bmsSUB inst N70 that is redundant to N69
I: Removed bmsSUB inst N61 that is redundant to N60
I: Removed bmsSUB inst N70 that is redundant to N69
I: Removed bmsSUB inst N61 that is redundant to N60
I: Removed bmsSUB inst N70 that is redundant to N69
I: Removed bmsSUB inst N61 that is redundant to N60
I: Removed bmsSUB inst N70 that is redundant to N69
I: Removed bmsSUB inst N61 that is redundant to N60
I: Removed bmsSUB inst N70 that is redundant to N69
I: Removed bmsSUB inst N61 that is redundant to N60
I: Removed bmsSUB inst N70 that is redundant to N69
I: Removed bmsSUB inst N61 that is redundant to N60
I: Removed bmsSUB inst N70 that is redundant to N69
I: Removed bmsSUB inst N61 that is redundant to N60
I: Removed bmsWIDEDFFCPE inst dqs_odd_gray[15] that is redundant to dqs_even_gray[15]
I: Removed bmsWIDEDFFCPE inst dqs_odd_gray[23] that is redundant to dqs_even_gray[23]
I: Removed bmsWIDEDFFCPE inst dqs_odd_gray[31] that is redundant to dqs_even_gray[31]
I: Removed bmsWIDEDFFCPE inst dqs_odd_gray[7] that is redundant to dqs_even_gray[7]
I: Removed bmsWIDEDFFCPE inst dqs_odd_win[7:0] that is redundant to dqs_even_win[7:0]
I: Removed bmsWIDEDFFCPE inst dqs_odd_win[15:8] that is redundant to dqs_even_win[15:8]
I: Removed bmsWIDEDFFCPE inst dqs_odd_win[23:16] that is redundant to dqs_even_win[23:16]
I: Removed bmsWIDEDFFCPE inst dqs_odd_win[31:24] that is redundant to dqs_even_win[31:24]
I: Removed bmsWIDEDFFCPE inst dqs_odd_gray[6] that is redundant to dqs_even_gray[6]
I: Removed bmsWIDEDFFCPE inst dqs_odd_gray[5] that is redundant to dqs_even_gray[5]
I: Removed bmsWIDEDFFCPE inst dqs_odd_gray[4] that is redundant to dqs_even_gray[4]
I: Removed bmsWIDEDFFCPE inst dqs_odd_gray[3] that is redundant to dqs_even_gray[3]
I: Removed bmsWIDEDFFCPE inst dqs_odd_gray[2] that is redundant to dqs_even_gray[2]
I: Removed bmsWIDEDFFCPE inst dqs_odd_gray[1] that is redundant to dqs_even_gray[1]
I: Removed bmsWIDEDFFCPE inst dqs_odd_gray[0] that is redundant to dqs_even_gray[0]
I: Removed bmsWIDEDFFCPE inst dqs_odd_gray[14] that is redundant to dqs_even_gray[14]
I: Removed bmsWIDEDFFCPE inst dqs_odd_gray[13] that is redundant to dqs_even_gray[13]
I: Removed bmsWIDEDFFCPE inst dqs_odd_gray[12] that is redundant to dqs_even_gray[12]
I: Removed bmsWIDEDFFCPE inst dqs_odd_gray[11] that is redundant to dqs_even_gray[11]
I: Removed bmsWIDEDFFCPE inst dqs_odd_gray[10] that is redundant to dqs_even_gray[10]
I: Removed bmsWIDEDFFCPE inst dqs_odd_gray[9] that is redundant to dqs_even_gray[9]
I: Removed bmsWIDEDFFCPE inst dqs_odd_gray[8] that is redundant to dqs_even_gray[8]
I: Removed bmsWIDEDFFCPE inst dqs_odd_gray[22] that is redundant to dqs_even_gray[22]
I: Removed bmsWIDEDFFCPE inst dqs_odd_gray[21] that is redundant to dqs_even_gray[21]
I: Removed bmsWIDEDFFCPE inst dqs_odd_gray[20] that is redundant to dqs_even_gray[20]
I: Removed bmsWIDEDFFCPE inst dqs_odd_gray[19] that is redundant to dqs_even_gray[19]
I: Removed bmsWIDEDFFCPE inst dqs_odd_gray[18] that is redundant to dqs_even_gray[18]
I: Removed bmsWIDEDFFCPE inst dqs_odd_gray[17] that is redundant to dqs_even_gray[17]
I: Removed bmsWIDEDFFCPE inst dqs_odd_gray[16] that is redundant to dqs_even_gray[16]
I: Removed bmsWIDEDFFCPE inst dqs_odd_gray[30] that is redundant to dqs_even_gray[30]
I: Removed bmsWIDEDFFCPE inst dqs_odd_gray[29] that is redundant to dqs_even_gray[29]
I: Removed bmsWIDEDFFCPE inst dqs_odd_gray[28] that is redundant to dqs_even_gray[28]
I: Removed bmsWIDEDFFCPE inst dqs_odd_gray[27] that is redundant to dqs_even_gray[27]
I: Removed bmsWIDEDFFCPE inst dqs_odd_gray[26] that is redundant to dqs_even_gray[26]
I: Removed bmsWIDEDFFCPE inst dqs_odd_gray[25] that is redundant to dqs_even_gray[25]
I: Removed bmsWIDEDFFCPE inst dqs_odd_gray[24] that is redundant to dqs_even_gray[24]
I: Removed bmsPMUX inst w_adj_wrdq_en_90 that is redundant to N668_1
I: Removed bmsPMUX inst w_adj_wrdq_en_90 that is redundant to N668_1
I: Removed bmsPMUX inst w_adj_wrdq_en_90 that is redundant to N668_1
I: Removed bmsPMUX inst w_adj_wrdq_en_90 that is redundant to N668_1
I: Removed bmsWIDEMUX inst N225[7:4] that is redundant to N130[3:0]
I: Removed bmsWIDEMUX inst N320[11:8] that is redundant to N130[3:0]
I: Removed bmsWIDEMUX inst N415[15:12] that is redundant to N130[3:0]
I: Removed bmsWIDEDFFCPE inst gate_win_size[7:4] that is redundant to gate_win_size[3:0]
I: Removed bmsWIDEDFFCPE inst gate_win_size[11:8] that is redundant to gate_win_size[3:0]
I: Removed bmsWIDEDFFCPE inst gate_win_size[15:12] that is redundant to gate_win_size[3:0]
I: Removed bmsSUB inst N61 that is redundant to N60
I: Removed bmsSUB inst N70 that is redundant to N69
I: Removed bmsSUB inst N70 that is redundant to N69
I: Removed bmsSUB inst N61 that is redundant to N60
I: Removed bmsSUB inst N70 that is redundant to N69
I: Removed bmsSUB inst N61 that is redundant to N60
I: Removed bmsSUB inst N70 that is redundant to N69
I: Removed bmsSUB inst N61 that is redundant to N60
I: Removed bmsPMUX inst N1084_1 that is redundant to N779_1
I: Removed bmsDECODER inst ND3_0 that is redundant to ND2_0
I: Removed bmsDECODER inst ND2_0 that is redundant to ND1_0
I: Removed bmsDECODER inst ND1_0 that is redundant to ND4
I: Encoding type of FSM 'cpu_snapshot_state_fsm[1:0]' is: onehot.
I: Encoding table of FSM 'cpu_snapshot_state_fsm[1:0]':
I: from  u_cam1/cpu_snapshot_state[1] u_cam1/cpu_snapshot_state[0]
I: to  u_cam1/cpu_snapshot_state_reg[2] u_cam1/cpu_snapshot_state_reg[1] u_cam1/cpu_snapshot_state_reg[0]
I: 00 => 001
I: 01 => 010
I: 10 => 100
I: Encoding type of FSM 'mem_snapshot_state_fsm[1:0]' is: onehot.
I: Encoding table of FSM 'mem_snapshot_state_fsm[1:0]':
I: from  u_cam1/mem_snapshot_state[1] u_cam1/mem_snapshot_state[0]
I: to  u_cam1/mem_snapshot_state_reg[2] u_cam1/mem_snapshot_state_reg[1] u_cam1/mem_snapshot_state_reg[0]
I: 00 => 001
I: 01 => 010
I: 10 => 100
I: Encoding type of FSM 'error_code_fsm[31:0]' is: onehot.
I: Encoding table of FSM 'error_code_fsm[31:0]':
I: from  u_cam1/u_dma/error_code[31] u_cam1/u_dma/error_code[30] u_cam1/u_dma/error_code[29] u_cam1/u_dma/error_code[28] u_cam1/u_dma/error_code[27] u_cam1/u_dma/error_code[26] u_cam1/u_dma/error_code[25] u_cam1/u_dma/error_code[24] u_cam1/u_dma/error_code[23] u_cam1/u_dma/error_code[22] u_cam1/u_dma/error_code[21] u_cam1/u_dma/error_code[20] u_cam1/u_dma/error_code[19] u_cam1/u_dma/error_code[18] u_cam1/u_dma/error_code[17] u_cam1/u_dma/error_code[16] u_cam1/u_dma/error_code[15] u_cam1/u_dma/error_code[14] u_cam1/u_dma/error_code[13] u_cam1/u_dma/error_code[12] u_cam1/u_dma/error_code[11] u_cam1/u_dma/error_code[10] u_cam1/u_dma/error_code[9] u_cam1/u_dma/error_code[8] u_cam1/u_dma/error_code[7] u_cam1/u_dma/error_code[6] u_cam1/u_dma/error_code[5] u_cam1/u_dma/error_code[4] u_cam1/u_dma/error_code[3] u_cam1/u_dma/error_code[2] u_cam1/u_dma/error_code[1] u_cam1/u_dma/error_code[0]
I: to  u_cam1/u_dma/error_code_reg[9] u_cam1/u_dma/error_code_reg[8] u_cam1/u_dma/error_code_reg[7] u_cam1/u_dma/error_code_reg[6] u_cam1/u_dma/error_code_reg[5] u_cam1/u_dma/error_code_reg[4] u_cam1/u_dma/error_code_reg[3] u_cam1/u_dma/error_code_reg[2] u_cam1/u_dma/error_code_reg[1] u_cam1/u_dma/error_code_reg[0]
I: 00000000000000000000000000000000 => 0000000001
I: 00000000000000000000000000000001 => 0000000010
I: 00000000000000000000000000000010 => 0000000100
I: 00000000000000000000000000000011 => 0000001000
I: 00000000000000000000000000000100 => 0000010000
I: 00000000000000000000000000000101 => 0000100000
I: 00000000000000000000000000000110 => 0001000000
I: 00000000000000000000000000000111 => 0010000000
I: 00000000000000000000000000001000 => 0100000000
I: 00000000000000000000000000001001 => 1000000000
I: Encoding type of FSM 'state_fsm[2:0]' is: onehot.
I: Encoding table of FSM 'state_fsm[2:0]':
I: from  u_cam1/u_dma/state[2] u_cam1/u_dma/state[1] u_cam1/u_dma/state[0]
I: to  u_cam1/u_dma/state_reg[6] u_cam1/u_dma/state_reg[5] u_cam1/u_dma/state_reg[4] u_cam1/u_dma/state_reg[3] u_cam1/u_dma/state_reg[2] u_cam1/u_dma/state_reg[1] u_cam1/u_dma/state_reg[0]
I: 000 => 0000001
I: 001 => 0000010
I: 010 => 0000100
I: 011 => 0001000
I: 100 => 0010000
I: 101 => 0100000
I: 110 => 1000000
I: Encoding type of FSM 'cpu_snapshot_state_fsm[1:0]' is: onehot.
I: Encoding table of FSM 'cpu_snapshot_state_fsm[1:0]':
I: from  u_cam2/cpu_snapshot_state[1] u_cam2/cpu_snapshot_state[0]
I: to  u_cam2/cpu_snapshot_state_reg[2] u_cam2/cpu_snapshot_state_reg[1] u_cam2/cpu_snapshot_state_reg[0]
I: 00 => 001
I: 01 => 010
I: 10 => 100
I: Encoding type of FSM 'mem_snapshot_state_fsm[1:0]' is: onehot.
I: Encoding table of FSM 'mem_snapshot_state_fsm[1:0]':
I: from  u_cam2/mem_snapshot_state[1] u_cam2/mem_snapshot_state[0]
I: to  u_cam2/mem_snapshot_state_reg[2] u_cam2/mem_snapshot_state_reg[1] u_cam2/mem_snapshot_state_reg[0]
I: 00 => 001
I: 01 => 010
I: 10 => 100
I: Encoding type of FSM 'error_code_fsm[31:0]' is: onehot.
I: Encoding table of FSM 'error_code_fsm[31:0]':
I: from  u_cam2/u_dma/error_code[31] u_cam2/u_dma/error_code[30] u_cam2/u_dma/error_code[29] u_cam2/u_dma/error_code[28] u_cam2/u_dma/error_code[27] u_cam2/u_dma/error_code[26] u_cam2/u_dma/error_code[25] u_cam2/u_dma/error_code[24] u_cam2/u_dma/error_code[23] u_cam2/u_dma/error_code[22] u_cam2/u_dma/error_code[21] u_cam2/u_dma/error_code[20] u_cam2/u_dma/error_code[19] u_cam2/u_dma/error_code[18] u_cam2/u_dma/error_code[17] u_cam2/u_dma/error_code[16] u_cam2/u_dma/error_code[15] u_cam2/u_dma/error_code[14] u_cam2/u_dma/error_code[13] u_cam2/u_dma/error_code[12] u_cam2/u_dma/error_code[11] u_cam2/u_dma/error_code[10] u_cam2/u_dma/error_code[9] u_cam2/u_dma/error_code[8] u_cam2/u_dma/error_code[7] u_cam2/u_dma/error_code[6] u_cam2/u_dma/error_code[5] u_cam2/u_dma/error_code[4] u_cam2/u_dma/error_code[3] u_cam2/u_dma/error_code[2] u_cam2/u_dma/error_code[1] u_cam2/u_dma/error_code[0]
I: to  u_cam2/u_dma/error_code_reg[9] u_cam2/u_dma/error_code_reg[8] u_cam2/u_dma/error_code_reg[7] u_cam2/u_dma/error_code_reg[6] u_cam2/u_dma/error_code_reg[5] u_cam2/u_dma/error_code_reg[4] u_cam2/u_dma/error_code_reg[3] u_cam2/u_dma/error_code_reg[2] u_cam2/u_dma/error_code_reg[1] u_cam2/u_dma/error_code_reg[0]
I: 00000000000000000000000000000000 => 0000000001
I: 00000000000000000000000000000001 => 0000000010
I: 00000000000000000000000000000010 => 0000000100
I: 00000000000000000000000000000011 => 0000001000
I: 00000000000000000000000000000100 => 0000010000
I: 00000000000000000000000000000101 => 0000100000
I: 00000000000000000000000000000110 => 0001000000
I: 00000000000000000000000000000111 => 0010000000
I: 00000000000000000000000000001000 => 0100000000
I: 00000000000000000000000000001001 => 1000000000
I: Encoding type of FSM 'state_fsm[2:0]' is: onehot.
I: Encoding table of FSM 'state_fsm[2:0]':
I: from  u_cam2/u_dma/state[2] u_cam2/u_dma/state[1] u_cam2/u_dma/state[0]
I: to  u_cam2/u_dma/state_reg[6] u_cam2/u_dma/state_reg[5] u_cam2/u_dma/state_reg[4] u_cam2/u_dma/state_reg[3] u_cam2/u_dma/state_reg[2] u_cam2/u_dma/state_reg[1] u_cam2/u_dma/state_reg[0]
I: 000 => 0000001
I: 001 => 0000010
I: 010 => 0000100
I: 011 => 0001000
I: 100 => 0010000
I: 101 => 0100000
I: 110 => 1000000
I: Encoding type of FSM 'write_state_fsm[1:0]' is: onehot.
I: Encoding table of FSM 'write_state_fsm[1:0]':
I: from  u_camera_ddr_arbiter/write_state[1] u_camera_ddr_arbiter/write_state[0]
I: to  u_camera_ddr_arbiter/write_state_reg[2] u_camera_ddr_arbiter/write_state_reg[1] u_camera_ddr_arbiter/write_state_reg[0]
I: 00 => 001
I: 01 => 010
I: 10 => 100
I: Encoding type of FSM 'write_requst_state_fsm[2:0]' is: onehot.
I: Encoding table of FSM 'write_requst_state_fsm[2:0]':
I: from  u_cpu/u_axi_bridge/write_requst_state[2] u_cpu/u_axi_bridge/write_requst_state[1] u_cpu/u_axi_bridge/write_requst_state[0]
I: to  u_cpu/u_axi_bridge/write_requst_state_reg[3] u_cpu/u_axi_bridge/write_requst_state_reg[2] u_cpu/u_axi_bridge/write_requst_state_reg[1] u_cpu/u_axi_bridge/write_requst_state_reg[0]
I: 000 => 0001
I: 100 => 0010
I: 101 => 0100
I: 110 => 1000
I: Encoding type of FSM 'arlen_fsm[7:0]' is: onehot.
W: [F:/SocFpga/cpu/axi_bridge.v(line number:163)] The forced initial state for regs on FSM arlen_fsm[7:0] is 00000000 and be encoded 01.
I: Encoding table of FSM 'arlen_fsm[7:0]':
I: from  u_cpu/u_axi_bridge/arlen[7] u_cpu/u_axi_bridge/arlen[6] u_cpu/u_axi_bridge/arlen[5] u_cpu/u_axi_bridge/arlen[4] u_cpu/u_axi_bridge/arlen[3] u_cpu/u_axi_bridge/arlen[2] u_cpu/u_axi_bridge/arlen[1] u_cpu/u_axi_bridge/arlen[0]
I: to  u_cpu/u_axi_bridge/arlen_reg[1] u_cpu/u_axi_bridge/arlen_reg[0]
I: 00000000 => 01
I: 00000011 => 10
I: Encoding type of FSM 'main_state_fsm[4:0]' is: onehot.
I: Encoding table of FSM 'main_state_fsm[4:0]':
I: from  u_cpu/u_dcache/main_state[4] u_cpu/u_dcache/main_state[3] u_cpu/u_dcache/main_state[2] u_cpu/u_dcache/main_state[1] u_cpu/u_dcache/main_state[0]
I: to  u_cpu/u_dcache/main_state_reg[4] u_cpu/u_dcache/main_state_reg[3] u_cpu/u_dcache/main_state_reg[2] u_cpu/u_dcache/main_state_reg[1] u_cpu/u_dcache/main_state_reg[0]
I: 00001 => 00001
I: 00010 => 00010
I: 00100 => 00100
I: 01000 => 01000
I: 10000 => 10000
I: Encoding type of FSM 'main_state_fsm[3:0]' is: onehot.
I: Encoding table of FSM 'main_state_fsm[3:0]':
I: from  u_cpu/u_icache/main_state[3] u_cpu/u_icache/main_state[2] u_cpu/u_icache/main_state[1] u_cpu/u_icache/main_state[0]
I: to  u_cpu/u_icache/main_state_reg[3] u_cpu/u_icache/main_state_reg[2] u_cpu/u_icache/main_state_reg[1] u_cpu/u_icache/main_state_reg[0]
I: 0001 => 0001
I: 0010 => 0010
I: 0100 => 0100
I: 1000 => 1000
I: Encoding type of FSM 'genblk1.rdcal_state_fsm[4:0]' is: onehot.
I: Encoding table of FSM 'genblk1.rdcal_state_fsm[4:0]':
I: from  u_ddr3_ctrl/u_ddrphy_top/ddrphy_calib_top/ddrphy_rdcal/genblk1.rdcal_state[4] u_ddr3_ctrl/u_ddrphy_top/ddrphy_calib_top/ddrphy_rdcal/genblk1.rdcal_state[3] u_ddr3_ctrl/u_ddrphy_top/ddrphy_calib_top/ddrphy_rdcal/genblk1.rdcal_state[2] u_ddr3_ctrl/u_ddrphy_top/ddrphy_calib_top/ddrphy_rdcal/genblk1.rdcal_state[1] u_ddr3_ctrl/u_ddrphy_top/ddrphy_calib_top/ddrphy_rdcal/genblk1.rdcal_state[0]
I: to  u_ddr3_ctrl/u_ddrphy_top/ddrphy_calib_top/ddrphy_rdcal/genblk1.rdcal_state_reg[19] u_ddr3_ctrl/u_ddrphy_top/ddrphy_calib_top/ddrphy_rdcal/genblk1.rdcal_state_reg[18] u_ddr3_ctrl/u_ddrphy_top/ddrphy_calib_top/ddrphy_rdcal/genblk1.rdcal_state_reg[17] u_ddr3_ctrl/u_ddrphy_top/ddrphy_calib_top/ddrphy_rdcal/genblk1.rdcal_state_reg[16] u_ddr3_ctrl/u_ddrphy_top/ddrphy_calib_top/ddrphy_rdcal/genblk1.rdcal_state_reg[15] u_ddr3_ctrl/u_ddrphy_top/ddrphy_calib_top/ddrphy_rdcal/genblk1.rdcal_state_reg[14] u_ddr3_ctrl/u_ddrphy_top/ddrphy_calib_top/ddrphy_rdcal/genblk1.rdcal_state_reg[13] u_ddr3_ctrl/u_ddrphy_top/ddrphy_calib_top/ddrphy_rdcal/genblk1.rdcal_state_reg[12] u_ddr3_ctrl/u_ddrphy_top/ddrphy_calib_top/ddrphy_rdcal/genblk1.rdcal_state_reg[11] u_ddr3_ctrl/u_ddrphy_top/ddrphy_calib_top/ddrphy_rdcal/genblk1.rdcal_state_reg[10] u_ddr3_ctrl/u_ddrphy_top/ddrphy_calib_top/ddrphy_rdcal/genblk1.rdcal_state_reg[9] u_ddr3_ctrl/u_ddrphy_top/ddrphy_calib_top/ddrphy_rdcal/genblk1.rdcal_state_reg[8] u_ddr3_ctrl/u_ddrphy_top/ddrphy_calib_top/ddrphy_rdcal/genblk1.rdcal_state_reg[7] u_ddr3_ctrl/u_ddrphy_top/ddrphy_calib_top/ddrphy_rdcal/genblk1.rdcal_state_reg[6] u_ddr3_ctrl/u_ddrphy_top/ddrphy_calib_top/ddrphy_rdcal/genblk1.rdcal_state_reg[5] u_ddr3_ctrl/u_ddrphy_top/ddrphy_calib_top/ddrphy_rdcal/genblk1.rdcal_state_reg[4] u_ddr3_ctrl/u_ddrphy_top/ddrphy_calib_top/ddrphy_rdcal/genblk1.rdcal_state_reg[3] u_ddr3_ctrl/u_ddrphy_top/ddrphy_calib_top/ddrphy_rdcal/genblk1.rdcal_state_reg[2] u_ddr3_ctrl/u_ddrphy_top/ddrphy_calib_top/ddrphy_rdcal/genblk1.rdcal_state_reg[1] u_ddr3_ctrl/u_ddrphy_top/ddrphy_calib_top/ddrphy_rdcal/genblk1.rdcal_state_reg[0]
I: 00000 => 00000000000000000001
I: 00001 => 00000000000000000010
I: 00010 => 00000000000000000100
I: 00011 => 00000000000000001000
I: 00100 => 00000000000000010000
I: 00101 => 00000000000000100000
I: 00110 => 00000000000001000000
I: 00111 => 00000000000010000000
I: 01000 => 00000000000100000000
I: 01001 => 00000000001000000000
I: 01010 => 00000000010000000000
I: 01011 => 00000000100000000000
I: 01100 => 00000001000000000000
I: 01101 => 00000010000000000000
I: 01110 => 00000100000000000000
I: 01111 => 00001000000000000000
I: 10000 => 00010000000000000000
I: 10001 => 00100000000000000000
I: 10010 => 01000000000000000000
I: 10011 => 10000000000000000000
I: Encoding type of FSM 'upcal_state_fsm[3:0]' is: onehot.
I: Encoding table of FSM 'upcal_state_fsm[3:0]':
I: from  u_ddr3_ctrl/u_ddrphy_top/ddrphy_calib_top/ddrphy_upcal/upcal_state[3] u_ddr3_ctrl/u_ddrphy_top/ddrphy_calib_top/ddrphy_upcal/upcal_state[2] u_ddr3_ctrl/u_ddrphy_top/ddrphy_calib_top/ddrphy_upcal/upcal_state[1] u_ddr3_ctrl/u_ddrphy_top/ddrphy_calib_top/ddrphy_upcal/upcal_state[0]
I: to  u_ddr3_ctrl/u_ddrphy_top/ddrphy_calib_top/ddrphy_upcal/upcal_state_reg[2] u_ddr3_ctrl/u_ddrphy_top/ddrphy_calib_top/ddrphy_upcal/upcal_state_reg[1] u_ddr3_ctrl/u_ddrphy_top/ddrphy_calib_top/ddrphy_upcal/upcal_state_reg[0]
I: 0000 => 001
I: 0001 => 010
I: 0010 => 100
I: Encoding type of FSM 'wrcal_state_fsm[3:0]' is: onehot.
I: Encoding table of FSM 'wrcal_state_fsm[3:0]':
I: from  u_ddr3_ctrl/u_ddrphy_top/ddrphy_calib_top/ddrphy_wrcal/wrcal_state[3] u_ddr3_ctrl/u_ddrphy_top/ddrphy_calib_top/ddrphy_wrcal/wrcal_state[2] u_ddr3_ctrl/u_ddrphy_top/ddrphy_calib_top/ddrphy_wrcal/wrcal_state[1] u_ddr3_ctrl/u_ddrphy_top/ddrphy_calib_top/ddrphy_wrcal/wrcal_state[0]
I: to  u_ddr3_ctrl/u_ddrphy_top/ddrphy_calib_top/ddrphy_wrcal/wrcal_state_reg[10] u_ddr3_ctrl/u_ddrphy_top/ddrphy_calib_top/ddrphy_wrcal/wrcal_state_reg[9] u_ddr3_ctrl/u_ddrphy_top/ddrphy_calib_top/ddrphy_wrcal/wrcal_state_reg[8] u_ddr3_ctrl/u_ddrphy_top/ddrphy_calib_top/ddrphy_wrcal/wrcal_state_reg[7] u_ddr3_ctrl/u_ddrphy_top/ddrphy_calib_top/ddrphy_wrcal/wrcal_state_reg[6] u_ddr3_ctrl/u_ddrphy_top/ddrphy_calib_top/ddrphy_wrcal/wrcal_state_reg[5] u_ddr3_ctrl/u_ddrphy_top/ddrphy_calib_top/ddrphy_wrcal/wrcal_state_reg[4] u_ddr3_ctrl/u_ddrphy_top/ddrphy_calib_top/ddrphy_wrcal/wrcal_state_reg[3] u_ddr3_ctrl/u_ddrphy_top/ddrphy_calib_top/ddrphy_wrcal/wrcal_state_reg[2] u_ddr3_ctrl/u_ddrphy_top/ddrphy_calib_top/ddrphy_wrcal/wrcal_state_reg[1] u_ddr3_ctrl/u_ddrphy_top/ddrphy_calib_top/ddrphy_wrcal/wrcal_state_reg[0]
I: 0000 => 00000000001
I: 0001 => 00000000010
I: 0010 => 00000000100
I: 0011 => 00000001000
I: 0100 => 00000010000
I: 0101 => 00000100000
I: 0110 => 00001000000
I: 0111 => 00010000000
I: 1000 => 00100000000
I: 1001 => 01000000000
I: 1010 => 10000000000
I: Encoding type of FSM 'wrlvl_state_fsm[3:0]' is: onehot.
I: Encoding table of FSM 'wrlvl_state_fsm[3:0]':
I: from  u_ddr3_ctrl/u_ddrphy_top/ddrphy_calib_top/ddrphy_wrlvl/wrlvl_state[3] u_ddr3_ctrl/u_ddrphy_top/ddrphy_calib_top/ddrphy_wrlvl/wrlvl_state[2] u_ddr3_ctrl/u_ddrphy_top/ddrphy_calib_top/ddrphy_wrlvl/wrlvl_state[1] u_ddr3_ctrl/u_ddrphy_top/ddrphy_calib_top/ddrphy_wrlvl/wrlvl_state[0]
I: to  u_ddr3_ctrl/u_ddrphy_top/ddrphy_calib_top/ddrphy_wrlvl/wrlvl_state_reg[8] u_ddr3_ctrl/u_ddrphy_top/ddrphy_calib_top/ddrphy_wrlvl/wrlvl_state_reg[7] u_ddr3_ctrl/u_ddrphy_top/ddrphy_calib_top/ddrphy_wrlvl/wrlvl_state_reg[6] u_ddr3_ctrl/u_ddrphy_top/ddrphy_calib_top/ddrphy_wrlvl/wrlvl_state_reg[5] u_ddr3_ctrl/u_ddrphy_top/ddrphy_calib_top/ddrphy_wrlvl/wrlvl_state_reg[4] u_ddr3_ctrl/u_ddrphy_top/ddrphy_calib_top/ddrphy_wrlvl/wrlvl_state_reg[3] u_ddr3_ctrl/u_ddrphy_top/ddrphy_calib_top/ddrphy_wrlvl/wrlvl_state_reg[2] u_ddr3_ctrl/u_ddrphy_top/ddrphy_calib_top/ddrphy_wrlvl/wrlvl_state_reg[1] u_ddr3_ctrl/u_ddrphy_top/ddrphy_calib_top/ddrphy_wrlvl/wrlvl_state_reg[0]
I: 0000 => 000000001
I: 0001 => 000000010
I: 0010 => 000000100
I: 0011 => 000001000
I: 0100 => 000010000
I: 0101 => 000100000
I: 0110 => 001000000
I: 0111 => 010000000
I: 1000 => 100000000
I: Encoding type of FSM 'eyecal_state_fsm[3:0]' is: onehot.
I: Encoding table of FSM 'eyecal_state_fsm[3:0]':
I: from  u_ddr3_ctrl/u_ddrphy_top/ddrphy_calib_top/ddrphy_eyecal/eyecal_state[3] u_ddr3_ctrl/u_ddrphy_top/ddrphy_calib_top/ddrphy_eyecal/eyecal_state[2] u_ddr3_ctrl/u_ddrphy_top/ddrphy_calib_top/ddrphy_eyecal/eyecal_state[1] u_ddr3_ctrl/u_ddrphy_top/ddrphy_calib_top/ddrphy_eyecal/eyecal_state[0]
I: to  u_ddr3_ctrl/u_ddrphy_top/ddrphy_calib_top/ddrphy_eyecal/eyecal_state_reg[9] u_ddr3_ctrl/u_ddrphy_top/ddrphy_calib_top/ddrphy_eyecal/eyecal_state_reg[8] u_ddr3_ctrl/u_ddrphy_top/ddrphy_calib_top/ddrphy_eyecal/eyecal_state_reg[7] u_ddr3_ctrl/u_ddrphy_top/ddrphy_calib_top/ddrphy_eyecal/eyecal_state_reg[6] u_ddr3_ctrl/u_ddrphy_top/ddrphy_calib_top/ddrphy_eyecal/eyecal_state_reg[5] u_ddr3_ctrl/u_ddrphy_top/ddrphy_calib_top/ddrphy_eyecal/eyecal_state_reg[4] u_ddr3_ctrl/u_ddrphy_top/ddrphy_calib_top/ddrphy_eyecal/eyecal_state_reg[3] u_ddr3_ctrl/u_ddrphy_top/ddrphy_calib_top/ddrphy_eyecal/eyecal_state_reg[2] u_ddr3_ctrl/u_ddrphy_top/ddrphy_calib_top/ddrphy_eyecal/eyecal_state_reg[1] u_ddr3_ctrl/u_ddrphy_top/ddrphy_calib_top/ddrphy_eyecal/eyecal_state_reg[0]
I: 0000 => 0000000001
I: 0001 => 0000000010
I: 0010 => 0000000100
I: 0011 => 0000001000
I: 0100 => 0000010000
I: 0101 => 0000100000
I: 0110 => 0001000000
I: 0111 => 0010000000
I: 1000 => 0100000000
I: 1001 => 1000000000
I: Encoding type of FSM 'init_state_fsm[3:0]' is: onehot.
I: Encoding table of FSM 'init_state_fsm[3:0]':
I: from  u_ddr3_ctrl/u_ddrphy_top/ddrphy_calib_top/ddrphy_init/init_state[3] u_ddr3_ctrl/u_ddrphy_top/ddrphy_calib_top/ddrphy_init/init_state[2] u_ddr3_ctrl/u_ddrphy_top/ddrphy_calib_top/ddrphy_init/init_state[1] u_ddr3_ctrl/u_ddrphy_top/ddrphy_calib_top/ddrphy_init/init_state[0]
I: to  u_ddr3_ctrl/u_ddrphy_top/ddrphy_calib_top/ddrphy_init/init_state_reg[9] u_ddr3_ctrl/u_ddrphy_top/ddrphy_calib_top/ddrphy_init/init_state_reg[8] u_ddr3_ctrl/u_ddrphy_top/ddrphy_calib_top/ddrphy_init/init_state_reg[7] u_ddr3_ctrl/u_ddrphy_top/ddrphy_calib_top/ddrphy_init/init_state_reg[6] u_ddr3_ctrl/u_ddrphy_top/ddrphy_calib_top/ddrphy_init/init_state_reg[5] u_ddr3_ctrl/u_ddrphy_top/ddrphy_calib_top/ddrphy_init/init_state_reg[4] u_ddr3_ctrl/u_ddrphy_top/ddrphy_calib_top/ddrphy_init/init_state_reg[3] u_ddr3_ctrl/u_ddrphy_top/ddrphy_calib_top/ddrphy_init/init_state_reg[2] u_ddr3_ctrl/u_ddrphy_top/ddrphy_calib_top/ddrphy_init/init_state_reg[1] u_ddr3_ctrl/u_ddrphy_top/ddrphy_calib_top/ddrphy_init/init_state_reg[0]
I: 0000 => 0000000001
I: 0001 => 0000000010
I: 0010 => 0000000100
I: 0011 => 0000001000
I: 0100 => 0000010000
I: 0101 => 0000100000
I: 0110 => 0001000000
I: 0111 => 0010000000
I: 1000 => 0100000000
I: 1001 => 1000000000
I: Encoding type of FSM 'error_status_fsm[3:0]' is: onehot.
I: Encoding table of FSM 'error_status_fsm[3:0]':
I: from  u_ddr3_ctrl/u_ddrphy_top/ddrphy_calib_top/ddrphy_main_ctrl/error_status[3] u_ddr3_ctrl/u_ddrphy_top/ddrphy_calib_top/ddrphy_main_ctrl/error_status[2] u_ddr3_ctrl/u_ddrphy_top/ddrphy_calib_top/ddrphy_main_ctrl/error_status[1] u_ddr3_ctrl/u_ddrphy_top/ddrphy_calib_top/ddrphy_main_ctrl/error_status[0]
I: to  u_ddr3_ctrl/u_ddrphy_top/ddrphy_calib_top/ddrphy_main_ctrl/error_status_reg[6] u_ddr3_ctrl/u_ddrphy_top/ddrphy_calib_top/ddrphy_main_ctrl/error_status_reg[5] u_ddr3_ctrl/u_ddrphy_top/ddrphy_calib_top/ddrphy_main_ctrl/error_status_reg[4] u_ddr3_ctrl/u_ddrphy_top/ddrphy_calib_top/ddrphy_main_ctrl/error_status_reg[3] u_ddr3_ctrl/u_ddrphy_top/ddrphy_calib_top/ddrphy_main_ctrl/error_status_reg[2] u_ddr3_ctrl/u_ddrphy_top/ddrphy_calib_top/ddrphy_main_ctrl/error_status_reg[1] u_ddr3_ctrl/u_ddrphy_top/ddrphy_calib_top/ddrphy_main_ctrl/error_status_reg[0]
I: 0000 => 0000001
I: 0001 => 0000010
I: 0010 => 0000100
I: 0011 => 0001000
I: 0100 => 0010000
I: 0101 => 0100000
I: 0110 => 1000000
I: Encoding type of FSM 'main_state_fsm[3:0]' is: onehot.
I: Encoding table of FSM 'main_state_fsm[3:0]':
I: from  u_ddr3_ctrl/u_ddrphy_top/ddrphy_calib_top/ddrphy_main_ctrl/main_state[3] u_ddr3_ctrl/u_ddrphy_top/ddrphy_calib_top/ddrphy_main_ctrl/main_state[2] u_ddr3_ctrl/u_ddrphy_top/ddrphy_calib_top/ddrphy_main_ctrl/main_state[1] u_ddr3_ctrl/u_ddrphy_top/ddrphy_calib_top/ddrphy_main_ctrl/main_state[0]
I: to  u_ddr3_ctrl/u_ddrphy_top/ddrphy_calib_top/ddrphy_main_ctrl/main_state_reg[7] u_ddr3_ctrl/u_ddrphy_top/ddrphy_calib_top/ddrphy_main_ctrl/main_state_reg[6] u_ddr3_ctrl/u_ddrphy_top/ddrphy_calib_top/ddrphy_main_ctrl/main_state_reg[5] u_ddr3_ctrl/u_ddrphy_top/ddrphy_calib_top/ddrphy_main_ctrl/main_state_reg[4] u_ddr3_ctrl/u_ddrphy_top/ddrphy_calib_top/ddrphy_main_ctrl/main_state_reg[3] u_ddr3_ctrl/u_ddrphy_top/ddrphy_calib_top/ddrphy_main_ctrl/main_state_reg[2] u_ddr3_ctrl/u_ddrphy_top/ddrphy_calib_top/ddrphy_main_ctrl/main_state_reg[1] u_ddr3_ctrl/u_ddrphy_top/ddrphy_calib_top/ddrphy_main_ctrl/main_state_reg[0]
I: 0000 => 00000001
I: 0001 => 00000010
I: 0010 => 00000100
I: 0011 => 00001000
I: 0100 => 00010000
I: 0101 => 00100000
I: 0110 => 01000000
I: 0111 => 10000000
I: Encoding type of FSM 'cpd_state_fsm[3:0]' is: onehot.
I: Encoding table of FSM 'cpd_state_fsm[3:0]':
I: from  u_ddr3_ctrl/u_ddrphy_top/ddrphy_cpd_ctrl/cpd_state[3] u_ddr3_ctrl/u_ddrphy_top/ddrphy_cpd_ctrl/cpd_state[2] u_ddr3_ctrl/u_ddrphy_top/ddrphy_cpd_ctrl/cpd_state[1] u_ddr3_ctrl/u_ddrphy_top/ddrphy_cpd_ctrl/cpd_state[0]
I: to  u_ddr3_ctrl/u_ddrphy_top/ddrphy_cpd_ctrl/cpd_state_reg[9] u_ddr3_ctrl/u_ddrphy_top/ddrphy_cpd_ctrl/cpd_state_reg[8] u_ddr3_ctrl/u_ddrphy_top/ddrphy_cpd_ctrl/cpd_state_reg[7] u_ddr3_ctrl/u_ddrphy_top/ddrphy_cpd_ctrl/cpd_state_reg[6] u_ddr3_ctrl/u_ddrphy_top/ddrphy_cpd_ctrl/cpd_state_reg[5] u_ddr3_ctrl/u_ddrphy_top/ddrphy_cpd_ctrl/cpd_state_reg[4] u_ddr3_ctrl/u_ddrphy_top/ddrphy_cpd_ctrl/cpd_state_reg[3] u_ddr3_ctrl/u_ddrphy_top/ddrphy_cpd_ctrl/cpd_state_reg[2] u_ddr3_ctrl/u_ddrphy_top/ddrphy_cpd_ctrl/cpd_state_reg[1] u_ddr3_ctrl/u_ddrphy_top/ddrphy_cpd_ctrl/cpd_state_reg[0]
I: 0000 => 0000000001
I: 0001 => 0000000010
I: 0010 => 0000000100
I: 0011 => 0000001000
I: 0100 => 0000010000
I: 0101 => 0000100000
I: 0110 => 0001000000
I: 0111 => 0010000000
I: 1000 => 0100000000
I: 1001 => 1000000000
I: Encoding type of FSM 'state_fsm[1:0]' is: onehot.
I: Encoding table of FSM 'state_fsm[1:0]':
I: from  u_ddr3_ctrl/u_ddrphy_top/ddrphy_dll_update_ctrl/state[1] u_ddr3_ctrl/u_ddrphy_top/ddrphy_dll_update_ctrl/state[0]
I: to  u_ddr3_ctrl/u_ddrphy_top/ddrphy_dll_update_ctrl/state_reg[3] u_ddr3_ctrl/u_ddrphy_top/ddrphy_dll_update_ctrl/state_reg[2] u_ddr3_ctrl/u_ddrphy_top/ddrphy_dll_update_ctrl/state_reg[1] u_ddr3_ctrl/u_ddrphy_top/ddrphy_dll_update_ctrl/state_reg[0]
I: 00 => 0001
I: 01 => 0010
I: 10 => 0100
I: 11 => 1000
I: Encoding type of FSM 'state_fsm[3:0]' is: onehot.
I: Encoding table of FSM 'state_fsm[3:0]':
I: from  u_ddr3_ctrl/u_ddrphy_top/ddrphy_reset_ctrl/state[3] u_ddr3_ctrl/u_ddrphy_top/ddrphy_reset_ctrl/state[2] u_ddr3_ctrl/u_ddrphy_top/ddrphy_reset_ctrl/state[1] u_ddr3_ctrl/u_ddrphy_top/ddrphy_reset_ctrl/state[0]
I: to  u_ddr3_ctrl/u_ddrphy_top/ddrphy_reset_ctrl/state_reg[10] u_ddr3_ctrl/u_ddrphy_top/ddrphy_reset_ctrl/state_reg[9] u_ddr3_ctrl/u_ddrphy_top/ddrphy_reset_ctrl/state_reg[8] u_ddr3_ctrl/u_ddrphy_top/ddrphy_reset_ctrl/state_reg[7] u_ddr3_ctrl/u_ddrphy_top/ddrphy_reset_ctrl/state_reg[6] u_ddr3_ctrl/u_ddrphy_top/ddrphy_reset_ctrl/state_reg[5] u_ddr3_ctrl/u_ddrphy_top/ddrphy_reset_ctrl/state_reg[4] u_ddr3_ctrl/u_ddrphy_top/ddrphy_reset_ctrl/state_reg[3] u_ddr3_ctrl/u_ddrphy_top/ddrphy_reset_ctrl/state_reg[2] u_ddr3_ctrl/u_ddrphy_top/ddrphy_reset_ctrl/state_reg[1] u_ddr3_ctrl/u_ddrphy_top/ddrphy_reset_ctrl/state_reg[0]
I: 0000 => 00000000001
I: 0001 => 00000000010
I: 0010 => 00000000100
I: 0011 => 00000001000
I: 0100 => 00000010000
I: 0101 => 00000100000
I: 0110 => 00001000000
I: 0111 => 00010000000
I: 1000 => 00100000000
I: 1001 => 01000000000
I: 1010 => 10000000000
I: Encoding type of FSM 'state_fsm[4:0]' is: onehot.
I: Encoding table of FSM 'state_fsm[4:0]':
I: from  u_ddr3_ctrl/u_ddrphy_top/ddrphy_slice_top/ddrphy_data_slice_wrcal/state[4] u_ddr3_ctrl/u_ddrphy_top/ddrphy_slice_top/ddrphy_data_slice_wrcal/state[3] u_ddr3_ctrl/u_ddrphy_top/ddrphy_slice_top/ddrphy_data_slice_wrcal/state[2] u_ddr3_ctrl/u_ddrphy_top/ddrphy_slice_top/ddrphy_data_slice_wrcal/state[1] u_ddr3_ctrl/u_ddrphy_top/ddrphy_slice_top/ddrphy_data_slice_wrcal/state[0]
I: to  u_ddr3_ctrl/u_ddrphy_top/ddrphy_slice_top/ddrphy_data_slice_wrcal/state_reg[16] u_ddr3_ctrl/u_ddrphy_top/ddrphy_slice_top/ddrphy_data_slice_wrcal/state_reg[15] u_ddr3_ctrl/u_ddrphy_top/ddrphy_slice_top/ddrphy_data_slice_wrcal/state_reg[14] u_ddr3_ctrl/u_ddrphy_top/ddrphy_slice_top/ddrphy_data_slice_wrcal/state_reg[13] u_ddr3_ctrl/u_ddrphy_top/ddrphy_slice_top/ddrphy_data_slice_wrcal/state_reg[12] u_ddr3_ctrl/u_ddrphy_top/ddrphy_slice_top/ddrphy_data_slice_wrcal/state_reg[11] u_ddr3_ctrl/u_ddrphy_top/ddrphy_slice_top/ddrphy_data_slice_wrcal/state_reg[10] u_ddr3_ctrl/u_ddrphy_top/ddrphy_slice_top/ddrphy_data_slice_wrcal/state_reg[9] u_ddr3_ctrl/u_ddrphy_top/ddrphy_slice_top/ddrphy_data_slice_wrcal/state_reg[8] u_ddr3_ctrl/u_ddrphy_top/ddrphy_slice_top/ddrphy_data_slice_wrcal/state_reg[7] u_ddr3_ctrl/u_ddrphy_top/ddrphy_slice_top/ddrphy_data_slice_wrcal/state_reg[6] u_ddr3_ctrl/u_ddrphy_top/ddrphy_slice_top/ddrphy_data_slice_wrcal/state_reg[5] u_ddr3_ctrl/u_ddrphy_top/ddrphy_slice_top/ddrphy_data_slice_wrcal/state_reg[4] u_ddr3_ctrl/u_ddrphy_top/ddrphy_slice_top/ddrphy_data_slice_wrcal/state_reg[3] u_ddr3_ctrl/u_ddrphy_top/ddrphy_slice_top/ddrphy_data_slice_wrcal/state_reg[2] u_ddr3_ctrl/u_ddrphy_top/ddrphy_slice_top/ddrphy_data_slice_wrcal/state_reg[1] u_ddr3_ctrl/u_ddrphy_top/ddrphy_slice_top/ddrphy_data_slice_wrcal/state_reg[0]
I: 00000 => 00000000000000001
I: 00001 => 00000000000000010
I: 00010 => 00000000000000100
I: 00011 => 00000000000001000
I: 00100 => 00000000000010000
I: 00101 => 00000000000100000
I: 00110 => 00000000001000000
I: 00111 => 00000000010000000
I: 01000 => 00000000100000000
I: 01001 => 00000001000000000
I: 01010 => 00000010000000000
I: 01011 => 00000100000000000
I: 01100 => 00001000000000000
I: 01101 => 00010000000000000
I: 01110 => 00100000000000000
I: 01111 => 01000000000000000
I: 10000 => 10000000000000000
I: Encoding type of FSM 'state_fsm[4:0]' is: onehot.
I: Encoding table of FSM 'state_fsm[4:0]':
I: from  u_ddr3_ctrl/u_ddrphy_top/ddrphy_slice_top/ddrphy_dqsi_rdel_cal/state[4] u_ddr3_ctrl/u_ddrphy_top/ddrphy_slice_top/ddrphy_dqsi_rdel_cal/state[3] u_ddr3_ctrl/u_ddrphy_top/ddrphy_slice_top/ddrphy_dqsi_rdel_cal/state[2] u_ddr3_ctrl/u_ddrphy_top/ddrphy_slice_top/ddrphy_dqsi_rdel_cal/state[1] u_ddr3_ctrl/u_ddrphy_top/ddrphy_slice_top/ddrphy_dqsi_rdel_cal/state[0]
I: to  u_ddr3_ctrl/u_ddrphy_top/ddrphy_slice_top/ddrphy_dqsi_rdel_cal/state_reg[17] u_ddr3_ctrl/u_ddrphy_top/ddrphy_slice_top/ddrphy_dqsi_rdel_cal/state_reg[16] u_ddr3_ctrl/u_ddrphy_top/ddrphy_slice_top/ddrphy_dqsi_rdel_cal/state_reg[15] u_ddr3_ctrl/u_ddrphy_top/ddrphy_slice_top/ddrphy_dqsi_rdel_cal/state_reg[14] u_ddr3_ctrl/u_ddrphy_top/ddrphy_slice_top/ddrphy_dqsi_rdel_cal/state_reg[13] u_ddr3_ctrl/u_ddrphy_top/ddrphy_slice_top/ddrphy_dqsi_rdel_cal/state_reg[12] u_ddr3_ctrl/u_ddrphy_top/ddrphy_slice_top/ddrphy_dqsi_rdel_cal/state_reg[11] u_ddr3_ctrl/u_ddrphy_top/ddrphy_slice_top/ddrphy_dqsi_rdel_cal/state_reg[10] u_ddr3_ctrl/u_ddrphy_top/ddrphy_slice_top/ddrphy_dqsi_rdel_cal/state_reg[9] u_ddr3_ctrl/u_ddrphy_top/ddrphy_slice_top/ddrphy_dqsi_rdel_cal/state_reg[8] u_ddr3_ctrl/u_ddrphy_top/ddrphy_slice_top/ddrphy_dqsi_rdel_cal/state_reg[7] u_ddr3_ctrl/u_ddrphy_top/ddrphy_slice_top/ddrphy_dqsi_rdel_cal/state_reg[6] u_ddr3_ctrl/u_ddrphy_top/ddrphy_slice_top/ddrphy_dqsi_rdel_cal/state_reg[5] u_ddr3_ctrl/u_ddrphy_top/ddrphy_slice_top/ddrphy_dqsi_rdel_cal/state_reg[4] u_ddr3_ctrl/u_ddrphy_top/ddrphy_slice_top/ddrphy_dqsi_rdel_cal/state_reg[3] u_ddr3_ctrl/u_ddrphy_top/ddrphy_slice_top/ddrphy_dqsi_rdel_cal/state_reg[2] u_ddr3_ctrl/u_ddrphy_top/ddrphy_slice_top/ddrphy_dqsi_rdel_cal/state_reg[1] u_ddr3_ctrl/u_ddrphy_top/ddrphy_slice_top/ddrphy_dqsi_rdel_cal/state_reg[0]
I: 00000 => 000000000000000001
I: 00001 => 000000000000000010
I: 00010 => 000000000000000100
I: 00011 => 000000000000001000
I: 00100 => 000000000000010000
I: 00101 => 000000000000100000
I: 00110 => 000000000001000000
I: 00111 => 000000000010000000
I: 01000 => 000000000100000000
I: 01001 => 000000001000000000
I: 01010 => 000000010000000000
I: 01011 => 000000100000000000
I: 01100 => 000001000000000000
I: 01101 => 000010000000000000
I: 01110 => 000100000000000000
I: 01111 => 001000000000000000
I: 10000 => 010000000000000000
I: 10001 => 100000000000000000
I: Encoding type of FSM 'wl_state_fsm[2:0]' is: onehot.
I: Encoding table of FSM 'wl_state_fsm[2:0]':
I: from  u_ddr3_ctrl/u_ddrphy_top/ddrphy_slice_top/i_dqs_group[0].ddrphy_data_slice/ddrphy_data_slice_wrlvl/wl_state[2] u_ddr3_ctrl/u_ddrphy_top/ddrphy_slice_top/i_dqs_group[0].ddrphy_data_slice/ddrphy_data_slice_wrlvl/wl_state[1] u_ddr3_ctrl/u_ddrphy_top/ddrphy_slice_top/i_dqs_group[0].ddrphy_data_slice/ddrphy_data_slice_wrlvl/wl_state[0]
I: to  u_ddr3_ctrl/u_ddrphy_top/ddrphy_slice_top/i_dqs_group[0].ddrphy_data_slice/ddrphy_data_slice_wrlvl/wl_state_reg[6] u_ddr3_ctrl/u_ddrphy_top/ddrphy_slice_top/i_dqs_group[0].ddrphy_data_slice/ddrphy_data_slice_wrlvl/wl_state_reg[5] u_ddr3_ctrl/u_ddrphy_top/ddrphy_slice_top/i_dqs_group[0].ddrphy_data_slice/ddrphy_data_slice_wrlvl/wl_state_reg[4] u_ddr3_ctrl/u_ddrphy_top/ddrphy_slice_top/i_dqs_group[0].ddrphy_data_slice/ddrphy_data_slice_wrlvl/wl_state_reg[3] u_ddr3_ctrl/u_ddrphy_top/ddrphy_slice_top/i_dqs_group[0].ddrphy_data_slice/ddrphy_data_slice_wrlvl/wl_state_reg[2] u_ddr3_ctrl/u_ddrphy_top/ddrphy_slice_top/i_dqs_group[0].ddrphy_data_slice/ddrphy_data_slice_wrlvl/wl_state_reg[1] u_ddr3_ctrl/u_ddrphy_top/ddrphy_slice_top/i_dqs_group[0].ddrphy_data_slice/ddrphy_data_slice_wrlvl/wl_state_reg[0]
I: 000 => 0000001
I: 001 => 0000010
I: 010 => 0000100
I: 011 => 0001000
I: 100 => 0010000
I: 101 => 0100000
I: 110 => 1000000
I: Encoding type of FSM 'gdet_state_fsm[2:0]' is: onehot.
I: Encoding table of FSM 'gdet_state_fsm[2:0]':
I: from  u_ddr3_ctrl/u_ddrphy_top/ddrphy_slice_top/i_dqs_group[0].ddrphy_data_slice/ddrphy_dqs_rddata_align/gdet_state[2] u_ddr3_ctrl/u_ddrphy_top/ddrphy_slice_top/i_dqs_group[0].ddrphy_data_slice/ddrphy_dqs_rddata_align/gdet_state[1] u_ddr3_ctrl/u_ddrphy_top/ddrphy_slice_top/i_dqs_group[0].ddrphy_data_slice/ddrphy_dqs_rddata_align/gdet_state[0]
I: to  u_ddr3_ctrl/u_ddrphy_top/ddrphy_slice_top/i_dqs_group[0].ddrphy_data_slice/ddrphy_dqs_rddata_align/gdet_state_reg[4] u_ddr3_ctrl/u_ddrphy_top/ddrphy_slice_top/i_dqs_group[0].ddrphy_data_slice/ddrphy_dqs_rddata_align/gdet_state_reg[3] u_ddr3_ctrl/u_ddrphy_top/ddrphy_slice_top/i_dqs_group[0].ddrphy_data_slice/ddrphy_dqs_rddata_align/gdet_state_reg[2] u_ddr3_ctrl/u_ddrphy_top/ddrphy_slice_top/i_dqs_group[0].ddrphy_data_slice/ddrphy_dqs_rddata_align/gdet_state_reg[1] u_ddr3_ctrl/u_ddrphy_top/ddrphy_slice_top/i_dqs_group[0].ddrphy_data_slice/ddrphy_dqs_rddata_align/gdet_state_reg[0]
I: 000 => 00001
I: 001 => 00010
I: 010 => 00100
I: 011 => 01000
I: 100 => 10000
I: Encoding type of FSM 'rdchk_state1_fsm[3:0]' is: onehot.
I: Encoding table of FSM 'rdchk_state1_fsm[3:0]':
I: from  u_ddr3_ctrl/u_ddrphy_top/ddrphy_slice_top/i_dqs_group[0].ddrphy_data_slice/ddrphy_dqs_rddata_align/rdchk_state1[3] u_ddr3_ctrl/u_ddrphy_top/ddrphy_slice_top/i_dqs_group[0].ddrphy_data_slice/ddrphy_dqs_rddata_align/rdchk_state1[2] u_ddr3_ctrl/u_ddrphy_top/ddrphy_slice_top/i_dqs_group[0].ddrphy_data_slice/ddrphy_dqs_rddata_align/rdchk_state1[1] u_ddr3_ctrl/u_ddrphy_top/ddrphy_slice_top/i_dqs_group[0].ddrphy_data_slice/ddrphy_dqs_rddata_align/rdchk_state1[0]
I: to  u_ddr3_ctrl/u_ddrphy_top/ddrphy_slice_top/i_dqs_group[0].ddrphy_data_slice/ddrphy_dqs_rddata_align/rdchk_state1_reg[6] u_ddr3_ctrl/u_ddrphy_top/ddrphy_slice_top/i_dqs_group[0].ddrphy_data_slice/ddrphy_dqs_rddata_align/rdchk_state1_reg[5] u_ddr3_ctrl/u_ddrphy_top/ddrphy_slice_top/i_dqs_group[0].ddrphy_data_slice/ddrphy_dqs_rddata_align/rdchk_state1_reg[4] u_ddr3_ctrl/u_ddrphy_top/ddrphy_slice_top/i_dqs_group[0].ddrphy_data_slice/ddrphy_dqs_rddata_align/rdchk_state1_reg[3] u_ddr3_ctrl/u_ddrphy_top/ddrphy_slice_top/i_dqs_group[0].ddrphy_data_slice/ddrphy_dqs_rddata_align/rdchk_state1_reg[2] u_ddr3_ctrl/u_ddrphy_top/ddrphy_slice_top/i_dqs_group[0].ddrphy_data_slice/ddrphy_dqs_rddata_align/rdchk_state1_reg[1] u_ddr3_ctrl/u_ddrphy_top/ddrphy_slice_top/i_dqs_group[0].ddrphy_data_slice/ddrphy_dqs_rddata_align/rdchk_state1_reg[0]
I: 0000 => 0000001
I: 0001 => 0000010
I: 0010 => 0000100
I: 0011 => 0001000
I: 0100 => 0010000
I: 0101 => 0100000
I: 0110 => 1000000
I: Encoding type of FSM 'rdchk_state0_fsm[3:0]' is: onehot.
I: Encoding table of FSM 'rdchk_state0_fsm[3:0]':
I: from  u_ddr3_ctrl/u_ddrphy_top/ddrphy_slice_top/i_dqs_group[0].ddrphy_data_slice/ddrphy_dqs_rddata_align/rdchk_state0[3] u_ddr3_ctrl/u_ddrphy_top/ddrphy_slice_top/i_dqs_group[0].ddrphy_data_slice/ddrphy_dqs_rddata_align/rdchk_state0[2] u_ddr3_ctrl/u_ddrphy_top/ddrphy_slice_top/i_dqs_group[0].ddrphy_data_slice/ddrphy_dqs_rddata_align/rdchk_state0[1] u_ddr3_ctrl/u_ddrphy_top/ddrphy_slice_top/i_dqs_group[0].ddrphy_data_slice/ddrphy_dqs_rddata_align/rdchk_state0[0]
I: to  u_ddr3_ctrl/u_ddrphy_top/ddrphy_slice_top/i_dqs_group[0].ddrphy_data_slice/ddrphy_dqs_rddata_align/rdchk_state0_reg[6] u_ddr3_ctrl/u_ddrphy_top/ddrphy_slice_top/i_dqs_group[0].ddrphy_data_slice/ddrphy_dqs_rddata_align/rdchk_state0_reg[5] u_ddr3_ctrl/u_ddrphy_top/ddrphy_slice_top/i_dqs_group[0].ddrphy_data_slice/ddrphy_dqs_rddata_align/rdchk_state0_reg[4] u_ddr3_ctrl/u_ddrphy_top/ddrphy_slice_top/i_dqs_group[0].ddrphy_data_slice/ddrphy_dqs_rddata_align/rdchk_state0_reg[3] u_ddr3_ctrl/u_ddrphy_top/ddrphy_slice_top/i_dqs_group[0].ddrphy_data_slice/ddrphy_dqs_rddata_align/rdchk_state0_reg[2] u_ddr3_ctrl/u_ddrphy_top/ddrphy_slice_top/i_dqs_group[0].ddrphy_data_slice/ddrphy_dqs_rddata_align/rdchk_state0_reg[1] u_ddr3_ctrl/u_ddrphy_top/ddrphy_slice_top/i_dqs_group[0].ddrphy_data_slice/ddrphy_dqs_rddata_align/rdchk_state0_reg[0]
I: 0000 => 0000001
I: 0001 => 0000010
I: 0010 => 0000100
I: 0011 => 0001000
I: 0100 => 0010000
I: 0101 => 0100000
I: 0110 => 1000000
I: Encoding type of FSM 'wl_state_fsm[2:0]' is: onehot.
I: Encoding table of FSM 'wl_state_fsm[2:0]':
I: from  u_ddr3_ctrl/u_ddrphy_top/ddrphy_slice_top/i_dqs_group[1].ddrphy_data_slice/ddrphy_data_slice_wrlvl/wl_state[2] u_ddr3_ctrl/u_ddrphy_top/ddrphy_slice_top/i_dqs_group[1].ddrphy_data_slice/ddrphy_data_slice_wrlvl/wl_state[1] u_ddr3_ctrl/u_ddrphy_top/ddrphy_slice_top/i_dqs_group[1].ddrphy_data_slice/ddrphy_data_slice_wrlvl/wl_state[0]
I: to  u_ddr3_ctrl/u_ddrphy_top/ddrphy_slice_top/i_dqs_group[1].ddrphy_data_slice/ddrphy_data_slice_wrlvl/wl_state_reg[6] u_ddr3_ctrl/u_ddrphy_top/ddrphy_slice_top/i_dqs_group[1].ddrphy_data_slice/ddrphy_data_slice_wrlvl/wl_state_reg[5] u_ddr3_ctrl/u_ddrphy_top/ddrphy_slice_top/i_dqs_group[1].ddrphy_data_slice/ddrphy_data_slice_wrlvl/wl_state_reg[4] u_ddr3_ctrl/u_ddrphy_top/ddrphy_slice_top/i_dqs_group[1].ddrphy_data_slice/ddrphy_data_slice_wrlvl/wl_state_reg[3] u_ddr3_ctrl/u_ddrphy_top/ddrphy_slice_top/i_dqs_group[1].ddrphy_data_slice/ddrphy_data_slice_wrlvl/wl_state_reg[2] u_ddr3_ctrl/u_ddrphy_top/ddrphy_slice_top/i_dqs_group[1].ddrphy_data_slice/ddrphy_data_slice_wrlvl/wl_state_reg[1] u_ddr3_ctrl/u_ddrphy_top/ddrphy_slice_top/i_dqs_group[1].ddrphy_data_slice/ddrphy_data_slice_wrlvl/wl_state_reg[0]
I: 000 => 0000001
I: 001 => 0000010
I: 010 => 0000100
I: 011 => 0001000
I: 100 => 0010000
I: 101 => 0100000
I: 110 => 1000000
I: Encoding type of FSM 'gdet_state_fsm[2:0]' is: onehot.
I: Encoding table of FSM 'gdet_state_fsm[2:0]':
I: from  u_ddr3_ctrl/u_ddrphy_top/ddrphy_slice_top/i_dqs_group[1].ddrphy_data_slice/ddrphy_dqs_rddata_align/gdet_state[2] u_ddr3_ctrl/u_ddrphy_top/ddrphy_slice_top/i_dqs_group[1].ddrphy_data_slice/ddrphy_dqs_rddata_align/gdet_state[1] u_ddr3_ctrl/u_ddrphy_top/ddrphy_slice_top/i_dqs_group[1].ddrphy_data_slice/ddrphy_dqs_rddata_align/gdet_state[0]
I: to  u_ddr3_ctrl/u_ddrphy_top/ddrphy_slice_top/i_dqs_group[1].ddrphy_data_slice/ddrphy_dqs_rddata_align/gdet_state_reg[4] u_ddr3_ctrl/u_ddrphy_top/ddrphy_slice_top/i_dqs_group[1].ddrphy_data_slice/ddrphy_dqs_rddata_align/gdet_state_reg[3] u_ddr3_ctrl/u_ddrphy_top/ddrphy_slice_top/i_dqs_group[1].ddrphy_data_slice/ddrphy_dqs_rddata_align/gdet_state_reg[2] u_ddr3_ctrl/u_ddrphy_top/ddrphy_slice_top/i_dqs_group[1].ddrphy_data_slice/ddrphy_dqs_rddata_align/gdet_state_reg[1] u_ddr3_ctrl/u_ddrphy_top/ddrphy_slice_top/i_dqs_group[1].ddrphy_data_slice/ddrphy_dqs_rddata_align/gdet_state_reg[0]
I: 000 => 00001
I: 001 => 00010
I: 010 => 00100
I: 011 => 01000
I: 100 => 10000
I: Encoding type of FSM 'rdchk_state1_fsm[3:0]' is: onehot.
I: Encoding table of FSM 'rdchk_state1_fsm[3:0]':
I: from  u_ddr3_ctrl/u_ddrphy_top/ddrphy_slice_top/i_dqs_group[1].ddrphy_data_slice/ddrphy_dqs_rddata_align/rdchk_state1[3] u_ddr3_ctrl/u_ddrphy_top/ddrphy_slice_top/i_dqs_group[1].ddrphy_data_slice/ddrphy_dqs_rddata_align/rdchk_state1[2] u_ddr3_ctrl/u_ddrphy_top/ddrphy_slice_top/i_dqs_group[1].ddrphy_data_slice/ddrphy_dqs_rddata_align/rdchk_state1[1] u_ddr3_ctrl/u_ddrphy_top/ddrphy_slice_top/i_dqs_group[1].ddrphy_data_slice/ddrphy_dqs_rddata_align/rdchk_state1[0]
I: to  u_ddr3_ctrl/u_ddrphy_top/ddrphy_slice_top/i_dqs_group[1].ddrphy_data_slice/ddrphy_dqs_rddata_align/rdchk_state1_reg[6] u_ddr3_ctrl/u_ddrphy_top/ddrphy_slice_top/i_dqs_group[1].ddrphy_data_slice/ddrphy_dqs_rddata_align/rdchk_state1_reg[5] u_ddr3_ctrl/u_ddrphy_top/ddrphy_slice_top/i_dqs_group[1].ddrphy_data_slice/ddrphy_dqs_rddata_align/rdchk_state1_reg[4] u_ddr3_ctrl/u_ddrphy_top/ddrphy_slice_top/i_dqs_group[1].ddrphy_data_slice/ddrphy_dqs_rddata_align/rdchk_state1_reg[3] u_ddr3_ctrl/u_ddrphy_top/ddrphy_slice_top/i_dqs_group[1].ddrphy_data_slice/ddrphy_dqs_rddata_align/rdchk_state1_reg[2] u_ddr3_ctrl/u_ddrphy_top/ddrphy_slice_top/i_dqs_group[1].ddrphy_data_slice/ddrphy_dqs_rddata_align/rdchk_state1_reg[1] u_ddr3_ctrl/u_ddrphy_top/ddrphy_slice_top/i_dqs_group[1].ddrphy_data_slice/ddrphy_dqs_rddata_align/rdchk_state1_reg[0]
I: 0000 => 0000001
I: 0001 => 0000010
I: 0010 => 0000100
I: 0011 => 0001000
I: 0100 => 0010000
I: 0101 => 0100000
I: 0110 => 1000000
I: Encoding type of FSM 'rdchk_state0_fsm[3:0]' is: onehot.
I: Encoding table of FSM 'rdchk_state0_fsm[3:0]':
I: from  u_ddr3_ctrl/u_ddrphy_top/ddrphy_slice_top/i_dqs_group[1].ddrphy_data_slice/ddrphy_dqs_rddata_align/rdchk_state0[3] u_ddr3_ctrl/u_ddrphy_top/ddrphy_slice_top/i_dqs_group[1].ddrphy_data_slice/ddrphy_dqs_rddata_align/rdchk_state0[2] u_ddr3_ctrl/u_ddrphy_top/ddrphy_slice_top/i_dqs_group[1].ddrphy_data_slice/ddrphy_dqs_rddata_align/rdchk_state0[1] u_ddr3_ctrl/u_ddrphy_top/ddrphy_slice_top/i_dqs_group[1].ddrphy_data_slice/ddrphy_dqs_rddata_align/rdchk_state0[0]
I: to  u_ddr3_ctrl/u_ddrphy_top/ddrphy_slice_top/i_dqs_group[1].ddrphy_data_slice/ddrphy_dqs_rddata_align/rdchk_state0_reg[6] u_ddr3_ctrl/u_ddrphy_top/ddrphy_slice_top/i_dqs_group[1].ddrphy_data_slice/ddrphy_dqs_rddata_align/rdchk_state0_reg[5] u_ddr3_ctrl/u_ddrphy_top/ddrphy_slice_top/i_dqs_group[1].ddrphy_data_slice/ddrphy_dqs_rddata_align/rdchk_state0_reg[4] u_ddr3_ctrl/u_ddrphy_top/ddrphy_slice_top/i_dqs_group[1].ddrphy_data_slice/ddrphy_dqs_rddata_align/rdchk_state0_reg[3] u_ddr3_ctrl/u_ddrphy_top/ddrphy_slice_top/i_dqs_group[1].ddrphy_data_slice/ddrphy_dqs_rddata_align/rdchk_state0_reg[2] u_ddr3_ctrl/u_ddrphy_top/ddrphy_slice_top/i_dqs_group[1].ddrphy_data_slice/ddrphy_dqs_rddata_align/rdchk_state0_reg[1] u_ddr3_ctrl/u_ddrphy_top/ddrphy_slice_top/i_dqs_group[1].ddrphy_data_slice/ddrphy_dqs_rddata_align/rdchk_state0_reg[0]
I: 0000 => 0000001
I: 0001 => 0000010
I: 0010 => 0000100
I: 0011 => 0001000
I: 0100 => 0010000
I: 0101 => 0100000
I: 0110 => 1000000
I: Encoding type of FSM 'wl_state_fsm[2:0]' is: onehot.
I: Encoding table of FSM 'wl_state_fsm[2:0]':
I: from  u_ddr3_ctrl/u_ddrphy_top/ddrphy_slice_top/i_dqs_group[2].ddrphy_data_slice/ddrphy_data_slice_wrlvl/wl_state[2] u_ddr3_ctrl/u_ddrphy_top/ddrphy_slice_top/i_dqs_group[2].ddrphy_data_slice/ddrphy_data_slice_wrlvl/wl_state[1] u_ddr3_ctrl/u_ddrphy_top/ddrphy_slice_top/i_dqs_group[2].ddrphy_data_slice/ddrphy_data_slice_wrlvl/wl_state[0]
I: to  u_ddr3_ctrl/u_ddrphy_top/ddrphy_slice_top/i_dqs_group[2].ddrphy_data_slice/ddrphy_data_slice_wrlvl/wl_state_reg[6] u_ddr3_ctrl/u_ddrphy_top/ddrphy_slice_top/i_dqs_group[2].ddrphy_data_slice/ddrphy_data_slice_wrlvl/wl_state_reg[5] u_ddr3_ctrl/u_ddrphy_top/ddrphy_slice_top/i_dqs_group[2].ddrphy_data_slice/ddrphy_data_slice_wrlvl/wl_state_reg[4] u_ddr3_ctrl/u_ddrphy_top/ddrphy_slice_top/i_dqs_group[2].ddrphy_data_slice/ddrphy_data_slice_wrlvl/wl_state_reg[3] u_ddr3_ctrl/u_ddrphy_top/ddrphy_slice_top/i_dqs_group[2].ddrphy_data_slice/ddrphy_data_slice_wrlvl/wl_state_reg[2] u_ddr3_ctrl/u_ddrphy_top/ddrphy_slice_top/i_dqs_group[2].ddrphy_data_slice/ddrphy_data_slice_wrlvl/wl_state_reg[1] u_ddr3_ctrl/u_ddrphy_top/ddrphy_slice_top/i_dqs_group[2].ddrphy_data_slice/ddrphy_data_slice_wrlvl/wl_state_reg[0]
I: 000 => 0000001
I: 001 => 0000010
I: 010 => 0000100
I: 011 => 0001000
I: 100 => 0010000
I: 101 => 0100000
I: 110 => 1000000
I: Encoding type of FSM 'gdet_state_fsm[2:0]' is: onehot.
I: Encoding table of FSM 'gdet_state_fsm[2:0]':
I: from  u_ddr3_ctrl/u_ddrphy_top/ddrphy_slice_top/i_dqs_group[2].ddrphy_data_slice/ddrphy_dqs_rddata_align/gdet_state[2] u_ddr3_ctrl/u_ddrphy_top/ddrphy_slice_top/i_dqs_group[2].ddrphy_data_slice/ddrphy_dqs_rddata_align/gdet_state[1] u_ddr3_ctrl/u_ddrphy_top/ddrphy_slice_top/i_dqs_group[2].ddrphy_data_slice/ddrphy_dqs_rddata_align/gdet_state[0]
I: to  u_ddr3_ctrl/u_ddrphy_top/ddrphy_slice_top/i_dqs_group[2].ddrphy_data_slice/ddrphy_dqs_rddata_align/gdet_state_reg[4] u_ddr3_ctrl/u_ddrphy_top/ddrphy_slice_top/i_dqs_group[2].ddrphy_data_slice/ddrphy_dqs_rddata_align/gdet_state_reg[3] u_ddr3_ctrl/u_ddrphy_top/ddrphy_slice_top/i_dqs_group[2].ddrphy_data_slice/ddrphy_dqs_rddata_align/gdet_state_reg[2] u_ddr3_ctrl/u_ddrphy_top/ddrphy_slice_top/i_dqs_group[2].ddrphy_data_slice/ddrphy_dqs_rddata_align/gdet_state_reg[1] u_ddr3_ctrl/u_ddrphy_top/ddrphy_slice_top/i_dqs_group[2].ddrphy_data_slice/ddrphy_dqs_rddata_align/gdet_state_reg[0]
I: 000 => 00001
I: 001 => 00010
I: 010 => 00100
I: 011 => 01000
I: 100 => 10000
I: Encoding type of FSM 'rdchk_state1_fsm[3:0]' is: onehot.
I: Encoding table of FSM 'rdchk_state1_fsm[3:0]':
I: from  u_ddr3_ctrl/u_ddrphy_top/ddrphy_slice_top/i_dqs_group[2].ddrphy_data_slice/ddrphy_dqs_rddata_align/rdchk_state1[3] u_ddr3_ctrl/u_ddrphy_top/ddrphy_slice_top/i_dqs_group[2].ddrphy_data_slice/ddrphy_dqs_rddata_align/rdchk_state1[2] u_ddr3_ctrl/u_ddrphy_top/ddrphy_slice_top/i_dqs_group[2].ddrphy_data_slice/ddrphy_dqs_rddata_align/rdchk_state1[1] u_ddr3_ctrl/u_ddrphy_top/ddrphy_slice_top/i_dqs_group[2].ddrphy_data_slice/ddrphy_dqs_rddata_align/rdchk_state1[0]
I: to  u_ddr3_ctrl/u_ddrphy_top/ddrphy_slice_top/i_dqs_group[2].ddrphy_data_slice/ddrphy_dqs_rddata_align/rdchk_state1_reg[6] u_ddr3_ctrl/u_ddrphy_top/ddrphy_slice_top/i_dqs_group[2].ddrphy_data_slice/ddrphy_dqs_rddata_align/rdchk_state1_reg[5] u_ddr3_ctrl/u_ddrphy_top/ddrphy_slice_top/i_dqs_group[2].ddrphy_data_slice/ddrphy_dqs_rddata_align/rdchk_state1_reg[4] u_ddr3_ctrl/u_ddrphy_top/ddrphy_slice_top/i_dqs_group[2].ddrphy_data_slice/ddrphy_dqs_rddata_align/rdchk_state1_reg[3] u_ddr3_ctrl/u_ddrphy_top/ddrphy_slice_top/i_dqs_group[2].ddrphy_data_slice/ddrphy_dqs_rddata_align/rdchk_state1_reg[2] u_ddr3_ctrl/u_ddrphy_top/ddrphy_slice_top/i_dqs_group[2].ddrphy_data_slice/ddrphy_dqs_rddata_align/rdchk_state1_reg[1] u_ddr3_ctrl/u_ddrphy_top/ddrphy_slice_top/i_dqs_group[2].ddrphy_data_slice/ddrphy_dqs_rddata_align/rdchk_state1_reg[0]
I: 0000 => 0000001
I: 0001 => 0000010
I: 0010 => 0000100
I: 0011 => 0001000
I: 0100 => 0010000
I: 0101 => 0100000
I: 0110 => 1000000
I: Encoding type of FSM 'rdchk_state0_fsm[3:0]' is: onehot.
I: Encoding table of FSM 'rdchk_state0_fsm[3:0]':
I: from  u_ddr3_ctrl/u_ddrphy_top/ddrphy_slice_top/i_dqs_group[2].ddrphy_data_slice/ddrphy_dqs_rddata_align/rdchk_state0[3] u_ddr3_ctrl/u_ddrphy_top/ddrphy_slice_top/i_dqs_group[2].ddrphy_data_slice/ddrphy_dqs_rddata_align/rdchk_state0[2] u_ddr3_ctrl/u_ddrphy_top/ddrphy_slice_top/i_dqs_group[2].ddrphy_data_slice/ddrphy_dqs_rddata_align/rdchk_state0[1] u_ddr3_ctrl/u_ddrphy_top/ddrphy_slice_top/i_dqs_group[2].ddrphy_data_slice/ddrphy_dqs_rddata_align/rdchk_state0[0]
I: to  u_ddr3_ctrl/u_ddrphy_top/ddrphy_slice_top/i_dqs_group[2].ddrphy_data_slice/ddrphy_dqs_rddata_align/rdchk_state0_reg[6] u_ddr3_ctrl/u_ddrphy_top/ddrphy_slice_top/i_dqs_group[2].ddrphy_data_slice/ddrphy_dqs_rddata_align/rdchk_state0_reg[5] u_ddr3_ctrl/u_ddrphy_top/ddrphy_slice_top/i_dqs_group[2].ddrphy_data_slice/ddrphy_dqs_rddata_align/rdchk_state0_reg[4] u_ddr3_ctrl/u_ddrphy_top/ddrphy_slice_top/i_dqs_group[2].ddrphy_data_slice/ddrphy_dqs_rddata_align/rdchk_state0_reg[3] u_ddr3_ctrl/u_ddrphy_top/ddrphy_slice_top/i_dqs_group[2].ddrphy_data_slice/ddrphy_dqs_rddata_align/rdchk_state0_reg[2] u_ddr3_ctrl/u_ddrphy_top/ddrphy_slice_top/i_dqs_group[2].ddrphy_data_slice/ddrphy_dqs_rddata_align/rdchk_state0_reg[1] u_ddr3_ctrl/u_ddrphy_top/ddrphy_slice_top/i_dqs_group[2].ddrphy_data_slice/ddrphy_dqs_rddata_align/rdchk_state0_reg[0]
I: 0000 => 0000001
I: 0001 => 0000010
I: 0010 => 0000100
I: 0011 => 0001000
I: 0100 => 0010000
I: 0101 => 0100000
I: 0110 => 1000000
I: Encoding type of FSM 'wl_state_fsm[2:0]' is: onehot.
I: Encoding table of FSM 'wl_state_fsm[2:0]':
I: from  u_ddr3_ctrl/u_ddrphy_top/ddrphy_slice_top/i_dqs_group[3].ddrphy_data_slice/ddrphy_data_slice_wrlvl/wl_state[2] u_ddr3_ctrl/u_ddrphy_top/ddrphy_slice_top/i_dqs_group[3].ddrphy_data_slice/ddrphy_data_slice_wrlvl/wl_state[1] u_ddr3_ctrl/u_ddrphy_top/ddrphy_slice_top/i_dqs_group[3].ddrphy_data_slice/ddrphy_data_slice_wrlvl/wl_state[0]
I: to  u_ddr3_ctrl/u_ddrphy_top/ddrphy_slice_top/i_dqs_group[3].ddrphy_data_slice/ddrphy_data_slice_wrlvl/wl_state_reg[6] u_ddr3_ctrl/u_ddrphy_top/ddrphy_slice_top/i_dqs_group[3].ddrphy_data_slice/ddrphy_data_slice_wrlvl/wl_state_reg[5] u_ddr3_ctrl/u_ddrphy_top/ddrphy_slice_top/i_dqs_group[3].ddrphy_data_slice/ddrphy_data_slice_wrlvl/wl_state_reg[4] u_ddr3_ctrl/u_ddrphy_top/ddrphy_slice_top/i_dqs_group[3].ddrphy_data_slice/ddrphy_data_slice_wrlvl/wl_state_reg[3] u_ddr3_ctrl/u_ddrphy_top/ddrphy_slice_top/i_dqs_group[3].ddrphy_data_slice/ddrphy_data_slice_wrlvl/wl_state_reg[2] u_ddr3_ctrl/u_ddrphy_top/ddrphy_slice_top/i_dqs_group[3].ddrphy_data_slice/ddrphy_data_slice_wrlvl/wl_state_reg[1] u_ddr3_ctrl/u_ddrphy_top/ddrphy_slice_top/i_dqs_group[3].ddrphy_data_slice/ddrphy_data_slice_wrlvl/wl_state_reg[0]
I: 000 => 0000001
I: 001 => 0000010
I: 010 => 0000100
I: 011 => 0001000
I: 100 => 0010000
I: 101 => 0100000
I: 110 => 1000000
I: Encoding type of FSM 'gdet_state_fsm[2:0]' is: onehot.
I: Encoding table of FSM 'gdet_state_fsm[2:0]':
I: from  u_ddr3_ctrl/u_ddrphy_top/ddrphy_slice_top/i_dqs_group[3].ddrphy_data_slice/ddrphy_dqs_rddata_align/gdet_state[2] u_ddr3_ctrl/u_ddrphy_top/ddrphy_slice_top/i_dqs_group[3].ddrphy_data_slice/ddrphy_dqs_rddata_align/gdet_state[1] u_ddr3_ctrl/u_ddrphy_top/ddrphy_slice_top/i_dqs_group[3].ddrphy_data_slice/ddrphy_dqs_rddata_align/gdet_state[0]
I: to  u_ddr3_ctrl/u_ddrphy_top/ddrphy_slice_top/i_dqs_group[3].ddrphy_data_slice/ddrphy_dqs_rddata_align/gdet_state_reg[4] u_ddr3_ctrl/u_ddrphy_top/ddrphy_slice_top/i_dqs_group[3].ddrphy_data_slice/ddrphy_dqs_rddata_align/gdet_state_reg[3] u_ddr3_ctrl/u_ddrphy_top/ddrphy_slice_top/i_dqs_group[3].ddrphy_data_slice/ddrphy_dqs_rddata_align/gdet_state_reg[2] u_ddr3_ctrl/u_ddrphy_top/ddrphy_slice_top/i_dqs_group[3].ddrphy_data_slice/ddrphy_dqs_rddata_align/gdet_state_reg[1] u_ddr3_ctrl/u_ddrphy_top/ddrphy_slice_top/i_dqs_group[3].ddrphy_data_slice/ddrphy_dqs_rddata_align/gdet_state_reg[0]
I: 000 => 00001
I: 001 => 00010
I: 010 => 00100
I: 011 => 01000
I: 100 => 10000
I: Encoding type of FSM 'rdchk_state1_fsm[3:0]' is: onehot.
I: Encoding table of FSM 'rdchk_state1_fsm[3:0]':
I: from  u_ddr3_ctrl/u_ddrphy_top/ddrphy_slice_top/i_dqs_group[3].ddrphy_data_slice/ddrphy_dqs_rddata_align/rdchk_state1[3] u_ddr3_ctrl/u_ddrphy_top/ddrphy_slice_top/i_dqs_group[3].ddrphy_data_slice/ddrphy_dqs_rddata_align/rdchk_state1[2] u_ddr3_ctrl/u_ddrphy_top/ddrphy_slice_top/i_dqs_group[3].ddrphy_data_slice/ddrphy_dqs_rddata_align/rdchk_state1[1] u_ddr3_ctrl/u_ddrphy_top/ddrphy_slice_top/i_dqs_group[3].ddrphy_data_slice/ddrphy_dqs_rddata_align/rdchk_state1[0]
I: to  u_ddr3_ctrl/u_ddrphy_top/ddrphy_slice_top/i_dqs_group[3].ddrphy_data_slice/ddrphy_dqs_rddata_align/rdchk_state1_reg[6] u_ddr3_ctrl/u_ddrphy_top/ddrphy_slice_top/i_dqs_group[3].ddrphy_data_slice/ddrphy_dqs_rddata_align/rdchk_state1_reg[5] u_ddr3_ctrl/u_ddrphy_top/ddrphy_slice_top/i_dqs_group[3].ddrphy_data_slice/ddrphy_dqs_rddata_align/rdchk_state1_reg[4] u_ddr3_ctrl/u_ddrphy_top/ddrphy_slice_top/i_dqs_group[3].ddrphy_data_slice/ddrphy_dqs_rddata_align/rdchk_state1_reg[3] u_ddr3_ctrl/u_ddrphy_top/ddrphy_slice_top/i_dqs_group[3].ddrphy_data_slice/ddrphy_dqs_rddata_align/rdchk_state1_reg[2] u_ddr3_ctrl/u_ddrphy_top/ddrphy_slice_top/i_dqs_group[3].ddrphy_data_slice/ddrphy_dqs_rddata_align/rdchk_state1_reg[1] u_ddr3_ctrl/u_ddrphy_top/ddrphy_slice_top/i_dqs_group[3].ddrphy_data_slice/ddrphy_dqs_rddata_align/rdchk_state1_reg[0]
I: 0000 => 0000001
I: 0001 => 0000010
I: 0010 => 0000100
I: 0011 => 0001000
I: 0100 => 0010000
I: 0101 => 0100000
I: 0110 => 1000000
I: Encoding type of FSM 'rdchk_state0_fsm[3:0]' is: onehot.
I: Encoding table of FSM 'rdchk_state0_fsm[3:0]':
I: from  u_ddr3_ctrl/u_ddrphy_top/ddrphy_slice_top/i_dqs_group[3].ddrphy_data_slice/ddrphy_dqs_rddata_align/rdchk_state0[3] u_ddr3_ctrl/u_ddrphy_top/ddrphy_slice_top/i_dqs_group[3].ddrphy_data_slice/ddrphy_dqs_rddata_align/rdchk_state0[2] u_ddr3_ctrl/u_ddrphy_top/ddrphy_slice_top/i_dqs_group[3].ddrphy_data_slice/ddrphy_dqs_rddata_align/rdchk_state0[1] u_ddr3_ctrl/u_ddrphy_top/ddrphy_slice_top/i_dqs_group[3].ddrphy_data_slice/ddrphy_dqs_rddata_align/rdchk_state0[0]
I: to  u_ddr3_ctrl/u_ddrphy_top/ddrphy_slice_top/i_dqs_group[3].ddrphy_data_slice/ddrphy_dqs_rddata_align/rdchk_state0_reg[6] u_ddr3_ctrl/u_ddrphy_top/ddrphy_slice_top/i_dqs_group[3].ddrphy_data_slice/ddrphy_dqs_rddata_align/rdchk_state0_reg[5] u_ddr3_ctrl/u_ddrphy_top/ddrphy_slice_top/i_dqs_group[3].ddrphy_data_slice/ddrphy_dqs_rddata_align/rdchk_state0_reg[4] u_ddr3_ctrl/u_ddrphy_top/ddrphy_slice_top/i_dqs_group[3].ddrphy_data_slice/ddrphy_dqs_rddata_align/rdchk_state0_reg[3] u_ddr3_ctrl/u_ddrphy_top/ddrphy_slice_top/i_dqs_group[3].ddrphy_data_slice/ddrphy_dqs_rddata_align/rdchk_state0_reg[2] u_ddr3_ctrl/u_ddrphy_top/ddrphy_slice_top/i_dqs_group[3].ddrphy_data_slice/ddrphy_dqs_rddata_align/rdchk_state0_reg[1] u_ddr3_ctrl/u_ddrphy_top/ddrphy_slice_top/i_dqs_group[3].ddrphy_data_slice/ddrphy_dqs_rddata_align/rdchk_state0_reg[0]
I: 0000 => 0000001
I: 0001 => 0000010
I: 0010 => 0000100
I: 0011 => 0001000
I: 0100 => 0010000
I: 0101 => 0100000
I: 0110 => 1000000
I: Encoding type of FSM 'gate_state_fsm[2:0]' is: onehot.
I: Encoding table of FSM 'gate_state_fsm[2:0]':
I: from  u_ddr3_ctrl/u_ddrphy_top/ddrphy_slice_top/ddrphy_data_slice_dqs_gate_cal/ddrphy_gatecal/gate_state[2] u_ddr3_ctrl/u_ddrphy_top/ddrphy_slice_top/ddrphy_data_slice_dqs_gate_cal/ddrphy_gatecal/gate_state[1] u_ddr3_ctrl/u_ddrphy_top/ddrphy_slice_top/ddrphy_data_slice_dqs_gate_cal/ddrphy_gatecal/gate_state[0]
I: to  u_ddr3_ctrl/u_ddrphy_top/ddrphy_slice_top/ddrphy_data_slice_dqs_gate_cal/ddrphy_gatecal/gate_state_reg[6] u_ddr3_ctrl/u_ddrphy_top/ddrphy_slice_top/ddrphy_data_slice_dqs_gate_cal/ddrphy_gatecal/gate_state_reg[5] u_ddr3_ctrl/u_ddrphy_top/ddrphy_slice_top/ddrphy_data_slice_dqs_gate_cal/ddrphy_gatecal/gate_state_reg[4] u_ddr3_ctrl/u_ddrphy_top/ddrphy_slice_top/ddrphy_data_slice_dqs_gate_cal/ddrphy_gatecal/gate_state_reg[3] u_ddr3_ctrl/u_ddrphy_top/ddrphy_slice_top/ddrphy_data_slice_dqs_gate_cal/ddrphy_gatecal/gate_state_reg[2] u_ddr3_ctrl/u_ddrphy_top/ddrphy_slice_top/ddrphy_data_slice_dqs_gate_cal/ddrphy_gatecal/gate_state_reg[1] u_ddr3_ctrl/u_ddrphy_top/ddrphy_slice_top/ddrphy_data_slice_dqs_gate_cal/ddrphy_gatecal/gate_state_reg[0]
I: 000 => 0000001
I: 001 => 0000010
I: 010 => 0000100
I: 011 => 0001000
I: 100 => 0010000
I: 101 => 0100000
I: 110 => 1000000
I: Encoding type of FSM 'cpd_state_fsm[2:0]' is: onehot.
I: Encoding table of FSM 'cpd_state_fsm[2:0]':
I: from  u_ddr3_ctrl/u_ddrphy_top/u_ips2l_ddrphy_rst_clk_phase_adj/cpd_state[2] u_ddr3_ctrl/u_ddrphy_top/u_ips2l_ddrphy_rst_clk_phase_adj/cpd_state[1] u_ddr3_ctrl/u_ddrphy_top/u_ips2l_ddrphy_rst_clk_phase_adj/cpd_state[0]
I: to  u_ddr3_ctrl/u_ddrphy_top/u_ips2l_ddrphy_rst_clk_phase_adj/cpd_state_reg[4] u_ddr3_ctrl/u_ddrphy_top/u_ips2l_ddrphy_rst_clk_phase_adj/cpd_state_reg[3] u_ddr3_ctrl/u_ddrphy_top/u_ips2l_ddrphy_rst_clk_phase_adj/cpd_state_reg[2] u_ddr3_ctrl/u_ddrphy_top/u_ips2l_ddrphy_rst_clk_phase_adj/cpd_state_reg[1] u_ddr3_ctrl/u_ddrphy_top/u_ips2l_ddrphy_rst_clk_phase_adj/cpd_state_reg[0]
I: 000 => 00001
I: 001 => 00010
I: 010 => 00100
I: 011 => 01000
I: 100 => 10000
I: Encoding type of FSM 'cstate_fsm[5:0]' is: onehot.
I: Encoding table of FSM 'cstate_fsm[5:0]':
I: from  u_ddr3_ctrl/u_ips_ddrc_top/mcdq_mac_top/mcdq_cfg_apb/cstate[5] u_ddr3_ctrl/u_ips_ddrc_top/mcdq_mac_top/mcdq_cfg_apb/cstate[4] u_ddr3_ctrl/u_ips_ddrc_top/mcdq_mac_top/mcdq_cfg_apb/cstate[3] u_ddr3_ctrl/u_ips_ddrc_top/mcdq_mac_top/mcdq_cfg_apb/cstate[2] u_ddr3_ctrl/u_ips_ddrc_top/mcdq_mac_top/mcdq_cfg_apb/cstate[1] u_ddr3_ctrl/u_ips_ddrc_top/mcdq_mac_top/mcdq_cfg_apb/cstate[0]
I: to  u_ddr3_ctrl/u_ips_ddrc_top/mcdq_mac_top/mcdq_cfg_apb/cstate_reg[6] u_ddr3_ctrl/u_ips_ddrc_top/mcdq_mac_top/mcdq_cfg_apb/cstate_reg[5] u_ddr3_ctrl/u_ips_ddrc_top/mcdq_mac_top/mcdq_cfg_apb/cstate_reg[4] u_ddr3_ctrl/u_ips_ddrc_top/mcdq_mac_top/mcdq_cfg_apb/cstate_reg[3] u_ddr3_ctrl/u_ips_ddrc_top/mcdq_mac_top/mcdq_cfg_apb/cstate_reg[2] u_ddr3_ctrl/u_ips_ddrc_top/mcdq_mac_top/mcdq_cfg_apb/cstate_reg[1] u_ddr3_ctrl/u_ips_ddrc_top/mcdq_mac_top/mcdq_cfg_apb/cstate_reg[0]
I: 000001 => 0000001
I: 000010 => 0000010
I: 000100 => 0000100
I: 001000 => 0001000
I: 010000 => 0010000
I: 100000 => 0100000
I: 100001 => 1000000
I: Encoding type of FSM 'mode_state_fsm[2:0]' is: onehot.
I: Encoding table of FSM 'mode_state_fsm[2:0]':
I: from  u_ddr3_ctrl/u_ips_ddrc_top/mcdq_mac_top/mcdq_cfg_apb/mode_state[2] u_ddr3_ctrl/u_ips_ddrc_top/mcdq_mac_top/mcdq_cfg_apb/mode_state[1] u_ddr3_ctrl/u_ips_ddrc_top/mcdq_mac_top/mcdq_cfg_apb/mode_state[0]
I: to  u_ddr3_ctrl/u_ips_ddrc_top/mcdq_mac_top/mcdq_cfg_apb/mode_state_reg[4] u_ddr3_ctrl/u_ips_ddrc_top/mcdq_mac_top/mcdq_cfg_apb/mode_state_reg[3] u_ddr3_ctrl/u_ips_ddrc_top/mcdq_mac_top/mcdq_cfg_apb/mode_state_reg[2] u_ddr3_ctrl/u_ips_ddrc_top/mcdq_mac_top/mcdq_cfg_apb/mode_state_reg[1] u_ddr3_ctrl/u_ips_ddrc_top/mcdq_mac_top/mcdq_cfg_apb/mode_state_reg[0]
I: 000 => 00001
I: 001 => 00010
I: 010 => 00100
I: 011 => 01000
I: 100 => 10000
I: Encoding type of FSM 'dcp2dfi_odt_fsm[1:0]' is: onehot.
I: Encoding table of FSM 'dcp2dfi_odt_fsm[1:0]':
I: from  u_ddr3_ctrl/u_ips_ddrc_top/mcdq_mac_top/mcdq_dfi/dcp2dfi_odt[1] u_ddr3_ctrl/u_ips_ddrc_top/mcdq_mac_top/mcdq_dfi/dcp2dfi_odt[0]
I: to  u_ddr3_ctrl/u_ips_ddrc_top/mcdq_mac_top/mcdq_dfi/dcp2dfi_odt_reg[1] u_ddr3_ctrl/u_ips_ddrc_top/mcdq_mac_top/mcdq_dfi/dcp2dfi_odt_reg[0]
I: 00 => 01
I: 11 => 10
I: Encoding type of FSM 'dcp2dfi_odt_fsm[3:2]' is: onehot.
I: Encoding table of FSM 'dcp2dfi_odt_fsm[3:2]':
I: from  u_ddr3_ctrl/u_ips_ddrc_top/mcdq_mac_top/mcdq_dfi/dcp2dfi_odt[3] u_ddr3_ctrl/u_ips_ddrc_top/mcdq_mac_top/mcdq_dfi/dcp2dfi_odt[2]
I: to  u_ddr3_ctrl/u_ips_ddrc_top/mcdq_mac_top/mcdq_dfi/dcp2dfi_odt_reg[1] u_ddr3_ctrl/u_ips_ddrc_top/mcdq_mac_top/mcdq_dfi/dcp2dfi_odt_reg[0]
I: 00 => 01
I: 11 => 10
I: Encoding type of FSM 'state_fsm[9:0]' is: onehot.
I: Encoding table of FSM 'state_fsm[9:0]':
I: from  u_ddr3_ctrl/u_ips_ddrc_top/mcdq_mac_top/mcdq_lp/state[9] u_ddr3_ctrl/u_ips_ddrc_top/mcdq_mac_top/mcdq_lp/state[8] u_ddr3_ctrl/u_ips_ddrc_top/mcdq_mac_top/mcdq_lp/state[7] u_ddr3_ctrl/u_ips_ddrc_top/mcdq_mac_top/mcdq_lp/state[6] u_ddr3_ctrl/u_ips_ddrc_top/mcdq_mac_top/mcdq_lp/state[5] u_ddr3_ctrl/u_ips_ddrc_top/mcdq_mac_top/mcdq_lp/state[4] u_ddr3_ctrl/u_ips_ddrc_top/mcdq_mac_top/mcdq_lp/state[3] u_ddr3_ctrl/u_ips_ddrc_top/mcdq_mac_top/mcdq_lp/state[2] u_ddr3_ctrl/u_ips_ddrc_top/mcdq_mac_top/mcdq_lp/state[1] u_ddr3_ctrl/u_ips_ddrc_top/mcdq_mac_top/mcdq_lp/state[0]
I: to  u_ddr3_ctrl/u_ips_ddrc_top/mcdq_mac_top/mcdq_lp/state_reg[9] u_ddr3_ctrl/u_ips_ddrc_top/mcdq_mac_top/mcdq_lp/state_reg[8] u_ddr3_ctrl/u_ips_ddrc_top/mcdq_mac_top/mcdq_lp/state_reg[7] u_ddr3_ctrl/u_ips_ddrc_top/mcdq_mac_top/mcdq_lp/state_reg[6] u_ddr3_ctrl/u_ips_ddrc_top/mcdq_mac_top/mcdq_lp/state_reg[5] u_ddr3_ctrl/u_ips_ddrc_top/mcdq_mac_top/mcdq_lp/state_reg[4] u_ddr3_ctrl/u_ips_ddrc_top/mcdq_mac_top/mcdq_lp/state_reg[3] u_ddr3_ctrl/u_ips_ddrc_top/mcdq_mac_top/mcdq_lp/state_reg[2] u_ddr3_ctrl/u_ips_ddrc_top/mcdq_mac_top/mcdq_lp/state_reg[1] u_ddr3_ctrl/u_ips_ddrc_top/mcdq_mac_top/mcdq_lp/state_reg[0]
I: 0000000001 => 0000000001
I: 0000000010 => 0000000010
I: 0000000100 => 0000000100
I: 0000001000 => 0000001000
I: 0000010000 => 0000010000
I: 0000100000 => 0000100000
I: 0001000000 => 0001000000
I: 0010000000 => 0010000000
I: 0100000000 => 0100000000
I: 1000000000 => 1000000000
I: Encoding type of FSM 'mpr_addr_fsm[16:14]' is: onehot.
I: Encoding table of FSM 'mpr_addr_fsm[16:14]':
I: from  u_ddr3_ctrl/u_ips_ddrc_top/mcdq_mac_top/mcdq_mpr/mpr_addr[16] u_ddr3_ctrl/u_ips_ddrc_top/mcdq_mac_top/mcdq_mpr/mpr_addr[15] u_ddr3_ctrl/u_ips_ddrc_top/mcdq_mac_top/mcdq_mpr/mpr_addr[14]
I: to  u_ddr3_ctrl/u_ips_ddrc_top/mcdq_mac_top/mcdq_mpr/mpr_addr_reg[4] u_ddr3_ctrl/u_ips_ddrc_top/mcdq_mac_top/mcdq_mpr/mpr_addr_reg[3] u_ddr3_ctrl/u_ips_ddrc_top/mcdq_mac_top/mcdq_mpr/mpr_addr_reg[2] u_ddr3_ctrl/u_ips_ddrc_top/mcdq_mac_top/mcdq_mpr/mpr_addr_reg[1] u_ddr3_ctrl/u_ips_ddrc_top/mcdq_mac_top/mcdq_mpr/mpr_addr_reg[0]
I: 000 => 00001
I: 001 => 00010
I: 010 => 00100
I: 101 => 01000
I: 111 => 10000
I: Encoding type of FSM 'state_fsm[7:0]' is: onehot.
I: Encoding table of FSM 'state_fsm[7:0]':
I: from  u_ddr3_ctrl/u_ips_ddrc_top/mcdq_mac_top/mcdq_mpr/state[7] u_ddr3_ctrl/u_ips_ddrc_top/mcdq_mac_top/mcdq_mpr/state[6] u_ddr3_ctrl/u_ips_ddrc_top/mcdq_mac_top/mcdq_mpr/state[5] u_ddr3_ctrl/u_ips_ddrc_top/mcdq_mac_top/mcdq_mpr/state[4] u_ddr3_ctrl/u_ips_ddrc_top/mcdq_mac_top/mcdq_mpr/state[3] u_ddr3_ctrl/u_ips_ddrc_top/mcdq_mac_top/mcdq_mpr/state[2] u_ddr3_ctrl/u_ips_ddrc_top/mcdq_mac_top/mcdq_mpr/state[1] u_ddr3_ctrl/u_ips_ddrc_top/mcdq_mac_top/mcdq_mpr/state[0]
I: to  u_ddr3_ctrl/u_ips_ddrc_top/mcdq_mac_top/mcdq_mpr/state_reg[7] u_ddr3_ctrl/u_ips_ddrc_top/mcdq_mac_top/mcdq_mpr/state_reg[6] u_ddr3_ctrl/u_ips_ddrc_top/mcdq_mac_top/mcdq_mpr/state_reg[5] u_ddr3_ctrl/u_ips_ddrc_top/mcdq_mac_top/mcdq_mpr/state_reg[4] u_ddr3_ctrl/u_ips_ddrc_top/mcdq_mac_top/mcdq_mpr/state_reg[3] u_ddr3_ctrl/u_ips_ddrc_top/mcdq_mac_top/mcdq_mpr/state_reg[2] u_ddr3_ctrl/u_ips_ddrc_top/mcdq_mac_top/mcdq_mpr/state_reg[1] u_ddr3_ctrl/u_ips_ddrc_top/mcdq_mac_top/mcdq_mpr/state_reg[0]
I: 00000001 => 00000001
I: 00000010 => 00000010
I: 00000100 => 00000100
I: 00001000 => 00001000
I: 00010000 => 00010000
I: 00100000 => 00100000
I: 01000000 => 01000000
I: 10000000 => 10000000
I: Encoding type of FSM 'state_fsm[6:0]' is: onehot.
I: Encoding table of FSM 'state_fsm[6:0]':
I: from  u_ddr3_ctrl/u_ips_ddrc_top/mcdq_mac_top/mcdq_mrs/state[6] u_ddr3_ctrl/u_ips_ddrc_top/mcdq_mac_top/mcdq_mrs/state[5] u_ddr3_ctrl/u_ips_ddrc_top/mcdq_mac_top/mcdq_mrs/state[4] u_ddr3_ctrl/u_ips_ddrc_top/mcdq_mac_top/mcdq_mrs/state[3] u_ddr3_ctrl/u_ips_ddrc_top/mcdq_mac_top/mcdq_mrs/state[2] u_ddr3_ctrl/u_ips_ddrc_top/mcdq_mac_top/mcdq_mrs/state[1] u_ddr3_ctrl/u_ips_ddrc_top/mcdq_mac_top/mcdq_mrs/state[0]
I: to  u_ddr3_ctrl/u_ips_ddrc_top/mcdq_mac_top/mcdq_mrs/state_reg[6] u_ddr3_ctrl/u_ips_ddrc_top/mcdq_mac_top/mcdq_mrs/state_reg[5] u_ddr3_ctrl/u_ips_ddrc_top/mcdq_mac_top/mcdq_mrs/state_reg[4] u_ddr3_ctrl/u_ips_ddrc_top/mcdq_mac_top/mcdq_mrs/state_reg[3] u_ddr3_ctrl/u_ips_ddrc_top/mcdq_mac_top/mcdq_mrs/state_reg[2] u_ddr3_ctrl/u_ips_ddrc_top/mcdq_mac_top/mcdq_mrs/state_reg[1] u_ddr3_ctrl/u_ips_ddrc_top/mcdq_mac_top/mcdq_mrs/state_reg[0]
I: 0000001 => 0000001
I: 0000010 => 0000010
I: 0000100 => 0000100
I: 0001000 => 0001000
I: 0010000 => 0010000
I: 0100000 => 0100000
I: 1000000 => 1000000
I: Encoding type of FSM 'state_fsm[2:0]' is: onehot.
I: Encoding table of FSM 'state_fsm[2:0]':
I: from  u_ddr3_ctrl/u_ips_ddrc_top/mcdq_mac_top/mcdq_dcd_top/mcdq_dcd_sm/state[2] u_ddr3_ctrl/u_ips_ddrc_top/mcdq_mac_top/mcdq_dcd_top/mcdq_dcd_sm/state[1] u_ddr3_ctrl/u_ips_ddrc_top/mcdq_mac_top/mcdq_dcd_top/mcdq_dcd_sm/state[0]
I: to  u_ddr3_ctrl/u_ips_ddrc_top/mcdq_mac_top/mcdq_dcd_top/mcdq_dcd_sm/state_reg[6] u_ddr3_ctrl/u_ips_ddrc_top/mcdq_mac_top/mcdq_dcd_top/mcdq_dcd_sm/state_reg[5] u_ddr3_ctrl/u_ips_ddrc_top/mcdq_mac_top/mcdq_dcd_top/mcdq_dcd_sm/state_reg[4] u_ddr3_ctrl/u_ips_ddrc_top/mcdq_mac_top/mcdq_dcd_top/mcdq_dcd_sm/state_reg[3] u_ddr3_ctrl/u_ips_ddrc_top/mcdq_mac_top/mcdq_dcd_top/mcdq_dcd_sm/state_reg[2] u_ddr3_ctrl/u_ips_ddrc_top/mcdq_mac_top/mcdq_dcd_top/mcdq_dcd_sm/state_reg[1] u_ddr3_ctrl/u_ips_ddrc_top/mcdq_mac_top/mcdq_dcd_top/mcdq_dcd_sm/state_reg[0]
I: 000 => 0000001
I: 001 => 0000010
I: 010 => 0000100
I: 011 => 0001000
I: 100 => 0010000
I: 101 => 0100000
I: 110 => 1000000
I: Encoding type of FSM 'state_ddr_fsm[2:0]' is: onehot.
I: Encoding table of FSM 'state_ddr_fsm[2:0]':
I: from  u_ddr_axi_bridge/state_ddr[2] u_ddr_axi_bridge/state_ddr[1] u_ddr_axi_bridge/state_ddr[0]
I: to  u_ddr_axi_bridge/state_ddr_reg[4] u_ddr_axi_bridge/state_ddr_reg[3] u_ddr_axi_bridge/state_ddr_reg[2] u_ddr_axi_bridge/state_ddr_reg[1] u_ddr_axi_bridge/state_ddr_reg[0]
I: 000 => 00001
I: 001 => 00010
I: 010 => 00100
I: 011 => 01000
I: 100 => 10000
I: Encoding type of FSM 'state_fsm[3:0]' is: onehot.
I: Encoding table of FSM 'state_fsm[3:0]':
I: from  u_flash_ddr_boot/u_loader/state[3] u_flash_ddr_boot/u_loader/state[2] u_flash_ddr_boot/u_loader/state[1] u_flash_ddr_boot/u_loader/state[0]
I: to  u_flash_ddr_boot/u_loader/state_reg[8] u_flash_ddr_boot/u_loader/state_reg[7] u_flash_ddr_boot/u_loader/state_reg[6] u_flash_ddr_boot/u_loader/state_reg[5] u_flash_ddr_boot/u_loader/state_reg[4] u_flash_ddr_boot/u_loader/state_reg[3] u_flash_ddr_boot/u_loader/state_reg[2] u_flash_ddr_boot/u_loader/state_reg[1] u_flash_ddr_boot/u_loader/state_reg[0]
I: 0000 => 000000001
I: 0001 => 000000010
I: 0010 => 000000100
I: 0011 => 000001000
I: 0100 => 000010000
I: 0101 => 000100000
I: 0110 => 001000000
I: 0111 => 010000000
I: 1000 => 100000000
I: Encoding type of FSM 'state_fsm[1:0]' is: onehot.
I: Encoding table of FSM 'state_fsm[1:0]':
I: from  u_flash_ddr_boot/u_flash_reader/state[1] u_flash_ddr_boot/u_flash_reader/state[0]
I: to  u_flash_ddr_boot/u_flash_reader/state_reg[2] u_flash_ddr_boot/u_flash_reader/state_reg[1] u_flash_ddr_boot/u_flash_reader/state_reg[0]
I: 00 => 001
I: 01 => 010
I: 10 => 100
I: Encoding type of FSM 'jtag_state_fsm[2:0]' is: onehot.
I: Encoding table of FSM 'jtag_state_fsm[2:0]':
I: from  u_mem/jtag_state[2] u_mem/jtag_state[1] u_mem/jtag_state[0]
I: to  u_mem/jtag_state_reg[3] u_mem/jtag_state_reg[2] u_mem/jtag_state_reg[1] u_mem/jtag_state_reg[0]
I: 000 => 0001
I: 001 => 0010
I: 010 => 0100
I: 011 => 1000
I: Encoding type of FSM 'state_fsm[3:0]' is: onehot.
I: Encoding table of FSM 'state_fsm[3:0]':
I: from  u_mem/state[3] u_mem/state[2] u_mem/state[1] u_mem/state[0]
I: to  u_mem/state_reg[6] u_mem/state_reg[5] u_mem/state_reg[4] u_mem/state_reg[3] u_mem/state_reg[2] u_mem/state_reg[1] u_mem/state_reg[0]
I: 0000 => 0000001
I: 0001 => 0000010
I: 0010 => 0000100
I: 0011 => 0001000
I: 0100 => 0010000
I: 0101 => 0100000
I: 0110 => 1000000
I: Encoding type of FSM 'write_state_fsm[1:0]' is: onehot.
I: Encoding table of FSM 'write_state_fsm[1:0]':
I: from  u_preprocess_stereo/u_merge/write_state[1] u_preprocess_stereo/u_merge/write_state[0]
I: to  u_preprocess_stereo/u_merge/write_state_reg[2] u_preprocess_stereo/u_merge/write_state_reg[1] u_preprocess_stereo/u_merge/write_state_reg[0]
I: 00 => 001
I: 01 => 010
I: 10 => 100
I: Encoding type of FSM 'write_state_fsm[1:0]' is: onehot.
I: Encoding table of FSM 'write_state_fsm[1:0]':
I: from  u_stereo_merge/write_state[1] u_stereo_merge/write_state[0]
I: to  u_stereo_merge/write_state_reg[2] u_stereo_merge/write_state_reg[1] u_stereo_merge/write_state_reg[0]
I: 00 => 001
I: 01 => 010
I: 10 => 100
I: Encoding type of FSM 'jtag_state_fsm[3:0]' is: onehot.
I: Encoding table of FSM 'jtag_state_fsm[3:0]':
I: from  u_jtag/u_jtag_driver/jtag_state[3] u_jtag/u_jtag_driver/jtag_state[2] u_jtag/u_jtag_driver/jtag_state[1] u_jtag/u_jtag_driver/jtag_state[0]
I: to  u_jtag/u_jtag_driver/jtag_state_reg[15] u_jtag/u_jtag_driver/jtag_state_reg[14] u_jtag/u_jtag_driver/jtag_state_reg[13] u_jtag/u_jtag_driver/jtag_state_reg[12] u_jtag/u_jtag_driver/jtag_state_reg[11] u_jtag/u_jtag_driver/jtag_state_reg[10] u_jtag/u_jtag_driver/jtag_state_reg[9] u_jtag/u_jtag_driver/jtag_state_reg[8] u_jtag/u_jtag_driver/jtag_state_reg[7] u_jtag/u_jtag_driver/jtag_state_reg[6] u_jtag/u_jtag_driver/jtag_state_reg[5] u_jtag/u_jtag_driver/jtag_state_reg[4] u_jtag/u_jtag_driver/jtag_state_reg[3] u_jtag/u_jtag_driver/jtag_state_reg[2] u_jtag/u_jtag_driver/jtag_state_reg[1] u_jtag/u_jtag_driver/jtag_state_reg[0]
I: 0000 => 0000000000000001
I: 0001 => 0000000000000010
I: 0010 => 0000000000000100
I: 0011 => 0000000000001000
I: 0100 => 0000000000010000
I: 0101 => 0000000000100000
I: 0110 => 0000000001000000
I: 0111 => 0000000010000000
I: 1000 => 0000000100000000
I: 1001 => 0000001000000000
I: 1010 => 0000010000000000
I: 1011 => 0000100000000000
I: 1100 => 0001000000000000
I: 1101 => 0010000000000000
I: 1110 => 0100000000000000
I: 1111 => 1000000000000000
I: Encoding type of FSM 'state_fsm[2:0]' is: onehot.
I: Encoding table of FSM 'state_fsm[2:0]':
I: from  u_jtag/u_jtag_driver/tx/state[2] u_jtag/u_jtag_driver/tx/state[1] u_jtag/u_jtag_driver/tx/state[0]
I: to  u_jtag/u_jtag_driver/tx/state_reg[2] u_jtag/u_jtag_driver/tx/state_reg[1] u_jtag/u_jtag_driver/tx/state_reg[0]
I: 001 => 001
I: 010 => 010
I: 100 => 100
I: Encoding type of FSM 'state_fsm[1:0]' is: onehot.
I: Encoding table of FSM 'state_fsm[1:0]':
I: from  u_jtag/u_jtag_driver/rx/state[1] u_jtag/u_jtag_driver/rx/state[0]
I: to  u_jtag/u_jtag_driver/rx/state_reg[1] u_jtag/u_jtag_driver/rx/state_reg[0]
I: 01 => 01
I: 10 => 10
I: Encoding type of FSM 'bus_p_fsm[1:0]' is: onehot.
I: Encoding table of FSM 'bus_p_fsm[1:0]':
I: from  u_jtag/u_jtag_dm/bus_p[1] u_jtag/u_jtag_dm/bus_p[0]
I: to  u_jtag/u_jtag_dm/bus_p_reg[3] u_jtag/u_jtag_dm/bus_p_reg[2] u_jtag/u_jtag_dm/bus_p_reg[1] u_jtag/u_jtag_dm/bus_p_reg[0]
I: 00 => 0001
I: 01 => 0010
I: 10 => 0100
I: 11 => 1000
I: Encoding type of FSM 'state_fsm[2:0]' is: onehot.
I: Encoding table of FSM 'state_fsm[2:0]':
I: from  u_jtag/u_jtag_dm/state[2] u_jtag/u_jtag_dm/state[1] u_jtag/u_jtag_dm/state[0]
I: to  u_jtag/u_jtag_dm/state_reg[2] u_jtag/u_jtag_dm/state_reg[1] u_jtag/u_jtag_dm/state_reg[0]
I: 001 => 001
I: 010 => 010
I: 100 => 100
I: Encoding type of FSM 'state_fsm[2:0]' is: onehot.
I: Encoding table of FSM 'state_fsm[2:0]':
I: from  u_jtag/u_jtag_dm/tx/state[2] u_jtag/u_jtag_dm/tx/state[1] u_jtag/u_jtag_dm/tx/state[0]
I: to  u_jtag/u_jtag_dm/tx/state_reg[2] u_jtag/u_jtag_dm/tx/state_reg[1] u_jtag/u_jtag_dm/tx/state_reg[0]
I: 001 => 001
I: 010 => 010
I: 100 => 100
I: Encoding type of FSM 'state_fsm[1:0]' is: onehot.
I: Encoding table of FSM 'state_fsm[1:0]':
I: from  u_jtag/u_jtag_dm/rx/state[1] u_jtag/u_jtag_dm/rx/state[0]
I: to  u_jtag/u_jtag_dm/rx/state_reg[1] u_jtag/u_jtag_dm/rx/state_reg[0]
I: 01 => 01
I: 10 => 10
W: Removed bmsWIDEDFFCPE inst cpu_fifo_level[31:0] at 11 that is stuck at constant 0.
W: Removed bmsWIDEDFFCPE inst cpu_fifo_max_level[31:0] at 11 that is stuck at constant 0.
W: Removed bmsWIDEDFFRSE inst snap_fifo_error_mem[31:0] at 3 that is stuck at constant 0.
W: Removed bmsWIDEDFFRSE inst snap_status_mem[31:0] at 15 that is stuck at constant 0.
W: Removed bmsWIDEDFFCPE inst cpu_fifo_error[31:0] at 3 that is stuck at constant 0.
W: Removed bmsWIDEDFFCPE inst cpu_status[31:0] at 15 that is stuck at constant 0.
W: Removed bmsWIDEDFFCPE inst selected_buffer[31:0] at 27 that is stuck at constant 1.
W: Removed bmsWIDEDFFCPE inst last_frame_addr[31:0] at 27 that is stuck at constant 1.
W: Removed bmsWIDEDFFCPE inst cpu_fifo_level[31:0] at 11 that is stuck at constant 0.
W: Removed bmsWIDEDFFCPE inst cpu_fifo_max_level[31:0] at 11 that is stuck at constant 0.
W: Removed bmsWIDEDFFRSE inst snap_fifo_error_mem[31:0] at 3 that is stuck at constant 0.
W: Removed bmsWIDEDFFRSE inst snap_status_mem[31:0] at 15 that is stuck at constant 0.
W: Removed bmsWIDEDFFCPE inst cpu_fifo_error[31:0] at 3 that is stuck at constant 0.
W: Removed bmsWIDEDFFCPE inst cpu_status[31:0] at 15 that is stuck at constant 0.
W: Removed bmsWIDEDFFCPE inst selected_buffer[31:0] at 21 that is stuck at constant 1.
W: Removed bmsWIDEDFFCPE inst last_frame_addr[31:0] at 21 that is stuck at constant 1.
W: Removed bmsWIDEDFFRSE inst arid[3:0] at 1 that is stuck at constant 0.
W: Removed bmsWIDEDFFRSE inst awlen[7:0] at 1 that is stuck at constant 0.
W: Removed bmsWIDEDFFRSE inst write_buffer_data[127:0] at 96 that is stuck at constant 0.
W: Removed bmsWIDEDFFRSE inst request_buffer_offset[3:0] at 0 that is stuck at constant 0.
W: Removed bmsWIDEDFFRSE inst csr_mepc[31:0] at 0 that is stuck at constant 0.
W: Removed bmsWIDEDFFRSE inst csr_mie[31:0] at 0 that is stuck at constant 0.
W: Removed bmsWIDEDFFPATRE inst csr_mstatus[31:0] at 0 that is stuck at constant 0.
W: Removed bmsWIDEDFFPATRE inst csr_mstatus[31:0] at 1 that is stuck at constant 0.
W: Removed bmsWIDEDFFPATRE inst csr_mstatus[31:0] at 2 that is stuck at constant 0.
W: Removed bmsWIDEDFFPATRE inst csr_mstatus[31:0] at 4 that is stuck at constant 0.
W: Removed bmsWIDEDFFPATRE inst csr_mstatus[31:0] at 5 that is stuck at constant 0.
W: Removed bmsWIDEDFFPATRE inst csr_mstatus[31:0] at 6 that is stuck at constant 0.
W: Removed bmsWIDEDFFPATRE inst csr_mstatus[31:0] at 8 that is stuck at constant 0.
W: Removed bmsWIDEDFFPATRE inst csr_mstatus[31:0] at 9 that is stuck at constant 0.
W: Removed bmsWIDEDFFPATRE inst csr_mstatus[31:0] at 10 that is stuck at constant 0.
W: Removed bmsWIDEDFFPATRE inst csr_mstatus[31:0] at 11 that is stuck at constant 1.
W: Removed bmsWIDEDFFPATRE inst csr_mstatus[31:0] at 12 that is stuck at constant 1.
W: Removed bmsWIDEDFFPATRE inst csr_mstatus[31:0] at 13 that is stuck at constant 0.
W: Removed bmsWIDEDFFPATRE inst csr_mstatus[31:0] at 14 that is stuck at constant 0.
W: Removed bmsWIDEDFFPATRE inst csr_mstatus[31:0] at 15 that is stuck at constant 0.
W: Removed bmsWIDEDFFPATRE inst csr_mstatus[31:0] at 16 that is stuck at constant 0.
W: Removed bmsWIDEDFFPATRE inst csr_mstatus[31:0] at 17 that is stuck at constant 0.
W: Removed bmsWIDEDFFPATRE inst csr_mstatus[31:0] at 18 that is stuck at constant 0.
W: Removed bmsWIDEDFFPATRE inst csr_mstatus[31:0] at 19 that is stuck at constant 0.
W: Removed bmsWIDEDFFPATRE inst csr_mstatus[31:0] at 20 that is stuck at constant 0.
W: Removed bmsWIDEDFFPATRE inst csr_mstatus[31:0] at 21 that is stuck at constant 0.
W: Removed bmsWIDEDFFPATRE inst csr_mstatus[31:0] at 22 that is stuck at constant 0.
W: Removed bmsWIDEDFFPATRE inst csr_mstatus[31:0] at 23 that is stuck at constant 0.
W: Removed bmsWIDEDFFPATRE inst csr_mstatus[31:0] at 24 that is stuck at constant 0.
W: Removed bmsWIDEDFFPATRE inst csr_mstatus[31:0] at 25 that is stuck at constant 0.
W: Removed bmsWIDEDFFPATRE inst csr_mstatus[31:0] at 26 that is stuck at constant 0.
W: Removed bmsWIDEDFFPATRE inst csr_mstatus[31:0] at 27 that is stuck at constant 0.
W: Removed bmsWIDEDFFPATRE inst csr_mstatus[31:0] at 28 that is stuck at constant 0.
W: Removed bmsWIDEDFFPATRE inst csr_mstatus[31:0] at 29 that is stuck at constant 0.
W: Removed bmsWIDEDFFPATRE inst csr_mstatus[31:0] at 30 that is stuck at constant 0.
W: Removed bmsWIDEDFFPATRE inst csr_mstatus[31:0] at 31 that is stuck at constant 0.
W: Removed bmsWIDEDFFRSE inst csr_mtvec[31:0] at 0 that is stuck at constant 0.
W: Removed bmsWIDEDFFRSE inst axi_back_ardata_in_pre[31:0] at 13 that is stuck at constant 0.
W: Removed bmsWIDEDFFCPE inst rdcal_address[14:0] at 0 that is stuck at constant 0.
W: Removed bmsWIDEDFFCPE inst rdcal_ba[2:0] at 1 that is stuck at constant 0.
W: Removed bmsWIDEDFFCPE inst wrcal_address[14:0] at 0 that is stuck at constant 0.
W: Removed bmsWIDEDFFCPE inst wrlvl_address[14:0] at 13 that is stuck at constant 0.
W: Removed bmsWIDEDFFCPE inst wrlvl_ba[2:0] at 1 that is stuck at constant 0.
W: Removed bmsWIDEDFFCPE inst eyecal_address[14:0] at 0 that is stuck at constant 0.
W: Removed bmsWIDEDFFCPE inst genblk2.init_ba[2:0] at 2 that is stuck at constant 0.
W: Removed bmsWIDEDFFCPE inst check_out_sync_point_begin that is stuck at constant 0.
W: Removed bmsWIDEDFFCPE inst phy_ck[3:0] at 1 that is stuck at constant 0.
W: Removed bmsWIDEDFFPATCE inst mr0[15:0] at 15 that is stuck at constant 0.
W: Removed bmsWIDEDFFPATCE inst mr1[15:0] at 15 that is stuck at constant 0.
W: Removed bmsWIDEDFFPATCE inst mr2[15:0] at 15 that is stuck at constant 0.
W: Removed bmsWIDEDFFCPE inst mr3[15:0] at 15 that is stuck at constant 0.
W: Removed bmsWIDEDFFCPE inst wl_p_dll_bin_shift_value[6:0] at 0 that is stuck at constant 0.
W: Removed bmsWIDEDFFCPE inst dqs_gate_pulse_src_nxt_r[3:0] at 3 that is stuck at constant 0.
W: Removed bmsWIDEDFFCPE inst mc_al[4:0] at 4 that is stuck at constant 0.
W: Removed bmsWIDEDFFCPE inst mc_cl[4:0] at 4 that is stuck at constant 0.
W: Removed bmsWIDEDFFCPE inst mc_cwl[4:0] at 4 that is stuck at constant 0.
W: Removed bmsWIDEDFFCPE inst mc_wl[5:0] at 5 that is stuck at constant 0.
W: Removed bmsWIDEDFFCPE inst norm_addr_m[14:0] at 10 that is stuck at constant 0.
W: Removed bmsWIDEDFFCPE inst norm_cmd_m[7:0] at 5 that is stuck at constant 0.
W: Removed bmsWIDEDFFCPE inst mux_dfi_cas_n[3:0] at 3 that is stuck at constant 1.
W: Removed bmsWIDEDFFCPE inst mux_dfi_cs_n[3:0] at 3 that is stuck at constant 1.
W: Removed bmsWIDEDFFCPE inst mux_dfi_ras_n[3:0] at 3 that is stuck at constant 1.
W: Removed bmsWIDEDFFCPE inst mux_dfi_we_n[3:0] at 3 that is stuck at constant 1.
W: Removed bmsWIDEDFFCPE inst lp_we_n[1:0] at 1 that is stuck at constant 1.
W: Removed bmsWIDEDFFCPE inst mrs_bank[2:0] at 2 that is stuck at constant 0.
W: Removed bmsWIDEDFFCPE inst error_code[3:0] at 3 that is stuck at constant 0.
I: Removed bmsADD inst N682_0 that is redundant to N679
W: Removed bmsWIDEDFFCPE inst error_code[31:0] at 3 that is stuck at constant 0.
W: Removed bmsWIDEDFFCPE inst output_addr[31:0] at 0 that is stuck at constant 0.
W: Removed bmsWIDEDFFPATCE inst read_return[4:0] at 1 that is stuck at constant 1.
W: Removed bmsWIDEDFFPATCE inst read_return[4:0] at 3 that is stuck at constant 0.
W: Removed bmsWIDEDFFPATCE inst read_return[4:0] at 4 that is stuck at constant 0.
W: Removed bmsWIDEDFFCPE inst result_count[31:0] at 4 that is stuck at constant 0.
W: Removed bmsWIDEDFFCPE inst source_addr[31:0] at 0 that is stuck at constant 0.
W: Removed bmsWIDEDFFPATCE inst write_return[4:0] at 4 that is stuck at constant 0.
W: Removed bmsWIDEDFFCPE inst result_addr[31:0] at 0 that is stuck at constant 0.
W: Removed bmsWIDEDFFCPE inst state[4:0] at 4 that is stuck at constant 0.
I: Removed bmsADD inst N682_0 that is redundant to N679
W: Removed bmsWIDEDFFCPE inst error_code[31:0] at 3 that is stuck at constant 0.
W: Removed bmsWIDEDFFCPE inst output_addr[31:0] at 0 that is stuck at constant 0.
W: Removed bmsWIDEDFFPATCE inst read_return[4:0] at 1 that is stuck at constant 1.
W: Removed bmsWIDEDFFPATCE inst read_return[4:0] at 3 that is stuck at constant 0.
W: Removed bmsWIDEDFFPATCE inst read_return[4:0] at 4 that is stuck at constant 0.
W: Removed bmsWIDEDFFCPE inst result_count[31:0] at 4 that is stuck at constant 0.
W: Removed bmsWIDEDFFCPE inst source_addr[31:0] at 0 that is stuck at constant 0.
W: Removed bmsWIDEDFFPATCE inst write_return[4:0] at 4 that is stuck at constant 0.
W: Removed bmsWIDEDFFCPE inst result_addr[31:0] at 0 that is stuck at constant 0.
W: Removed bmsWIDEDFFCPE inst state[4:0] at 4 that is stuck at constant 0.
W: Removed bmsWIDEDFFCPE inst shift_reg[9:0] at 9 that is stuck at constant 1.
W: Removed bmsWIDEDFFCPE inst abstractcs_cmderr[2:0] at 1 that is stuck at constant 0.
W: Removed bmsWIDEDFFCPE inst dcsr[31:0] at 0 that is stuck at constant 0.
W: Removed bmsWIDEDFFPATCE inst dmstatus[7:0] at 0 that is stuck at constant 0.
W: Removed bmsWIDEDFFPATCE inst dmstatus[7:0] at 1 that is stuck at constant 1.
W: Removed bmsWIDEDFFPATCE inst dmstatus[7:0] at 2 that is stuck at constant 0.
W: Removed bmsWIDEDFFPATCE inst dmstatus[7:0] at 3 that is stuck at constant 0.
W: Removed bmsWIDEDFFPATCE inst dmstatus[7:0] at 4 that is stuck at constant 0.
W: Removed bmsWIDEDFFPATCE inst dmstatus[7:0] at 5 that is stuck at constant 0.
W: Removed bmsWIDEDFFPATCE inst dmstatus[7:0] at 6 that is stuck at constant 0.
W: Removed bmsWIDEDFFPATCE inst dmstatus[7:0] at 7 that is stuck at constant 1.
W: Removed bmsWIDEDFFPATCE inst dmstatus[31:12] at 0 that is stuck at constant 0.
W: Removed bmsWIDEDFFPATCE inst dmstatus[31:12] at 1 that is stuck at constant 0.
W: Removed bmsWIDEDFFPATCE inst dmstatus[31:12] at 2 that is stuck at constant 0.
W: Removed bmsWIDEDFFPATCE inst dmstatus[31:12] at 3 that is stuck at constant 0.
W: Removed bmsWIDEDFFPATCE inst dmstatus[31:12] at 4 that is stuck at constant 1.
W: Removed bmsWIDEDFFPATCE inst dmstatus[31:12] at 5 that is stuck at constant 1.
W: Removed bmsWIDEDFFPATCE inst dmstatus[31:12] at 6 that is stuck at constant 0.
W: Removed bmsWIDEDFFPATCE inst dmstatus[31:12] at 7 that is stuck at constant 0.
W: Removed bmsWIDEDFFPATCE inst dmstatus[31:12] at 8 that is stuck at constant 0.
W: Removed bmsWIDEDFFPATCE inst dmstatus[31:12] at 9 that is stuck at constant 0.
W: Removed bmsWIDEDFFPATCE inst dmstatus[31:12] at 10 that is stuck at constant 1.
W: Removed bmsWIDEDFFPATCE inst dmstatus[31:12] at 11 that is stuck at constant 0.
W: Removed bmsWIDEDFFPATCE inst dmstatus[31:12] at 12 that is stuck at constant 0.
W: Removed bmsWIDEDFFPATCE inst dmstatus[31:12] at 13 that is stuck at constant 0.
W: Removed bmsWIDEDFFPATCE inst dmstatus[31:12] at 14 that is stuck at constant 0.
W: Removed bmsWIDEDFFPATCE inst dmstatus[31:12] at 15 that is stuck at constant 0.
W: Removed bmsWIDEDFFPATCE inst dmstatus[31:12] at 16 that is stuck at constant 0.
W: Removed bmsWIDEDFFPATCE inst dmstatus[31:12] at 17 that is stuck at constant 0.
W: Removed bmsWIDEDFFPATCE inst dmstatus[31:12] at 18 that is stuck at constant 0.
W: Removed bmsWIDEDFFPATCE inst dmstatus[31:12] at 19 that is stuck at constant 0.
Executing : pre-mapping successfully. Time elapsed: 3.058s wall, 0.500s user + 0.141s system = 0.641s CPU (20.9%)

Start mod-gen.
W: Public-4008: Instance 'u_dvp_rx/snapshot_last_frame_pixels[31:0]' of 'bmsWIDEDFFCPE' unit is dangling and will be cleaned.
W: Public-4008: Instance 'u_dvp_rx/current_frame_pixels[31:0]' of 'bmsWIDEDFFCPE' unit is dangling and will be cleaned.
W: Public-4008: Instance 'u_dvp_rx/last_frame_lines[31:0]' of 'bmsWIDEDFFCPE' unit is dangling and will be cleaned.
W: Public-4008: Instance 'u_dvp_rx/last_frame_pixels[31:0]' of 'bmsWIDEDFFCPE' unit is dangling and will be cleaned.
W: Public-4008: Instance 'u_dvp_rx/snapshot_last_frame_lines[31:0]' of 'bmsWIDEDFFCPE' unit is dangling and will be cleaned.
W: Public-4008: Instance 'u_fifo/wr_level[10:0]' of 'bmsWIDEDFFCPE' unit is dangling and will be cleaned.
W: Public-4008: Instance 'u_dvp_rx/snapshot_last_frame_pixels[31:0]' of 'bmsWIDEDFFCPE' unit is dangling and will be cleaned.
W: Public-4008: Instance 'u_dvp_rx/current_frame_pixels[31:0]' of 'bmsWIDEDFFCPE' unit is dangling and will be cleaned.
W: Public-4008: Instance 'u_dvp_rx/last_frame_lines[31:0]' of 'bmsWIDEDFFCPE' unit is dangling and will be cleaned.
W: Public-4008: Instance 'u_dvp_rx/last_frame_pixels[31:0]' of 'bmsWIDEDFFCPE' unit is dangling and will be cleaned.
W: Public-4008: Instance 'u_dvp_rx/snapshot_last_frame_lines[31:0]' of 'bmsWIDEDFFCPE' unit is dangling and will be cleaned.
W: Public-4008: Instance 'u_fifo/wr_level[10:0]' of 'bmsWIDEDFFCPE' unit is dangling and will be cleaned.
W: Public-4008: Instance 'fifo_loop[4].ips2l_distributed_fifo_data/u_ips2l_distributed_fifo_distributed_fifo_v1_0/u_ips2l_distributed_fifo_ctr/wr_water_level[5:0]' of 'bmsWIDEDFFCPE' unit is dangling and will be cleaned.
W: Public-4008: Instance 'fifo_loop[5].ips2l_distributed_fifo_data/u_ips2l_distributed_fifo_distributed_fifo_v1_0/u_ips2l_distributed_fifo_ctr/SYN_CTRL.syn_almost_empty' of 'bmsWIDEDFFCPE' unit is dangling and will be cleaned.
W: Public-4008: Instance 'fifo_loop[5].ips2l_distributed_fifo_data/u_ips2l_distributed_fifo_distributed_fifo_v1_0/u_ips2l_distributed_fifo_ctr/SYN_CTRL.syn_almost_full' of 'bmsWIDEDFFCPE' unit is dangling and will be cleaned.
W: Public-4008: Instance 'fifo_loop[5].ips2l_distributed_fifo_data/u_ips2l_distributed_fifo_distributed_fifo_v1_0/u_ips2l_distributed_fifo_ctr/rd_water_level[5:0]' of 'bmsWIDEDFFCPE' unit is dangling and will be cleaned.
W: Public-4008: Instance 'fifo_loop[5].ips2l_distributed_fifo_data/u_ips2l_distributed_fifo_distributed_fifo_v1_0/u_ips2l_distributed_fifo_ctr/wr_water_level[5:0]' of 'bmsWIDEDFFCPE' unit is dangling and will be cleaned.
W: Public-4008: Instance 'fifo_loop[6].ips2l_distributed_fifo_data/u_ips2l_distributed_fifo_distributed_fifo_v1_0/u_ips2l_distributed_fifo_ctr/SYN_CTRL.syn_almost_empty' of 'bmsWIDEDFFCPE' unit is dangling and will be cleaned.
W: Public-4008: Instance 'fifo_loop[6].ips2l_distributed_fifo_data/u_ips2l_distributed_fifo_distributed_fifo_v1_0/u_ips2l_distributed_fifo_ctr/SYN_CTRL.syn_almost_full' of 'bmsWIDEDFFCPE' unit is dangling and will be cleaned.
W: Public-4008: Instance 'fifo_loop[6].ips2l_distributed_fifo_data/u_ips2l_distributed_fifo_distributed_fifo_v1_0/u_ips2l_distributed_fifo_ctr/rd_water_level[5:0]' of 'bmsWIDEDFFCPE' unit is dangling and will be cleaned.
W: Public-4008: Instance 'fifo_loop[6].ips2l_distributed_fifo_data/u_ips2l_distributed_fifo_distributed_fifo_v1_0/u_ips2l_distributed_fifo_ctr/wr_water_level[5:0]' of 'bmsWIDEDFFCPE' unit is dangling and will be cleaned.
W: Public-4008: Instance 'fifo_loop[7].ips2l_distributed_fifo_data/u_ips2l_distributed_fifo_distributed_fifo_v1_0/u_ips2l_distributed_fifo_ctr/SYN_CTRL.syn_almost_empty' of 'bmsWIDEDFFCPE' unit is dangling and will be cleaned.
W: Public-4008: Instance 'fifo_loop[7].ips2l_distributed_fifo_data/u_ips2l_distributed_fifo_distributed_fifo_v1_0/u_ips2l_distributed_fifo_ctr/SYN_CTRL.syn_almost_full' of 'bmsWIDEDFFCPE' unit is dangling and will be cleaned.
W: Public-4008: Instance 'fifo_loop[7].ips2l_distributed_fifo_data/u_ips2l_distributed_fifo_distributed_fifo_v1_0/u_ips2l_distributed_fifo_ctr/rd_water_level[5:0]' of 'bmsWIDEDFFCPE' unit is dangling and will be cleaned.
W: Public-4008: Instance 'fifo_loop[7].ips2l_distributed_fifo_data/u_ips2l_distributed_fifo_distributed_fifo_v1_0/u_ips2l_distributed_fifo_ctr/wr_water_level[5:0]' of 'bmsWIDEDFFCPE' unit is dangling and will be cleaned.
W: Public-4008: Instance 'ips2l_distributed_fifo_wstrb0/u_ips2l_distributed_fifo_distributed_fifo_v1_0/u_ips2l_distributed_fifo_ctr/SYN_CTRL.syn_almost_empty' of 'bmsWIDEDFFCPE' unit is dangling and will be cleaned.
W: Public-4008: Instance 'ips2l_distributed_fifo_wstrb0/u_ips2l_distributed_fifo_distributed_fifo_v1_0/u_ips2l_distributed_fifo_ctr/SYN_CTRL.syn_almost_full' of 'bmsWIDEDFFCPE' unit is dangling and will be cleaned.
W: Public-4008: Instance 'ips2l_distributed_fifo_wstrb0/u_ips2l_distributed_fifo_distributed_fifo_v1_0/u_ips2l_distributed_fifo_ctr/rd_water_level[5:0]' of 'bmsWIDEDFFCPE' unit is dangling and will be cleaned.
W: Public-4008: Instance 'ips2l_distributed_fifo_wstrb0/u_ips2l_distributed_fifo_distributed_fifo_v1_0/u_ips2l_distributed_fifo_ctr/wr_water_level[5:0]' of 'bmsWIDEDFFCPE' unit is dangling and will be cleaned.
W: Public-4008: Instance 'fifo_loop[0].ips2l_distributed_fifo_data/u_ips2l_distributed_fifo_distributed_fifo_v1_0/u_ips2l_distributed_fifo_ctr/SYN_CTRL.syn_almost_empty' of 'bmsWIDEDFFCPE' unit is dangling and will be cleaned.
W: Public-4008: Instance 'fifo_loop[0].ips2l_distributed_fifo_data/u_ips2l_distributed_fifo_distributed_fifo_v1_0/u_ips2l_distributed_fifo_ctr/rd_water_level[5:0]' of 'bmsWIDEDFFCPE' unit is dangling and will be cleaned.
W: Public-4008: Instance 'fifo_loop[0].ips2l_distributed_fifo_data/u_ips2l_distributed_fifo_distributed_fifo_v1_0/u_ips2l_distributed_fifo_ctr/wr_water_level[5:0]' of 'bmsWIDEDFFCPE' unit is dangling and will be cleaned.
W: Public-4008: Instance 'fifo_loop[1].ips2l_distributed_fifo_data/u_ips2l_distributed_fifo_distributed_fifo_v1_0/u_ips2l_distributed_fifo_ctr/SYN_CTRL.syn_almost_empty' of 'bmsWIDEDFFCPE' unit is dangling and will be cleaned.
W: Public-4008: Instance 'fifo_loop[1].ips2l_distributed_fifo_data/u_ips2l_distributed_fifo_distributed_fifo_v1_0/u_ips2l_distributed_fifo_ctr/SYN_CTRL.syn_almost_full' of 'bmsWIDEDFFCPE' unit is dangling and will be cleaned.
W: Public-4008: Instance 'fifo_loop[1].ips2l_distributed_fifo_data/u_ips2l_distributed_fifo_distributed_fifo_v1_0/u_ips2l_distributed_fifo_ctr/rd_water_level[5:0]' of 'bmsWIDEDFFCPE' unit is dangling and will be cleaned.
W: Public-4008: Instance 'fifo_loop[1].ips2l_distributed_fifo_data/u_ips2l_distributed_fifo_distributed_fifo_v1_0/u_ips2l_distributed_fifo_ctr/wr_water_level[5:0]' of 'bmsWIDEDFFCPE' unit is dangling and will be cleaned.
W: Public-4008: Instance 'fifo_loop[2].ips2l_distributed_fifo_data/u_ips2l_distributed_fifo_distributed_fifo_v1_0/u_ips2l_distributed_fifo_ctr/SYN_CTRL.syn_almost_empty' of 'bmsWIDEDFFCPE' unit is dangling and will be cleaned.
W: Public-4008: Instance 'fifo_loop[2].ips2l_distributed_fifo_data/u_ips2l_distributed_fifo_distributed_fifo_v1_0/u_ips2l_distributed_fifo_ctr/SYN_CTRL.syn_almost_full' of 'bmsWIDEDFFCPE' unit is dangling and will be cleaned.
W: Public-4008: Instance 'fifo_loop[2].ips2l_distributed_fifo_data/u_ips2l_distributed_fifo_distributed_fifo_v1_0/u_ips2l_distributed_fifo_ctr/rd_water_level[5:0]' of 'bmsWIDEDFFCPE' unit is dangling and will be cleaned.
W: Public-4008: Instance 'fifo_loop[2].ips2l_distributed_fifo_data/u_ips2l_distributed_fifo_distributed_fifo_v1_0/u_ips2l_distributed_fifo_ctr/wr_water_level[5:0]' of 'bmsWIDEDFFCPE' unit is dangling and will be cleaned.
W: Public-4008: Instance 'fifo_loop[3].ips2l_distributed_fifo_data/u_ips2l_distributed_fifo_distributed_fifo_v1_0/u_ips2l_distributed_fifo_ctr/SYN_CTRL.syn_almost_empty' of 'bmsWIDEDFFCPE' unit is dangling and will be cleaned.
W: Public-4008: Instance 'fifo_loop[3].ips2l_distributed_fifo_data/u_ips2l_distributed_fifo_distributed_fifo_v1_0/u_ips2l_distributed_fifo_ctr/SYN_CTRL.syn_almost_full' of 'bmsWIDEDFFCPE' unit is dangling and will be cleaned.
W: Public-4008: Instance 'fifo_loop[3].ips2l_distributed_fifo_data/u_ips2l_distributed_fifo_distributed_fifo_v1_0/u_ips2l_distributed_fifo_ctr/rd_water_level[5:0]' of 'bmsWIDEDFFCPE' unit is dangling and will be cleaned.
W: Public-4008: Instance 'fifo_loop[3].ips2l_distributed_fifo_data/u_ips2l_distributed_fifo_distributed_fifo_v1_0/u_ips2l_distributed_fifo_ctr/wr_water_level[5:0]' of 'bmsWIDEDFFCPE' unit is dangling and will be cleaned.
W: Public-4008: Instance 'fifo_loop[4].ips2l_distributed_fifo_data/u_ips2l_distributed_fifo_distributed_fifo_v1_0/u_ips2l_distributed_fifo_ctr/SYN_CTRL.syn_almost_empty' of 'bmsWIDEDFFCPE' unit is dangling and will be cleaned.
W: Public-4008: Instance 'fifo_loop[4].ips2l_distributed_fifo_data/u_ips2l_distributed_fifo_distributed_fifo_v1_0/u_ips2l_distributed_fifo_ctr/SYN_CTRL.syn_almost_full' of 'bmsWIDEDFFCPE' unit is dangling and will be cleaned.
W: Public-4008: Instance 'fifo_loop[4].ips2l_distributed_fifo_data/u_ips2l_distributed_fifo_distributed_fifo_v1_0/u_ips2l_distributed_fifo_ctr/rd_water_level[5:0]' of 'bmsWIDEDFFCPE' unit is dangling and will be cleaned.
W: Public-4008: Instance 'ips2l_distributed_fifo/u_ips2l_distributed_fifo_distributed_fifo_v1_0/u_ips2l_distributed_fifo_ctr/SYN_CTRL.syn_almost_empty' of 'bmsWIDEDFFCPE' unit is dangling and will be cleaned.
W: Public-4008: Instance 'ips2l_distributed_fifo/u_ips2l_distributed_fifo_distributed_fifo_v1_0/u_ips2l_distributed_fifo_ctr/wr_water_level[4:0]' of 'bmsWIDEDFFCPE' unit is dangling and will be cleaned.
W: Public-4008: Instance 'ips2l_distributed_fifo/u_ips2l_distributed_fifo_distributed_fifo_v1_0/u_ips2l_distributed_fifo_ctr/rd_water_level[4:0]' of 'bmsWIDEDFFCPE' unit is dangling and will be cleaned.
W: Public-4008: Instance 'ips2l_distributed_fifo/u_ips2l_distributed_fifo_distributed_fifo_v1_0/u_ips2l_distributed_fifo_ctr/SYN_CTRL.syn_almost_empty' of 'bmsWIDEDFFCPE' unit is dangling and will be cleaned.
W: Public-4008: Instance 'ips2l_distributed_fifo/u_ips2l_distributed_fifo_distributed_fifo_v1_0/u_ips2l_distributed_fifo_ctr/rd_water_level[5:0]' of 'bmsWIDEDFFCPE' unit is dangling and will be cleaned.
W: Public-4008: Instance 'ips2l_distributed_fifo/u_ips2l_distributed_fifo_distributed_fifo_v1_0/u_ips2l_distributed_fifo_ctr/wr_water_level[5:0]' of 'bmsWIDEDFFCPE' unit is dangling and will be cleaned.
W: Public-4008: Instance 'ips2l_distributed_fifo/u_ips2l_distributed_fifo_distributed_fifo_v1_0/u_ips2l_distributed_fifo_ctr/SYN_CTRL.syn_almost_empty' of 'bmsWIDEDFFCPE' unit is dangling and will be cleaned.
W: Public-4008: Instance 'ips2l_distributed_fifo/u_ips2l_distributed_fifo_distributed_fifo_v1_0/u_ips2l_distributed_fifo_ctr/wr_water_level[4:0]' of 'bmsWIDEDFFCPE' unit is dangling and will be cleaned.
W: Public-4008: Instance 'ips2l_distributed_fifo/u_ips2l_distributed_fifo_distributed_fifo_v1_0/u_ips2l_distributed_fifo_ctr/rd_water_level[4:0]' of 'bmsWIDEDFFCPE' unit is dangling and will be cleaned.
W: Public-4008: Instance 'ips2l_distributed_fifo/u_ips2l_distributed_fifo_distributed_fifo_v1_0/u_ips2l_distributed_fifo_ctr/SYN_CTRL.syn_almost_empty' of 'bmsWIDEDFFCPE' unit is dangling and will be cleaned.
W: Public-4008: Instance 'ips2l_distributed_fifo/u_ips2l_distributed_fifo_distributed_fifo_v1_0/u_ips2l_distributed_fifo_ctr/wr_water_level[4:0]' of 'bmsWIDEDFFCPE' unit is dangling and will be cleaned.
W: Public-4008: Instance 'ips2l_distributed_fifo/u_ips2l_distributed_fifo_distributed_fifo_v1_0/u_ips2l_distributed_fifo_ctr/rd_water_level[4:0]' of 'bmsWIDEDFFCPE' unit is dangling and will be cleaned.
W: Public-4008: Instance 'fifo_loop[4].ips2l_distributed_fifo_data/u_ips2l_distributed_fifo_distributed_fifo_v1_0/u_ips2l_distributed_fifo_ctr/rd_water_level[4:0]' of 'bmsWIDEDFFCPE' unit is dangling and will be cleaned.
W: Public-4008: Instance 'fifo_loop[5].ips2l_distributed_fifo_data/u_ips2l_distributed_fifo_distributed_fifo_v1_0/u_ips2l_distributed_fifo_ctr/SYN_CTRL.syn_almost_empty' of 'bmsWIDEDFFCPE' unit is dangling and will be cleaned.
W: Public-4008: Instance 'fifo_loop[5].ips2l_distributed_fifo_data/u_ips2l_distributed_fifo_distributed_fifo_v1_0/u_ips2l_distributed_fifo_ctr/SYN_CTRL.syn_almost_full' of 'bmsWIDEDFFCPE' unit is dangling and will be cleaned.
W: Public-4008: Instance 'fifo_loop[5].ips2l_distributed_fifo_data/u_ips2l_distributed_fifo_distributed_fifo_v1_0/u_ips2l_distributed_fifo_ctr/wr_water_level[4:0]' of 'bmsWIDEDFFCPE' unit is dangling and will be cleaned.
W: Public-4008: Instance 'fifo_loop[5].ips2l_distributed_fifo_data/u_ips2l_distributed_fifo_distributed_fifo_v1_0/u_ips2l_distributed_fifo_ctr/rd_water_level[4:0]' of 'bmsWIDEDFFCPE' unit is dangling and will be cleaned.
W: Public-4008: Instance 'fifo_loop[6].ips2l_distributed_fifo_data/u_ips2l_distributed_fifo_distributed_fifo_v1_0/u_ips2l_distributed_fifo_ctr/SYN_CTRL.syn_almost_empty' of 'bmsWIDEDFFCPE' unit is dangling and will be cleaned.
W: Public-4008: Instance 'fifo_loop[6].ips2l_distributed_fifo_data/u_ips2l_distributed_fifo_distributed_fifo_v1_0/u_ips2l_distributed_fifo_ctr/SYN_CTRL.syn_almost_full' of 'bmsWIDEDFFCPE' unit is dangling and will be cleaned.
W: Public-4008: Instance 'fifo_loop[6].ips2l_distributed_fifo_data/u_ips2l_distributed_fifo_distributed_fifo_v1_0/u_ips2l_distributed_fifo_ctr/wr_water_level[4:0]' of 'bmsWIDEDFFCPE' unit is dangling and will be cleaned.
W: Public-4008: Instance 'fifo_loop[6].ips2l_distributed_fifo_data/u_ips2l_distributed_fifo_distributed_fifo_v1_0/u_ips2l_distributed_fifo_ctr/rd_water_level[4:0]' of 'bmsWIDEDFFCPE' unit is dangling and will be cleaned.
W: Public-4008: Instance 'fifo_loop[7].ips2l_distributed_fifo_data/u_ips2l_distributed_fifo_distributed_fifo_v1_0/u_ips2l_distributed_fifo_ctr/SYN_CTRL.syn_almost_empty' of 'bmsWIDEDFFCPE' unit is dangling and will be cleaned.
W: Public-4008: Instance 'fifo_loop[7].ips2l_distributed_fifo_data/u_ips2l_distributed_fifo_distributed_fifo_v1_0/u_ips2l_distributed_fifo_ctr/SYN_CTRL.syn_almost_full' of 'bmsWIDEDFFCPE' unit is dangling and will be cleaned.
W: Public-4008: Instance 'fifo_loop[7].ips2l_distributed_fifo_data/u_ips2l_distributed_fifo_distributed_fifo_v1_0/u_ips2l_distributed_fifo_ctr/wr_water_level[4:0]' of 'bmsWIDEDFFCPE' unit is dangling and will be cleaned.
W: Public-4008: Instance 'fifo_loop[7].ips2l_distributed_fifo_data/u_ips2l_distributed_fifo_distributed_fifo_v1_0/u_ips2l_distributed_fifo_ctr/rd_water_level[4:0]' of 'bmsWIDEDFFCPE' unit is dangling and will be cleaned.
W: Public-4008: Instance 'ips2l_distributed_fifo_wstrb0/u_ips2l_distributed_fifo_distributed_fifo_v1_0/u_ips2l_distributed_fifo_ctr/SYN_CTRL.syn_almost_empty' of 'bmsWIDEDFFCPE' unit is dangling and will be cleaned.
W: Public-4008: Instance 'ips2l_distributed_fifo_wstrb0/u_ips2l_distributed_fifo_distributed_fifo_v1_0/u_ips2l_distributed_fifo_ctr/SYN_CTRL.syn_almost_full' of 'bmsWIDEDFFCPE' unit is dangling and will be cleaned.
W: Public-4008: Instance 'ips2l_distributed_fifo_wstrb0/u_ips2l_distributed_fifo_distributed_fifo_v1_0/u_ips2l_distributed_fifo_ctr/wr_water_level[4:0]' of 'bmsWIDEDFFCPE' unit is dangling and will be cleaned.
W: Public-4008: Instance 'ips2l_distributed_fifo_wstrb0/u_ips2l_distributed_fifo_distributed_fifo_v1_0/u_ips2l_distributed_fifo_ctr/rd_water_level[4:0]' of 'bmsWIDEDFFCPE' unit is dangling and will be cleaned.
W: Public-4008: Instance 'fifo_loop[0].ips2l_distributed_fifo_data/u_ips2l_distributed_fifo_distributed_fifo_v1_0/u_ips2l_distributed_fifo_ctr/SYN_CTRL.syn_almost_empty' of 'bmsWIDEDFFCPE' unit is dangling and will be cleaned.
W: Public-4008: Instance 'fifo_loop[0].ips2l_distributed_fifo_data/u_ips2l_distributed_fifo_distributed_fifo_v1_0/u_ips2l_distributed_fifo_ctr/wr_water_level[4:0]' of 'bmsWIDEDFFCPE' unit is dangling and will be cleaned.
W: Public-4008: Instance 'fifo_loop[0].ips2l_distributed_fifo_data/u_ips2l_distributed_fifo_distributed_fifo_v1_0/u_ips2l_distributed_fifo_ctr/rd_water_level[4:0]' of 'bmsWIDEDFFCPE' unit is dangling and will be cleaned.
W: Public-4008: Instance 'fifo_loop[1].ips2l_distributed_fifo_data/u_ips2l_distributed_fifo_distributed_fifo_v1_0/u_ips2l_distributed_fifo_ctr/SYN_CTRL.syn_almost_empty' of 'bmsWIDEDFFCPE' unit is dangling and will be cleaned.
W: Public-4008: Instance 'fifo_loop[1].ips2l_distributed_fifo_data/u_ips2l_distributed_fifo_distributed_fifo_v1_0/u_ips2l_distributed_fifo_ctr/SYN_CTRL.syn_almost_full' of 'bmsWIDEDFFCPE' unit is dangling and will be cleaned.
W: Public-4008: Instance 'fifo_loop[1].ips2l_distributed_fifo_data/u_ips2l_distributed_fifo_distributed_fifo_v1_0/u_ips2l_distributed_fifo_ctr/wr_water_level[4:0]' of 'bmsWIDEDFFCPE' unit is dangling and will be cleaned.
W: Public-4008: Instance 'fifo_loop[1].ips2l_distributed_fifo_data/u_ips2l_distributed_fifo_distributed_fifo_v1_0/u_ips2l_distributed_fifo_ctr/rd_water_level[4:0]' of 'bmsWIDEDFFCPE' unit is dangling and will be cleaned.
W: Public-4008: Instance 'fifo_loop[2].ips2l_distributed_fifo_data/u_ips2l_distributed_fifo_distributed_fifo_v1_0/u_ips2l_distributed_fifo_ctr/SYN_CTRL.syn_almost_empty' of 'bmsWIDEDFFCPE' unit is dangling and will be cleaned.
W: Public-4008: Instance 'fifo_loop[2].ips2l_distributed_fifo_data/u_ips2l_distributed_fifo_distributed_fifo_v1_0/u_ips2l_distributed_fifo_ctr/SYN_CTRL.syn_almost_full' of 'bmsWIDEDFFCPE' unit is dangling and will be cleaned.
W: Public-4008: Instance 'fifo_loop[2].ips2l_distributed_fifo_data/u_ips2l_distributed_fifo_distributed_fifo_v1_0/u_ips2l_distributed_fifo_ctr/wr_water_level[4:0]' of 'bmsWIDEDFFCPE' unit is dangling and will be cleaned.
W: Public-4008: Instance 'fifo_loop[2].ips2l_distributed_fifo_data/u_ips2l_distributed_fifo_distributed_fifo_v1_0/u_ips2l_distributed_fifo_ctr/rd_water_level[4:0]' of 'bmsWIDEDFFCPE' unit is dangling and will be cleaned.
W: Public-4008: Instance 'fifo_loop[3].ips2l_distributed_fifo_data/u_ips2l_distributed_fifo_distributed_fifo_v1_0/u_ips2l_distributed_fifo_ctr/SYN_CTRL.syn_almost_empty' of 'bmsWIDEDFFCPE' unit is dangling and will be cleaned.
W: Public-4008: Instance 'fifo_loop[3].ips2l_distributed_fifo_data/u_ips2l_distributed_fifo_distributed_fifo_v1_0/u_ips2l_distributed_fifo_ctr/SYN_CTRL.syn_almost_full' of 'bmsWIDEDFFCPE' unit is dangling and will be cleaned.
W: Public-4008: Instance 'fifo_loop[3].ips2l_distributed_fifo_data/u_ips2l_distributed_fifo_distributed_fifo_v1_0/u_ips2l_distributed_fifo_ctr/wr_water_level[4:0]' of 'bmsWIDEDFFCPE' unit is dangling and will be cleaned.
W: Public-4008: Instance 'fifo_loop[3].ips2l_distributed_fifo_data/u_ips2l_distributed_fifo_distributed_fifo_v1_0/u_ips2l_distributed_fifo_ctr/rd_water_level[4:0]' of 'bmsWIDEDFFCPE' unit is dangling and will be cleaned.
W: Public-4008: Instance 'fifo_loop[4].ips2l_distributed_fifo_data/u_ips2l_distributed_fifo_distributed_fifo_v1_0/u_ips2l_distributed_fifo_ctr/SYN_CTRL.syn_almost_empty' of 'bmsWIDEDFFCPE' unit is dangling and will be cleaned.
W: Public-4008: Instance 'fifo_loop[4].ips2l_distributed_fifo_data/u_ips2l_distributed_fifo_distributed_fifo_v1_0/u_ips2l_distributed_fifo_ctr/SYN_CTRL.syn_almost_full' of 'bmsWIDEDFFCPE' unit is dangling and will be cleaned.
W: Public-4008: Instance 'fifo_loop[4].ips2l_distributed_fifo_data/u_ips2l_distributed_fifo_distributed_fifo_v1_0/u_ips2l_distributed_fifo_ctr/wr_water_level[4:0]' of 'bmsWIDEDFFCPE' unit is dangling and will be cleaned.
W: Public-4008: Instance 'fifo_loop[4].ips2l_distributed_fifo_data/u_ips2l_distributed_fifo_distributed_fifo_v1_0/u_ips2l_distributed_fifo_ctr/rd_water_level[4:0]' of 'bmsWIDEDFFCPE' unit is dangling and will be cleaned.
W: Public-4008: Instance 'fifo_loop[5].ips2l_distributed_fifo_data/u_ips2l_distributed_fifo_distributed_fifo_v1_0/u_ips2l_distributed_fifo_ctr/SYN_CTRL.syn_almost_empty' of 'bmsWIDEDFFCPE' unit is dangling and will be cleaned.
W: Public-4008: Instance 'fifo_loop[5].ips2l_distributed_fifo_data/u_ips2l_distributed_fifo_distributed_fifo_v1_0/u_ips2l_distributed_fifo_ctr/SYN_CTRL.syn_almost_full' of 'bmsWIDEDFFCPE' unit is dangling and will be cleaned.
W: Public-4008: Instance 'fifo_loop[5].ips2l_distributed_fifo_data/u_ips2l_distributed_fifo_distributed_fifo_v1_0/u_ips2l_distributed_fifo_ctr/wr_water_level[4:0]' of 'bmsWIDEDFFCPE' unit is dangling and will be cleaned.
W: Public-4008: Instance 'fifo_loop[5].ips2l_distributed_fifo_data/u_ips2l_distributed_fifo_distributed_fifo_v1_0/u_ips2l_distributed_fifo_ctr/rd_water_level[4:0]' of 'bmsWIDEDFFCPE' unit is dangling and will be cleaned.
W: Public-4008: Instance 'fifo_loop[6].ips2l_distributed_fifo_data/u_ips2l_distributed_fifo_distributed_fifo_v1_0/u_ips2l_distributed_fifo_ctr/SYN_CTRL.syn_almost_empty' of 'bmsWIDEDFFCPE' unit is dangling and will be cleaned.
W: Public-4008: Instance 'fifo_loop[6].ips2l_distributed_fifo_data/u_ips2l_distributed_fifo_distributed_fifo_v1_0/u_ips2l_distributed_fifo_ctr/SYN_CTRL.syn_almost_full' of 'bmsWIDEDFFCPE' unit is dangling and will be cleaned.
W: Public-4008: Instance 'fifo_loop[6].ips2l_distributed_fifo_data/u_ips2l_distributed_fifo_distributed_fifo_v1_0/u_ips2l_distributed_fifo_ctr/wr_water_level[4:0]' of 'bmsWIDEDFFCPE' unit is dangling and will be cleaned.
W: Public-4008: Instance 'fifo_loop[6].ips2l_distributed_fifo_data/u_ips2l_distributed_fifo_distributed_fifo_v1_0/u_ips2l_distributed_fifo_ctr/rd_water_level[4:0]' of 'bmsWIDEDFFCPE' unit is dangling and will be cleaned.
W: Public-4008: Instance 'fifo_loop[7].ips2l_distributed_fifo_data/u_ips2l_distributed_fifo_distributed_fifo_v1_0/u_ips2l_distributed_fifo_ctr/SYN_CTRL.syn_almost_empty' of 'bmsWIDEDFFCPE' unit is dangling and will be cleaned.
W: Public-4008: Instance 'fifo_loop[7].ips2l_distributed_fifo_data/u_ips2l_distributed_fifo_distributed_fifo_v1_0/u_ips2l_distributed_fifo_ctr/SYN_CTRL.syn_almost_full' of 'bmsWIDEDFFCPE' unit is dangling and will be cleaned.
W: Public-4008: Instance 'fifo_loop[7].ips2l_distributed_fifo_data/u_ips2l_distributed_fifo_distributed_fifo_v1_0/u_ips2l_distributed_fifo_ctr/wr_water_level[4:0]' of 'bmsWIDEDFFCPE' unit is dangling and will be cleaned.
W: Public-4008: Instance 'fifo_loop[7].ips2l_distributed_fifo_data/u_ips2l_distributed_fifo_distributed_fifo_v1_0/u_ips2l_distributed_fifo_ctr/rd_water_level[4:0]' of 'bmsWIDEDFFCPE' unit is dangling and will be cleaned.
W: Public-4008: Instance 'ips2l_distributed_fifo/u_ips2l_distributed_fifo_distributed_fifo_v1_0/u_ips2l_distributed_fifo_ctr/SYN_CTRL.syn_almost_empty' of 'bmsWIDEDFFCPE' unit is dangling and will be cleaned.
W: Public-4008: Instance 'ips2l_distributed_fifo/u_ips2l_distributed_fifo_distributed_fifo_v1_0/u_ips2l_distributed_fifo_ctr/SYN_CTRL.syn_almost_full' of 'bmsWIDEDFFCPE' unit is dangling and will be cleaned.
W: Public-4008: Instance 'ips2l_distributed_fifo/u_ips2l_distributed_fifo_distributed_fifo_v1_0/u_ips2l_distributed_fifo_ctr/wr_water_level[4:0]' of 'bmsWIDEDFFCPE' unit is dangling and will be cleaned.
W: Public-4008: Instance 'ips2l_distributed_fifo/u_ips2l_distributed_fifo_distributed_fifo_v1_0/u_ips2l_distributed_fifo_ctr/rd_water_level[4:0]' of 'bmsWIDEDFFCPE' unit is dangling and will be cleaned.
W: Public-4008: Instance 'fifo_loop[0].ips2l_distributed_fifo_data/u_ips2l_distributed_fifo_distributed_fifo_v1_0/u_ips2l_distributed_fifo_ctr/SYN_CTRL.syn_almost_empty' of 'bmsWIDEDFFCPE' unit is dangling and will be cleaned.
W: Public-4008: Instance 'fifo_loop[0].ips2l_distributed_fifo_data/u_ips2l_distributed_fifo_distributed_fifo_v1_0/u_ips2l_distributed_fifo_ctr/wr_water_level[4:0]' of 'bmsWIDEDFFCPE' unit is dangling and will be cleaned.
W: Public-4008: Instance 'fifo_loop[0].ips2l_distributed_fifo_data/u_ips2l_distributed_fifo_distributed_fifo_v1_0/u_ips2l_distributed_fifo_ctr/rd_water_level[4:0]' of 'bmsWIDEDFFCPE' unit is dangling and will be cleaned.
W: Public-4008: Instance 'fifo_loop[1].ips2l_distributed_fifo_data/u_ips2l_distributed_fifo_distributed_fifo_v1_0/u_ips2l_distributed_fifo_ctr/SYN_CTRL.syn_almost_empty' of 'bmsWIDEDFFCPE' unit is dangling and will be cleaned.
W: Public-4008: Instance 'fifo_loop[1].ips2l_distributed_fifo_data/u_ips2l_distributed_fifo_distributed_fifo_v1_0/u_ips2l_distributed_fifo_ctr/SYN_CTRL.syn_almost_full' of 'bmsWIDEDFFCPE' unit is dangling and will be cleaned.
W: Public-4008: Instance 'fifo_loop[1].ips2l_distributed_fifo_data/u_ips2l_distributed_fifo_distributed_fifo_v1_0/u_ips2l_distributed_fifo_ctr/wr_water_level[4:0]' of 'bmsWIDEDFFCPE' unit is dangling and will be cleaned.
W: Public-4008: Instance 'fifo_loop[1].ips2l_distributed_fifo_data/u_ips2l_distributed_fifo_distributed_fifo_v1_0/u_ips2l_distributed_fifo_ctr/rd_water_level[4:0]' of 'bmsWIDEDFFCPE' unit is dangling and will be cleaned.
W: Public-4008: Instance 'fifo_loop[2].ips2l_distributed_fifo_data/u_ips2l_distributed_fifo_distributed_fifo_v1_0/u_ips2l_distributed_fifo_ctr/SYN_CTRL.syn_almost_empty' of 'bmsWIDEDFFCPE' unit is dangling and will be cleaned.
W: Public-4008: Instance 'fifo_loop[2].ips2l_distributed_fifo_data/u_ips2l_distributed_fifo_distributed_fifo_v1_0/u_ips2l_distributed_fifo_ctr/SYN_CTRL.syn_almost_full' of 'bmsWIDEDFFCPE' unit is dangling and will be cleaned.
W: Public-4008: Instance 'fifo_loop[2].ips2l_distributed_fifo_data/u_ips2l_distributed_fifo_distributed_fifo_v1_0/u_ips2l_distributed_fifo_ctr/wr_water_level[4:0]' of 'bmsWIDEDFFCPE' unit is dangling and will be cleaned.
W: Public-4008: Instance 'fifo_loop[2].ips2l_distributed_fifo_data/u_ips2l_distributed_fifo_distributed_fifo_v1_0/u_ips2l_distributed_fifo_ctr/rd_water_level[4:0]' of 'bmsWIDEDFFCPE' unit is dangling and will be cleaned.
W: Public-4008: Instance 'fifo_loop[3].ips2l_distributed_fifo_data/u_ips2l_distributed_fifo_distributed_fifo_v1_0/u_ips2l_distributed_fifo_ctr/SYN_CTRL.syn_almost_empty' of 'bmsWIDEDFFCPE' unit is dangling and will be cleaned.
W: Public-4008: Instance 'fifo_loop[3].ips2l_distributed_fifo_data/u_ips2l_distributed_fifo_distributed_fifo_v1_0/u_ips2l_distributed_fifo_ctr/SYN_CTRL.syn_almost_full' of 'bmsWIDEDFFCPE' unit is dangling and will be cleaned.
W: Public-4008: Instance 'fifo_loop[3].ips2l_distributed_fifo_data/u_ips2l_distributed_fifo_distributed_fifo_v1_0/u_ips2l_distributed_fifo_ctr/wr_water_level[4:0]' of 'bmsWIDEDFFCPE' unit is dangling and will be cleaned.
W: Public-4008: Instance 'fifo_loop[3].ips2l_distributed_fifo_data/u_ips2l_distributed_fifo_distributed_fifo_v1_0/u_ips2l_distributed_fifo_ctr/rd_water_level[4:0]' of 'bmsWIDEDFFCPE' unit is dangling and will be cleaned.
W: Public-4008: Instance 'fifo_loop[4].ips2l_distributed_fifo_data/u_ips2l_distributed_fifo_distributed_fifo_v1_0/u_ips2l_distributed_fifo_ctr/SYN_CTRL.syn_almost_empty' of 'bmsWIDEDFFCPE' unit is dangling and will be cleaned.
W: Public-4008: Instance 'fifo_loop[4].ips2l_distributed_fifo_data/u_ips2l_distributed_fifo_distributed_fifo_v1_0/u_ips2l_distributed_fifo_ctr/SYN_CTRL.syn_almost_full' of 'bmsWIDEDFFCPE' unit is dangling and will be cleaned.
W: Public-4008: Instance 'fifo_loop[4].ips2l_distributed_fifo_data/u_ips2l_distributed_fifo_distributed_fifo_v1_0/u_ips2l_distributed_fifo_ctr/wr_water_level[4:0]' of 'bmsWIDEDFFCPE' unit is dangling and will be cleaned.
W: Public-4008: Instance 'fifo_loop[4].ips2l_distributed_fifo/u_ips2l_distributed_fifo_distributed_fifo_v1_0/u_ips2l_distributed_fifo_ctr/rd_water_level[6:0]' of 'bmsWIDEDFFCPE' unit is dangling and will be cleaned.
W: Public-4008: Instance 'fifo_loop[5].ips2l_distributed_fifo/u_ips2l_distributed_fifo_distributed_fifo_v1_0/u_ips2l_distributed_fifo_ctr/SYN_CTRL.syn_almost_empty' of 'bmsWIDEDFFCPE' unit is dangling and will be cleaned.
W: Public-4008: Instance 'fifo_loop[5].ips2l_distributed_fifo/u_ips2l_distributed_fifo_distributed_fifo_v1_0/u_ips2l_distributed_fifo_ctr/SYN_CTRL.syn_almost_full' of 'bmsWIDEDFFCPE' unit is dangling and will be cleaned.
W: Public-4008: Instance 'fifo_loop[5].ips2l_distributed_fifo/u_ips2l_distributed_fifo_distributed_fifo_v1_0/u_ips2l_distributed_fifo_ctr/wr_water_level[6:0]' of 'bmsWIDEDFFCPE' unit is dangling and will be cleaned.
W: Public-4008: Instance 'fifo_loop[5].ips2l_distributed_fifo/u_ips2l_distributed_fifo_distributed_fifo_v1_0/u_ips2l_distributed_fifo_ctr/rd_water_level[6:0]' of 'bmsWIDEDFFCPE' unit is dangling and will be cleaned.
W: Public-4008: Instance 'fifo_loop[6].ips2l_distributed_fifo/u_ips2l_distributed_fifo_distributed_fifo_v1_0/u_ips2l_distributed_fifo_ctr/SYN_CTRL.syn_almost_empty' of 'bmsWIDEDFFCPE' unit is dangling and will be cleaned.
W: Public-4008: Instance 'fifo_loop[6].ips2l_distributed_fifo/u_ips2l_distributed_fifo_distributed_fifo_v1_0/u_ips2l_distributed_fifo_ctr/SYN_CTRL.syn_almost_full' of 'bmsWIDEDFFCPE' unit is dangling and will be cleaned.
W: Public-4008: Instance 'fifo_loop[6].ips2l_distributed_fifo/u_ips2l_distributed_fifo_distributed_fifo_v1_0/u_ips2l_distributed_fifo_ctr/wr_water_level[6:0]' of 'bmsWIDEDFFCPE' unit is dangling and will be cleaned.
W: Public-4008: Instance 'fifo_loop[6].ips2l_distributed_fifo/u_ips2l_distributed_fifo_distributed_fifo_v1_0/u_ips2l_distributed_fifo_ctr/rd_water_level[6:0]' of 'bmsWIDEDFFCPE' unit is dangling and will be cleaned.
W: Public-4008: Instance 'fifo_loop[7].ips2l_distributed_fifo/u_ips2l_distributed_fifo_distributed_fifo_v1_0/u_ips2l_distributed_fifo_ctr/SYN_CTRL.syn_almost_empty' of 'bmsWIDEDFFCPE' unit is dangling and will be cleaned.
W: Public-4008: Instance 'fifo_loop[7].ips2l_distributed_fifo/u_ips2l_distributed_fifo_distributed_fifo_v1_0/u_ips2l_distributed_fifo_ctr/SYN_CTRL.syn_almost_full' of 'bmsWIDEDFFCPE' unit is dangling and will be cleaned.
W: Public-4008: Instance 'fifo_loop[7].ips2l_distributed_fifo/u_ips2l_distributed_fifo_distributed_fifo_v1_0/u_ips2l_distributed_fifo_ctr/wr_water_level[6:0]' of 'bmsWIDEDFFCPE' unit is dangling and will be cleaned.
W: Public-4008: Instance 'fifo_loop[7].ips2l_distributed_fifo/u_ips2l_distributed_fifo_distributed_fifo_v1_0/u_ips2l_distributed_fifo_ctr/rd_water_level[6:0]' of 'bmsWIDEDFFCPE' unit is dangling and will be cleaned.
W: Public-4008: Instance 'fifo_loop[0].ips2l_distributed_fifo/u_ips2l_distributed_fifo_distributed_fifo_v1_0/u_ips2l_distributed_fifo_ctr/SYN_CTRL.syn_almost_empty' of 'bmsWIDEDFFCPE' unit is dangling and will be cleaned.
W: Public-4008: Instance 'fifo_loop[0].ips2l_distributed_fifo/u_ips2l_distributed_fifo_distributed_fifo_v1_0/u_ips2l_distributed_fifo_ctr/wr_water_level[6:0]' of 'bmsWIDEDFFCPE' unit is dangling and will be cleaned.
W: Public-4008: Instance 'fifo_loop[0].ips2l_distributed_fifo/u_ips2l_distributed_fifo_distributed_fifo_v1_0/u_ips2l_distributed_fifo_ctr/rd_water_level[6:0]' of 'bmsWIDEDFFCPE' unit is dangling and will be cleaned.
W: Public-4008: Instance 'fifo_loop[1].ips2l_distributed_fifo/u_ips2l_distributed_fifo_distributed_fifo_v1_0/u_ips2l_distributed_fifo_ctr/SYN_CTRL.syn_almost_empty' of 'bmsWIDEDFFCPE' unit is dangling and will be cleaned.
W: Public-4008: Instance 'fifo_loop[1].ips2l_distributed_fifo/u_ips2l_distributed_fifo_distributed_fifo_v1_0/u_ips2l_distributed_fifo_ctr/SYN_CTRL.syn_almost_full' of 'bmsWIDEDFFCPE' unit is dangling and will be cleaned.
W: Public-4008: Instance 'fifo_loop[1].ips2l_distributed_fifo/u_ips2l_distributed_fifo_distributed_fifo_v1_0/u_ips2l_distributed_fifo_ctr/wr_water_level[6:0]' of 'bmsWIDEDFFCPE' unit is dangling and will be cleaned.
W: Public-4008: Instance 'fifo_loop[1].ips2l_distributed_fifo/u_ips2l_distributed_fifo_distributed_fifo_v1_0/u_ips2l_distributed_fifo_ctr/rd_water_level[6:0]' of 'bmsWIDEDFFCPE' unit is dangling and will be cleaned.
W: Public-4008: Instance 'fifo_loop[2].ips2l_distributed_fifo/u_ips2l_distributed_fifo_distributed_fifo_v1_0/u_ips2l_distributed_fifo_ctr/SYN_CTRL.syn_almost_empty' of 'bmsWIDEDFFCPE' unit is dangling and will be cleaned.
W: Public-4008: Instance 'fifo_loop[2].ips2l_distributed_fifo/u_ips2l_distributed_fifo_distributed_fifo_v1_0/u_ips2l_distributed_fifo_ctr/SYN_CTRL.syn_almost_full' of 'bmsWIDEDFFCPE' unit is dangling and will be cleaned.
W: Public-4008: Instance 'fifo_loop[2].ips2l_distributed_fifo/u_ips2l_distributed_fifo_distributed_fifo_v1_0/u_ips2l_distributed_fifo_ctr/wr_water_level[6:0]' of 'bmsWIDEDFFCPE' unit is dangling and will be cleaned.
W: Public-4008: Instance 'fifo_loop[2].ips2l_distributed_fifo/u_ips2l_distributed_fifo_distributed_fifo_v1_0/u_ips2l_distributed_fifo_ctr/rd_water_level[6:0]' of 'bmsWIDEDFFCPE' unit is dangling and will be cleaned.
W: Public-4008: Instance 'fifo_loop[3].ips2l_distributed_fifo/u_ips2l_distributed_fifo_distributed_fifo_v1_0/u_ips2l_distributed_fifo_ctr/SYN_CTRL.syn_almost_empty' of 'bmsWIDEDFFCPE' unit is dangling and will be cleaned.
W: Public-4008: Instance 'fifo_loop[3].ips2l_distributed_fifo/u_ips2l_distributed_fifo_distributed_fifo_v1_0/u_ips2l_distributed_fifo_ctr/SYN_CTRL.syn_almost_full' of 'bmsWIDEDFFCPE' unit is dangling and will be cleaned.
W: Public-4008: Instance 'fifo_loop[3].ips2l_distributed_fifo/u_ips2l_distributed_fifo_distributed_fifo_v1_0/u_ips2l_distributed_fifo_ctr/wr_water_level[6:0]' of 'bmsWIDEDFFCPE' unit is dangling and will be cleaned.
W: Public-4008: Instance 'fifo_loop[3].ips2l_distributed_fifo/u_ips2l_distributed_fifo_distributed_fifo_v1_0/u_ips2l_distributed_fifo_ctr/rd_water_level[6:0]' of 'bmsWIDEDFFCPE' unit is dangling and will be cleaned.
W: Public-4008: Instance 'fifo_loop[4].ips2l_distributed_fifo/u_ips2l_distributed_fifo_distributed_fifo_v1_0/u_ips2l_distributed_fifo_ctr/SYN_CTRL.syn_almost_empty' of 'bmsWIDEDFFCPE' unit is dangling and will be cleaned.
W: Public-4008: Instance 'fifo_loop[4].ips2l_distributed_fifo/u_ips2l_distributed_fifo_distributed_fifo_v1_0/u_ips2l_distributed_fifo_ctr/SYN_CTRL.syn_almost_full' of 'bmsWIDEDFFCPE' unit is dangling and will be cleaned.
W: Public-4008: Instance 'fifo_loop[4].ips2l_distributed_fifo/u_ips2l_distributed_fifo_distributed_fifo_v1_0/u_ips2l_distributed_fifo_ctr/wr_water_level[6:0]' of 'bmsWIDEDFFCPE' unit is dangling and will be cleaned.
W: Public-4008: Instance 'ips2l_distributed_fifo/u_ips2l_distributed_fifo_distributed_fifo_v1_0/u_ips2l_distributed_fifo_ctr/SYN_CTRL.syn_almost_empty' of 'bmsWIDEDFFCPE' unit is dangling and will be cleaned.
W: Public-4008: Instance 'ips2l_distributed_fifo/u_ips2l_distributed_fifo_distributed_fifo_v1_0/u_ips2l_distributed_fifo_ctr/wr_water_level[4:0]' of 'bmsWIDEDFFCPE' unit is dangling and will be cleaned.
W: Public-4008: Instance 'ips2l_distributed_fifo/u_ips2l_distributed_fifo_distributed_fifo_v1_0/u_ips2l_distributed_fifo_ctr/rd_water_level[4:0]' of 'bmsWIDEDFFCPE' unit is dangling and will be cleaned.
W: Public-4008: Instance 'ips2l_distributed_fifo/u_ips2l_distributed_fifo_distributed_fifo_v1_0/u_ips2l_distributed_fifo_ctr/SYN_CTRL.syn_almost_empty' of 'bmsWIDEDFFCPE' unit is dangling and will be cleaned.
W: Public-4008: Instance 'ips2l_distributed_fifo/u_ips2l_distributed_fifo_distributed_fifo_v1_0/u_ips2l_distributed_fifo_ctr/wr_water_level[4:0]' of 'bmsWIDEDFFCPE' unit is dangling and will be cleaned.
W: Public-4008: Instance 'ips2l_distributed_fifo/u_ips2l_distributed_fifo_distributed_fifo_v1_0/u_ips2l_distributed_fifo_ctr/rd_water_level[4:0]' of 'bmsWIDEDFFCPE' unit is dangling and will be cleaned.
W: Public-4008: Instance 'u_mcdq_axi_rdata_arrange/u_axi_rdata_mac_fifo0/fifo_loop[0].ips2l_distributed_fifo/u_ips2l_distributed_fifo_distributed_fifo_v1_0/u_ips2l_distributed_fifo_ctr/SYN_CTRL.syn_almost_full' of 'bmsWIDEDFFCPE' unit is dangling and will be cleaned.
W: Public-4008: Instance 'mcdq_axi_cmd_arb/axi_bport[1:0]' of 'bmsWIDEDFFCPE' unit is dangling and will be cleaned.
W: Public-4008: Instance 'i_dqs_group[1].ddrphy_data_slice/ddrphy_data_slice_wrlvl/ck_dly_set_bin_tra[7:0]' of 'bmsWIDEDFFCPE' unit is dangling and will be cleaned.
W: Public-4008: Instance 'i_dqs_group[2].ddrphy_data_slice/ddrphy_data_slice_wrlvl/ck_dly_set_bin_tra[7:0]' of 'bmsWIDEDFFCPE' unit is dangling and will be cleaned.
W: Public-4008: Instance 'i_dqs_group[3].ddrphy_data_slice/ddrphy_data_slice_wrlvl/ck_dly_set_bin_tra[7:0]' of 'bmsWIDEDFFCPE' unit is dangling and will be cleaned.
W: Public-4008: Instance 'ddrphy_check_ppll_out_sync_point/rstclk_phase_step_right[7:0]' of 'bmsWIDEDFFCPE' unit is dangling and will be cleaned.
W: Public-4008: Instance 'ddrphy_check_ppll_out_sync_point/rstclk_phase_step_left[7:0]' of 'bmsWIDEDFFCPE' unit is dangling and will be cleaned.
W: Public-4008: Instance 'ddrphy_calib_top/ddrphy_wrlvl/wrlvl_step_fix' of 'bmsWIDEDFFCPE' unit is dangling and will be cleaned.
W: Public-4008: Instance 'ips2l_distributed_fifo/u_ips2l_distributed_fifo_distributed_fifo_v1_0/u_ips2l_distributed_fifo_ctr/SYN_CTRL.syn_almost_empty' of 'bmsWIDEDFFCPE' unit is dangling and will be cleaned.
W: Public-4008: Instance 'ips2l_distributed_fifo/u_ips2l_distributed_fifo_distributed_fifo_v1_0/u_ips2l_distributed_fifo_ctr/SYN_CTRL.syn_almost_full' of 'bmsWIDEDFFCPE' unit is dangling and will be cleaned.
W: Public-4008: Instance 'ips2l_distributed_fifo/u_ips2l_distributed_fifo_distributed_fifo_v1_0/u_ips2l_distributed_fifo_ctr/rd_water_level[5:0]' of 'bmsWIDEDFFCPE' unit is dangling and will be cleaned.
W: Public-4008: Instance 'ips2l_distributed_fifo/u_ips2l_distributed_fifo_distributed_fifo_v1_0/u_ips2l_distributed_fifo_ctr/wr_water_level[5:0]' of 'bmsWIDEDFFCPE' unit is dangling and will be cleaned.
W: Public-4008: Instance 'ips2l_distributed_fifo/u_ips2l_distributed_fifo_distributed_fifo_v1_0/u_ips2l_distributed_fifo_ctr/SYN_CTRL.syn_almost_empty' of 'bmsWIDEDFFCPE' unit is dangling and will be cleaned.
W: Public-4008: Instance 'ips2l_distributed_fifo/u_ips2l_distributed_fifo_distributed_fifo_v1_0/u_ips2l_distributed_fifo_ctr/SYN_CTRL.syn_almost_full' of 'bmsWIDEDFFCPE' unit is dangling and will be cleaned.
W: Public-4008: Instance 'ips2l_distributed_fifo/u_ips2l_distributed_fifo_distributed_fifo_v1_0/u_ips2l_distributed_fifo_ctr/wr_water_level[4:0]' of 'bmsWIDEDFFCPE' unit is dangling and will be cleaned.
W: Public-4008: Instance 'ips2l_distributed_fifo/u_ips2l_distributed_fifo_distributed_fifo_v1_0/u_ips2l_distributed_fifo_ctr/rd_water_level[4:0]' of 'bmsWIDEDFFCPE' unit is dangling and will be cleaned.
W: Public-4008: Instance 'timing_prea_pass/r_cnt_almost_pass' of 'bmsWIDEDFFCPE' unit is dangling and will be cleaned.
W: Public-4008: Instance 'B_ips2l_distributed_fifo/u_ips2l_distributed_fifo_distributed_fifo_v1_0/u_ips2l_distributed_fifo_ctr/SYN_CTRL.syn_almost_empty' of 'bmsWIDEDFFCPE' unit is dangling and will be cleaned.
W: Public-4008: Instance 'B_ips2l_distributed_fifo/u_ips2l_distributed_fifo_distributed_fifo_v1_0/u_ips2l_distributed_fifo_ctr/wr_water_level[4:0]' of 'bmsWIDEDFFCPE' unit is dangling and will be cleaned.
W: Public-4008: Instance 'B_ips2l_distributed_fifo/u_ips2l_distributed_fifo_distributed_fifo_v1_0/u_ips2l_distributed_fifo_ctr/rd_water_level[4:0]' of 'bmsWIDEDFFCPE' unit is dangling and will be cleaned.
W: Public-4008: Instance 'A_ips2l_distributed_fifo/u_ips2l_distributed_fifo_distributed_fifo_v1_0/u_ips2l_distributed_fifo_ctr/SYN_CTRL.syn_almost_empty' of 'bmsWIDEDFFCPE' unit is dangling and will be cleaned.
W: Public-4008: Instance 'A_ips2l_distributed_fifo/u_ips2l_distributed_fifo_distributed_fifo_v1_0/u_ips2l_distributed_fifo_ctr/wr_water_level[4:0]' of 'bmsWIDEDFFCPE' unit is dangling and will be cleaned.
W: Public-4008: Instance 'A_ips2l_distributed_fifo/u_ips2l_distributed_fifo_distributed_fifo_v1_0/u_ips2l_distributed_fifo_ctr/rd_water_level[4:0]' of 'bmsWIDEDFFCPE' unit is dangling and will be cleaned.
W: Public-4008: Instance 'mcdq_cfg_apb/mc_cwl[4:0]' of 'bmsWIDEDFFCPE' unit is dangling and will be cleaned.
W: Public-4008: Instance 'mcdq_mpr/rd_cmd_trig' of 'bmsWIDEDFFCPE' unit is dangling and will be cleaned.
W: Public-4008: Instance 'mcdq_mpr/mpr_addr[2:0]' of 'bmsWIDEDFFCPE' unit is dangling and will be cleaned.
W: Public-4008: Instance 'mcdq_mpr/mpr_addr[9:3]' of 'bmsWIDEDFFCPE' unit is dangling and will be cleaned.
W: Public-4008: Instance 'mcdq_mpr/mpr_addr[10]' of 'bmsWIDEDFFCPE' unit is dangling and will be cleaned.
W: Public-4008: Instance 'mcdq_mpr/mpr_addr[13:11]' of 'bmsWIDEDFFCPE' unit is dangling and will be cleaned.
W: Public-4008: Instance 'mcdq_mpr/mpr_ba[1:0]' of 'bmsWIDEDFFCPE' unit is dangling and will be cleaned.
W: Public-4008: Instance 'mcdq_mpr/ref_cmd_trig' of 'bmsWIDEDFFCPE' unit is dangling and will be cleaned.
W: Public-4008: Instance 'mcdq_mpr/mpr_cmd_trig' of 'bmsWIDEDFFCPE' unit is dangling and will be cleaned.
W: Public-4008: Instance 'mcdq_mpr/mpr_cs_n' of 'bmsWIDEDFFCPE' unit is dangling and will be cleaned.
W: Public-4008: Instance 'mcdq_mpr/pre_cmd_trig' of 'bmsWIDEDFFCPE' unit is dangling and will be cleaned.
W: Public-4008: Instance 'mcdq_mpr/mpr_addr_reg' of 'bmsWIDEDFFPATCE' unit is dangling and will be cleaned.
W: Public-4008: Instance 'u_ips_ddrc_top/mcdq_mac_top/mcdq_dcp_top/mcdq_dcp_out/norm_id_l[9:0]' of 'bmsWIDEDFFCPE' unit is dangling and will be cleaned.
W: Public-4008: Instance 'u_ips_ddrc_top/mcdq_mac_top/mcdq_dcp_top/mcdq_dcp_out/norm_id_m[9:0]' of 'bmsWIDEDFFCPE' unit is dangling and will be cleaned.
W: Public-4008: Instance 'u_ips_ddrc_top/mcdq_mac_top/mcdq_dcp_top/mcdq_dcp_out/norm_last_l' of 'bmsWIDEDFFCPE' unit is dangling and will be cleaned.
W: Public-4008: Instance 'u_ips_ddrc_top/mcdq_mac_top/mcdq_dcp_top/mcdq_dcp_out/norm_last_m' of 'bmsWIDEDFFCPE' unit is dangling and will be cleaned.
W: Public-4008: Instance 'u_ips_ddrc_top/mcdq_mac_top/mcdq_dcp_top/mcdq_dcp_out/o_rid[9:0]' of 'bmsWIDEDFFCPE' unit is dangling and will be cleaned.
W: Public-4008: Instance 'u_ips_ddrc_top/mcdq_mac_top/mcdq_dcp_top/mcdq_dcp_out/o_rlast' of 'bmsWIDEDFFCPE' unit is dangling and will be cleaned.
W: Public-4008: Instance 'u_ips_ddrc_top/mcdq_mac_top/mcdq_dcp_top/mcdq_dcp_out/o_rvld' of 'bmsWIDEDFFCPE' unit is dangling and will be cleaned.
W: Public-4008: Instance 'u_ips_ddrc_top/mcdq_mac_top/mcdq_dcp_top/mcdq_dcp_out/o_wid[9:0]' of 'bmsWIDEDFFCPE' unit is dangling and will be cleaned.
W: Public-4008: Instance 'u_ips_ddrc_top/mcdq_mac_top/mcdq_dcp_top/mcdq_dcp_out/o_wlast' of 'bmsWIDEDFFCPE' unit is dangling and will be cleaned.
W: Public-4008: Instance 'u_ips_ddrc_top/mcdq_mac_top/mcdq_rdatapath/mcdq_prefetch_fifo/fifo_vld' of 'bmsWIDEDFFCPE' unit is dangling and will be cleaned.
W: Public-4008: Instance 'u_ips_ddrc_top/mcdq_mac_top/mcdq_rdatapath/mcdq_prefetch_fifo/rd_data_ff1[10:0]' of 'bmsWIDEDFFCPE' unit is dangling and will be cleaned.
W: Public-4008: Instance 'u_ips_ddrc_top/mcdq_mac_top/mcdq_rdatapath/mcdq_prefetch_fifo/ips2l_distributed_fifo/u_ips2l_distributed_fifo_distributed_fifo_v1_0/u_ips2l_distributed_fifo_ctr/SYN_CTRL.rptr[5:0]' of 'bmsWIDEDFFCPE' unit is dangling and will be cleaned.
W: Public-4008: Instance 'u_ips_ddrc_top/mcdq_mac_top/mcdq_rdatapath/mcdq_prefetch_fifo/ips2l_distributed_fifo/u_ips2l_distributed_fifo_distributed_fifo_v1_0/u_ips2l_distributed_fifo_ctr/SYN_CTRL.syn_rempty' of 'bmsWIDEDFFCPE' unit is dangling and will be cleaned.
W: Public-4008: Instance 'u_ips_ddrc_top/mcdq_mac_top/mcdq_rdatapath/mcdq_prefetch_fifo/ips2l_distributed_fifo/u_ips2l_distributed_fifo_distributed_fifo_v1_0/u_ips2l_distributed_fifo_ctr/SYN_CTRL.waddr_msb' of 'bmsWIDEDFFCPE' unit is dangling and will be cleaned.
W: Public-4008: Instance 'u_ips_ddrc_top/mcdq_mac_top/mcdq_rdatapath/mcdq_prefetch_fifo/ips2l_distributed_fifo/u_ips2l_distributed_fifo_distributed_fifo_v1_0/u_ips2l_distributed_fifo_ctr/SYN_CTRL.wptr[5:0]' of 'bmsWIDEDFFCPE' unit is dangling and will be cleaned.
W: Public-4008: Instance 'u_ips_ddrc_top/mcdq_mac_top/mcdq_rdatapath/mcdq_prefetch_fifo/ips2l_distributed_fifo/u_ips2l_distributed_fifo_distributed_fifo_v1_0/u_ips2l_distributed_fifo_ctr/SYN_CTRL.syn_wfull' of 'bmsWIDEDFFCPE' unit is dangling and will be cleaned.
W: Public-4008: Instance 'u_ips_ddrc_top/mcdq_mac_top/mcdq_rdatapath/mcdq_prefetch_fifo/ips2l_distributed_fifo/u_ips2l_distributed_fifo_distributed_fifo_v1_0/u_ips2l_distributed_fifo_ctr/SYN_CTRL.raddr_msb' of 'bmsWIDEDFFCPE' unit is dangling and will be cleaned.
W: Public-4008: Instance 'u_ips_ddrc_top/mcdq_mac_top/mcdq_wdatapath/mc3q_wdp_dcp/o_rlast' of 'bmsWIDEDFFCPE' unit is dangling and will be cleaned.
W: Public-4008: Instance 'u_ips_ddrc_top/mcdq_mac_top/mcdq_wdatapath/mc3q_wdp_dcp/o_wid[9:0]' of 'bmsWIDEDFFCPE' unit is dangling and will be cleaned.
W: Public-4008: Instance 'u_ips_ddrc_top/mcdq_mac_top/mcdq_wdatapath/mc3q_wdp_dcp/r_rlast[7:0]' of 'bmsWIDEDFFCPE' unit is dangling and will be cleaned.
W: Public-4008: Instance 'u_ips_ddrc_top/mcdq_mac_top/mcdq_wdatapath/mc3q_wdp_dcp/r_wid_d0[9:0]' of 'bmsWIDEDFFCPE' unit is dangling and will be cleaned.
W: Public-4008: Instance 'u_ips_ddrc_top/mcdq_mac_top/mcdq_wdatapath/mc3q_wdp_dcp/r_wid_d1[9:0]' of 'bmsWIDEDFFCPE' unit is dangling and will be cleaned.
W: Public-4008: Instance 'u_ips_ddrc_top/mcdq_mac_top/mcdq_wdatapath/mc3q_wdp_dcp/r_wid_d2[9:0]' of 'bmsWIDEDFFCPE' unit is dangling and will be cleaned.
W: Public-4008: Instance 'u_ips_ddrc_top/mcdq_mac_top/mcdq_wdatapath/mc3q_wdp_dcp/r_wid_d3[9:0]' of 'bmsWIDEDFFCPE' unit is dangling and will be cleaned.
W: Public-4008: Instance 'u_ips_ddrc_top/mcdq_mac_top/mcdq_wdatapath/mc3q_wdp_dcp/r_wid_d4[9:0]' of 'bmsWIDEDFFCPE' unit is dangling and will be cleaned.
W: Public-4008: Instance 'u_ips_ddrc_top/mcdq_mac_top/mcdq_wdatapath/mc3q_wdp_dcp/r_wid_d5[9:0]' of 'bmsWIDEDFFCPE' unit is dangling and will be cleaned.
W: Public-4008: Instance 'u_ips_ddrc_top/mcdq_mac_top/mcdq_dcd_top/mcdq_dcd_bm/ddr_zqcs_ack' of 'bmsWIDEDFFCPE' unit is dangling and will be cleaned.
W: Public-4008: Instance 'u_ips_ddrc_top/mcdq_mac_top/mcdq_dcp_top/mcdq_dcp_back_ctrl/pipe_req_id[9:0]' of 'bmsWIDEDFFCPE' unit is dangling and will be cleaned.
W: Public-4008: Instance 'u_ips_ddrc_top/mcdq_mac_top/mcdq_dcp_top/mcdq_dcp_back_ctrl/pipe_req_last' of 'bmsWIDEDFFCPE' unit is dangling and will be cleaned.
W: Public-4008: Instance 'tx/idle' of 'bmsWIDEDFFCPE' unit is dangling and will be cleaned.
W: Public-4008: Instance 'u_cam1/consumer_frames[0][31:0]' of 'bmsWIDEDFFCPE' unit is dangling and will be cleaned.
W: Public-4008: Instance 'u_cam1/consumer_frames[1][31:0]' of 'bmsWIDEDFFCPE' unit is dangling and will be cleaned.
W: Public-4008: Instance 'u_cam1/consumer_seen_frame[31:0]' of 'bmsWIDEDFFCPE' unit is dangling and will be cleaned.
W: Public-4008: Instance 'u_cam2/consumer_frames[0][31:0]' of 'bmsWIDEDFFCPE' unit is dangling and will be cleaned.
W: Public-4008: Instance 'u_cam2/consumer_frames[1][31:0]' of 'bmsWIDEDFFCPE' unit is dangling and will be cleaned.
W: Public-4008: Instance 'u_cam2/consumer_seen_frame[31:0]' of 'bmsWIDEDFFCPE' unit is dangling and will be cleaned.
W: Public-4008: Instance 'u_cpu/u_memu/mem_pc[31:0]' of 'bmsWIDEDFFRSE' unit is dangling and will be cleaned.
W: Public-4008: Instance 'u_cpu/u_memu/mem_ins[31:0]' of 'bmsWIDEDFFRSE' unit is dangling and will be cleaned.
W: Public-4008: Instance 'u_cpu/u_memu/mem_is_ebreak' of 'bmsWIDEDFFRSE' unit is dangling and will be cleaned.
W: Public-4008: Instance 'u_cpu/u_wbu/wb_ins[31:0]' of 'bmsWIDEDFFPATRE' unit is dangling and will be cleaned.
W: Public-4008: Instance 'u_cpu/u_wbu/wb_is_ebreak_reg' of 'bmsWIDEDFFRSE' unit is dangling and will be cleaned.
W: Public-4008: Instance 'u_cpu/u_wbu/wb_pc[31:0]' of 'bmsWIDEDFFRSE' unit is dangling and will be cleaned.
W: Public-4008: Instance 'u_cpu/u_axi_bridge/arsize[2:0]' of 'bmsWIDEDFFRSE' unit is dangling and will be cleaned.
W: Public-4008: Instance 'u_cpu/u_axi_bridge/awsize[2:0]' of 'bmsWIDEDFFRSE' unit is dangling and will be cleaned.
W: Public-4008: Instance 'u_ddr3_ctrl/u_ddrphy_top/ddrphy_calib_top/ddrphy_main_ctrl/error_status_reg' of 'bmsWIDEDFFPATCE' unit is dangling and will be cleaned.
W: Public-4008: Instance 'u_ddr3_ctrl/u_ddrphy_top/ddrphy_cpd_ctrl/debug_dps_cnt_dir0[9:0]' of 'bmsWIDEDFFCPE' unit is dangling and will be cleaned.
W: Public-4008: Instance 'u_ddr3_ctrl/u_ddrphy_top/ddrphy_cpd_ctrl/debug_dps_cnt_dir1[9:0]' of 'bmsWIDEDFFCPE' unit is dangling and will be cleaned.
W: Public-4008: Instance 'u_ddr3_ctrl/u_ddrphy_top/ddrphy_cpd_ctrl/dps_timeout' of 'bmsWIDEDFFCPE' unit is dangling and will be cleaned.
W: Public-4008: Instance 'u_ddr3_ctrl/u_ddrphy_top/ddrphy_slice_top/reg_ck_dly_set_bin[7:0]' of 'bmsWIDEDFFCPE' unit is dangling and will be cleaned.
W: Public-4008: Instance 'u_ddr3_ctrl/u_ddrphy_top/ddrphy_slice_top/ddrphy_data_slice_dqs_gate_cal/ddrphy_gatecal/ddrphy_dgts_r[2:0]' of 'bmsWIDEDFFCPE' unit is dangling and will be cleaned.
W: Public-4008: Instance 'u_ddr3_ctrl/u_ddrphy_top/ddrphy_slice_top/ddrphy_data_slice_dqs_gate_cal/ddrphy_gatecal/dgts_cnt[3:0]' of 'bmsWIDEDFFCPE' unit is dangling and will be cleaned.
W: Public-4008: Instance 'u_ddr3_ctrl/u_ddrphy_top/ddrphy_slice_top/ddrphy_data_slice_dqs_gate_cal/ddrphy_gatecal/dgts_latch' of 'bmsWIDEDFFCPE' unit is dangling and will be cleaned.
W: Public-4008: Instance 'u_ddr3_ctrl/u_ddrphy_top/ddrphy_slice_top/ddrphy_data_slice_dqs_gate_cal/ddrphy_gatecal/dgts_vld' of 'bmsWIDEDFFCPE' unit is dangling and will be cleaned.
W: Public-4008: Instance 'u_ddr3_ctrl/u_ddrphy_top/ddrphy_slice_top/ddrphy_data_slice_dqs_gate_cal/ddrphy_gatecal/dgts_vld_cnt[2:0]' of 'bmsWIDEDFFCPE' unit is dangling and will be cleaned.
W: Public-4008: Instance 'u_ddr3_ctrl/u_ddrphy_top/ddrphy_slice_top/ddrphy_data_slice_dqs_gate_cal/ddrphy_gatecal/gate_win_size[3:0]' of 'bmsWIDEDFFCPE' unit is dangling and will be cleaned.
W: Public-4008: Instance 'u_ddr3_ctrl/u_ddrphy_top/ddrphy_slice_top/ddrphy_data_slice_wrcal/wr_dq_win[7:0]' of 'bmsWIDEDFFCPE' unit is dangling and will be cleaned.
W: Public-4008: Instance 'u_ddr3_ctrl/u_ddrphy_top/ddrphy_slice_top/ddrphy_data_slice_wrcal/wr_dq_win[15:8]' of 'bmsWIDEDFFCPE' unit is dangling and will be cleaned.
W: Public-4008: Instance 'u_ddr3_ctrl/u_ddrphy_top/ddrphy_slice_top/ddrphy_data_slice_wrcal/wr_dq_win[23:16]' of 'bmsWIDEDFFCPE' unit is dangling and will be cleaned.
W: Public-4008: Instance 'u_ddr3_ctrl/u_ddrphy_top/ddrphy_slice_top/ddrphy_data_slice_wrcal/wr_dq_win[31:24]' of 'bmsWIDEDFFCPE' unit is dangling and will be cleaned.
W: Public-4008: Instance 'u_ddr3_ctrl/u_ddrphy_top/ddrphy_slice_top/ddrphy_dqsi_rdel_cal/dqs_even_win[31:24]' of 'bmsWIDEDFFCPE' unit is dangling and will be cleaned.
W: Public-4008: Instance 'u_ddr3_ctrl/u_ddrphy_top/ddrphy_slice_top/ddrphy_dqsi_rdel_cal/dqs_even_win[23:16]' of 'bmsWIDEDFFCPE' unit is dangling and will be cleaned.
W: Public-4008: Instance 'u_ddr3_ctrl/u_ddrphy_top/ddrphy_slice_top/ddrphy_dqsi_rdel_cal/dqs_even_win[15:8]' of 'bmsWIDEDFFCPE' unit is dangling and will be cleaned.
W: Public-4008: Instance 'u_ddr3_ctrl/u_ddrphy_top/ddrphy_slice_top/ddrphy_dqsi_rdel_cal/dqs_even_win[7:0]' of 'bmsWIDEDFFCPE' unit is dangling and will be cleaned.
W: Public-4008: Instance 'u_ddr3_ctrl/u_ddrphy_top/ddrphy_slice_top/ddrphy_slice_rddata_align/align_error' of 'bmsWIDEDFFCPE' unit is dangling and will be cleaned.
W: Public-4008: Instance 'u_ddr3_ctrl/u_ddrphy_top/u_ddrphy_gpll_phase/gpll_dps_done_pos' of 'bmsWIDEDFFCPE' unit is dangling and will be cleaned.
W: Public-4008: Instance 'u_ddr3_ctrl/u_ddrphy_top/u_ddrphy_gpll_phase/gpll_dps_phase[8:0]' of 'bmsWIDEDFFCPE' unit is dangling and will be cleaned.
W: Public-4008: Instance 'u_ddr3_ctrl/u_ddrphy_top/u_ddrphy_gpll_phase/gpll_dps_done_d[2:0]' of 'bmsWIDEDFFCPE' unit is dangling and will be cleaned.
W: Public-4008: Instance 'u_ddr3_ctrl/u_ips_ddrc_top/mcdq_mac_top/mcdq_apb_cross/des_p_rdata_hold[15:0]' of 'bmsWIDEDFFCPE' unit is dangling and will be cleaned.
W: Public-4008: Instance 'u_ddr3_ctrl/u_ips_ddrc_top/mcdq_mac_top/mcdq_apb_cross/o_src_p_rdata[15:0]' of 'bmsWIDEDFFCPE' unit is dangling and will be cleaned.
W: Public-4008: Instance 'u_ddr3_ctrl/u_ips_ddrc_top/mcdq_mac_top/mcdq_apb_cross/o_src_p_rdy' of 'bmsWIDEDFFCPE' unit is dangling and will be cleaned.
W: Public-4008: Instance 'u_ddr3_ctrl/u_ips_ddrc_top/mcdq_mac_top/mcdq_apb_cross/src_p_enable' of 'bmsWIDEDFFCPE' unit is dangling and will be cleaned.
W: Public-4008: Instance 'u_ddr3_ctrl/u_ips_ddrc_top/mcdq_mac_top/mcdq_cfg_apb/mode_state_reg' of 'bmsWIDEDFFPATCE' unit is dangling and will be cleaned.
W: Public-4008: Instance 'u_ddr3_ctrl/u_ips_ddrc_top/mcdq_mac_top/mcdq_cfg_apb/busy' of 'bmsWIDEDFFCPE' unit is dangling and will be cleaned.
W: Public-4008: Instance 'u_ddr3_ctrl/u_ips_ddrc_top/mcdq_mac_top/mcdq_cfg_apb/core_apb_rdata[15:0]' of 'bmsWIDEDFFCPE' unit is dangling and will be cleaned.
W: Public-4008: Instance 'u_ddr3_ctrl/u_ips_ddrc_top/mcdq_mac_top/mcdq_cfg_apb/ddr_init_dly1' of 'bmsWIDEDFFCPE' unit is dangling and will be cleaned.
W: Public-4008: Instance 'u_ddr3_ctrl/u_ips_ddrc_top/mcdq_mac_top/mcdq_cfg_apb/ddr_init_dly2' of 'bmsWIDEDFFCPE' unit is dangling and will be cleaned.
W: Public-4008: Instance 'u_ddr3_ctrl/u_ips_ddrc_top/mcdq_mac_top/mcdq_cfg_apb/mpr_en_dly1' of 'bmsWIDEDFFCPE' unit is dangling and will be cleaned.
W: Public-4008: Instance 'u_ddr3_ctrl/u_ips_ddrc_top/mcdq_mac_top/mcdq_cfg_apb/mpr_en_dly2' of 'bmsWIDEDFFCPE' unit is dangling and will be cleaned.
W: Public-4008: Instance 'u_ddr3_ctrl/u_ips_ddrc_top/mcdq_mac_top/mcdq_cfg_apb/mpr_sel[1:0]' of 'bmsWIDEDFFCPE' unit is dangling and will be cleaned.
W: Public-4008: Instance 'u_ddr3_ctrl/u_ips_ddrc_top/mcdq_mac_top/mcdq_cfg_apb/mr4[15:0]' of 'bmsWIDEDFFCPE' unit is dangling and will be cleaned.
W: Public-4008: Instance 'u_ddr3_ctrl/u_ips_ddrc_top/mcdq_mac_top/mcdq_cfg_apb/mr5[15:0]' of 'bmsWIDEDFFCPE' unit is dangling and will be cleaned.
W: Public-4008: Instance 'u_ddr3_ctrl/u_ips_ddrc_top/mcdq_mac_top/mcdq_cfg_apb/mr6[15:0]' of 'bmsWIDEDFFCPE' unit is dangling and will be cleaned.
W: Public-4008: Instance 'u_ddr3_ctrl/u_ips_ddrc_top/mcdq_mac_top/mcdq_cfg_apb/mrs_en_dly1' of 'bmsWIDEDFFCPE' unit is dangling and will be cleaned.
W: Public-4008: Instance 'u_ddr3_ctrl/u_ips_ddrc_top/mcdq_mac_top/mcdq_cfg_apb/mrs_en_dly2' of 'bmsWIDEDFFCPE' unit is dangling and will be cleaned.
W: Public-4008: Instance 'u_ddr3_ctrl/u_ips_ddrc_top/mcdq_mac_top/mcdq_cfg_apb/pd_en_dly1' of 'bmsWIDEDFFCPE' unit is dangling and will be cleaned.
W: Public-4008: Instance 'u_ddr3_ctrl/u_ips_ddrc_top/mcdq_mac_top/mcdq_cfg_apb/pd_en_dly2' of 'bmsWIDEDFFCPE' unit is dangling and will be cleaned.
W: Public-4008: Instance 'u_ddr3_ctrl/u_ips_ddrc_top/mcdq_mac_top/mcdq_cfg_apb/pd_status' of 'bmsWIDEDFFCPE' unit is dangling and will be cleaned.
W: Public-4008: Instance 'u_ddr3_ctrl/u_ips_ddrc_top/mcdq_mac_top/mcdq_cfg_apb/sr_en_dly1' of 'bmsWIDEDFFCPE' unit is dangling and will be cleaned.
W: Public-4008: Instance 'u_ddr3_ctrl/u_ips_ddrc_top/mcdq_mac_top/mcdq_cfg_apb/sr_en_dly2' of 'bmsWIDEDFFCPE' unit is dangling and will be cleaned.
W: Public-4008: Instance 'u_ddr3_ctrl/u_ips_ddrc_top/mcdq_mac_top/mcdq_cfg_apb/sr_status' of 'bmsWIDEDFFCPE' unit is dangling and will be cleaned.
W: Public-4008: Instance 'u_flash_ddr_boot/u_loader/error_code[3:0]' of 'bmsWIDEDFFCPE' unit is dangling and will be cleaned.
W: Public-4008: Instance 'u_preprocess_stereo/cameras[0].u_preprocess/dst_x[15:0]' of 'bmsWIDEDFFCPE' unit is dangling and will be cleaned.
W: Public-4008: Instance 'u_preprocess_stereo/cameras[0].u_preprocess/dst_y[15:0]' of 'bmsWIDEDFFCPE' unit is dangling and will be cleaned.
W: Public-4008: Instance 'u_preprocess_stereo/cameras[0].u_preprocess/empty_frames[31:0]' of 'bmsWIDEDFFCPE' unit is dangling and will be cleaned.
W: Public-4008: Instance 'u_preprocess_stereo/cameras[0].u_preprocess/error' of 'bmsWIDEDFFCPE' unit is dangling and will be cleaned.
W: Public-4008: Instance 'u_preprocess_stereo/cameras[0].u_preprocess/error_code[31:0]' of 'bmsWIDEDFFCPE' unit is dangling and will be cleaned.
W: Public-4008: Instance 'u_preprocess_stereo/cameras[0].u_preprocess/failed_frames[31:0]' of 'bmsWIDEDFFCPE' unit is dangling and will be cleaned.
W: Public-4008: Instance 'u_preprocess_stereo/cameras[0].u_preprocess/frame_bad' of 'bmsWIDEDFFCPE' unit is dangling and will be cleaned.
W: Public-4008: Instance 'u_preprocess_stereo/cameras[0].u_preprocess/frame_token[31:0]' of 'bmsWIDEDFFCPE' unit is dangling and will be cleaned.
W: Public-4008: Instance 'u_preprocess_stereo/cameras[0].u_preprocess/frames_processed[31:0]' of 'bmsWIDEDFFCPE' unit is dangling and will be cleaned.
W: Public-4008: Instance 'u_preprocess_stereo/cameras[0].u_preprocess/last_cycles[31:0]' of 'bmsWIDEDFFCPE' unit is dangling and will be cleaned.
W: Public-4008: Instance 'u_preprocess_stereo/cameras[0].u_preprocess/margin[15:0]' of 'bmsWIDEDFFCPE' unit is dangling and will be cleaned.
W: Public-4008: Instance 'u_preprocess_stereo/cameras[0].u_preprocess/max_area[31:0]' of 'bmsWIDEDFFCPE' unit is dangling and will be cleaned.
W: Public-4008: Instance 'u_preprocess_stereo/cameras[0].u_preprocess/max_aspect[15:0]' of 'bmsWIDEDFFCPE' unit is dangling and will be cleaned.
W: Public-4008: Instance 'u_preprocess_stereo/cameras[0].u_preprocess/min_area[31:0]' of 'bmsWIDEDFFCPE' unit is dangling and will be cleaned.
W: Public-4008: Instance 'u_preprocess_stereo/cameras[0].u_preprocess/min_aspect[15:0]' of 'bmsWIDEDFFCPE' unit is dangling and will be cleaned.
W: Public-4008: Instance 'u_preprocess_stereo/cameras[0].u_preprocess/min_fill[7:0]' of 'bmsWIDEDFFCPE' unit is dangling and will be cleaned.
W: Public-4008: Instance 'u_preprocess_stereo/cameras[0].u_preprocess/min_pixels[31:0]' of 'bmsWIDEDFFCPE' unit is dangling and will be cleaned.
W: Public-4008: Instance 'u_preprocess_stereo/cameras[0].u_preprocess/out_height[15:0]' of 'bmsWIDEDFFCPE' unit is dangling and will be cleaned.
W: Public-4008: Instance 'u_preprocess_stereo/cameras[0].u_preprocess/out_width[15:0]' of 'bmsWIDEDFFCPE' unit is dangling and will be cleaned.
W: Public-4008: Instance 'u_preprocess_stereo/cameras[0].u_preprocess/output_addr[31:0]' of 'bmsWIDEDFFCPE' unit is dangling and will be cleaned.
W: Public-4008: Instance 'u_preprocess_stereo/cameras[0].u_preprocess/output_bank' of 'bmsWIDEDFFCPE' unit is dangling and will be cleaned.
W: Public-4008: Instance 'u_preprocess_stereo/cameras[0].u_preprocess/output_offset[31:0]' of 'bmsWIDEDFFCPE' unit is dangling and will be cleaned.
W: Public-4008: Instance 'u_preprocess_stereo/cameras[0].u_preprocess/pack_count[4:0]' of 'bmsWIDEDFFCPE' unit is dangling and will be cleaned.
W: Public-4008: Instance 'u_preprocess_stereo/cameras[0].u_preprocess/read_address[31:0]' of 'bmsWIDEDFFCPE' unit is dangling and will be cleaned.
W: Public-4008: Instance 'u_preprocess_stereo/cameras[0].u_preprocess/read_cache[255:0]' of 'bmsWIDEDFFCPE' unit is dangling and will be cleaned.
W: Public-4008: Instance 'u_preprocess_stereo/cameras[0].u_preprocess/read_return[4:0]' of 'bmsWIDEDFFPATCE' unit is dangling and will be cleaned.
W: Public-4008: Instance 'u_preprocess_stereo/cameras[0].u_preprocess/region_index[3:0]' of 'bmsWIDEDFFCPE' unit is dangling and will be cleaned.
W: Public-4008: Instance 'u_preprocess_stereo/cameras[0].u_preprocess/result_addr[31:0]' of 'bmsWIDEDFFCPE' unit is dangling and will be cleaned.
W: Public-4008: Instance 'u_preprocess_stereo/cameras[0].u_preprocess/result_bank' of 'bmsWIDEDFFCPE' unit is dangling and will be cleaned.
W: Public-4008: Instance 'u_preprocess_stereo/cameras[0].u_preprocess/result_boxes[15:0]' of 'bmsWIDEDFFCPE' unit is dangling and will be cleaned.
W: Public-4008: Instance 'u_preprocess_stereo/cameras[0].u_preprocess/result_boxes[31:16]' of 'bmsWIDEDFFCPE' unit is dangling and will be cleaned.
W: Public-4008: Instance 'u_preprocess_stereo/cameras[0].u_preprocess/result_boxes[47:32]' of 'bmsWIDEDFFCPE' unit is dangling and will be cleaned.
W: Public-4008: Instance 'u_preprocess_stereo/cameras[0].u_preprocess/result_boxes[63:48]' of 'bmsWIDEDFFCPE' unit is dangling and will be cleaned.
W: Public-4008: Instance 'u_preprocess_stereo/cameras[0].u_preprocess/result_boxes[79:64]' of 'bmsWIDEDFFCPE' unit is dangling and will be cleaned.
W: Public-4008: Instance 'u_preprocess_stereo/cameras[0].u_preprocess/result_boxes[95:80]' of 'bmsWIDEDFFCPE' unit is dangling and will be cleaned.
W: Public-4008: Instance 'u_preprocess_stereo/cameras[0].u_preprocess/result_boxes[111:96]' of 'bmsWIDEDFFCPE' unit is dangling and will be cleaned.
W: Public-4008: Instance 'u_preprocess_stereo/cameras[0].u_preprocess/result_boxes[127:112]' of 'bmsWIDEDFFCPE' unit is dangling and will be cleaned.
W: Public-4008: Instance 'u_preprocess_stereo/cameras[0].u_preprocess/result_boxes[143:128]' of 'bmsWIDEDFFCPE' unit is dangling and will be cleaned.
W: Public-4008: Instance 'u_preprocess_stereo/cameras[0].u_preprocess/result_boxes[159:144]' of 'bmsWIDEDFFCPE' unit is dangling and will be cleaned.
W: Public-4008: Instance 'u_preprocess_stereo/cameras[0].u_preprocess/result_boxes[175:160]' of 'bmsWIDEDFFCPE' unit is dangling and will be cleaned.
W: Public-4008: Instance 'u_preprocess_stereo/cameras[0].u_preprocess/result_boxes[191:176]' of 'bmsWIDEDFFCPE' unit is dangling and will be cleaned.
W: Public-4008: Instance 'u_preprocess_stereo/cameras[0].u_preprocess/result_boxes[207:192]' of 'bmsWIDEDFFCPE' unit is dangling and will be cleaned.
W: Public-4008: Instance 'u_preprocess_stereo/cameras[0].u_preprocess/result_boxes[431:416]' of 'bmsWIDEDFFCPE' unit is dangling and will be cleaned.
W: Public-4008: Instance 'u_preprocess_stereo/cameras[0].u_preprocess/result_boxes[223:208]' of 'bmsWIDEDFFCPE' unit is dangling and will be cleaned.
W: Public-4008: Instance 'u_preprocess_stereo/cameras[0].u_preprocess/result_boxes[239:224]' of 'bmsWIDEDFFCPE' unit is dangling and will be cleaned.
W: Public-4008: Instance 'u_preprocess_stereo/cameras[0].u_preprocess/result_boxes[255:240]' of 'bmsWIDEDFFCPE' unit is dangling and will be cleaned.
W: Public-4008: Instance 'u_preprocess_stereo/cameras[0].u_preprocess/result_boxes[271:256]' of 'bmsWIDEDFFCPE' unit is dangling and will be cleaned.
W: Public-4008: Instance 'u_preprocess_stereo/cameras[0].u_preprocess/result_boxes[367:352]' of 'bmsWIDEDFFCPE' unit is dangling and will be cleaned.
W: Public-4008: Instance 'u_preprocess_stereo/cameras[0].u_preprocess/result_boxes[287:272]' of 'bmsWIDEDFFCPE' unit is dangling and will be cleaned.
W: Public-4008: Instance 'u_preprocess_stereo/cameras[0].u_preprocess/result_boxes[335:320]' of 'bmsWIDEDFFCPE' unit is dangling and will be cleaned.
W: Public-4008: Instance 'u_preprocess_stereo/cameras[0].u_preprocess/result_boxes[351:336]' of 'bmsWIDEDFFCPE' unit is dangling and will be cleaned.
W: Public-4008: Instance 'u_preprocess_stereo/cameras[0].u_preprocess/result_boxes[399:384]' of 'bmsWIDEDFFCPE' unit is dangling and will be cleaned.
W: Public-4008: Instance 'u_preprocess_stereo/cameras[0].u_preprocess/result_boxes[383:368]' of 'bmsWIDEDFFCPE' unit is dangling and will be cleaned.
W: Public-4008: Instance 'u_preprocess_stereo/cameras[0].u_preprocess/result_boxes[303:288]' of 'bmsWIDEDFFCPE' unit is dangling and will be cleaned.
W: Public-4008: Instance 'u_preprocess_stereo/cameras[0].u_preprocess/result_boxes[319:304]' of 'bmsWIDEDFFCPE' unit is dangling and will be cleaned.
W: Public-4008: Instance 'u_preprocess_stereo/cameras[0].u_preprocess/result_boxes[415:400]' of 'bmsWIDEDFFCPE' unit is dangling and will be cleaned.
W: Public-4008: Instance 'u_preprocess_stereo/cameras[0].u_preprocess/result_boxes[447:432]' of 'bmsWIDEDFFCPE' unit is dangling and will be cleaned.
W: Public-4008: Instance 'u_preprocess_stereo/cameras[0].u_preprocess/result_boxes[463:448]' of 'bmsWIDEDFFCPE' unit is dangling and will be cleaned.
W: Public-4008: Instance 'u_preprocess_stereo/cameras[0].u_preprocess/result_boxes[479:464]' of 'bmsWIDEDFFCPE' unit is dangling and will be cleaned.
W: Public-4008: Instance 'u_preprocess_stereo/cameras[0].u_preprocess/result_boxes[495:480]' of 'bmsWIDEDFFCPE' unit is dangling and will be cleaned.
W: Public-4008: Instance 'u_preprocess_stereo/cameras[0].u_preprocess/result_boxes[511:496]' of 'bmsWIDEDFFCPE' unit is dangling and will be cleaned.
W: Public-4008: Instance 'u_preprocess_stereo/cameras[0].u_preprocess/source_slot' of 'bmsWIDEDFFCPE' unit is dangling and will be cleaned.
W: Public-4008: Instance 'u_preprocess_stereo/cameras[0].u_preprocess/src_x[15:0]' of 'bmsWIDEDFFCPE' unit is dangling and will be cleaned.
W: Public-4008: Instance 'u_preprocess_stereo/cameras[0].u_preprocess/src_y[15:0]' of 'bmsWIDEDFFCPE' unit is dangling and will be cleaned.
W: Public-4008: Instance 'u_preprocess_stereo/cameras[0].u_preprocess/state[4:0]' of 'bmsWIDEDFFCPE' unit is dangling and will be cleaned.
W: Public-4008: Instance 'u_preprocess_stereo/cameras[0].u_preprocess/wait_count[19:0]' of 'bmsWIDEDFFCPE' unit is dangling and will be cleaned.
W: Public-4008: Instance 'u_preprocess_stereo/cameras[0].u_preprocess/result_colors[2:0]' of 'bmsWIDEDFFCPE' unit is dangling and will be cleaned.
W: Public-4008: Instance 'u_preprocess_stereo/cameras[0].u_preprocess/result_colors[5:3]' of 'bmsWIDEDFFCPE' unit is dangling and will be cleaned.
W: Public-4008: Instance 'u_preprocess_stereo/cameras[0].u_preprocess/result_colors[8:6]' of 'bmsWIDEDFFCPE' unit is dangling and will be cleaned.
W: Public-4008: Instance 'u_preprocess_stereo/cameras[0].u_preprocess/result_colors[11:9]' of 'bmsWIDEDFFCPE' unit is dangling and will be cleaned.
W: Public-4008: Instance 'u_preprocess_stereo/cameras[0].u_preprocess/result_colors[14:12]' of 'bmsWIDEDFFCPE' unit is dangling and will be cleaned.
W: Public-4008: Instance 'u_preprocess_stereo/cameras[0].u_preprocess/result_colors[17:15]' of 'bmsWIDEDFFCPE' unit is dangling and will be cleaned.
W: Public-4008: Instance 'u_preprocess_stereo/cameras[0].u_preprocess/result_colors[20:18]' of 'bmsWIDEDFFCPE' unit is dangling and will be cleaned.
W: Public-4008: Instance 'u_preprocess_stereo/cameras[0].u_preprocess/result_colors[23:21]' of 'bmsWIDEDFFCPE' unit is dangling and will be cleaned.
W: Public-4008: Instance 'u_preprocess_stereo/cameras[0].u_preprocess/result_count[31:0]' of 'bmsWIDEDFFCPE' unit is dangling and will be cleaned.
W: Public-4008: Instance 'u_preprocess_stereo/cameras[0].u_preprocess/result_frame[31:0]' of 'bmsWIDEDFFCPE' unit is dangling and will be cleaned.
W: Public-4008: Instance 'u_preprocess_stereo/cameras[0].u_preprocess/result_height[15:0]' of 'bmsWIDEDFFCPE' unit is dangling and will be cleaned.
W: Public-4008: Instance 'u_preprocess_stereo/cameras[0].u_preprocess/write_address[31:0]' of 'bmsWIDEDFFCPE' unit is dangling and will be cleaned.
W: Public-4008: Instance 'u_preprocess_stereo/cameras[0].u_preprocess/write_pack[255:0]' of 'bmsWIDEDFFCPE' unit is dangling and will be cleaned.
W: Public-4008: Instance 'u_preprocess_stereo/cameras[0].u_preprocess/write_return[4:0]' of 'bmsWIDEDFFPATCE' unit is dangling and will be cleaned.
W: Public-4008: Instance 'u_preprocess_stereo/cameras[0].u_preprocess/x_remainder[31:0]' of 'bmsWIDEDFFCPE' unit is dangling and will be cleaned.
W: Public-4008: Instance 'u_preprocess_stereo/cameras[0].u_preprocess/y_remainder[31:0]' of 'bmsWIDEDFFCPE' unit is dangling and will be cleaned.
W: Public-4008: Instance 'u_preprocess_stereo/cameras[0].u_preprocess/result_valid' of 'bmsWIDEDFFCPE' unit is dangling and will be cleaned.
W: Public-4008: Instance 'u_preprocess_stereo/cameras[0].u_preprocess/result_width[15:0]' of 'bmsWIDEDFFCPE' unit is dangling and will be cleaned.
W: Public-4008: Instance 'u_preprocess_stereo/cameras[0].u_preprocess/roi_count[3:0]' of 'bmsWIDEDFFCPE' unit is dangling and will be cleaned.
W: Public-4008: Instance 'u_preprocess_stereo/cameras[0].u_preprocess/roi_height[15:0]' of 'bmsWIDEDFFCPE' unit is dangling and will be cleaned.
W: Public-4008: Instance 'u_preprocess_stereo/cameras[0].u_preprocess/roi_index[3:0]' of 'bmsWIDEDFFCPE' unit is dangling and will be cleaned.
W: Public-4008: Instance 'u_preprocess_stereo/cameras[0].u_preprocess/roi_width[15:0]' of 'bmsWIDEDFFCPE' unit is dangling and will be cleaned.
W: Public-4008: Instance 'u_preprocess_stereo/cameras[0].u_preprocess/scan_lane[4:0]' of 'bmsWIDEDFFCPE' unit is dangling and will be cleaned.
W: Public-4008: Instance 'u_preprocess_stereo/cameras[0].u_preprocess/scan_offset[31:0]' of 'bmsWIDEDFFCPE' unit is dangling and will be cleaned.
W: Public-4008: Instance 'u_preprocess_stereo/cameras[0].u_preprocess/scan_pixels[31:0]' of 'bmsWIDEDFFCPE' unit is dangling and will be cleaned.
W: Public-4008: Instance 'u_preprocess_stereo/cameras[0].u_preprocess/scan_x[15:0]' of 'bmsWIDEDFFCPE' unit is dangling and will be cleaned.
W: Public-4008: Instance 'u_preprocess_stereo/cameras[0].u_preprocess/scan_y[15:0]' of 'bmsWIDEDFFCPE' unit is dangling and will be cleaned.
W: Public-4008: Instance 'u_preprocess_stereo/cameras[0].u_preprocess/source_addr[31:0]' of 'bmsWIDEDFFCPE' unit is dangling and will be cleaned.
W: Public-4008: Instance 'u_preprocess_stereo/cameras[0].u_preprocess/source_release_mask[1:0]' of 'bmsWIDEDFFCPE' unit is dangling and will be cleaned.
W: Public-4008: Instance 'u_preprocess_stereo/cameras[0].u_preprocess/source_release_valid' of 'bmsWIDEDFFCPE' unit is dangling and will be cleaned.
W: Public-4008: Instance 'u_preprocess_stereo/cameras[0].u_preprocess/bad_releases[31:0]' of 'bmsWIDEDFFCPE' unit is dangling and will be cleaned.
W: Public-4008: Instance 'u_preprocess_stereo/cameras[0].u_preprocess/bank_frames[0][31:0]' of 'bmsWIDEDFFCPE' unit is dangling and will be cleaned.
W: Public-4008: Instance 'u_preprocess_stereo/cameras[0].u_preprocess/bank_frames[1][31:0]' of 'bmsWIDEDFFCPE' unit is dangling and will be cleaned.
W: Public-4008: Instance 'u_preprocess_stereo/cameras[0].u_preprocess/bank_owned[1:0]' of 'bmsWIDEDFFCPE' unit is dangling and will be cleaned.
W: Public-4008: Instance 'u_preprocess_stereo/cameras[0].u_preprocess/bank_ready_mask[1:0]' of 'bmsWIDEDFFCPE' unit is dangling and will be cleaned.
W: Public-4008: Instance 'u_preprocess_stereo/cameras[0].u_preprocess/black_max[7:0]' of 'bmsWIDEDFFCPE' unit is dangling and will be cleaned.
W: Public-4008: Instance 'u_preprocess_stereo/cameras[0].u_preprocess/boxes_x0[0][15:0]' of 'bmsWIDEDFFCPE' unit is dangling and will be cleaned.
W: Public-4008: Instance 'u_preprocess_stereo/cameras[0].u_preprocess/boxes_x0[1][15:0]' of 'bmsWIDEDFFCPE' unit is dangling and will be cleaned.
W: Public-4008: Instance 'u_preprocess_stereo/cameras[0].u_preprocess/boxes_x0[2][15:0]' of 'bmsWIDEDFFCPE' unit is dangling and will be cleaned.
W: Public-4008: Instance 'u_preprocess_stereo/cameras[0].u_preprocess/boxes_x0[3][15:0]' of 'bmsWIDEDFFCPE' unit is dangling and will be cleaned.
W: Public-4008: Instance 'u_preprocess_stereo/cameras[0].u_preprocess/boxes_x0[4][15:0]' of 'bmsWIDEDFFCPE' unit is dangling and will be cleaned.
W: Public-4008: Instance 'u_preprocess_stereo/cameras[0].u_preprocess/boxes_x0[5][15:0]' of 'bmsWIDEDFFCPE' unit is dangling and will be cleaned.
W: Public-4008: Instance 'u_preprocess_stereo/cameras[0].u_preprocess/boxes_x0[6][15:0]' of 'bmsWIDEDFFCPE' unit is dangling and will be cleaned.
W: Public-4008: Instance 'u_preprocess_stereo/cameras[0].u_preprocess/boxes_x0[7][15:0]' of 'bmsWIDEDFFCPE' unit is dangling and will be cleaned.
W: Public-4008: Instance 'u_preprocess_stereo/cameras[0].u_preprocess/boxes_x1[0][15:0]' of 'bmsWIDEDFFCPE' unit is dangling and will be cleaned.
W: Public-4008: Instance 'u_preprocess_stereo/cameras[0].u_preprocess/boxes_x1[1][15:0]' of 'bmsWIDEDFFCPE' unit is dangling and will be cleaned.
W: Public-4008: Instance 'u_preprocess_stereo/cameras[0].u_preprocess/boxes_x1[2][15:0]' of 'bmsWIDEDFFCPE' unit is dangling and will be cleaned.
W: Public-4008: Instance 'u_preprocess_stereo/cameras[0].u_preprocess/boxes_x1[3][15:0]' of 'bmsWIDEDFFCPE' unit is dangling and will be cleaned.
W: Public-4008: Instance 'u_preprocess_stereo/cameras[0].u_preprocess/boxes_x1[4][15:0]' of 'bmsWIDEDFFCPE' unit is dangling and will be cleaned.
W: Public-4008: Instance 'u_preprocess_stereo/cameras[0].u_preprocess/boxes_x1[5][15:0]' of 'bmsWIDEDFFCPE' unit is dangling and will be cleaned.
W: Public-4008: Instance 'u_preprocess_stereo/cameras[0].u_preprocess/boxes_x1[6][15:0]' of 'bmsWIDEDFFCPE' unit is dangling and will be cleaned.
W: Public-4008: Instance 'u_preprocess_stereo/cameras[0].u_preprocess/boxes_x1[7][15:0]' of 'bmsWIDEDFFCPE' unit is dangling and will be cleaned.
W: Public-4008: Instance 'u_preprocess_stereo/cameras[0].u_preprocess/boxes_y0[0][15:0]' of 'bmsWIDEDFFCPE' unit is dangling and will be cleaned.
W: Public-4008: Instance 'u_preprocess_stereo/cameras[0].u_preprocess/boxes_y0[1][15:0]' of 'bmsWIDEDFFCPE' unit is dangling and will be cleaned.
W: Public-4008: Instance 'u_preprocess_stereo/cameras[0].u_preprocess/boxes_y0[2][15:0]' of 'bmsWIDEDFFCPE' unit is dangling and will be cleaned.
W: Public-4008: Instance 'u_preprocess_stereo/cameras[0].u_preprocess/boxes_y0[3][15:0]' of 'bmsWIDEDFFCPE' unit is dangling and will be cleaned.
W: Public-4008: Instance 'u_preprocess_stereo/cameras[0].u_preprocess/boxes_y0[4][15:0]' of 'bmsWIDEDFFCPE' unit is dangling and will be cleaned.
W: Public-4008: Instance 'u_preprocess_stereo/cameras[0].u_preprocess/boxes_y0[5][15:0]' of 'bmsWIDEDFFCPE' unit is dangling and will be cleaned.
W: Public-4008: Instance 'u_preprocess_stereo/cameras[0].u_preprocess/boxes_y0[6][15:0]' of 'bmsWIDEDFFCPE' unit is dangling and will be cleaned.
W: Public-4008: Instance 'u_preprocess_stereo/cameras[0].u_preprocess/boxes_y0[7][15:0]' of 'bmsWIDEDFFCPE' unit is dangling and will be cleaned.
W: Public-4008: Instance 'u_preprocess_stereo/cameras[0].u_preprocess/boxes_y1[0][15:0]' of 'bmsWIDEDFFCPE' unit is dangling and will be cleaned.
W: Public-4008: Instance 'u_preprocess_stereo/cameras[0].u_preprocess/boxes_y1[1][15:0]' of 'bmsWIDEDFFCPE' unit is dangling and will be cleaned.
W: Public-4008: Instance 'u_preprocess_stereo/cameras[0].u_preprocess/boxes_y1[2][15:0]' of 'bmsWIDEDFFCPE' unit is dangling and will be cleaned.
W: Public-4008: Instance 'u_preprocess_stereo/cameras[0].u_preprocess/boxes_y1[3][15:0]' of 'bmsWIDEDFFCPE' unit is dangling and will be cleaned.
W: Public-4008: Instance 'u_preprocess_stereo/cameras[0].u_preprocess/boxes_y1[4][15:0]' of 'bmsWIDEDFFCPE' unit is dangling and will be cleaned.
W: Public-4008: Instance 'u_preprocess_stereo/cameras[0].u_preprocess/boxes_y1[5][15:0]' of 'bmsWIDEDFFCPE' unit is dangling and will be cleaned.
W: Public-4008: Instance 'u_preprocess_stereo/cameras[0].u_preprocess/boxes_y1[6][15:0]' of 'bmsWIDEDFFCPE' unit is dangling and will be cleaned.
W: Public-4008: Instance 'u_preprocess_stereo/cameras[0].u_preprocess/boxes_y1[7][15:0]' of 'bmsWIDEDFFCPE' unit is dangling and will be cleaned.
W: Public-4008: Instance 'u_preprocess_stereo/cameras[0].u_preprocess/bright_min[7:0]' of 'bmsWIDEDFFCPE' unit is dangling and will be cleaned.
W: Public-4008: Instance 'u_preprocess_stereo/cameras[0].u_preprocess/cache_address[31:0]' of 'bmsWIDEDFFCPE' unit is dangling and will be cleaned.
W: Public-4008: Instance 'u_preprocess_stereo/cameras[0].u_preprocess/cache_valid' of 'bmsWIDEDFFCPE' unit is dangling and will be cleaned.
W: Public-4008: Instance 'u_preprocess_stereo/cameras[0].u_preprocess/colors_enabled[3:0]' of 'bmsWIDEDFFCPE' unit is dangling and will be cleaned.
W: Public-4008: Instance 'u_preprocess_stereo/cameras[0].u_preprocess/cycle_count[31:0]' of 'bmsWIDEDFFCPE' unit is dangling and will be cleaned.
W: Public-4008: Instance 'u_preprocess_stereo/cameras[0].u_preprocess/dominance[7:0]' of 'bmsWIDEDFFCPE' unit is dangling and will be cleaned.
W: Public-4008: Instance 'u_preprocess_stereo/cameras[0].u_preprocess/u_regions/colors[0][2:0]' of 'bmsWIDEDFFCPE' unit is dangling and will be cleaned.
W: Public-4008: Instance 'u_preprocess_stereo/cameras[0].u_preprocess/u_regions/colors[1][2:0]' of 'bmsWIDEDFFCPE' unit is dangling and will be cleaned.
W: Public-4008: Instance 'u_preprocess_stereo/cameras[0].u_preprocess/u_regions/xe[5][15:0]' of 'bmsWIDEDFFCPE' unit is dangling and will be cleaned.
W: Public-4008: Instance 'u_preprocess_stereo/cameras[0].u_preprocess/u_regions/xe[6][15:0]' of 'bmsWIDEDFFCPE' unit is dangling and will be cleaned.
W: Public-4008: Instance 'u_preprocess_stereo/cameras[0].u_preprocess/u_regions/xe[7][15:0]' of 'bmsWIDEDFFCPE' unit is dangling and will be cleaned.
W: Public-4008: Instance 'u_preprocess_stereo/cameras[0].u_preprocess/u_regions/xs[0][15:0]' of 'bmsWIDEDFFCPE' unit is dangling and will be cleaned.
W: Public-4008: Instance 'u_preprocess_stereo/cameras[0].u_preprocess/u_regions/xs[1][15:0]' of 'bmsWIDEDFFCPE' unit is dangling and will be cleaned.
W: Public-4008: Instance 'u_preprocess_stereo/cameras[0].u_preprocess/u_regions/xs[2][15:0]' of 'bmsWIDEDFFCPE' unit is dangling and will be cleaned.
W: Public-4008: Instance 'u_preprocess_stereo/cameras[0].u_preprocess/u_regions/xs[3][15:0]' of 'bmsWIDEDFFCPE' unit is dangling and will be cleaned.
W: Public-4008: Instance 'u_preprocess_stereo/cameras[0].u_preprocess/u_regions/xs[4][15:0]' of 'bmsWIDEDFFCPE' unit is dangling and will be cleaned.
W: Public-4008: Instance 'u_preprocess_stereo/cameras[0].u_preprocess/u_regions/xs[5][15:0]' of 'bmsWIDEDFFCPE' unit is dangling and will be cleaned.
W: Public-4008: Instance 'u_preprocess_stereo/cameras[0].u_preprocess/u_regions/xs[6][15:0]' of 'bmsWIDEDFFCPE' unit is dangling and will be cleaned.
W: Public-4008: Instance 'u_preprocess_stereo/cameras[0].u_preprocess/u_regions/xs[7][15:0]' of 'bmsWIDEDFFCPE' unit is dangling and will be cleaned.
W: Public-4008: Instance 'u_preprocess_stereo/cameras[0].u_preprocess/u_regions/ye[0][15:0]' of 'bmsWIDEDFFCPE' unit is dangling and will be cleaned.
W: Public-4008: Instance 'u_preprocess_stereo/cameras[0].u_preprocess/u_regions/ye[1][15:0]' of 'bmsWIDEDFFCPE' unit is dangling and will be cleaned.
W: Public-4008: Instance 'u_preprocess_stereo/cameras[0].u_preprocess/u_regions/ye[2][15:0]' of 'bmsWIDEDFFCPE' unit is dangling and will be cleaned.
W: Public-4008: Instance 'u_preprocess_stereo/cameras[0].u_preprocess/u_regions/ye[3][15:0]' of 'bmsWIDEDFFCPE' unit is dangling and will be cleaned.
W: Public-4008: Instance 'u_preprocess_stereo/cameras[0].u_preprocess/u_regions/ye[4][15:0]' of 'bmsWIDEDFFCPE' unit is dangling and will be cleaned.
W: Public-4008: Instance 'u_preprocess_stereo/cameras[0].u_preprocess/u_regions/ye[5][15:0]' of 'bmsWIDEDFFCPE' unit is dangling and will be cleaned.
W: Public-4008: Instance 'u_preprocess_stereo/cameras[0].u_preprocess/u_regions/ye[6][15:0]' of 'bmsWIDEDFFCPE' unit is dangling and will be cleaned.
W: Public-4008: Instance 'u_preprocess_stereo/cameras[0].u_preprocess/u_regions/ye[7][15:0]' of 'bmsWIDEDFFCPE' unit is dangling and will be cleaned.
W: Public-4008: Instance 'u_preprocess_stereo/cameras[0].u_preprocess/u_regions/ys[0][15:0]' of 'bmsWIDEDFFCPE' unit is dangling and will be cleaned.
W: Public-4008: Instance 'u_preprocess_stereo/cameras[0].u_preprocess/u_regions/ys[1][15:0]' of 'bmsWIDEDFFCPE' unit is dangling and will be cleaned.
W: Public-4008: Instance 'u_preprocess_stereo/cameras[0].u_preprocess/u_regions/ys[2][15:0]' of 'bmsWIDEDFFCPE' unit is dangling and will be cleaned.
W: Public-4008: Instance 'u_preprocess_stereo/cameras[0].u_preprocess/u_regions/ys[3][15:0]' of 'bmsWIDEDFFCPE' unit is dangling and will be cleaned.
W: Public-4008: Instance 'u_preprocess_stereo/cameras[0].u_preprocess/u_regions/ys[4][15:0]' of 'bmsWIDEDFFCPE' unit is dangling and will be cleaned.
W: Public-4008: Instance 'u_preprocess_stereo/cameras[0].u_preprocess/u_regions/ys[5][15:0]' of 'bmsWIDEDFFCPE' unit is dangling and will be cleaned.
W: Public-4008: Instance 'u_preprocess_stereo/cameras[0].u_preprocess/u_regions/ys[6][15:0]' of 'bmsWIDEDFFCPE' unit is dangling and will be cleaned.
W: Public-4008: Instance 'u_preprocess_stereo/cameras[0].u_preprocess/u_regions/ys[7][15:0]' of 'bmsWIDEDFFCPE' unit is dangling and will be cleaned.
W: Public-4008: Instance 'u_preprocess_stereo/cameras[0].u_preprocess/u_regions/colors[2][2:0]' of 'bmsWIDEDFFCPE' unit is dangling and will be cleaned.
W: Public-4008: Instance 'u_preprocess_stereo/cameras[0].u_preprocess/u_regions/colors[3][2:0]' of 'bmsWIDEDFFCPE' unit is dangling and will be cleaned.
W: Public-4008: Instance 'u_preprocess_stereo/cameras[0].u_preprocess/u_regions/colors[4][2:0]' of 'bmsWIDEDFFCPE' unit is dangling and will be cleaned.
W: Public-4008: Instance 'u_preprocess_stereo/cameras[0].u_preprocess/u_regions/colors[5][2:0]' of 'bmsWIDEDFFCPE' unit is dangling and will be cleaned.
W: Public-4008: Instance 'u_preprocess_stereo/cameras[0].u_preprocess/u_regions/colors[6][2:0]' of 'bmsWIDEDFFCPE' unit is dangling and will be cleaned.
W: Public-4008: Instance 'u_preprocess_stereo/cameras[0].u_preprocess/u_regions/colors[7][2:0]' of 'bmsWIDEDFFCPE' unit is dangling and will be cleaned.
W: Public-4008: Instance 'u_preprocess_stereo/cameras[0].u_preprocess/u_regions/counts[0][31:0]' of 'bmsWIDEDFFCPE' unit is dangling and will be cleaned.
W: Public-4008: Instance 'u_preprocess_stereo/cameras[0].u_preprocess/u_regions/counts[1][31:0]' of 'bmsWIDEDFFCPE' unit is dangling and will be cleaned.
W: Public-4008: Instance 'u_preprocess_stereo/cameras[0].u_preprocess/u_regions/counts[2][31:0]' of 'bmsWIDEDFFCPE' unit is dangling and will be cleaned.
W: Public-4008: Instance 'u_preprocess_stereo/cameras[0].u_preprocess/u_regions/counts[3][31:0]' of 'bmsWIDEDFFCPE' unit is dangling and will be cleaned.
W: Public-4008: Instance 'u_preprocess_stereo/cameras[0].u_preprocess/u_regions/counts[4][31:0]' of 'bmsWIDEDFFCPE' unit is dangling and will be cleaned.
W: Public-4008: Instance 'u_preprocess_stereo/cameras[0].u_preprocess/u_regions/counts[5][31:0]' of 'bmsWIDEDFFCPE' unit is dangling and will be cleaned.
W: Public-4008: Instance 'u_preprocess_stereo/cameras[0].u_preprocess/u_regions/counts[6][31:0]' of 'bmsWIDEDFFCPE' unit is dangling and will be cleaned.
W: Public-4008: Instance 'u_preprocess_stereo/cameras[0].u_preprocess/u_regions/counts[7][31:0]' of 'bmsWIDEDFFCPE' unit is dangling and will be cleaned.
W: Public-4008: Instance 'u_preprocess_stereo/cameras[0].u_preprocess/u_regions/overflow' of 'bmsWIDEDFFCPE' unit is dangling and will be cleaned.
W: Public-4008: Instance 'u_preprocess_stereo/cameras[0].u_preprocess/u_regions/valid[0]' of 'bmsWIDEDFFCPE' unit is dangling and will be cleaned.
W: Public-4008: Instance 'u_preprocess_stereo/cameras[0].u_preprocess/u_regions/valid[1]' of 'bmsWIDEDFFCPE' unit is dangling and will be cleaned.
W: Public-4008: Instance 'u_preprocess_stereo/cameras[0].u_preprocess/u_regions/valid[2]' of 'bmsWIDEDFFCPE' unit is dangling and will be cleaned.
W: Public-4008: Instance 'u_preprocess_stereo/cameras[0].u_preprocess/u_regions/valid[3]' of 'bmsWIDEDFFCPE' unit is dangling and will be cleaned.
W: Public-4008: Instance 'u_preprocess_stereo/cameras[0].u_preprocess/u_regions/valid[4]' of 'bmsWIDEDFFCPE' unit is dangling and will be cleaned.
W: Public-4008: Instance 'u_preprocess_stereo/cameras[0].u_preprocess/u_regions/valid[5]' of 'bmsWIDEDFFCPE' unit is dangling and will be cleaned.
W: Public-4008: Instance 'u_preprocess_stereo/cameras[0].u_preprocess/u_regions/valid[6]' of 'bmsWIDEDFFCPE' unit is dangling and will be cleaned.
W: Public-4008: Instance 'u_preprocess_stereo/cameras[0].u_preprocess/u_regions/valid[7]' of 'bmsWIDEDFFCPE' unit is dangling and will be cleaned.
W: Public-4008: Instance 'u_preprocess_stereo/cameras[0].u_preprocess/u_regions/xe[0][15:0]' of 'bmsWIDEDFFCPE' unit is dangling and will be cleaned.
W: Public-4008: Instance 'u_preprocess_stereo/cameras[0].u_preprocess/u_regions/xe[1][15:0]' of 'bmsWIDEDFFCPE' unit is dangling and will be cleaned.
W: Public-4008: Instance 'u_preprocess_stereo/cameras[0].u_preprocess/u_regions/xe[2][15:0]' of 'bmsWIDEDFFCPE' unit is dangling and will be cleaned.
W: Public-4008: Instance 'u_preprocess_stereo/cameras[0].u_preprocess/u_regions/xe[3][15:0]' of 'bmsWIDEDFFCPE' unit is dangling and will be cleaned.
W: Public-4008: Instance 'u_preprocess_stereo/cameras[0].u_preprocess/u_regions/xe[4][15:0]' of 'bmsWIDEDFFCPE' unit is dangling and will be cleaned.
W: Public-4008: Instance 'u_mem/aw_id_reg[3:0]' of 'bmsWIDEDFFCPE' unit is dangling and will be cleaned.
W: Public-4008: Instance 'u_mem/jtag_rsp_err_reg' of 'bmsWIDEDFFCPE' unit is dangling and will be cleaned.
W: Public-4008: Instance 'u_npu_ctrl/engine_input_addr[31:0]' of 'bmsWIDEDFFCPE' unit is dangling and will be cleaned.
W: Public-4008: Instance 'u_npu_ctrl/engine_output_addr[31:0]' of 'bmsWIDEDFFCPE' unit is dangling and will be cleaned.
W: Public-4008: Instance 'u_npu_ctrl/engine_task_bytes[31:0]' of 'bmsWIDEDFFCPE' unit is dangling and will be cleaned.
W: Public-4008: Instance 'u_npu_ctrl/engine_weight_addr[31:0]' of 'bmsWIDEDFFCPE' unit is dangling and will be cleaned.
W: Public-4008: Instance 'u_npu_ctrl/start_pulse' of 'bmsWIDEDFFCPE' unit is dangling and will be cleaned.
W: Public-4008: Instance 'u_preprocess_stereo/cameras[1].u_preprocess/dst_x[15:0]' of 'bmsWIDEDFFCPE' unit is dangling and will be cleaned.
W: Public-4008: Instance 'u_preprocess_stereo/cameras[1].u_preprocess/dst_y[15:0]' of 'bmsWIDEDFFCPE' unit is dangling and will be cleaned.
W: Public-4008: Instance 'u_preprocess_stereo/cameras[1].u_preprocess/empty_frames[31:0]' of 'bmsWIDEDFFCPE' unit is dangling and will be cleaned.
W: Public-4008: Instance 'u_preprocess_stereo/cameras[1].u_preprocess/error' of 'bmsWIDEDFFCPE' unit is dangling and will be cleaned.
W: Public-4008: Instance 'u_preprocess_stereo/cameras[1].u_preprocess/error_code[31:0]' of 'bmsWIDEDFFCPE' unit is dangling and will be cleaned.
W: Public-4008: Instance 'u_preprocess_stereo/cameras[1].u_preprocess/failed_frames[31:0]' of 'bmsWIDEDFFCPE' unit is dangling and will be cleaned.
W: Public-4008: Instance 'u_preprocess_stereo/cameras[1].u_preprocess/frame_bad' of 'bmsWIDEDFFCPE' unit is dangling and will be cleaned.
W: Public-4008: Instance 'u_preprocess_stereo/cameras[1].u_preprocess/frame_token[31:0]' of 'bmsWIDEDFFCPE' unit is dangling and will be cleaned.
W: Public-4008: Instance 'u_preprocess_stereo/cameras[1].u_preprocess/frames_processed[31:0]' of 'bmsWIDEDFFCPE' unit is dangling and will be cleaned.
W: Public-4008: Instance 'u_preprocess_stereo/cameras[1].u_preprocess/last_cycles[31:0]' of 'bmsWIDEDFFCPE' unit is dangling and will be cleaned.
W: Public-4008: Instance 'u_preprocess_stereo/cameras[1].u_preprocess/margin[15:0]' of 'bmsWIDEDFFCPE' unit is dangling and will be cleaned.
W: Public-4008: Instance 'u_preprocess_stereo/cameras[1].u_preprocess/max_area[31:0]' of 'bmsWIDEDFFCPE' unit is dangling and will be cleaned.
W: Public-4008: Instance 'u_preprocess_stereo/cameras[1].u_preprocess/max_aspect[15:0]' of 'bmsWIDEDFFCPE' unit is dangling and will be cleaned.
W: Public-4008: Instance 'u_preprocess_stereo/cameras[1].u_preprocess/min_area[31:0]' of 'bmsWIDEDFFCPE' unit is dangling and will be cleaned.
W: Public-4008: Instance 'u_preprocess_stereo/cameras[1].u_preprocess/min_aspect[15:0]' of 'bmsWIDEDFFCPE' unit is dangling and will be cleaned.
W: Public-4008: Instance 'u_preprocess_stereo/cameras[1].u_preprocess/min_fill[7:0]' of 'bmsWIDEDFFCPE' unit is dangling and will be cleaned.
W: Public-4008: Instance 'u_preprocess_stereo/cameras[1].u_preprocess/min_pixels[31:0]' of 'bmsWIDEDFFCPE' unit is dangling and will be cleaned.
W: Public-4008: Instance 'u_preprocess_stereo/cameras[1].u_preprocess/out_height[15:0]' of 'bmsWIDEDFFCPE' unit is dangling and will be cleaned.
W: Public-4008: Instance 'u_preprocess_stereo/cameras[1].u_preprocess/out_width[15:0]' of 'bmsWIDEDFFCPE' unit is dangling and will be cleaned.
W: Public-4008: Instance 'u_preprocess_stereo/cameras[1].u_preprocess/output_addr[31:0]' of 'bmsWIDEDFFCPE' unit is dangling and will be cleaned.
W: Public-4008: Instance 'u_preprocess_stereo/cameras[1].u_preprocess/output_bank' of 'bmsWIDEDFFCPE' unit is dangling and will be cleaned.
W: Public-4008: Instance 'u_preprocess_stereo/cameras[1].u_preprocess/output_offset[31:0]' of 'bmsWIDEDFFCPE' unit is dangling and will be cleaned.
W: Public-4008: Instance 'u_preprocess_stereo/cameras[1].u_preprocess/pack_count[4:0]' of 'bmsWIDEDFFCPE' unit is dangling and will be cleaned.
W: Public-4008: Instance 'u_preprocess_stereo/cameras[1].u_preprocess/read_address[31:0]' of 'bmsWIDEDFFCPE' unit is dangling and will be cleaned.
W: Public-4008: Instance 'u_preprocess_stereo/cameras[1].u_preprocess/read_cache[255:0]' of 'bmsWIDEDFFCPE' unit is dangling and will be cleaned.
W: Public-4008: Instance 'u_preprocess_stereo/cameras[1].u_preprocess/read_return[4:0]' of 'bmsWIDEDFFPATCE' unit is dangling and will be cleaned.
W: Public-4008: Instance 'u_preprocess_stereo/cameras[1].u_preprocess/region_index[3:0]' of 'bmsWIDEDFFCPE' unit is dangling and will be cleaned.
W: Public-4008: Instance 'u_preprocess_stereo/cameras[1].u_preprocess/result_addr[31:0]' of 'bmsWIDEDFFCPE' unit is dangling and will be cleaned.
W: Public-4008: Instance 'u_preprocess_stereo/cameras[1].u_preprocess/result_bank' of 'bmsWIDEDFFCPE' unit is dangling and will be cleaned.
W: Public-4008: Instance 'u_preprocess_stereo/cameras[1].u_preprocess/result_boxes[15:0]' of 'bmsWIDEDFFCPE' unit is dangling and will be cleaned.
W: Public-4008: Instance 'u_preprocess_stereo/cameras[1].u_preprocess/result_boxes[31:16]' of 'bmsWIDEDFFCPE' unit is dangling and will be cleaned.
W: Public-4008: Instance 'u_preprocess_stereo/cameras[1].u_preprocess/result_boxes[47:32]' of 'bmsWIDEDFFCPE' unit is dangling and will be cleaned.
W: Public-4008: Instance 'u_preprocess_stereo/cameras[1].u_preprocess/result_boxes[63:48]' of 'bmsWIDEDFFCPE' unit is dangling and will be cleaned.
W: Public-4008: Instance 'u_preprocess_stereo/cameras[1].u_preprocess/result_boxes[79:64]' of 'bmsWIDEDFFCPE' unit is dangling and will be cleaned.
W: Public-4008: Instance 'u_preprocess_stereo/cameras[1].u_preprocess/result_boxes[95:80]' of 'bmsWIDEDFFCPE' unit is dangling and will be cleaned.
W: Public-4008: Instance 'u_preprocess_stereo/cameras[1].u_preprocess/result_boxes[111:96]' of 'bmsWIDEDFFCPE' unit is dangling and will be cleaned.
W: Public-4008: Instance 'u_preprocess_stereo/cameras[1].u_preprocess/result_boxes[127:112]' of 'bmsWIDEDFFCPE' unit is dangling and will be cleaned.
W: Public-4008: Instance 'u_preprocess_stereo/cameras[1].u_preprocess/result_boxes[143:128]' of 'bmsWIDEDFFCPE' unit is dangling and will be cleaned.
W: Public-4008: Instance 'u_preprocess_stereo/cameras[1].u_preprocess/result_boxes[159:144]' of 'bmsWIDEDFFCPE' unit is dangling and will be cleaned.
W: Public-4008: Instance 'u_preprocess_stereo/cameras[1].u_preprocess/result_boxes[175:160]' of 'bmsWIDEDFFCPE' unit is dangling and will be cleaned.
W: Public-4008: Instance 'u_preprocess_stereo/cameras[1].u_preprocess/result_boxes[191:176]' of 'bmsWIDEDFFCPE' unit is dangling and will be cleaned.
W: Public-4008: Instance 'u_preprocess_stereo/cameras[1].u_preprocess/result_boxes[207:192]' of 'bmsWIDEDFFCPE' unit is dangling and will be cleaned.
W: Public-4008: Instance 'u_preprocess_stereo/cameras[1].u_preprocess/result_boxes[431:416]' of 'bmsWIDEDFFCPE' unit is dangling and will be cleaned.
W: Public-4008: Instance 'u_preprocess_stereo/cameras[1].u_preprocess/result_boxes[223:208]' of 'bmsWIDEDFFCPE' unit is dangling and will be cleaned.
W: Public-4008: Instance 'u_preprocess_stereo/cameras[1].u_preprocess/result_boxes[239:224]' of 'bmsWIDEDFFCPE' unit is dangling and will be cleaned.
W: Public-4008: Instance 'u_preprocess_stereo/cameras[1].u_preprocess/result_boxes[255:240]' of 'bmsWIDEDFFCPE' unit is dangling and will be cleaned.
W: Public-4008: Instance 'u_preprocess_stereo/cameras[1].u_preprocess/result_boxes[271:256]' of 'bmsWIDEDFFCPE' unit is dangling and will be cleaned.
W: Public-4008: Instance 'u_preprocess_stereo/cameras[1].u_preprocess/result_boxes[367:352]' of 'bmsWIDEDFFCPE' unit is dangling and will be cleaned.
W: Public-4008: Instance 'u_preprocess_stereo/cameras[1].u_preprocess/result_boxes[287:272]' of 'bmsWIDEDFFCPE' unit is dangling and will be cleaned.
W: Public-4008: Instance 'u_preprocess_stereo/cameras[1].u_preprocess/result_boxes[335:320]' of 'bmsWIDEDFFCPE' unit is dangling and will be cleaned.
W: Public-4008: Instance 'u_preprocess_stereo/cameras[1].u_preprocess/result_boxes[351:336]' of 'bmsWIDEDFFCPE' unit is dangling and will be cleaned.
W: Public-4008: Instance 'u_preprocess_stereo/cameras[1].u_preprocess/result_boxes[399:384]' of 'bmsWIDEDFFCPE' unit is dangling and will be cleaned.
W: Public-4008: Instance 'u_preprocess_stereo/cameras[1].u_preprocess/result_boxes[383:368]' of 'bmsWIDEDFFCPE' unit is dangling and will be cleaned.
W: Public-4008: Instance 'u_preprocess_stereo/cameras[1].u_preprocess/result_boxes[303:288]' of 'bmsWIDEDFFCPE' unit is dangling and will be cleaned.
W: Public-4008: Instance 'u_preprocess_stereo/cameras[1].u_preprocess/result_boxes[319:304]' of 'bmsWIDEDFFCPE' unit is dangling and will be cleaned.
W: Public-4008: Instance 'u_preprocess_stereo/cameras[1].u_preprocess/result_boxes[415:400]' of 'bmsWIDEDFFCPE' unit is dangling and will be cleaned.
W: Public-4008: Instance 'u_preprocess_stereo/cameras[1].u_preprocess/result_boxes[447:432]' of 'bmsWIDEDFFCPE' unit is dangling and will be cleaned.
W: Public-4008: Instance 'u_preprocess_stereo/cameras[1].u_preprocess/result_boxes[463:448]' of 'bmsWIDEDFFCPE' unit is dangling and will be cleaned.
W: Public-4008: Instance 'u_preprocess_stereo/cameras[1].u_preprocess/result_boxes[479:464]' of 'bmsWIDEDFFCPE' unit is dangling and will be cleaned.
W: Public-4008: Instance 'u_preprocess_stereo/cameras[1].u_preprocess/result_boxes[495:480]' of 'bmsWIDEDFFCPE' unit is dangling and will be cleaned.
W: Public-4008: Instance 'u_preprocess_stereo/cameras[1].u_preprocess/result_boxes[511:496]' of 'bmsWIDEDFFCPE' unit is dangling and will be cleaned.
W: Public-4008: Instance 'u_preprocess_stereo/cameras[1].u_preprocess/source_slot' of 'bmsWIDEDFFCPE' unit is dangling and will be cleaned.
W: Public-4008: Instance 'u_preprocess_stereo/cameras[1].u_preprocess/src_x[15:0]' of 'bmsWIDEDFFCPE' unit is dangling and will be cleaned.
W: Public-4008: Instance 'u_preprocess_stereo/cameras[1].u_preprocess/src_y[15:0]' of 'bmsWIDEDFFCPE' unit is dangling and will be cleaned.
W: Public-4008: Instance 'u_preprocess_stereo/cameras[1].u_preprocess/state[4:0]' of 'bmsWIDEDFFCPE' unit is dangling and will be cleaned.
W: Public-4008: Instance 'u_preprocess_stereo/cameras[1].u_preprocess/wait_count[19:0]' of 'bmsWIDEDFFCPE' unit is dangling and will be cleaned.
W: Public-4008: Instance 'u_preprocess_stereo/cameras[1].u_preprocess/result_colors[2:0]' of 'bmsWIDEDFFCPE' unit is dangling and will be cleaned.
W: Public-4008: Instance 'u_preprocess_stereo/cameras[1].u_preprocess/result_colors[5:3]' of 'bmsWIDEDFFCPE' unit is dangling and will be cleaned.
W: Public-4008: Instance 'u_preprocess_stereo/cameras[1].u_preprocess/result_colors[8:6]' of 'bmsWIDEDFFCPE' unit is dangling and will be cleaned.
W: Public-4008: Instance 'u_preprocess_stereo/cameras[1].u_preprocess/result_colors[11:9]' of 'bmsWIDEDFFCPE' unit is dangling and will be cleaned.
W: Public-4008: Instance 'u_preprocess_stereo/cameras[1].u_preprocess/result_colors[14:12]' of 'bmsWIDEDFFCPE' unit is dangling and will be cleaned.
W: Public-4008: Instance 'u_preprocess_stereo/cameras[1].u_preprocess/result_colors[17:15]' of 'bmsWIDEDFFCPE' unit is dangling and will be cleaned.
W: Public-4008: Instance 'u_preprocess_stereo/cameras[1].u_preprocess/result_colors[20:18]' of 'bmsWIDEDFFCPE' unit is dangling and will be cleaned.
W: Public-4008: Instance 'u_preprocess_stereo/cameras[1].u_preprocess/result_colors[23:21]' of 'bmsWIDEDFFCPE' unit is dangling and will be cleaned.
W: Public-4008: Instance 'u_preprocess_stereo/cameras[1].u_preprocess/result_count[31:0]' of 'bmsWIDEDFFCPE' unit is dangling and will be cleaned.
W: Public-4008: Instance 'u_preprocess_stereo/cameras[1].u_preprocess/result_frame[31:0]' of 'bmsWIDEDFFCPE' unit is dangling and will be cleaned.
W: Public-4008: Instance 'u_preprocess_stereo/cameras[1].u_preprocess/result_height[15:0]' of 'bmsWIDEDFFCPE' unit is dangling and will be cleaned.
W: Public-4008: Instance 'u_preprocess_stereo/cameras[1].u_preprocess/write_address[31:0]' of 'bmsWIDEDFFCPE' unit is dangling and will be cleaned.
W: Public-4008: Instance 'u_preprocess_stereo/cameras[1].u_preprocess/write_pack[255:0]' of 'bmsWIDEDFFCPE' unit is dangling and will be cleaned.
W: Public-4008: Instance 'u_preprocess_stereo/cameras[1].u_preprocess/write_return[4:0]' of 'bmsWIDEDFFPATCE' unit is dangling and will be cleaned.
W: Public-4008: Instance 'u_preprocess_stereo/cameras[1].u_preprocess/x_remainder[31:0]' of 'bmsWIDEDFFCPE' unit is dangling and will be cleaned.
W: Public-4008: Instance 'u_preprocess_stereo/cameras[1].u_preprocess/y_remainder[31:0]' of 'bmsWIDEDFFCPE' unit is dangling and will be cleaned.
W: Public-4008: Instance 'u_preprocess_stereo/cameras[1].u_preprocess/result_valid' of 'bmsWIDEDFFCPE' unit is dangling and will be cleaned.
W: Public-4008: Instance 'u_preprocess_stereo/cameras[1].u_preprocess/result_width[15:0]' of 'bmsWIDEDFFCPE' unit is dangling and will be cleaned.
W: Public-4008: Instance 'u_preprocess_stereo/cameras[1].u_preprocess/roi_count[3:0]' of 'bmsWIDEDFFCPE' unit is dangling and will be cleaned.
W: Public-4008: Instance 'u_preprocess_stereo/cameras[1].u_preprocess/roi_height[15:0]' of 'bmsWIDEDFFCPE' unit is dangling and will be cleaned.
W: Public-4008: Instance 'u_preprocess_stereo/cameras[1].u_preprocess/roi_index[3:0]' of 'bmsWIDEDFFCPE' unit is dangling and will be cleaned.
W: Public-4008: Instance 'u_preprocess_stereo/cameras[1].u_preprocess/roi_width[15:0]' of 'bmsWIDEDFFCPE' unit is dangling and will be cleaned.
W: Public-4008: Instance 'u_preprocess_stereo/cameras[1].u_preprocess/scan_lane[4:0]' of 'bmsWIDEDFFCPE' unit is dangling and will be cleaned.
W: Public-4008: Instance 'u_preprocess_stereo/cameras[1].u_preprocess/scan_offset[31:0]' of 'bmsWIDEDFFCPE' unit is dangling and will be cleaned.
W: Public-4008: Instance 'u_preprocess_stereo/cameras[1].u_preprocess/scan_pixels[31:0]' of 'bmsWIDEDFFCPE' unit is dangling and will be cleaned.
W: Public-4008: Instance 'u_preprocess_stereo/cameras[1].u_preprocess/scan_x[15:0]' of 'bmsWIDEDFFCPE' unit is dangling and will be cleaned.
W: Public-4008: Instance 'u_preprocess_stereo/cameras[1].u_preprocess/scan_y[15:0]' of 'bmsWIDEDFFCPE' unit is dangling and will be cleaned.
W: Public-4008: Instance 'u_preprocess_stereo/cameras[1].u_preprocess/source_addr[31:0]' of 'bmsWIDEDFFCPE' unit is dangling and will be cleaned.
W: Public-4008: Instance 'u_preprocess_stereo/cameras[1].u_preprocess/source_release_mask[1:0]' of 'bmsWIDEDFFCPE' unit is dangling and will be cleaned.
W: Public-4008: Instance 'u_preprocess_stereo/cameras[1].u_preprocess/source_release_valid' of 'bmsWIDEDFFCPE' unit is dangling and will be cleaned.
W: Public-4008: Instance 'u_preprocess_stereo/cameras[1].u_preprocess/bad_releases[31:0]' of 'bmsWIDEDFFCPE' unit is dangling and will be cleaned.
W: Public-4008: Instance 'u_preprocess_stereo/cameras[1].u_preprocess/bank_frames[0][31:0]' of 'bmsWIDEDFFCPE' unit is dangling and will be cleaned.
W: Public-4008: Instance 'u_preprocess_stereo/cameras[1].u_preprocess/bank_frames[1][31:0]' of 'bmsWIDEDFFCPE' unit is dangling and will be cleaned.
W: Public-4008: Instance 'u_preprocess_stereo/cameras[1].u_preprocess/bank_owned[1:0]' of 'bmsWIDEDFFCPE' unit is dangling and will be cleaned.
W: Public-4008: Instance 'u_preprocess_stereo/cameras[1].u_preprocess/bank_ready_mask[1:0]' of 'bmsWIDEDFFCPE' unit is dangling and will be cleaned.
W: Public-4008: Instance 'u_preprocess_stereo/cameras[1].u_preprocess/black_max[7:0]' of 'bmsWIDEDFFCPE' unit is dangling and will be cleaned.
W: Public-4008: Instance 'u_preprocess_stereo/cameras[1].u_preprocess/boxes_x0[0][15:0]' of 'bmsWIDEDFFCPE' unit is dangling and will be cleaned.
W: Public-4008: Instance 'u_preprocess_stereo/cameras[1].u_preprocess/boxes_x0[1][15:0]' of 'bmsWIDEDFFCPE' unit is dangling and will be cleaned.
W: Public-4008: Instance 'u_preprocess_stereo/cameras[1].u_preprocess/boxes_x0[2][15:0]' of 'bmsWIDEDFFCPE' unit is dangling and will be cleaned.
W: Public-4008: Instance 'u_preprocess_stereo/cameras[1].u_preprocess/boxes_x0[3][15:0]' of 'bmsWIDEDFFCPE' unit is dangling and will be cleaned.
W: Public-4008: Instance 'u_preprocess_stereo/cameras[1].u_preprocess/boxes_x0[4][15:0]' of 'bmsWIDEDFFCPE' unit is dangling and will be cleaned.
W: Public-4008: Instance 'u_preprocess_stereo/cameras[1].u_preprocess/boxes_x0[5][15:0]' of 'bmsWIDEDFFCPE' unit is dangling and will be cleaned.
W: Public-4008: Instance 'u_preprocess_stereo/cameras[1].u_preprocess/boxes_x0[6][15:0]' of 'bmsWIDEDFFCPE' unit is dangling and will be cleaned.
W: Public-4008: Instance 'u_preprocess_stereo/cameras[1].u_preprocess/boxes_x0[7][15:0]' of 'bmsWIDEDFFCPE' unit is dangling and will be cleaned.
W: Public-4008: Instance 'u_preprocess_stereo/cameras[1].u_preprocess/boxes_x1[0][15:0]' of 'bmsWIDEDFFCPE' unit is dangling and will be cleaned.
W: Public-4008: Instance 'u_preprocess_stereo/cameras[1].u_preprocess/boxes_x1[1][15:0]' of 'bmsWIDEDFFCPE' unit is dangling and will be cleaned.
W: Public-4008: Instance 'u_preprocess_stereo/cameras[1].u_preprocess/boxes_x1[2][15:0]' of 'bmsWIDEDFFCPE' unit is dangling and will be cleaned.
W: Public-4008: Instance 'u_preprocess_stereo/cameras[1].u_preprocess/boxes_x1[3][15:0]' of 'bmsWIDEDFFCPE' unit is dangling and will be cleaned.
W: Public-4008: Instance 'u_preprocess_stereo/cameras[1].u_preprocess/boxes_x1[4][15:0]' of 'bmsWIDEDFFCPE' unit is dangling and will be cleaned.
W: Public-4008: Instance 'u_preprocess_stereo/cameras[1].u_preprocess/boxes_x1[5][15:0]' of 'bmsWIDEDFFCPE' unit is dangling and will be cleaned.
W: Public-4008: Instance 'u_preprocess_stereo/cameras[1].u_preprocess/boxes_x1[6][15:0]' of 'bmsWIDEDFFCPE' unit is dangling and will be cleaned.
W: Public-4008: Instance 'u_preprocess_stereo/cameras[1].u_preprocess/boxes_x1[7][15:0]' of 'bmsWIDEDFFCPE' unit is dangling and will be cleaned.
W: Public-4008: Instance 'u_preprocess_stereo/cameras[1].u_preprocess/boxes_y0[0][15:0]' of 'bmsWIDEDFFCPE' unit is dangling and will be cleaned.
W: Public-4008: Instance 'u_preprocess_stereo/cameras[1].u_preprocess/boxes_y0[1][15:0]' of 'bmsWIDEDFFCPE' unit is dangling and will be cleaned.
W: Public-4008: Instance 'u_preprocess_stereo/cameras[1].u_preprocess/boxes_y0[2][15:0]' of 'bmsWIDEDFFCPE' unit is dangling and will be cleaned.
W: Public-4008: Instance 'u_preprocess_stereo/cameras[1].u_preprocess/boxes_y0[3][15:0]' of 'bmsWIDEDFFCPE' unit is dangling and will be cleaned.
W: Public-4008: Instance 'u_preprocess_stereo/cameras[1].u_preprocess/boxes_y0[4][15:0]' of 'bmsWIDEDFFCPE' unit is dangling and will be cleaned.
W: Public-4008: Instance 'u_preprocess_stereo/cameras[1].u_preprocess/boxes_y0[5][15:0]' of 'bmsWIDEDFFCPE' unit is dangling and will be cleaned.
W: Public-4008: Instance 'u_preprocess_stereo/cameras[1].u_preprocess/boxes_y0[6][15:0]' of 'bmsWIDEDFFCPE' unit is dangling and will be cleaned.
W: Public-4008: Instance 'u_preprocess_stereo/cameras[1].u_preprocess/boxes_y0[7][15:0]' of 'bmsWIDEDFFCPE' unit is dangling and will be cleaned.
W: Public-4008: Instance 'u_preprocess_stereo/cameras[1].u_preprocess/boxes_y1[0][15:0]' of 'bmsWIDEDFFCPE' unit is dangling and will be cleaned.
W: Public-4008: Instance 'u_preprocess_stereo/cameras[1].u_preprocess/boxes_y1[1][15:0]' of 'bmsWIDEDFFCPE' unit is dangling and will be cleaned.
W: Public-4008: Instance 'u_preprocess_stereo/cameras[1].u_preprocess/boxes_y1[2][15:0]' of 'bmsWIDEDFFCPE' unit is dangling and will be cleaned.
W: Public-4008: Instance 'u_preprocess_stereo/cameras[1].u_preprocess/boxes_y1[3][15:0]' of 'bmsWIDEDFFCPE' unit is dangling and will be cleaned.
W: Public-4008: Instance 'u_preprocess_stereo/cameras[1].u_preprocess/boxes_y1[4][15:0]' of 'bmsWIDEDFFCPE' unit is dangling and will be cleaned.
W: Public-4008: Instance 'u_preprocess_stereo/cameras[1].u_preprocess/boxes_y1[5][15:0]' of 'bmsWIDEDFFCPE' unit is dangling and will be cleaned.
W: Public-4008: Instance 'u_preprocess_stereo/cameras[1].u_preprocess/boxes_y1[6][15:0]' of 'bmsWIDEDFFCPE' unit is dangling and will be cleaned.
W: Public-4008: Instance 'u_preprocess_stereo/cameras[1].u_preprocess/boxes_y1[7][15:0]' of 'bmsWIDEDFFCPE' unit is dangling and will be cleaned.
W: Public-4008: Instance 'u_preprocess_stereo/cameras[1].u_preprocess/bright_min[7:0]' of 'bmsWIDEDFFCPE' unit is dangling and will be cleaned.
W: Public-4008: Instance 'u_preprocess_stereo/cameras[1].u_preprocess/cache_address[31:0]' of 'bmsWIDEDFFCPE' unit is dangling and will be cleaned.
W: Public-4008: Instance 'u_preprocess_stereo/cameras[1].u_preprocess/cache_valid' of 'bmsWIDEDFFCPE' unit is dangling and will be cleaned.
W: Public-4008: Instance 'u_preprocess_stereo/cameras[1].u_preprocess/colors_enabled[3:0]' of 'bmsWIDEDFFCPE' unit is dangling and will be cleaned.
W: Public-4008: Instance 'u_preprocess_stereo/cameras[1].u_preprocess/cycle_count[31:0]' of 'bmsWIDEDFFCPE' unit is dangling and will be cleaned.
W: Public-4008: Instance 'u_preprocess_stereo/cameras[1].u_preprocess/dominance[7:0]' of 'bmsWIDEDFFCPE' unit is dangling and will be cleaned.
W: Public-4008: Instance 'u_preprocess_stereo/cameras[1].u_preprocess/u_regions/colors[0][2:0]' of 'bmsWIDEDFFCPE' unit is dangling and will be cleaned.
W: Public-4008: Instance 'u_preprocess_stereo/cameras[1].u_preprocess/u_regions/colors[1][2:0]' of 'bmsWIDEDFFCPE' unit is dangling and will be cleaned.
W: Public-4008: Instance 'u_preprocess_stereo/cameras[1].u_preprocess/u_regions/xe[5][15:0]' of 'bmsWIDEDFFCPE' unit is dangling and will be cleaned.
W: Public-4008: Instance 'u_preprocess_stereo/cameras[1].u_preprocess/u_regions/xe[6][15:0]' of 'bmsWIDEDFFCPE' unit is dangling and will be cleaned.
W: Public-4008: Instance 'u_preprocess_stereo/cameras[1].u_preprocess/u_regions/xe[7][15:0]' of 'bmsWIDEDFFCPE' unit is dangling and will be cleaned.
W: Public-4008: Instance 'u_preprocess_stereo/cameras[1].u_preprocess/u_regions/xs[0][15:0]' of 'bmsWIDEDFFCPE' unit is dangling and will be cleaned.
W: Public-4008: Instance 'u_preprocess_stereo/cameras[1].u_preprocess/u_regions/xs[1][15:0]' of 'bmsWIDEDFFCPE' unit is dangling and will be cleaned.
W: Public-4008: Instance 'u_preprocess_stereo/cameras[1].u_preprocess/u_regions/xs[2][15:0]' of 'bmsWIDEDFFCPE' unit is dangling and will be cleaned.
W: Public-4008: Instance 'u_preprocess_stereo/cameras[1].u_preprocess/u_regions/xs[3][15:0]' of 'bmsWIDEDFFCPE' unit is dangling and will be cleaned.
W: Public-4008: Instance 'u_preprocess_stereo/cameras[1].u_preprocess/u_regions/xs[4][15:0]' of 'bmsWIDEDFFCPE' unit is dangling and will be cleaned.
W: Public-4008: Instance 'u_preprocess_stereo/cameras[1].u_preprocess/u_regions/xs[5][15:0]' of 'bmsWIDEDFFCPE' unit is dangling and will be cleaned.
W: Public-4008: Instance 'u_preprocess_stereo/cameras[1].u_preprocess/u_regions/xs[6][15:0]' of 'bmsWIDEDFFCPE' unit is dangling and will be cleaned.
W: Public-4008: Instance 'u_preprocess_stereo/cameras[1].u_preprocess/u_regions/xs[7][15:0]' of 'bmsWIDEDFFCPE' unit is dangling and will be cleaned.
W: Public-4008: Instance 'u_preprocess_stereo/cameras[1].u_preprocess/u_regions/ye[0][15:0]' of 'bmsWIDEDFFCPE' unit is dangling and will be cleaned.
W: Public-4008: Instance 'u_preprocess_stereo/cameras[1].u_preprocess/u_regions/ye[1][15:0]' of 'bmsWIDEDFFCPE' unit is dangling and will be cleaned.
W: Public-4008: Instance 'u_preprocess_stereo/cameras[1].u_preprocess/u_regions/ye[2][15:0]' of 'bmsWIDEDFFCPE' unit is dangling and will be cleaned.
W: Public-4008: Instance 'u_preprocess_stereo/cameras[1].u_preprocess/u_regions/ye[3][15:0]' of 'bmsWIDEDFFCPE' unit is dangling and will be cleaned.
W: Public-4008: Instance 'u_preprocess_stereo/cameras[1].u_preprocess/u_regions/ye[4][15:0]' of 'bmsWIDEDFFCPE' unit is dangling and will be cleaned.
W: Public-4008: Instance 'u_preprocess_stereo/cameras[1].u_preprocess/u_regions/ye[5][15:0]' of 'bmsWIDEDFFCPE' unit is dangling and will be cleaned.
W: Public-4008: Instance 'u_preprocess_stereo/cameras[1].u_preprocess/u_regions/ye[6][15:0]' of 'bmsWIDEDFFCPE' unit is dangling and will be cleaned.
W: Public-4008: Instance 'u_preprocess_stereo/cameras[1].u_preprocess/u_regions/ye[7][15:0]' of 'bmsWIDEDFFCPE' unit is dangling and will be cleaned.
W: Public-4008: Instance 'u_preprocess_stereo/cameras[1].u_preprocess/u_regions/ys[0][15:0]' of 'bmsWIDEDFFCPE' unit is dangling and will be cleaned.
W: Public-4008: Instance 'u_preprocess_stereo/cameras[1].u_preprocess/u_regions/ys[1][15:0]' of 'bmsWIDEDFFCPE' unit is dangling and will be cleaned.
W: Public-4008: Instance 'u_preprocess_stereo/cameras[1].u_preprocess/u_regions/ys[2][15:0]' of 'bmsWIDEDFFCPE' unit is dangling and will be cleaned.
W: Public-4008: Instance 'u_preprocess_stereo/cameras[1].u_preprocess/u_regions/ys[3][15:0]' of 'bmsWIDEDFFCPE' unit is dangling and will be cleaned.
W: Public-4008: Instance 'u_preprocess_stereo/cameras[1].u_preprocess/u_regions/ys[4][15:0]' of 'bmsWIDEDFFCPE' unit is dangling and will be cleaned.
W: Public-4008: Instance 'u_preprocess_stereo/cameras[1].u_preprocess/u_regions/ys[5][15:0]' of 'bmsWIDEDFFCPE' unit is dangling and will be cleaned.
W: Public-4008: Instance 'u_preprocess_stereo/cameras[1].u_preprocess/u_regions/ys[6][15:0]' of 'bmsWIDEDFFCPE' unit is dangling and will be cleaned.
W: Public-4008: Instance 'u_preprocess_stereo/cameras[1].u_preprocess/u_regions/ys[7][15:0]' of 'bmsWIDEDFFCPE' unit is dangling and will be cleaned.
W: Public-4008: Instance 'u_preprocess_stereo/cameras[1].u_preprocess/u_regions/colors[2][2:0]' of 'bmsWIDEDFFCPE' unit is dangling and will be cleaned.
W: Public-4008: Instance 'u_preprocess_stereo/cameras[1].u_preprocess/u_regions/colors[3][2:0]' of 'bmsWIDEDFFCPE' unit is dangling and will be cleaned.
W: Public-4008: Instance 'u_preprocess_stereo/cameras[1].u_preprocess/u_regions/colors[4][2:0]' of 'bmsWIDEDFFCPE' unit is dangling and will be cleaned.
W: Public-4008: Instance 'u_preprocess_stereo/cameras[1].u_preprocess/u_regions/colors[5][2:0]' of 'bmsWIDEDFFCPE' unit is dangling and will be cleaned.
W: Public-4008: Instance 'u_preprocess_stereo/cameras[1].u_preprocess/u_regions/colors[6][2:0]' of 'bmsWIDEDFFCPE' unit is dangling and will be cleaned.
W: Public-4008: Instance 'u_preprocess_stereo/cameras[1].u_preprocess/u_regions/colors[7][2:0]' of 'bmsWIDEDFFCPE' unit is dangling and will be cleaned.
W: Public-4008: Instance 'u_preprocess_stereo/cameras[1].u_preprocess/u_regions/counts[0][31:0]' of 'bmsWIDEDFFCPE' unit is dangling and will be cleaned.
W: Public-4008: Instance 'u_preprocess_stereo/cameras[1].u_preprocess/u_regions/counts[1][31:0]' of 'bmsWIDEDFFCPE' unit is dangling and will be cleaned.
W: Public-4008: Instance 'u_preprocess_stereo/cameras[1].u_preprocess/u_regions/counts[2][31:0]' of 'bmsWIDEDFFCPE' unit is dangling and will be cleaned.
W: Public-4008: Instance 'u_preprocess_stereo/cameras[1].u_preprocess/u_regions/counts[3][31:0]' of 'bmsWIDEDFFCPE' unit is dangling and will be cleaned.
W: Public-4008: Instance 'u_preprocess_stereo/cameras[1].u_preprocess/u_regions/counts[4][31:0]' of 'bmsWIDEDFFCPE' unit is dangling and will be cleaned.
W: Public-4008: Instance 'u_preprocess_stereo/cameras[1].u_preprocess/u_regions/counts[5][31:0]' of 'bmsWIDEDFFCPE' unit is dangling and will be cleaned.
W: Public-4008: Instance 'u_preprocess_stereo/cameras[1].u_preprocess/u_regions/counts[6][31:0]' of 'bmsWIDEDFFCPE' unit is dangling and will be cleaned.
W: Public-4008: Instance 'u_preprocess_stereo/cameras[1].u_preprocess/u_regions/counts[7][31:0]' of 'bmsWIDEDFFCPE' unit is dangling and will be cleaned.
W: Public-4008: Instance 'u_preprocess_stereo/cameras[1].u_preprocess/u_regions/overflow' of 'bmsWIDEDFFCPE' unit is dangling and will be cleaned.
W: Public-4008: Instance 'u_preprocess_stereo/cameras[1].u_preprocess/u_regions/valid[0]' of 'bmsWIDEDFFCPE' unit is dangling and will be cleaned.
W: Public-4008: Instance 'u_preprocess_stereo/cameras[1].u_preprocess/u_regions/valid[1]' of 'bmsWIDEDFFCPE' unit is dangling and will be cleaned.
W: Public-4008: Instance 'u_preprocess_stereo/cameras[1].u_preprocess/u_regions/valid[2]' of 'bmsWIDEDFFCPE' unit is dangling and will be cleaned.
W: Public-4008: Instance 'u_preprocess_stereo/cameras[1].u_preprocess/u_regions/valid[3]' of 'bmsWIDEDFFCPE' unit is dangling and will be cleaned.
W: Public-4008: Instance 'u_preprocess_stereo/cameras[1].u_preprocess/u_regions/valid[4]' of 'bmsWIDEDFFCPE' unit is dangling and will be cleaned.
W: Public-4008: Instance 'u_preprocess_stereo/cameras[1].u_preprocess/u_regions/valid[5]' of 'bmsWIDEDFFCPE' unit is dangling and will be cleaned.
W: Public-4008: Instance 'u_preprocess_stereo/cameras[1].u_preprocess/u_regions/valid[6]' of 'bmsWIDEDFFCPE' unit is dangling and will be cleaned.
W: Public-4008: Instance 'u_preprocess_stereo/cameras[1].u_preprocess/u_regions/valid[7]' of 'bmsWIDEDFFCPE' unit is dangling and will be cleaned.
W: Public-4008: Instance 'u_preprocess_stereo/cameras[1].u_preprocess/u_regions/xe[0][15:0]' of 'bmsWIDEDFFCPE' unit is dangling and will be cleaned.
W: Public-4008: Instance 'u_preprocess_stereo/cameras[1].u_preprocess/u_regions/xe[1][15:0]' of 'bmsWIDEDFFCPE' unit is dangling and will be cleaned.
W: Public-4008: Instance 'u_preprocess_stereo/cameras[1].u_preprocess/u_regions/xe[2][15:0]' of 'bmsWIDEDFFCPE' unit is dangling and will be cleaned.
W: Public-4008: Instance 'u_preprocess_stereo/cameras[1].u_preprocess/u_regions/xe[3][15:0]' of 'bmsWIDEDFFCPE' unit is dangling and will be cleaned.
W: Public-4008: Instance 'u_preprocess_stereo/cameras[1].u_preprocess/u_regions/xe[4][15:0]' of 'bmsWIDEDFFCPE' unit is dangling and will be cleaned.
W: Public-4008: Instance 'u_preprocess_stereo/u_merge/write_state_reg' of 'bmsWIDEDFFPATCE' unit is dangling and will be cleaned.
W: Public-4008: Instance 'u_preprocess_stereo/u_merge/read_owner' of 'bmsWIDEDFFCPE' unit is dangling and will be cleaned.
W: Public-4008: Instance 'u_preprocess_stereo/u_merge/read_rr_next' of 'bmsWIDEDFFCPE' unit is dangling and will be cleaned.
W: Public-4008: Instance 'u_preprocess_stereo/u_merge/read_size[2:0]' of 'bmsWIDEDFFCPE' unit is dangling and will be cleaned.
W: Public-4008: Instance 'u_preprocess_stereo/u_merge/write_addr[29:0]' of 'bmsWIDEDFFCPE' unit is dangling and will be cleaned.
W: Public-4008: Instance 'u_preprocess_stereo/u_merge/write_addr_pending' of 'bmsWIDEDFFCPE' unit is dangling and will be cleaned.
W: Public-4008: Instance 'u_preprocess_stereo/u_merge/write_burst[1:0]' of 'bmsWIDEDFFCPE' unit is dangling and will be cleaned.
W: Public-4008: Instance 'u_preprocess_stereo/u_merge/write_id[7:0]' of 'bmsWIDEDFFCPE' unit is dangling and will be cleaned.
W: Public-4008: Instance 'u_preprocess_stereo/u_merge/write_len[7:0]' of 'bmsWIDEDFFCPE' unit is dangling and will be cleaned.
W: Public-4008: Instance 'u_preprocess_stereo/u_merge/write_owner' of 'bmsWIDEDFFCPE' unit is dangling and will be cleaned.
W: Public-4008: Instance 'u_preprocess_stereo/u_merge/write_rr_next' of 'bmsWIDEDFFCPE' unit is dangling and will be cleaned.
W: Public-4008: Instance 'u_preprocess_stereo/u_merge/write_size[2:0]' of 'bmsWIDEDFFCPE' unit is dangling and will be cleaned.
W: Public-4008: Instance 'u_preprocess_stereo/u_merge/read_active' of 'bmsWIDEDFFCPE' unit is dangling and will be cleaned.
W: Public-4008: Instance 'u_preprocess_stereo/u_merge/read_addr[29:0]' of 'bmsWIDEDFFCPE' unit is dangling and will be cleaned.
W: Public-4008: Instance 'u_preprocess_stereo/u_merge/read_addr_pending' of 'bmsWIDEDFFCPE' unit is dangling and will be cleaned.
W: Public-4008: Instance 'u_preprocess_stereo/u_merge/read_burst[1:0]' of 'bmsWIDEDFFCPE' unit is dangling and will be cleaned.
W: Public-4008: Instance 'u_preprocess_stereo/u_merge/read_id[7:0]' of 'bmsWIDEDFFCPE' unit is dangling and will be cleaned.
W: Public-4008: Instance 'u_preprocess_stereo/u_merge/read_len[7:0]' of 'bmsWIDEDFFCPE' unit is dangling and will be cleaned.
W: Public-4008: Instance 'u_stereo_merge/read_owner' of 'bmsWIDEDFFCPE' unit is dangling and will be cleaned.
W: Public-4008: Instance 'u_stereo_merge/read_rr_next' of 'bmsWIDEDFFCPE' unit is dangling and will be cleaned.
W: Public-4008: Instance 'u_stereo_merge/read_size[2:0]' of 'bmsWIDEDFFCPE' unit is dangling and will be cleaned.
W: Public-4008: Instance 'u_stereo_merge/read_active' of 'bmsWIDEDFFCPE' unit is dangling and will be cleaned.
W: Public-4008: Instance 'u_stereo_merge/read_addr[29:0]' of 'bmsWIDEDFFCPE' unit is dangling and will be cleaned.
W: Public-4008: Instance 'u_stereo_merge/read_addr_pending' of 'bmsWIDEDFFCPE' unit is dangling and will be cleaned.
W: Public-4008: Instance 'u_stereo_merge/read_burst[1:0]' of 'bmsWIDEDFFCPE' unit is dangling and will be cleaned.
W: Public-4008: Instance 'u_stereo_merge/read_id[7:0]' of 'bmsWIDEDFFCPE' unit is dangling and will be cleaned.
W: Public-4008: Instance 'u_stereo_merge/read_len[7:0]' of 'bmsWIDEDFFCPE' unit is dangling and will be cleaned.
W: Public-4008: Instance 'u_jtag/u_jtag_dm/dm_reg_addr[4:0]' of 'bmsWIDEDFFCPE' unit is dangling and will be cleaned.
W: Public-4008: Instance 'u_jtag/u_jtag_dm/dm_reg_wdata[31:0]' of 'bmsWIDEDFFCPE' unit is dangling and will be cleaned.
W: Removed bmsWIDEDFFRSE inst u_cam1/snap_dma_error_code_mem[31:0] at 4 that is stuck at constant 0.
W: Removed bmsWIDEDFFRSE inst u_cam1/snap_dma_error_code_mem[31:0] at 5 that is stuck at constant 0.
W: Removed bmsWIDEDFFRSE inst u_cam1/snap_dma_error_code_mem[31:0] at 6 that is stuck at constant 0.
W: Removed bmsWIDEDFFRSE inst u_cam1/snap_dma_error_code_mem[31:0] at 7 that is stuck at constant 0.
W: Removed bmsWIDEDFFRSE inst u_cam1/snap_dma_error_code_mem[31:0] at 8 that is stuck at constant 0.
W: Removed bmsWIDEDFFRSE inst u_cam1/snap_dma_error_code_mem[31:0] at 9 that is stuck at constant 0.
W: Removed bmsWIDEDFFRSE inst u_cam1/snap_dma_error_code_mem[31:0] at 10 that is stuck at constant 0.
W: Removed bmsWIDEDFFRSE inst u_cam1/snap_dma_error_code_mem[31:0] at 11 that is stuck at constant 0.
W: Removed bmsWIDEDFFRSE inst u_cam1/snap_dma_error_code_mem[31:0] at 12 that is stuck at constant 0.
W: Removed bmsWIDEDFFRSE inst u_cam1/snap_dma_error_code_mem[31:0] at 13 that is stuck at constant 0.
W: Removed bmsWIDEDFFRSE inst u_cam1/snap_dma_error_code_mem[31:0] at 14 that is stuck at constant 0.
W: Removed bmsWIDEDFFRSE inst u_cam1/snap_dma_error_code_mem[31:0] at 15 that is stuck at constant 0.
W: Removed bmsWIDEDFFRSE inst u_cam1/snap_dma_error_code_mem[31:0] at 16 that is stuck at constant 0.
W: Removed bmsWIDEDFFRSE inst u_cam1/snap_dma_error_code_mem[31:0] at 17 that is stuck at constant 0.
W: Removed bmsWIDEDFFRSE inst u_cam1/snap_dma_error_code_mem[31:0] at 18 that is stuck at constant 0.
W: Removed bmsWIDEDFFRSE inst u_cam1/snap_dma_error_code_mem[31:0] at 19 that is stuck at constant 0.
W: Removed bmsWIDEDFFRSE inst u_cam1/snap_dma_error_code_mem[31:0] at 20 that is stuck at constant 0.
W: Removed bmsWIDEDFFRSE inst u_cam1/snap_dma_error_code_mem[31:0] at 21 that is stuck at constant 0.
W: Removed bmsWIDEDFFRSE inst u_cam1/snap_dma_error_code_mem[31:0] at 22 that is stuck at constant 0.
W: Removed bmsWIDEDFFRSE inst u_cam1/snap_dma_error_code_mem[31:0] at 23 that is stuck at constant 0.
W: Removed bmsWIDEDFFRSE inst u_cam1/snap_dma_error_code_mem[31:0] at 24 that is stuck at constant 0.
W: Removed bmsWIDEDFFRSE inst u_cam1/snap_dma_error_code_mem[31:0] at 25 that is stuck at constant 0.
W: Removed bmsWIDEDFFRSE inst u_cam1/snap_dma_error_code_mem[31:0] at 26 that is stuck at constant 0.
W: Removed bmsWIDEDFFRSE inst u_cam1/snap_dma_error_code_mem[31:0] at 27 that is stuck at constant 0.
W: Removed bmsWIDEDFFRSE inst u_cam1/snap_dma_error_code_mem[31:0] at 28 that is stuck at constant 0.
W: Removed bmsWIDEDFFRSE inst u_cam1/snap_dma_error_code_mem[31:0] at 29 that is stuck at constant 0.
W: Removed bmsWIDEDFFRSE inst u_cam1/snap_dma_error_code_mem[31:0] at 30 that is stuck at constant 0.
W: Removed bmsWIDEDFFRSE inst u_cam1/snap_dma_error_code_mem[31:0] at 31 that is stuck at constant 0.
W: Removed bmsWIDEDFFRSE inst u_cam1/snap_last_frame_addr_mem[31:0] at 27 that is stuck at constant 1.
W: Removed bmsWIDEDFFRSE inst u_cam1/snap_last_frame_addr_mem[31:0] at 28 that is stuck at constant 1.
W: Removed bmsWIDEDFFRSE inst u_cam1/snap_last_frame_addr_mem[31:0] at 29 that is stuck at constant 1.
W: Removed bmsWIDEDFFRSE inst u_cam1/snap_last_frame_addr_mem[31:0] at 31 that is stuck at constant 1.
W: Removed bmsWIDEDFFRSE inst u_cam2/snap_dma_error_code_mem[31:0] at 4 that is stuck at constant 0.
W: Removed bmsWIDEDFFRSE inst u_cam2/snap_dma_error_code_mem[31:0] at 5 that is stuck at constant 0.
W: Removed bmsWIDEDFFRSE inst u_cam2/snap_dma_error_code_mem[31:0] at 6 that is stuck at constant 0.
W: Removed bmsWIDEDFFRSE inst u_cam2/snap_dma_error_code_mem[31:0] at 7 that is stuck at constant 0.
W: Removed bmsWIDEDFFRSE inst u_cam2/snap_dma_error_code_mem[31:0] at 8 that is stuck at constant 0.
W: Removed bmsWIDEDFFRSE inst u_cam2/snap_dma_error_code_mem[31:0] at 9 that is stuck at constant 0.
W: Removed bmsWIDEDFFRSE inst u_cam2/snap_dma_error_code_mem[31:0] at 10 that is stuck at constant 0.
W: Removed bmsWIDEDFFRSE inst u_cam2/snap_dma_error_code_mem[31:0] at 11 that is stuck at constant 0.
W: Removed bmsWIDEDFFRSE inst u_cam2/snap_dma_error_code_mem[31:0] at 12 that is stuck at constant 0.
W: Removed bmsWIDEDFFRSE inst u_cam2/snap_dma_error_code_mem[31:0] at 13 that is stuck at constant 0.
W: Removed bmsWIDEDFFRSE inst u_cam2/snap_dma_error_code_mem[31:0] at 14 that is stuck at constant 0.
W: Removed bmsWIDEDFFRSE inst u_cam2/snap_dma_error_code_mem[31:0] at 15 that is stuck at constant 0.
W: Removed bmsWIDEDFFRSE inst u_cam2/snap_dma_error_code_mem[31:0] at 16 that is stuck at constant 0.
W: Removed bmsWIDEDFFRSE inst u_cam2/snap_dma_error_code_mem[31:0] at 17 that is stuck at constant 0.
W: Removed bmsWIDEDFFRSE inst u_cam2/snap_dma_error_code_mem[31:0] at 18 that is stuck at constant 0.
W: Removed bmsWIDEDFFRSE inst u_cam2/snap_dma_error_code_mem[31:0] at 19 that is stuck at constant 0.
W: Removed bmsWIDEDFFRSE inst u_cam2/snap_dma_error_code_mem[31:0] at 20 that is stuck at constant 0.
W: Removed bmsWIDEDFFRSE inst u_cam2/snap_dma_error_code_mem[31:0] at 21 that is stuck at constant 0.
W: Removed bmsWIDEDFFRSE inst u_cam2/snap_dma_error_code_mem[31:0] at 22 that is stuck at constant 0.
W: Removed bmsWIDEDFFRSE inst u_cam2/snap_dma_error_code_mem[31:0] at 23 that is stuck at constant 0.
W: Removed bmsWIDEDFFRSE inst u_cam2/snap_dma_error_code_mem[31:0] at 24 that is stuck at constant 0.
W: Removed bmsWIDEDFFRSE inst u_cam2/snap_dma_error_code_mem[31:0] at 25 that is stuck at constant 0.
W: Removed bmsWIDEDFFRSE inst u_cam2/snap_dma_error_code_mem[31:0] at 26 that is stuck at constant 0.
W: Removed bmsWIDEDFFRSE inst u_cam2/snap_dma_error_code_mem[31:0] at 27 that is stuck at constant 0.
W: Removed bmsWIDEDFFRSE inst u_cam2/snap_dma_error_code_mem[31:0] at 28 that is stuck at constant 0.
W: Removed bmsWIDEDFFRSE inst u_cam2/snap_dma_error_code_mem[31:0] at 29 that is stuck at constant 0.
W: Removed bmsWIDEDFFRSE inst u_cam2/snap_dma_error_code_mem[31:0] at 30 that is stuck at constant 0.
W: Removed bmsWIDEDFFRSE inst u_cam2/snap_dma_error_code_mem[31:0] at 31 that is stuck at constant 0.
W: Removed bmsWIDEDFFRSE inst u_cam2/snap_last_frame_addr_mem[31:0] at 21 that is stuck at constant 1.
W: Removed bmsWIDEDFFRSE inst u_cam2/snap_last_frame_addr_mem[31:0] at 27 that is stuck at constant 1.
W: Removed bmsWIDEDFFRSE inst u_cam2/snap_last_frame_addr_mem[31:0] at 28 that is stuck at constant 1.
W: Removed bmsWIDEDFFRSE inst u_cam2/snap_last_frame_addr_mem[31:0] at 29 that is stuck at constant 1.
W: Removed bmsWIDEDFFRSE inst u_cam2/snap_last_frame_addr_mem[31:0] at 31 that is stuck at constant 1.
W: Removed bmsWIDEDFFRSE inst u_cpu/u_axi_bridge/awaddr[31:0] at 0 that is stuck at constant 0.
W: Removed bmsWIDEDFFRSE inst u_cpu/u_axi_bridge/awaddr[31:0] at 1 that is stuck at constant 0.
W: Removed bmsWIDEDFFCPE inst u_ddr3_ctrl/u_ddrphy_top/u_force_read_clk_ctrl_sync/sig_async_r1[0] that is stuck at constant 0.
W: Removed bmsWIDEDFFCPE inst u_ddr3_ctrl/u_ddrphy_top/u_force_samp_position_sync/sig_async_r1[0] that is stuck at constant 0.
W: Removed bmsWIDEDFFCPE inst u_ddr3_ctrl/u_ddrphy_top/u_samp_position_dyn_adj_sync/sig_async_r1[0] that is stuck at constant 0.
W: Removed bmsWIDEDFFCPE inst u_ddr3_ctrl/u_ddrphy_top/u_wrcal_position_dyn_adj_sync/sig_async_r1[0] that is stuck at constant 0.
W: Removed bmsWIDEDFFCPE inst u_ddr3_ctrl/u_ddrphy_top/ddrphy_cpd_ctrl/debug_cpd_offset_adj_d[2:0] at 0 that is stuck at constant 0.
W: Removed bmsWIDEDFFCPE inst u_ddr3_ctrl/u_ddrphy_top/ddrphy_cpd_ctrl/debug_cpd_offset_adj_d[2:0] at 1 that is stuck at constant 0.
W: Removed bmsWIDEDFFCPE inst u_ddr3_ctrl/u_ddrphy_top/ddrphy_cpd_ctrl/debug_cpd_offset_adj_d[2:0] at 2 that is stuck at constant 0.
W: Removed bmsWIDEDFFCPE inst u_ddr3_ctrl/u_ddrphy_top/ddrphy_dfi/ddrphy_update_sync[1:0] at 0 that is stuck at constant 0.
W: Removed bmsWIDEDFFCPE inst u_ddr3_ctrl/u_ddrphy_top/ddrphy_dfi/ddrphy_update_sync[1:0] at 1 that is stuck at constant 0.
W: Removed bmsWIDEDFFCPE inst u_ddr3_ctrl/u_ddrphy_top/ddrphy_reset_ctrl/dbg_cpd_start_d[2:0] at 0 that is stuck at constant 0.
W: Removed bmsWIDEDFFCPE inst u_ddr3_ctrl/u_ddrphy_top/ddrphy_reset_ctrl/dbg_cpd_start_d[2:0] at 1 that is stuck at constant 0.
W: Removed bmsWIDEDFFCPE inst u_ddr3_ctrl/u_ddrphy_top/ddrphy_reset_ctrl/dbg_cpd_start_d[2:0] at 2 that is stuck at constant 0.
W: Removed bmsWIDEDFFCPE inst u_ddr3_ctrl/u_ddrphy_top/ddrphy_reset_ctrl/dbg_gate_start_d[2:0] at 0 that is stuck at constant 0.
W: Removed bmsWIDEDFFCPE inst u_ddr3_ctrl/u_ddrphy_top/ddrphy_reset_ctrl/dbg_gate_start_d[2:0] at 1 that is stuck at constant 0.
W: Removed bmsWIDEDFFCPE inst u_ddr3_ctrl/u_ddrphy_top/ddrphy_reset_ctrl/dbg_gate_start_d[2:0] at 2 that is stuck at constant 0.
W: Removed bmsWIDEDFFCPE inst u_ddr3_ctrl/u_ddrphy_top/ddrphy_reset_ctrl/dbg_gpll_scan_rst_d[1:0] at 0 that is stuck at constant 0.
W: Removed bmsWIDEDFFCPE inst u_ddr3_ctrl/u_ddrphy_top/ddrphy_reset_ctrl/dbg_gpll_scan_rst_d[1:0] at 1 that is stuck at constant 0.
W: Removed bmsWIDEDFFCPE inst u_ddr3_ctrl/u_ddrphy_top/u_ips2l_ddrphy_rst_clk_phase_adj/u_gpll_phase_adj_req_sync/sig_async_r1[0] that is stuck at constant 0.
W: Removed bmsWIDEDFFCPE inst u_ddr3_ctrl/u_ddrphy_top/u_ips2l_ddrphy_rst_clk_phase_adj/u_terminate_rst_clk_phase_adj_sync/sig_async_r1[0] that is stuck at constant 0.
W: Removed bmsWIDEDFFCPE inst u_ddr3_ctrl/u_ddrphy_top/u_ips2l_ddrphy_rst_clk_phase_adj/u_find_out_sync_point_sync/sig_async_r1[0] that is stuck at constant 0.
W: Removed bmsWIDEDFFCPE inst u_ddr3_ctrl/u_ips_ddrc_top/mcdq_mac_top/mcdq_apb_cross/src_dly[2:0] at 0 that is stuck at constant 0.
W: Removed bmsWIDEDFFCPE inst u_ddr3_ctrl/u_ips_ddrc_top/mcdq_mac_top/mcdq_apb_cross/src_dly[2:0] at 1 that is stuck at constant 0.
W: Removed bmsWIDEDFFCPE inst u_ddr3_ctrl/u_ips_ddrc_top/mcdq_mac_top/mcdq_apb_cross/src_dly[2:0] at 2 that is stuck at constant 0.
W: Removed bmsWIDEDFFCPE inst u_ddr3_ctrl/u_ips_ddrc_top/mcdq_mac_top/mcdq_apb_cross/src_p_addr[7:0] at 0 that is stuck at constant 0.
W: Removed bmsWIDEDFFCPE inst u_ddr3_ctrl/u_ips_ddrc_top/mcdq_mac_top/mcdq_apb_cross/src_p_addr[7:0] at 1 that is stuck at constant 0.
W: Removed bmsWIDEDFFCPE inst u_ddr3_ctrl/u_ips_ddrc_top/mcdq_mac_top/mcdq_apb_cross/src_p_addr[7:0] at 2 that is stuck at constant 0.
W: Removed bmsWIDEDFFCPE inst u_ddr3_ctrl/u_ips_ddrc_top/mcdq_mac_top/mcdq_apb_cross/src_p_addr[7:0] at 3 that is stuck at constant 0.
W: Removed bmsWIDEDFFCPE inst u_ddr3_ctrl/u_ips_ddrc_top/mcdq_mac_top/mcdq_apb_cross/src_p_addr[7:0] at 4 that is stuck at constant 0.
W: Removed bmsWIDEDFFCPE inst u_ddr3_ctrl/u_ips_ddrc_top/mcdq_mac_top/mcdq_apb_cross/src_p_addr[7:0] at 5 that is stuck at constant 0.
W: Removed bmsWIDEDFFCPE inst u_ddr3_ctrl/u_ips_ddrc_top/mcdq_mac_top/mcdq_apb_cross/src_p_addr[7:0] at 6 that is stuck at constant 0.
W: Removed bmsWIDEDFFCPE inst u_ddr3_ctrl/u_ips_ddrc_top/mcdq_mac_top/mcdq_apb_cross/src_p_addr[7:0] at 7 that is stuck at constant 0.
W: Removed bmsWIDEDFFCPE inst u_ddr3_ctrl/u_ips_ddrc_top/mcdq_mac_top/mcdq_apb_cross/src_p_sel that is stuck at constant 0.
W: Removed bmsWIDEDFFCPE inst u_ddr3_ctrl/u_ips_ddrc_top/mcdq_mac_top/mcdq_apb_cross/src_p_wdata[15:0] at 0 that is stuck at constant 0.
W: Removed bmsWIDEDFFCPE inst u_ddr3_ctrl/u_ips_ddrc_top/mcdq_mac_top/mcdq_apb_cross/src_p_wdata[15:0] at 1 that is stuck at constant 0.
W: Removed bmsWIDEDFFCPE inst u_ddr3_ctrl/u_ips_ddrc_top/mcdq_mac_top/mcdq_apb_cross/src_p_wdata[15:0] at 2 that is stuck at constant 0.
W: Removed bmsWIDEDFFCPE inst u_ddr3_ctrl/u_ips_ddrc_top/mcdq_mac_top/mcdq_apb_cross/src_p_wdata[15:0] at 3 that is stuck at constant 0.
W: Removed bmsWIDEDFFCPE inst u_ddr3_ctrl/u_ips_ddrc_top/mcdq_mac_top/mcdq_apb_cross/src_p_wdata[15:0] at 4 that is stuck at constant 0.
W: Removed bmsWIDEDFFCPE inst u_ddr3_ctrl/u_ips_ddrc_top/mcdq_mac_top/mcdq_apb_cross/src_p_wdata[15:0] at 5 that is stuck at constant 0.
W: Removed bmsWIDEDFFCPE inst u_ddr3_ctrl/u_ips_ddrc_top/mcdq_mac_top/mcdq_apb_cross/src_p_wdata[15:0] at 6 that is stuck at constant 0.
W: Removed bmsWIDEDFFCPE inst u_ddr3_ctrl/u_ips_ddrc_top/mcdq_mac_top/mcdq_apb_cross/src_p_wdata[15:0] at 7 that is stuck at constant 0.
W: Removed bmsWIDEDFFCPE inst u_ddr3_ctrl/u_ips_ddrc_top/mcdq_mac_top/mcdq_apb_cross/src_p_wdata[15:0] at 8 that is stuck at constant 0.
W: Removed bmsWIDEDFFCPE inst u_ddr3_ctrl/u_ips_ddrc_top/mcdq_mac_top/mcdq_apb_cross/src_p_wdata[15:0] at 9 that is stuck at constant 0.
W: Removed bmsWIDEDFFCPE inst u_ddr3_ctrl/u_ips_ddrc_top/mcdq_mac_top/mcdq_apb_cross/src_p_wdata[15:0] at 10 that is stuck at constant 0.
W: Removed bmsWIDEDFFCPE inst u_ddr3_ctrl/u_ips_ddrc_top/mcdq_mac_top/mcdq_apb_cross/src_p_wdata[15:0] at 11 that is stuck at constant 0.
W: Removed bmsWIDEDFFCPE inst u_ddr3_ctrl/u_ips_ddrc_top/mcdq_mac_top/mcdq_apb_cross/src_p_wdata[15:0] at 12 that is stuck at constant 0.
W: Removed bmsWIDEDFFCPE inst u_ddr3_ctrl/u_ips_ddrc_top/mcdq_mac_top/mcdq_apb_cross/src_p_wdata[15:0] at 13 that is stuck at constant 0.
W: Removed bmsWIDEDFFCPE inst u_ddr3_ctrl/u_ips_ddrc_top/mcdq_mac_top/mcdq_apb_cross/src_p_wdata[15:0] at 14 that is stuck at constant 0.
W: Removed bmsWIDEDFFCPE inst u_ddr3_ctrl/u_ips_ddrc_top/mcdq_mac_top/mcdq_apb_cross/src_p_wdata[15:0] at 15 that is stuck at constant 0.
W: Removed bmsWIDEDFFCPE inst u_ddr3_ctrl/u_ips_ddrc_top/mcdq_mac_top/mcdq_apb_cross/src_p_write that is stuck at constant 0.
W: Removed bmsWIDEDFFCPE inst u_ddr3_ctrl/u_ips_ddrc_top/mcdq_mac_top/mcdq_calib_delay/calib_norm_addr_m[14:0] at 10 that is stuck at constant 0.
W: Removed bmsWIDEDFFCPE inst u_ddr3_ctrl/u_ips_ddrc_top/mcdq_mac_top/mcdq_calib_delay/calib_norm_addr_m[14:0] at 11 that is stuck at constant 0.
W: Removed bmsWIDEDFFCPE inst u_ddr3_ctrl/u_ips_ddrc_top/mcdq_mac_top/mcdq_calib_delay/calib_norm_addr_m[14:0] at 12 that is stuck at constant 0.
W: Removed bmsWIDEDFFCPE inst u_ddr3_ctrl/u_ips_ddrc_top/mcdq_mac_top/mcdq_calib_delay/calib_norm_addr_m[14:0] at 13 that is stuck at constant 0.
W: Removed bmsWIDEDFFCPE inst u_ddr3_ctrl/u_ips_ddrc_top/mcdq_mac_top/mcdq_calib_delay/calib_norm_addr_m[14:0] at 14 that is stuck at constant 0.
W: Removed bmsWIDEDFFCPE inst u_ddr3_ctrl/u_ips_ddrc_top/mcdq_mac_top/mcdq_calib_delay/calib_norm_cmd_m[7:0] at 5 that is stuck at constant 0.
W: Removed bmsWIDEDFFCPE inst u_ddr3_ctrl/u_ips_ddrc_top/mcdq_mac_top/mcdq_dcd_top/mcdq_dcd_bm/ddr_zqcs_req_d[1:0] at 0 that is stuck at constant 0.
W: Removed bmsWIDEDFFCPE inst u_ddr3_ctrl/u_ips_ddrc_top/mcdq_mac_top/mcdq_dcd_top/mcdq_dcd_bm/ddr_zqcs_req_d[1:0] at 1 that is stuck at constant 0.
W: Removed bmsWIDEDFFCPE inst u_mem/aw_len_reg[7:0] at 2 that is stuck at constant 0.
W: Removed bmsWIDEDFFCPE inst u_mem/aw_len_reg[7:0] at 3 that is stuck at constant 0.
W: Removed bmsWIDEDFFCPE inst u_mem/aw_len_reg[7:0] at 4 that is stuck at constant 0.
W: Removed bmsWIDEDFFCPE inst u_mem/aw_len_reg[7:0] at 5 that is stuck at constant 0.
W: Removed bmsWIDEDFFCPE inst u_mem/aw_len_reg[7:0] at 6 that is stuck at constant 0.
W: Removed bmsWIDEDFFCPE inst u_mem/aw_len_reg[7:0] at 7 that is stuck at constant 0.
W: Removed bmsWIDEDFFCPE inst u_mem/read_pending_id[3:0] at 1 that is stuck at constant 0.
W: Removed bmsWIDEDFFCPE inst u_mem/read_pending_id[3:0] at 2 that is stuck at constant 0.
W: Removed bmsWIDEDFFCPE inst u_mem/read_pending_id[3:0] at 3 that is stuck at constant 0.
W: Removed bmsWIDEDFFCPE inst u_mem/read_pending_len[7:0] at 2 that is stuck at constant 0.
W: Removed bmsWIDEDFFCPE inst u_mem/read_pending_len[7:0] at 3 that is stuck at constant 0.
W: Removed bmsWIDEDFFCPE inst u_mem/read_pending_len[7:0] at 4 that is stuck at constant 0.
W: Removed bmsWIDEDFFCPE inst u_mem/read_pending_len[7:0] at 5 that is stuck at constant 0.
W: Removed bmsWIDEDFFCPE inst u_mem/read_pending_len[7:0] at 6 that is stuck at constant 0.
W: Removed bmsWIDEDFFCPE inst u_mem/read_pending_len[7:0] at 7 that is stuck at constant 0.
W: Removed bmsWIDEDFFCPE inst u_cam1/cpu_dma_error_code[31:0] at 4 that is stuck at constant 0.
W: Removed bmsWIDEDFFCPE inst u_cam1/cpu_dma_error_code[31:0] at 5 that is stuck at constant 0.
W: Removed bmsWIDEDFFCPE inst u_cam1/cpu_dma_error_code[31:0] at 6 that is stuck at constant 0.
W: Removed bmsWIDEDFFCPE inst u_cam1/cpu_dma_error_code[31:0] at 7 that is stuck at constant 0.
W: Removed bmsWIDEDFFCPE inst u_cam1/cpu_dma_error_code[31:0] at 8 that is stuck at constant 0.
W: Removed bmsWIDEDFFCPE inst u_cam1/cpu_dma_error_code[31:0] at 9 that is stuck at constant 0.
W: Removed bmsWIDEDFFCPE inst u_cam1/cpu_dma_error_code[31:0] at 10 that is stuck at constant 0.
W: Removed bmsWIDEDFFCPE inst u_cam1/cpu_dma_error_code[31:0] at 11 that is stuck at constant 0.
W: Removed bmsWIDEDFFCPE inst u_cam1/cpu_dma_error_code[31:0] at 12 that is stuck at constant 0.
W: Removed bmsWIDEDFFCPE inst u_cam1/cpu_dma_error_code[31:0] at 13 that is stuck at constant 0.
W: Removed bmsWIDEDFFCPE inst u_cam1/cpu_dma_error_code[31:0] at 14 that is stuck at constant 0.
W: Removed bmsWIDEDFFCPE inst u_cam1/cpu_dma_error_code[31:0] at 15 that is stuck at constant 0.
W: Removed bmsWIDEDFFCPE inst u_cam1/cpu_dma_error_code[31:0] at 16 that is stuck at constant 0.
W: Removed bmsWIDEDFFCPE inst u_cam1/cpu_dma_error_code[31:0] at 17 that is stuck at constant 0.
W: Removed bmsWIDEDFFCPE inst u_cam1/cpu_dma_error_code[31:0] at 18 that is stuck at constant 0.
W: Removed bmsWIDEDFFCPE inst u_cam1/cpu_dma_error_code[31:0] at 19 that is stuck at constant 0.
W: Removed bmsWIDEDFFCPE inst u_cam1/cpu_dma_error_code[31:0] at 20 that is stuck at constant 0.
W: Removed bmsWIDEDFFCPE inst u_cam1/cpu_dma_error_code[31:0] at 21 that is stuck at constant 0.
W: Removed bmsWIDEDFFCPE inst u_cam1/cpu_dma_error_code[31:0] at 22 that is stuck at constant 0.
W: Removed bmsWIDEDFFCPE inst u_cam1/cpu_dma_error_code[31:0] at 23 that is stuck at constant 0.
W: Removed bmsWIDEDFFCPE inst u_cam1/cpu_dma_error_code[31:0] at 24 that is stuck at constant 0.
W: Removed bmsWIDEDFFCPE inst u_cam1/cpu_dma_error_code[31:0] at 25 that is stuck at constant 0.
W: Removed bmsWIDEDFFCPE inst u_cam1/cpu_dma_error_code[31:0] at 26 that is stuck at constant 0.
W: Removed bmsWIDEDFFCPE inst u_cam1/cpu_dma_error_code[31:0] at 27 that is stuck at constant 0.
W: Removed bmsWIDEDFFCPE inst u_cam1/cpu_dma_error_code[31:0] at 28 that is stuck at constant 0.
W: Removed bmsWIDEDFFCPE inst u_cam1/cpu_dma_error_code[31:0] at 29 that is stuck at constant 0.
W: Removed bmsWIDEDFFCPE inst u_cam1/cpu_dma_error_code[31:0] at 30 that is stuck at constant 0.
W: Removed bmsWIDEDFFCPE inst u_cam1/cpu_dma_error_code[31:0] at 31 that is stuck at constant 0.
W: Removed bmsWIDEDFFCPE inst u_cam1/cpu_last_frame_addr[31:0] at 27 that is stuck at constant 1.
W: Removed bmsWIDEDFFCPE inst u_cam1/cpu_last_frame_addr[31:0] at 28 that is stuck at constant 1.
W: Removed bmsWIDEDFFCPE inst u_cam1/cpu_last_frame_addr[31:0] at 29 that is stuck at constant 1.
W: Removed bmsWIDEDFFCPE inst u_cam1/cpu_last_frame_addr[31:0] at 31 that is stuck at constant 1.
W: Removed bmsWIDEDFFCPE inst u_cam2/cpu_dma_error_code[31:0] at 4 that is stuck at constant 0.
W: Removed bmsWIDEDFFCPE inst u_cam2/cpu_dma_error_code[31:0] at 5 that is stuck at constant 0.
W: Removed bmsWIDEDFFCPE inst u_cam2/cpu_dma_error_code[31:0] at 6 that is stuck at constant 0.
W: Removed bmsWIDEDFFCPE inst u_cam2/cpu_dma_error_code[31:0] at 7 that is stuck at constant 0.
W: Removed bmsWIDEDFFCPE inst u_cam2/cpu_dma_error_code[31:0] at 8 that is stuck at constant 0.
W: Removed bmsWIDEDFFCPE inst u_cam2/cpu_dma_error_code[31:0] at 9 that is stuck at constant 0.
W: Removed bmsWIDEDFFCPE inst u_cam2/cpu_dma_error_code[31:0] at 10 that is stuck at constant 0.
W: Removed bmsWIDEDFFCPE inst u_cam2/cpu_dma_error_code[31:0] at 11 that is stuck at constant 0.
W: Removed bmsWIDEDFFCPE inst u_cam2/cpu_dma_error_code[31:0] at 12 that is stuck at constant 0.
W: Removed bmsWIDEDFFCPE inst u_cam2/cpu_dma_error_code[31:0] at 13 that is stuck at constant 0.
W: Removed bmsWIDEDFFCPE inst u_cam2/cpu_dma_error_code[31:0] at 14 that is stuck at constant 0.
W: Removed bmsWIDEDFFCPE inst u_cam2/cpu_dma_error_code[31:0] at 15 that is stuck at constant 0.
W: Removed bmsWIDEDFFCPE inst u_cam2/cpu_dma_error_code[31:0] at 16 that is stuck at constant 0.
W: Removed bmsWIDEDFFCPE inst u_cam2/cpu_dma_error_code[31:0] at 17 that is stuck at constant 0.
W: Removed bmsWIDEDFFCPE inst u_cam2/cpu_dma_error_code[31:0] at 18 that is stuck at constant 0.
W: Removed bmsWIDEDFFCPE inst u_cam2/cpu_dma_error_code[31:0] at 19 that is stuck at constant 0.
W: Removed bmsWIDEDFFCPE inst u_cam2/cpu_dma_error_code[31:0] at 20 that is stuck at constant 0.
W: Removed bmsWIDEDFFCPE inst u_cam2/cpu_dma_error_code[31:0] at 21 that is stuck at constant 0.
W: Removed bmsWIDEDFFCPE inst u_cam2/cpu_dma_error_code[31:0] at 22 that is stuck at constant 0.
W: Removed bmsWIDEDFFCPE inst u_cam2/cpu_dma_error_code[31:0] at 23 that is stuck at constant 0.
W: Removed bmsWIDEDFFCPE inst u_cam2/cpu_dma_error_code[31:0] at 24 that is stuck at constant 0.
W: Removed bmsWIDEDFFCPE inst u_cam2/cpu_dma_error_code[31:0] at 25 that is stuck at constant 0.
W: Removed bmsWIDEDFFCPE inst u_cam2/cpu_dma_error_code[31:0] at 26 that is stuck at constant 0.
W: Removed bmsWIDEDFFCPE inst u_cam2/cpu_dma_error_code[31:0] at 27 that is stuck at constant 0.
W: Removed bmsWIDEDFFCPE inst u_cam2/cpu_dma_error_code[31:0] at 28 that is stuck at constant 0.
W: Removed bmsWIDEDFFCPE inst u_cam2/cpu_dma_error_code[31:0] at 29 that is stuck at constant 0.
W: Removed bmsWIDEDFFCPE inst u_cam2/cpu_dma_error_code[31:0] at 30 that is stuck at constant 0.
W: Removed bmsWIDEDFFCPE inst u_cam2/cpu_dma_error_code[31:0] at 31 that is stuck at constant 0.
W: Removed bmsWIDEDFFCPE inst u_cam2/cpu_last_frame_addr[31:0] at 21 that is stuck at constant 1.
W: Removed bmsWIDEDFFCPE inst u_cam2/cpu_last_frame_addr[31:0] at 27 that is stuck at constant 1.
W: Removed bmsWIDEDFFCPE inst u_cam2/cpu_last_frame_addr[31:0] at 28 that is stuck at constant 1.
W: Removed bmsWIDEDFFCPE inst u_cam2/cpu_last_frame_addr[31:0] at 29 that is stuck at constant 1.
W: Removed bmsWIDEDFFCPE inst u_cam2/cpu_last_frame_addr[31:0] at 31 that is stuck at constant 1.
W: Removed bmsWIDEDFFCPE inst u_camera_ddr_arbiter/read_addr[29:0] at 0 that is stuck at constant 0.
W: Removed bmsWIDEDFFCPE inst u_camera_ddr_arbiter/read_addr[29:0] at 1 that is stuck at constant 0.
W: Removed bmsWIDEDFFCPE inst u_camera_ddr_arbiter/read_addr[29:0] at 2 that is stuck at constant 0.
W: Removed bmsWIDEDFFCPE inst u_camera_ddr_arbiter/read_addr[29:0] at 3 that is stuck at constant 0.
W: Removed bmsWIDEDFFCPE inst u_camera_ddr_arbiter/read_addr[29:0] at 4 that is stuck at constant 0.
W: Removed bmsWIDEDFFCPE inst u_camera_ddr_arbiter/read_id[7:0] at 0 that is stuck at constant 0.
W: Removed bmsWIDEDFFCPE inst u_camera_ddr_arbiter/read_id[7:0] at 1 that is stuck at constant 0.
W: Removed bmsWIDEDFFCPE inst u_camera_ddr_arbiter/read_id[7:0] at 2 that is stuck at constant 0.
W: Removed bmsWIDEDFFCPE inst u_camera_ddr_arbiter/read_id[7:0] at 3 that is stuck at constant 0.
W: Removed bmsWIDEDFFCPE inst u_camera_ddr_arbiter/read_id[7:0] at 4 that is stuck at constant 0.
W: Removed bmsWIDEDFFCPE inst u_camera_ddr_arbiter/read_id[7:0] at 5 that is stuck at constant 0.
W: Removed bmsWIDEDFFCPE inst u_camera_ddr_arbiter/read_id[7:0] at 6 that is stuck at constant 0.
W: Removed bmsWIDEDFFCPE inst u_camera_ddr_arbiter/read_id[7:0] at 7 that is stuck at constant 0.
W: Removed bmsWIDEDFFCPE inst u_camera_ddr_arbiter/read_len[7:0] at 0 that is stuck at constant 0.
W: Removed bmsWIDEDFFCPE inst u_camera_ddr_arbiter/read_len[7:0] at 1 that is stuck at constant 0.
W: Removed bmsWIDEDFFCPE inst u_camera_ddr_arbiter/read_len[7:0] at 2 that is stuck at constant 0.
W: Removed bmsWIDEDFFCPE inst u_camera_ddr_arbiter/read_len[7:0] at 3 that is stuck at constant 0.
W: Removed bmsWIDEDFFCPE inst u_camera_ddr_arbiter/read_len[7:0] at 4 that is stuck at constant 0.
W: Removed bmsWIDEDFFCPE inst u_camera_ddr_arbiter/read_len[7:0] at 5 that is stuck at constant 0.
W: Removed bmsWIDEDFFCPE inst u_camera_ddr_arbiter/read_len[7:0] at 6 that is stuck at constant 0.
W: Removed bmsWIDEDFFCPE inst u_camera_ddr_arbiter/read_len[7:0] at 7 that is stuck at constant 0.
W: Removed bmsWIDEDFFCPE inst u_camera_ddr_arbiter/read_size[2:0] at 1 that is stuck at constant 0.
W: Removed bmsWIDEDFFCPE inst u_camera_ddr_arbiter/read_burst[1:0] at 1 that is stuck at constant 0.
W: Removed bmsWIDEDFFCPE inst u_mem/aw_base_reg[31:0] at 0 that is stuck at constant 0.
W: Removed bmsWIDEDFFCPE inst u_mem/aw_base_reg[31:0] at 1 that is stuck at constant 0.
W: Removed bmsWIDEDFFRSE inst u_ddr3_ctrl/u_ips_ddrc_top/mcdq_axi_mc/mcdq_axi_channel0/mcdq_axi_rdata_align/u_axi_rdcmd_back_fifo/data_out[32:0] at 14 that is stuck at constant 0.
W: Removed bmsWIDEDFFCPE inst u_ddr3_ctrl/u_ddrphy_top/u_force_read_clk_ctrl_sync/sig_async_r2[0] that is stuck at constant 0.
W: Removed bmsWIDEDFFCPE inst u_ddr3_ctrl/u_ddrphy_top/u_force_samp_position_sync/sig_async_r2[0] that is stuck at constant 0.
W: Removed bmsWIDEDFFCPE inst u_ddr3_ctrl/u_ddrphy_top/u_samp_position_dyn_adj_sync/sig_async_r2[0] that is stuck at constant 0.
W: Removed bmsWIDEDFFCPE inst u_ddr3_ctrl/u_ddrphy_top/u_wrcal_position_dyn_adj_sync/sig_async_r2[0] that is stuck at constant 0.
W: Removed bmsWIDEDFFCPE inst u_ddr3_ctrl/u_ddrphy_top/ddrphy_calib_top/ddrphy_upcal/comp_val[7:0] at 1 that is stuck at constant 0.
W: Removed bmsWIDEDFFCPE inst u_ddr3_ctrl/u_ddrphy_top/ddrphy_calib_top/ddrphy_upcal/comp_val[7:0] at 3 that is stuck at constant 0.
W: Removed bmsWIDEDFFCPE inst u_ddr3_ctrl/u_ddrphy_top/ddrphy_calib_top/ddrphy_upcal/comp_val[7:0] at 5 that is stuck at constant 0.
W: Removed bmsWIDEDFFCPE inst u_ddr3_ctrl/u_ddrphy_top/ddrphy_calib_top/ddrphy_upcal/comp_val[7:0] at 7 that is stuck at constant 0.
W: Removed bmsWIDEDFFCPE inst u_ddr3_ctrl/u_ddrphy_top/ddrphy_dfi/phy_cs_n_d[3:0] at 3 that is stuck at constant 1.
W: Removed bmsWIDEDFFCPE inst u_ddr3_ctrl/u_ddrphy_top/ddrphy_dfi/phy_ras_n_d[3:0] at 3 that is stuck at constant 1.
W: Removed bmsWIDEDFFCPE inst u_ddr3_ctrl/u_ddrphy_top/ddrphy_dfi/phy_cas_n_d[3:0] at 3 that is stuck at constant 1.
W: Removed bmsWIDEDFFCPE inst u_ddr3_ctrl/u_ddrphy_top/ddrphy_dfi/phy_we_n_d[3:0] at 3 that is stuck at constant 1.
W: Removed bmsWIDEDFFCPE inst u_ddr3_ctrl/u_ddrphy_top/ddrphy_dfi/phy_ba_d[11:0] at 3 that is stuck at constant 0.
W: Removed bmsWIDEDFFCPE inst u_ddr3_ctrl/u_ddrphy_top/ddrphy_dfi/phy_ba_d[11:0] at 4 that is stuck at constant 0.
W: Removed bmsWIDEDFFCPE inst u_ddr3_ctrl/u_ddrphy_top/ddrphy_dfi/phy_ba_d[11:0] at 5 that is stuck at constant 0.
W: Removed bmsWIDEDFFCPE inst u_ddr3_ctrl/u_ddrphy_top/ddrphy_dfi/phy_ba_d[11:0] at 9 that is stuck at constant 0.
W: Removed bmsWIDEDFFCPE inst u_ddr3_ctrl/u_ddrphy_top/ddrphy_dfi/phy_ba_d[11:0] at 10 that is stuck at constant 0.
W: Removed bmsWIDEDFFCPE inst u_ddr3_ctrl/u_ddrphy_top/ddrphy_dfi/phy_ba_d[11:0] at 11 that is stuck at constant 0.
W: Removed bmsWIDEDFFCPE inst u_ddr3_ctrl/u_ddrphy_top/ddrphy_dfi/dfi_refresh_gen[3] that is stuck at constant 0.
W: Removed bmsWIDEDFFCPE inst u_ddr3_ctrl/u_ddrphy_top/u_ips2l_ddrphy_rst_clk_phase_adj/u_gpll_phase_adj_req_sync/sig_async_r2[0] that is stuck at constant 0.
W: Removed bmsWIDEDFFCPE inst u_ddr3_ctrl/u_ddrphy_top/u_ips2l_ddrphy_rst_clk_phase_adj/u_terminate_rst_clk_phase_adj_sync/sig_async_r2[0] that is stuck at constant 0.
W: Removed bmsWIDEDFFCPE inst u_ddr3_ctrl/u_ddrphy_top/u_ips2l_ddrphy_rst_clk_phase_adj/u_find_out_sync_point_sync/sig_async_r2[0] that is stuck at constant 0.
W: Removed bmsWIDEDFFCPE inst u_ddr3_ctrl/u_ips_ddrc_top/mcdq_mac_top/mcdq_apb_cross/sync_src_dly[1:0] at 0 that is stuck at constant 0.
W: Removed bmsWIDEDFFCPE inst u_ddr3_ctrl/u_ips_ddrc_top/mcdq_mac_top/mcdq_apb_cross/sync_src_dly[1:0] at 1 that is stuck at constant 0.
W: Removed bmsWIDEDFFCPE inst u_ddr3_ctrl/u_ips_ddrc_top/mcdq_mac_top/mcdq_apb_cross/o_des_p_addr[7:0] at 0 that is stuck at constant 0.
W: Removed bmsWIDEDFFCPE inst u_ddr3_ctrl/u_ips_ddrc_top/mcdq_mac_top/mcdq_apb_cross/o_des_p_addr[7:0] at 1 that is stuck at constant 0.
W: Removed bmsWIDEDFFCPE inst u_ddr3_ctrl/u_ips_ddrc_top/mcdq_mac_top/mcdq_apb_cross/o_des_p_addr[7:0] at 2 that is stuck at constant 0.
W: Removed bmsWIDEDFFCPE inst u_ddr3_ctrl/u_ips_ddrc_top/mcdq_mac_top/mcdq_apb_cross/o_des_p_addr[7:0] at 3 that is stuck at constant 0.
W: Removed bmsWIDEDFFCPE inst u_ddr3_ctrl/u_ips_ddrc_top/mcdq_mac_top/mcdq_apb_cross/o_des_p_addr[7:0] at 4 that is stuck at constant 0.
W: Removed bmsWIDEDFFCPE inst u_ddr3_ctrl/u_ips_ddrc_top/mcdq_mac_top/mcdq_apb_cross/o_des_p_addr[7:0] at 5 that is stuck at constant 0.
W: Removed bmsWIDEDFFCPE inst u_ddr3_ctrl/u_ips_ddrc_top/mcdq_mac_top/mcdq_apb_cross/o_des_p_addr[7:0] at 6 that is stuck at constant 0.
W: Removed bmsWIDEDFFCPE inst u_ddr3_ctrl/u_ips_ddrc_top/mcdq_mac_top/mcdq_apb_cross/o_des_p_addr[7:0] at 7 that is stuck at constant 0.
W: Removed bmsWIDEDFFCPE inst u_ddr3_ctrl/u_ips_ddrc_top/mcdq_mac_top/mcdq_apb_cross/sync_src_p_sel[1:0] at 0 that is stuck at constant 0.
W: Removed bmsWIDEDFFCPE inst u_ddr3_ctrl/u_ips_ddrc_top/mcdq_mac_top/mcdq_apb_cross/sync_src_p_sel[1:0] at 1 that is stuck at constant 0.
W: Removed bmsWIDEDFFCPE inst u_ddr3_ctrl/u_ips_ddrc_top/mcdq_mac_top/mcdq_apb_cross/o_des_p_wdata[15:0] at 0 that is stuck at constant 0.
W: Removed bmsWIDEDFFCPE inst u_ddr3_ctrl/u_ips_ddrc_top/mcdq_mac_top/mcdq_apb_cross/o_des_p_wdata[15:0] at 1 that is stuck at constant 0.
W: Removed bmsWIDEDFFCPE inst u_ddr3_ctrl/u_ips_ddrc_top/mcdq_mac_top/mcdq_apb_cross/o_des_p_wdata[15:0] at 2 that is stuck at constant 0.
W: Removed bmsWIDEDFFCPE inst u_ddr3_ctrl/u_ips_ddrc_top/mcdq_mac_top/mcdq_apb_cross/o_des_p_wdata[15:0] at 3 that is stuck at constant 0.
W: Removed bmsWIDEDFFCPE inst u_ddr3_ctrl/u_ips_ddrc_top/mcdq_mac_top/mcdq_apb_cross/o_des_p_wdata[15:0] at 4 that is stuck at constant 0.
W: Removed bmsWIDEDFFCPE inst u_ddr3_ctrl/u_ips_ddrc_top/mcdq_mac_top/mcdq_apb_cross/o_des_p_wdata[15:0] at 5 that is stuck at constant 0.
W: Removed bmsWIDEDFFCPE inst u_ddr3_ctrl/u_ips_ddrc_top/mcdq_mac_top/mcdq_apb_cross/o_des_p_wdata[15:0] at 6 that is stuck at constant 0.
W: Removed bmsWIDEDFFCPE inst u_ddr3_ctrl/u_ips_ddrc_top/mcdq_mac_top/mcdq_apb_cross/o_des_p_wdata[15:0] at 7 that is stuck at constant 0.
W: Removed bmsWIDEDFFCPE inst u_ddr3_ctrl/u_ips_ddrc_top/mcdq_mac_top/mcdq_apb_cross/o_des_p_wdata[15:0] at 8 that is stuck at constant 0.
W: Removed bmsWIDEDFFCPE inst u_ddr3_ctrl/u_ips_ddrc_top/mcdq_mac_top/mcdq_apb_cross/o_des_p_wdata[15:0] at 9 that is stuck at constant 0.
W: Removed bmsWIDEDFFCPE inst u_ddr3_ctrl/u_ips_ddrc_top/mcdq_mac_top/mcdq_apb_cross/o_des_p_wdata[15:0] at 10 that is stuck at constant 0.
W: Removed bmsWIDEDFFCPE inst u_ddr3_ctrl/u_ips_ddrc_top/mcdq_mac_top/mcdq_apb_cross/o_des_p_wdata[15:0] at 11 that is stuck at constant 0.
W: Removed bmsWIDEDFFCPE inst u_ddr3_ctrl/u_ips_ddrc_top/mcdq_mac_top/mcdq_apb_cross/o_des_p_wdata[15:0] at 12 that is stuck at constant 0.
W: Removed bmsWIDEDFFCPE inst u_ddr3_ctrl/u_ips_ddrc_top/mcdq_mac_top/mcdq_apb_cross/o_des_p_wdata[15:0] at 13 that is stuck at constant 0.
W: Removed bmsWIDEDFFCPE inst u_ddr3_ctrl/u_ips_ddrc_top/mcdq_mac_top/mcdq_apb_cross/o_des_p_wdata[15:0] at 14 that is stuck at constant 0.
W: Removed bmsWIDEDFFCPE inst u_ddr3_ctrl/u_ips_ddrc_top/mcdq_mac_top/mcdq_apb_cross/o_des_p_wdata[15:0] at 15 that is stuck at constant 0.
W: Removed bmsWIDEDFFCPE inst u_ddr3_ctrl/u_ips_ddrc_top/mcdq_mac_top/mcdq_apb_cross/o_des_p_write that is stuck at constant 0.
W: Removed bmsWIDEDFFCPE inst u_ddr3_ctrl/u_ips_ddrc_top/mcdq_mac_top/mcdq_dfi/mrs2dfi_bank[2:0] at 2 that is stuck at constant 0.
W: Removed bmsWIDEDFFCPE inst u_ddr3_ctrl/u_ips_ddrc_top/mcdq_mac_top/mcdq_dcd_top/mcdq_dcd_bm/dec_ap that is stuck at constant 0.
W: Removed bmsWIDEDFFCPE inst u_flash_ddr_boot/u_flash_reader/tx_shift[31:0] at 0 that is stuck at constant 0.
W: Removed bmsWIDEDFFCPE inst u_stereo_merge/write_id[7:0] at 1 that is stuck at constant 0.
W: Removed bmsWIDEDFFCPE inst u_stereo_merge/write_id[7:0] at 2 that is stuck at constant 0.
W: Removed bmsWIDEDFFCPE inst u_stereo_merge/write_id[7:0] at 3 that is stuck at constant 0.
W: Removed bmsWIDEDFFCPE inst u_stereo_merge/write_id[7:0] at 4 that is stuck at constant 0.
W: Removed bmsWIDEDFFCPE inst u_stereo_merge/write_id[7:0] at 5 that is stuck at constant 0.
W: Removed bmsWIDEDFFCPE inst u_stereo_merge/write_id[7:0] at 7 that is stuck at constant 0.
W: Removed bmsWIDEDFFCPE inst u_stereo_merge/write_len[7:0] at 0 that is stuck at constant 0.
W: Removed bmsWIDEDFFCPE inst u_stereo_merge/write_len[7:0] at 1 that is stuck at constant 0.
W: Removed bmsWIDEDFFCPE inst u_stereo_merge/write_len[7:0] at 2 that is stuck at constant 0.
W: Removed bmsWIDEDFFCPE inst u_stereo_merge/write_len[7:0] at 3 that is stuck at constant 0.
W: Removed bmsWIDEDFFCPE inst u_stereo_merge/write_len[7:0] at 4 that is stuck at constant 0.
W: Removed bmsWIDEDFFCPE inst u_stereo_merge/write_len[7:0] at 5 that is stuck at constant 0.
W: Removed bmsWIDEDFFCPE inst u_stereo_merge/write_len[7:0] at 6 that is stuck at constant 0.
W: Removed bmsWIDEDFFCPE inst u_stereo_merge/write_len[7:0] at 7 that is stuck at constant 0.
W: Removed bmsWIDEDFFCPE inst u_stereo_merge/write_size[2:0] at 1 that is stuck at constant 0.
W: Removed bmsWIDEDFFCPE inst u_stereo_merge/write_burst[1:0] at 1 that is stuck at constant 0.
W: Removed bmsWIDEDFFCPE inst u_jtag/u_jtag_dm/tx/req_data[39:0] at 0 that is stuck at constant 0.
W: Removed bmsWIDEDFFCPE inst u_jtag/u_jtag_dm/tx/req_data[39:0] at 1 that is stuck at constant 0.
W: Removed bmsWIDEDFFCPE inst u_camera_ddr_arbiter/read_owner that is stuck at constant 0.
W: Removed bmsWIDEDFFRSE inst u_ddr3_ctrl/u_ips_ddrc_top/mcdq_axi_mc/mcdq_axi_channel0/mcdq_axi_buf/axi_ardata[50:0] at 0 that is stuck at constant 0.
W: Removed bmsWIDEDFFRSE inst u_ddr3_ctrl/u_ips_ddrc_top/mcdq_axi_mc/mcdq_axi_channel0/mcdq_axi_buf/axi_ardata[50:0] at 1 that is stuck at constant 0.
W: Removed bmsWIDEDFFRSE inst u_ddr3_ctrl/u_ips_ddrc_top/mcdq_axi_mc/mcdq_axi_channel0/mcdq_axi_buf/axi_ardata[50:0] at 2 that is stuck at constant 0.
W: Removed bmsWIDEDFFRSE inst u_ddr3_ctrl/u_ips_ddrc_top/mcdq_axi_mc/mcdq_axi_channel0/mcdq_axi_buf/axi_ardata[50:0] at 3 that is stuck at constant 0.
W: Removed bmsWIDEDFFRSE inst u_ddr3_ctrl/u_ips_ddrc_top/mcdq_axi_mc/mcdq_axi_channel0/mcdq_axi_buf/axi_ardata[50:0] at 4 that is stuck at constant 0.
W: Removed bmsWIDEDFFRSE inst u_ddr3_ctrl/u_ips_ddrc_top/mcdq_axi_mc/mcdq_axi_channel0/mcdq_axi_buf/axi_ardata[50:0] at 30 that is stuck at constant 0.
W: Removed bmsWIDEDFFRSE inst u_ddr3_ctrl/u_ips_ddrc_top/mcdq_axi_mc/mcdq_axi_channel0/mcdq_axi_buf/axi_ardata[50:0] at 31 that is stuck at constant 0.
W: Removed bmsWIDEDFFRSE inst u_ddr3_ctrl/u_ips_ddrc_top/mcdq_axi_mc/mcdq_axi_channel0/mcdq_axi_buf/axi_ardata[50:0] at 32 that is stuck at constant 0.
W: Removed bmsWIDEDFFRSE inst u_ddr3_ctrl/u_ips_ddrc_top/mcdq_axi_mc/mcdq_axi_channel0/mcdq_axi_buf/axi_ardata[50:0] at 33 that is stuck at constant 0.
W: Removed bmsWIDEDFFRSE inst u_ddr3_ctrl/u_ips_ddrc_top/mcdq_axi_mc/mcdq_axi_channel0/mcdq_axi_buf/axi_ardata[50:0] at 34 that is stuck at constant 0.
W: Removed bmsWIDEDFFRSE inst u_ddr3_ctrl/u_ips_ddrc_top/mcdq_axi_mc/mcdq_axi_channel0/mcdq_axi_buf/axi_ardata[50:0] at 35 that is stuck at constant 0.
W: Removed bmsWIDEDFFRSE inst u_ddr3_ctrl/u_ips_ddrc_top/mcdq_axi_mc/mcdq_axi_channel0/mcdq_axi_buf/axi_ardata[50:0] at 36 that is stuck at constant 0.
W: Removed bmsWIDEDFFRSE inst u_ddr3_ctrl/u_ips_ddrc_top/mcdq_axi_mc/mcdq_axi_channel0/mcdq_axi_buf/axi_ardata[50:0] at 37 that is stuck at constant 0.
W: Removed bmsWIDEDFFRSE inst u_ddr3_ctrl/u_ips_ddrc_top/mcdq_axi_mc/mcdq_axi_channel0/mcdq_axi_buf/axi_ardata[50:0] at 38 that is stuck at constant 0.
W: Removed bmsWIDEDFFRSE inst u_ddr3_ctrl/u_ips_ddrc_top/mcdq_axi_mc/mcdq_axi_channel0/mcdq_axi_buf/axi_ardata[50:0] at 39 that is stuck at constant 0.
W: Removed bmsWIDEDFFRSE inst u_ddr3_ctrl/u_ips_ddrc_top/mcdq_axi_mc/mcdq_axi_channel0/mcdq_axi_buf/axi_ardata[50:0] at 40 that is stuck at constant 0.
W: Removed bmsWIDEDFFRSE inst u_ddr3_ctrl/u_ips_ddrc_top/mcdq_axi_mc/mcdq_axi_channel0/mcdq_axi_buf/axi_ardata[50:0] at 41 that is stuck at constant 0.
W: Removed bmsWIDEDFFRSE inst u_ddr3_ctrl/u_ips_ddrc_top/mcdq_axi_mc/mcdq_axi_channel0/mcdq_axi_buf/axi_ardata[50:0] at 42 that is stuck at constant 0.
W: Removed bmsWIDEDFFRSE inst u_ddr3_ctrl/u_ips_ddrc_top/mcdq_axi_mc/mcdq_axi_channel0/mcdq_axi_buf/axi_ardata[50:0] at 43 that is stuck at constant 0.
W: Removed bmsWIDEDFFRSE inst u_ddr3_ctrl/u_ips_ddrc_top/mcdq_axi_mc/mcdq_axi_channel0/mcdq_axi_buf/axi_ardata[50:0] at 44 that is stuck at constant 0.
W: Removed bmsWIDEDFFRSE inst u_ddr3_ctrl/u_ips_ddrc_top/mcdq_axi_mc/mcdq_axi_channel0/mcdq_axi_buf/axi_ardata[50:0] at 45 that is stuck at constant 0.
W: Removed bmsWIDEDFFRSE inst u_ddr3_ctrl/u_ips_ddrc_top/mcdq_axi_mc/mcdq_axi_channel0/mcdq_axi_buf/axi_ardata[50:0] at 47 that is stuck at constant 0.
W: Removed bmsWIDEDFFCPE inst u_ddr3_ctrl/u_ddrphy_top/ddrphy_slice_top/ddrphy_dqsi_rdel_cal/samp_position_dyn_adj_d1 that is stuck at constant 0.
W: Removed bmsWIDEDFFCPE inst u_ddr3_ctrl/u_ddrphy_top/ddrphy_slice_top/ddrphy_data_slice_wrcal/wrcal_position_dyn_adj_d1 that is stuck at constant 0.
W: Removed bmsWIDEDFFCPE inst u_ddr3_ctrl/u_ddrphy_top/ddrphy_cpd_ctrl/debug_cpd_offset_adj_pos that is stuck at constant 0.
W: Removed bmsWIDEDFFCPE inst u_ddr3_ctrl/u_ddrphy_top/ddrphy_slice_top/ddrphy_control_path_adj/phy_cs_n_r[3:0] at 3 that is stuck at constant 1.
W: Removed bmsWIDEDFFCPE inst u_ddr3_ctrl/u_ddrphy_top/ddrphy_slice_top/ddrphy_control_path_adj/phy_ras_n_r[3:0] at 3 that is stuck at constant 1.
W: Removed bmsWIDEDFFCPE inst u_ddr3_ctrl/u_ddrphy_top/ddrphy_slice_top/ddrphy_control_path_adj/phy_cas_n_r[3:0] at 3 that is stuck at constant 1.
W: Removed bmsWIDEDFFCPE inst u_ddr3_ctrl/u_ddrphy_top/ddrphy_slice_top/ddrphy_control_path_adj/phy_we_n_r[3:0] at 3 that is stuck at constant 1.
W: Removed bmsWIDEDFFCPE inst u_ddr3_ctrl/u_ddrphy_top/ddrphy_slice_top/ddrphy_control_path_adj/phy_ba_r[11:0] at 1 that is stuck at constant 0.
W: Removed bmsWIDEDFFCPE inst u_ddr3_ctrl/u_ddrphy_top/ddrphy_slice_top/ddrphy_control_path_adj/phy_ba_r[11:0] at 3 that is stuck at constant 0.
W: Removed bmsWIDEDFFCPE inst u_ddr3_ctrl/u_ddrphy_top/ddrphy_slice_top/ddrphy_control_path_adj/phy_ba_r[11:0] at 5 that is stuck at constant 0.
W: Removed bmsWIDEDFFCPE inst u_ddr3_ctrl/u_ddrphy_top/ddrphy_slice_top/ddrphy_control_path_adj/phy_ba_r[11:0] at 7 that is stuck at constant 0.
W: Removed bmsWIDEDFFCPE inst u_ddr3_ctrl/u_ddrphy_top/ddrphy_slice_top/ddrphy_control_path_adj/phy_ba_r[11:0] at 9 that is stuck at constant 0.
W: Removed bmsWIDEDFFCPE inst u_ddr3_ctrl/u_ddrphy_top/ddrphy_slice_top/ddrphy_control_path_adj/phy_ba_r[11:0] at 11 that is stuck at constant 0.
W: Removed bmsWIDEDFFCPE inst u_ddr3_ctrl/u_ddrphy_top/ddrphy_slice_top/i_dqs_group[0].ddrphy_data_slice/ddrphy_data_slice_wrlvl/wrlvl_ck_dly_flag that is stuck at constant 0.
W: Removed bmsWIDEDFFCPE inst u_ddr3_ctrl/u_ddrphy_top/ddrphy_slice_top/i_dqs_group[1].ddrphy_data_slice/ddrphy_data_slice_wrlvl/wrlvl_ck_dly_flag that is stuck at constant 0.
W: Removed bmsWIDEDFFCPE inst u_ddr3_ctrl/u_ddrphy_top/ddrphy_slice_top/i_dqs_group[2].ddrphy_data_slice/ddrphy_data_slice_wrlvl/wrlvl_ck_dly_flag that is stuck at constant 0.
W: Removed bmsWIDEDFFCPE inst u_ddr3_ctrl/u_ddrphy_top/ddrphy_slice_top/i_dqs_group[3].ddrphy_data_slice/ddrphy_data_slice_wrlvl/wrlvl_ck_dly_flag that is stuck at constant 0.
W: Removed bmsWIDEDFFCPE inst u_ddr3_ctrl/u_ips_ddrc_top/mcdq_mac_top/mcdq_cfg_apb/mode_req[2:0] at 0 that is stuck at constant 0.
W: Removed bmsWIDEDFFCPE inst u_ddr3_ctrl/u_ips_ddrc_top/mcdq_mac_top/mcdq_cfg_apb/mode_req[2:0] at 1 that is stuck at constant 0.
W: Removed bmsWIDEDFFCPE inst u_ddr3_ctrl/u_ips_ddrc_top/mcdq_mac_top/mcdq_cfg_apb/mode_req[2:0] at 2 that is stuck at constant 0.
W: Removed bmsWIDEDFFPATCE inst u_ddr3_ctrl/u_ips_ddrc_top/mcdq_mac_top/mcdq_cfg_apb/mr0[15:0] at 0 that is stuck at constant 0.
W: Removed bmsWIDEDFFPATCE inst u_ddr3_ctrl/u_ips_ddrc_top/mcdq_mac_top/mcdq_cfg_apb/mr0[15:0] at 1 that is stuck at constant 0.
W: Removed bmsWIDEDFFPATCE inst u_ddr3_ctrl/u_ips_ddrc_top/mcdq_mac_top/mcdq_cfg_apb/mr0[15:0] at 2 that is stuck at constant 0.
W: Removed bmsWIDEDFFPATCE inst u_ddr3_ctrl/u_ips_ddrc_top/mcdq_mac_top/mcdq_cfg_apb/mr0[15:0] at 3 that is stuck at constant 0.
W: Removed bmsWIDEDFFPATCE inst u_ddr3_ctrl/u_ips_ddrc_top/mcdq_mac_top/mcdq_cfg_apb/mr0[15:0] at 6 that is stuck at constant 0.
W: Removed bmsWIDEDFFPATCE inst u_ddr3_ctrl/u_ips_ddrc_top/mcdq_mac_top/mcdq_cfg_apb/mr0[15:0] at 7 that is stuck at constant 0.
W: Removed bmsWIDEDFFPATCE inst u_ddr3_ctrl/u_ips_ddrc_top/mcdq_mac_top/mcdq_cfg_apb/mr0[15:0] at 9 that is stuck at constant 0.
W: Removed bmsWIDEDFFPATCE inst u_ddr3_ctrl/u_ips_ddrc_top/mcdq_mac_top/mcdq_cfg_apb/mr0[15:0] at 10 that is stuck at constant 0.
W: Removed bmsWIDEDFFPATCE inst u_ddr3_ctrl/u_ips_ddrc_top/mcdq_mac_top/mcdq_cfg_apb/mr0[15:0] at 13 that is stuck at constant 0.
W: Removed bmsWIDEDFFPATCE inst u_ddr3_ctrl/u_ips_ddrc_top/mcdq_mac_top/mcdq_cfg_apb/mr0[15:0] at 14 that is stuck at constant 0.
W: Removed bmsWIDEDFFPATCE inst u_ddr3_ctrl/u_ips_ddrc_top/mcdq_mac_top/mcdq_cfg_apb/mr0[15:0] at 15 that is stuck at constant 0.
W: Removed bmsWIDEDFFPATCE inst u_ddr3_ctrl/u_ips_ddrc_top/mcdq_mac_top/mcdq_cfg_apb/mr1[15:0] at 0 that is stuck at constant 0.
W: Removed bmsWIDEDFFPATCE inst u_ddr3_ctrl/u_ips_ddrc_top/mcdq_mac_top/mcdq_cfg_apb/mr1[15:0] at 1 that is stuck at constant 0.
W: Removed bmsWIDEDFFPATCE inst u_ddr3_ctrl/u_ips_ddrc_top/mcdq_mac_top/mcdq_cfg_apb/mr1[15:0] at 3 that is stuck at constant 0.
W: Removed bmsWIDEDFFPATCE inst u_ddr3_ctrl/u_ips_ddrc_top/mcdq_mac_top/mcdq_cfg_apb/mr1[15:0] at 5 that is stuck at constant 0.
W: Removed bmsWIDEDFFPATCE inst u_ddr3_ctrl/u_ips_ddrc_top/mcdq_mac_top/mcdq_cfg_apb/mr1[15:0] at 6 that is stuck at constant 0.
W: Removed bmsWIDEDFFPATCE inst u_ddr3_ctrl/u_ips_ddrc_top/mcdq_mac_top/mcdq_cfg_apb/mr1[15:0] at 7 that is stuck at constant 0.
W: Removed bmsWIDEDFFPATCE inst u_ddr3_ctrl/u_ips_ddrc_top/mcdq_mac_top/mcdq_cfg_apb/mr1[15:0] at 8 that is stuck at constant 0.
W: Removed bmsWIDEDFFPATCE inst u_ddr3_ctrl/u_ips_ddrc_top/mcdq_mac_top/mcdq_cfg_apb/mr1[15:0] at 9 that is stuck at constant 0.
W: Removed bmsWIDEDFFPATCE inst u_ddr3_ctrl/u_ips_ddrc_top/mcdq_mac_top/mcdq_cfg_apb/mr1[15:0] at 10 that is stuck at constant 0.
W: Removed bmsWIDEDFFPATCE inst u_ddr3_ctrl/u_ips_ddrc_top/mcdq_mac_top/mcdq_cfg_apb/mr1[15:0] at 11 that is stuck at constant 0.
W: Removed bmsWIDEDFFPATCE inst u_ddr3_ctrl/u_ips_ddrc_top/mcdq_mac_top/mcdq_cfg_apb/mr1[15:0] at 12 that is stuck at constant 0.
W: Removed bmsWIDEDFFPATCE inst u_ddr3_ctrl/u_ips_ddrc_top/mcdq_mac_top/mcdq_cfg_apb/mr1[15:0] at 13 that is stuck at constant 0.
W: Removed bmsWIDEDFFPATCE inst u_ddr3_ctrl/u_ips_ddrc_top/mcdq_mac_top/mcdq_cfg_apb/mr1[15:0] at 14 that is stuck at constant 0.
W: Removed bmsWIDEDFFPATCE inst u_ddr3_ctrl/u_ips_ddrc_top/mcdq_mac_top/mcdq_cfg_apb/mr1[15:0] at 15 that is stuck at constant 0.
W: Removed bmsWIDEDFFPATCE inst u_ddr3_ctrl/u_ips_ddrc_top/mcdq_mac_top/mcdq_cfg_apb/mr2[15:0] at 0 that is stuck at constant 0.
W: Removed bmsWIDEDFFPATCE inst u_ddr3_ctrl/u_ips_ddrc_top/mcdq_mac_top/mcdq_cfg_apb/mr2[15:0] at 1 that is stuck at constant 0.
W: Removed bmsWIDEDFFPATCE inst u_ddr3_ctrl/u_ips_ddrc_top/mcdq_mac_top/mcdq_cfg_apb/mr2[15:0] at 2 that is stuck at constant 0.
W: Removed bmsWIDEDFFPATCE inst u_ddr3_ctrl/u_ips_ddrc_top/mcdq_mac_top/mcdq_cfg_apb/mr2[15:0] at 4 that is stuck at constant 0.
W: Removed bmsWIDEDFFPATCE inst u_ddr3_ctrl/u_ips_ddrc_top/mcdq_mac_top/mcdq_cfg_apb/mr2[15:0] at 5 that is stuck at constant 0.
W: Removed bmsWIDEDFFPATCE inst u_ddr3_ctrl/u_ips_ddrc_top/mcdq_mac_top/mcdq_cfg_apb/mr2[15:0] at 6 that is stuck at constant 0.
W: Removed bmsWIDEDFFPATCE inst u_ddr3_ctrl/u_ips_ddrc_top/mcdq_mac_top/mcdq_cfg_apb/mr2[15:0] at 7 that is stuck at constant 0.
W: Removed bmsWIDEDFFPATCE inst u_ddr3_ctrl/u_ips_ddrc_top/mcdq_mac_top/mcdq_cfg_apb/mr2[15:0] at 8 that is stuck at constant 0.
W: Removed bmsWIDEDFFPATCE inst u_ddr3_ctrl/u_ips_ddrc_top/mcdq_mac_top/mcdq_cfg_apb/mr2[15:0] at 9 that is stuck at constant 0.
W: Removed bmsWIDEDFFPATCE inst u_ddr3_ctrl/u_ips_ddrc_top/mcdq_mac_top/mcdq_cfg_apb/mr2[15:0] at 10 that is stuck at constant 0.
W: Removed bmsWIDEDFFPATCE inst u_ddr3_ctrl/u_ips_ddrc_top/mcdq_mac_top/mcdq_cfg_apb/mr2[15:0] at 11 that is stuck at constant 0.
W: Removed bmsWIDEDFFPATCE inst u_ddr3_ctrl/u_ips_ddrc_top/mcdq_mac_top/mcdq_cfg_apb/mr2[15:0] at 12 that is stuck at constant 0.
W: Removed bmsWIDEDFFPATCE inst u_ddr3_ctrl/u_ips_ddrc_top/mcdq_mac_top/mcdq_cfg_apb/mr2[15:0] at 13 that is stuck at constant 0.
W: Removed bmsWIDEDFFPATCE inst u_ddr3_ctrl/u_ips_ddrc_top/mcdq_mac_top/mcdq_cfg_apb/mr2[15:0] at 14 that is stuck at constant 0.
W: Removed bmsWIDEDFFPATCE inst u_ddr3_ctrl/u_ips_ddrc_top/mcdq_mac_top/mcdq_cfg_apb/mr2[15:0] at 15 that is stuck at constant 0.
W: Removed bmsWIDEDFFCPE inst u_ddr3_ctrl/u_ips_ddrc_top/mcdq_mac_top/mcdq_cfg_apb/mr3[15:0] at 0 that is stuck at constant 0.
W: Removed bmsWIDEDFFCPE inst u_ddr3_ctrl/u_ips_ddrc_top/mcdq_mac_top/mcdq_cfg_apb/mr3[15:0] at 1 that is stuck at constant 0.
W: Removed bmsWIDEDFFCPE inst u_ddr3_ctrl/u_ips_ddrc_top/mcdq_mac_top/mcdq_cfg_apb/mr3[15:0] at 2 that is stuck at constant 0.
W: Removed bmsWIDEDFFCPE inst u_ddr3_ctrl/u_ips_ddrc_top/mcdq_mac_top/mcdq_cfg_apb/mr3[15:0] at 3 that is stuck at constant 0.
W: Removed bmsWIDEDFFCPE inst u_ddr3_ctrl/u_ips_ddrc_top/mcdq_mac_top/mcdq_cfg_apb/mr3[15:0] at 4 that is stuck at constant 0.
W: Removed bmsWIDEDFFCPE inst u_ddr3_ctrl/u_ips_ddrc_top/mcdq_mac_top/mcdq_cfg_apb/mr3[15:0] at 5 that is stuck at constant 0.
W: Removed bmsWIDEDFFCPE inst u_ddr3_ctrl/u_ips_ddrc_top/mcdq_mac_top/mcdq_cfg_apb/mr3[15:0] at 6 that is stuck at constant 0.
W: Removed bmsWIDEDFFCPE inst u_ddr3_ctrl/u_ips_ddrc_top/mcdq_mac_top/mcdq_cfg_apb/mr3[15:0] at 7 that is stuck at constant 0.
W: Removed bmsWIDEDFFCPE inst u_ddr3_ctrl/u_ips_ddrc_top/mcdq_mac_top/mcdq_cfg_apb/mr3[15:0] at 8 that is stuck at constant 0.
W: Removed bmsWIDEDFFCPE inst u_ddr3_ctrl/u_ips_ddrc_top/mcdq_mac_top/mcdq_cfg_apb/mr3[15:0] at 9 that is stuck at constant 0.
W: Removed bmsWIDEDFFCPE inst u_ddr3_ctrl/u_ips_ddrc_top/mcdq_mac_top/mcdq_cfg_apb/mr3[15:0] at 10 that is stuck at constant 0.
W: Removed bmsWIDEDFFCPE inst u_ddr3_ctrl/u_ips_ddrc_top/mcdq_mac_top/mcdq_cfg_apb/mr3[15:0] at 11 that is stuck at constant 0.
W: Removed bmsWIDEDFFCPE inst u_ddr3_ctrl/u_ips_ddrc_top/mcdq_mac_top/mcdq_cfg_apb/mr3[15:0] at 12 that is stuck at constant 0.
W: Removed bmsWIDEDFFCPE inst u_ddr3_ctrl/u_ips_ddrc_top/mcdq_mac_top/mcdq_cfg_apb/mr3[15:0] at 13 that is stuck at constant 0.
W: Removed bmsWIDEDFFCPE inst u_ddr3_ctrl/u_ips_ddrc_top/mcdq_mac_top/mcdq_cfg_apb/mr3[15:0] at 14 that is stuck at constant 0.
W: Removed bmsWIDEDFFCPE inst u_ddr3_ctrl/u_ips_ddrc_top/mcdq_mac_top/mcdq_cfg_apb/mr3[15:0] at 15 that is stuck at constant 0.
W: Removed bmsWIDEDFFCPE inst u_mem/ar_len_reg[7:0] at 2 that is stuck at constant 0.
W: Removed bmsWIDEDFFCPE inst u_mem/ar_len_reg[7:0] at 3 that is stuck at constant 0.
W: Removed bmsWIDEDFFCPE inst u_mem/ar_len_reg[7:0] at 4 that is stuck at constant 0.
W: Removed bmsWIDEDFFCPE inst u_mem/ar_len_reg[7:0] at 5 that is stuck at constant 0.
W: Removed bmsWIDEDFFCPE inst u_mem/ar_len_reg[7:0] at 6 that is stuck at constant 0.
W: Removed bmsWIDEDFFCPE inst u_mem/ar_len_reg[7:0] at 7 that is stuck at constant 0.
W: Removed bmsWIDEDFFRSE inst u_ddr3_ctrl/u_ips_ddrc_top/mcdq_axi_mc/mcdq_axi_channel0/mcdq_axi_buf/axi_wdata_all[288:0] at 0 that is stuck at constant 1.
W: Removed bmsWIDEDFFCPE inst u_ddr3_ctrl/u_ddrphy_top/u_ips2l_ddrphy_rst_clk_phase_adj/rst_gpll_phase_adj_finish that is stuck at constant 0.
W: Removed bmsWIDEDFFCPE inst u_ddr3_ctrl/u_ips_ddrc_top/mcdq_mac_top/mcdq_cfg_apb/trig_en that is stuck at constant 0.
W: Removed bmsWIDEDFFCPE inst u_flash_ddr_boot/u_flash_reader/tx_shift[31:0] at 1 that is stuck at constant 0.
W: Removed bmsWIDEDFFCPE inst u_camera_ddr_arbiter/write_id[7:0] at 1 that is stuck at constant 0.
W: Removed bmsWIDEDFFCPE inst u_camera_ddr_arbiter/write_id[7:0] at 2 that is stuck at constant 0.
W: Removed bmsWIDEDFFCPE inst u_camera_ddr_arbiter/write_id[7:0] at 3 that is stuck at constant 0.
W: Removed bmsWIDEDFFCPE inst u_camera_ddr_arbiter/write_id[7:0] at 4 that is stuck at constant 0.
W: Removed bmsWIDEDFFCPE inst u_camera_ddr_arbiter/write_id[7:0] at 5 that is stuck at constant 0.
W: Removed bmsWIDEDFFCPE inst u_camera_ddr_arbiter/write_id[7:0] at 7 that is stuck at constant 0.
W: Removed bmsWIDEDFFCPE inst u_camera_ddr_arbiter/write_len[7:0] at 0 that is stuck at constant 0.
W: Removed bmsWIDEDFFCPE inst u_camera_ddr_arbiter/write_len[7:0] at 1 that is stuck at constant 0.
W: Removed bmsWIDEDFFCPE inst u_camera_ddr_arbiter/write_len[7:0] at 2 that is stuck at constant 0.
W: Removed bmsWIDEDFFCPE inst u_camera_ddr_arbiter/write_len[7:0] at 3 that is stuck at constant 0.
W: Removed bmsWIDEDFFCPE inst u_camera_ddr_arbiter/write_len[7:0] at 4 that is stuck at constant 0.
W: Removed bmsWIDEDFFCPE inst u_camera_ddr_arbiter/write_len[7:0] at 5 that is stuck at constant 0.
W: Removed bmsWIDEDFFCPE inst u_camera_ddr_arbiter/write_len[7:0] at 6 that is stuck at constant 0.
W: Removed bmsWIDEDFFCPE inst u_camera_ddr_arbiter/write_len[7:0] at 7 that is stuck at constant 0.
W: Removed bmsWIDEDFFCPE inst u_camera_ddr_arbiter/write_size[2:0] at 1 that is stuck at constant 0.
W: Removed bmsWIDEDFFCPE inst u_camera_ddr_arbiter/write_burst[1:0] at 1 that is stuck at constant 0.
W: Removed bmsWIDEDFFCPE inst u_jtag/u_jtag_driver/rx/recv_data[39:0] at 0 that is stuck at constant 0.
W: Removed bmsWIDEDFFCPE inst u_jtag/u_jtag_driver/rx/recv_data[39:0] at 1 that is stuck at constant 0.
W: Removed bmsWIDEDFFRSE inst u_ddr3_ctrl/u_ips_ddrc_top/mcdq_axi_mc/mcdq_axi_channel0/mcdq_axi_buf/u_axi_rdcmd_fifo/data_out[50:0] at 0 that is stuck at constant 0.
W: Removed bmsWIDEDFFRSE inst u_ddr3_ctrl/u_ips_ddrc_top/mcdq_axi_mc/mcdq_axi_channel0/mcdq_axi_buf/u_axi_rdcmd_fifo/data_out[50:0] at 1 that is stuck at constant 0.
W: Removed bmsWIDEDFFRSE inst u_ddr3_ctrl/u_ips_ddrc_top/mcdq_axi_mc/mcdq_axi_channel0/mcdq_axi_buf/u_axi_rdcmd_fifo/data_out[50:0] at 2 that is stuck at constant 0.
W: Removed bmsWIDEDFFRSE inst u_ddr3_ctrl/u_ips_ddrc_top/mcdq_axi_mc/mcdq_axi_channel0/mcdq_axi_buf/u_axi_rdcmd_fifo/data_out[50:0] at 3 that is stuck at constant 0.
W: Removed bmsWIDEDFFRSE inst u_ddr3_ctrl/u_ips_ddrc_top/mcdq_axi_mc/mcdq_axi_channel0/mcdq_axi_buf/u_axi_rdcmd_fifo/data_out[50:0] at 4 that is stuck at constant 0.
W: Removed bmsWIDEDFFRSE inst u_ddr3_ctrl/u_ips_ddrc_top/mcdq_axi_mc/mcdq_axi_channel0/mcdq_axi_buf/u_axi_rdcmd_fifo/data_out[50:0] at 30 that is stuck at constant 0.
W: Removed bmsWIDEDFFRSE inst u_ddr3_ctrl/u_ips_ddrc_top/mcdq_axi_mc/mcdq_axi_channel0/mcdq_axi_buf/u_axi_rdcmd_fifo/data_out[50:0] at 31 that is stuck at constant 0.
W: Removed bmsWIDEDFFRSE inst u_ddr3_ctrl/u_ips_ddrc_top/mcdq_axi_mc/mcdq_axi_channel0/mcdq_axi_buf/u_axi_rdcmd_fifo/data_out[50:0] at 32 that is stuck at constant 0.
W: Removed bmsWIDEDFFRSE inst u_ddr3_ctrl/u_ips_ddrc_top/mcdq_axi_mc/mcdq_axi_channel0/mcdq_axi_buf/u_axi_rdcmd_fifo/data_out[50:0] at 33 that is stuck at constant 0.
W: Removed bmsWIDEDFFRSE inst u_ddr3_ctrl/u_ips_ddrc_top/mcdq_axi_mc/mcdq_axi_channel0/mcdq_axi_buf/u_axi_rdcmd_fifo/data_out[50:0] at 34 that is stuck at constant 0.
W: Removed bmsWIDEDFFRSE inst u_ddr3_ctrl/u_ips_ddrc_top/mcdq_axi_mc/mcdq_axi_channel0/mcdq_axi_buf/u_axi_rdcmd_fifo/data_out[50:0] at 35 that is stuck at constant 0.
W: Removed bmsWIDEDFFRSE inst u_ddr3_ctrl/u_ips_ddrc_top/mcdq_axi_mc/mcdq_axi_channel0/mcdq_axi_buf/u_axi_rdcmd_fifo/data_out[50:0] at 36 that is stuck at constant 0.
W: Removed bmsWIDEDFFRSE inst u_ddr3_ctrl/u_ips_ddrc_top/mcdq_axi_mc/mcdq_axi_channel0/mcdq_axi_buf/u_axi_rdcmd_fifo/data_out[50:0] at 37 that is stuck at constant 0.
W: Removed bmsWIDEDFFRSE inst u_ddr3_ctrl/u_ips_ddrc_top/mcdq_axi_mc/mcdq_axi_channel0/mcdq_axi_buf/u_axi_rdcmd_fifo/data_out[50:0] at 38 that is stuck at constant 0.
W: Removed bmsWIDEDFFRSE inst u_ddr3_ctrl/u_ips_ddrc_top/mcdq_axi_mc/mcdq_axi_channel0/mcdq_axi_buf/u_axi_rdcmd_fifo/data_out[50:0] at 39 that is stuck at constant 0.
W: Removed bmsWIDEDFFRSE inst u_ddr3_ctrl/u_ips_ddrc_top/mcdq_axi_mc/mcdq_axi_channel0/mcdq_axi_buf/u_axi_rdcmd_fifo/data_out[50:0] at 40 that is stuck at constant 0.
W: Removed bmsWIDEDFFRSE inst u_ddr3_ctrl/u_ips_ddrc_top/mcdq_axi_mc/mcdq_axi_channel0/mcdq_axi_buf/u_axi_rdcmd_fifo/data_out[50:0] at 41 that is stuck at constant 0.
W: Removed bmsWIDEDFFRSE inst u_ddr3_ctrl/u_ips_ddrc_top/mcdq_axi_mc/mcdq_axi_channel0/mcdq_axi_buf/u_axi_rdcmd_fifo/data_out[50:0] at 42 that is stuck at constant 0.
W: Removed bmsWIDEDFFRSE inst u_ddr3_ctrl/u_ips_ddrc_top/mcdq_axi_mc/mcdq_axi_channel0/mcdq_axi_buf/u_axi_rdcmd_fifo/data_out[50:0] at 43 that is stuck at constant 0.
W: Removed bmsWIDEDFFRSE inst u_ddr3_ctrl/u_ips_ddrc_top/mcdq_axi_mc/mcdq_axi_channel0/mcdq_axi_buf/u_axi_rdcmd_fifo/data_out[50:0] at 44 that is stuck at constant 0.
W: Removed bmsWIDEDFFRSE inst u_ddr3_ctrl/u_ips_ddrc_top/mcdq_axi_mc/mcdq_axi_channel0/mcdq_axi_buf/u_axi_rdcmd_fifo/data_out[50:0] at 45 that is stuck at constant 0.
W: Removed bmsWIDEDFFRSE inst u_ddr3_ctrl/u_ips_ddrc_top/mcdq_axi_mc/mcdq_axi_channel0/mcdq_axi_buf/u_axi_rdcmd_fifo/data_out[50:0] at 47 that is stuck at constant 0.
W: pmux inst 'u_ddr3_ctrl/u_ddrphy_top/ddrphy_slice_top/ddrphy_dqsi_rdel_cal/N2261_7' has no active select, tie output to 0
W: pmux inst 'u_ddr3_ctrl/u_ddrphy_top/ddrphy_slice_top/ddrphy_dqsi_rdel_cal/N2261_8' has no active select, tie output to 0
W: pmux inst 'u_ddr3_ctrl/u_ddrphy_top/ddrphy_slice_top/ddrphy_dqsi_rdel_cal/N2274_7' has no active select, tie output to 0
W: pmux inst 'u_ddr3_ctrl/u_ddrphy_top/ddrphy_slice_top/ddrphy_dqsi_rdel_cal/N2274_8' has no active select, tie output to 0
W: pmux inst 'u_ddr3_ctrl/u_ddrphy_top/ddrphy_slice_top/ddrphy_dqsi_rdel_cal/N2287_7' has no active select, tie output to 0
W: pmux inst 'u_ddr3_ctrl/u_ddrphy_top/ddrphy_slice_top/ddrphy_dqsi_rdel_cal/N2287_8' has no active select, tie output to 0
W: pmux inst 'u_ddr3_ctrl/u_ddrphy_top/ddrphy_slice_top/ddrphy_dqsi_rdel_cal/N2300_7' has no active select, tie output to 0
W: pmux inst 'u_ddr3_ctrl/u_ddrphy_top/ddrphy_slice_top/ddrphy_dqsi_rdel_cal/N2300_8' has no active select, tie output to 0
W: Removed bmsWIDEDFFCPE inst u_ddr3_ctrl/u_ddrphy_top/ddrphy_slice_top/ddrphy_data_slice_dqs_gate_cal/ddrphy_dqs_gate_coarse_cal/read_cmd_mux_r1[3:0] at 3 that is stuck at constant 0.
W: Removed bmsWIDEDFFCPE inst u_ddr3_ctrl/u_ddrphy_top/ddrphy_slice_top/i_dqs_group[0].ddrphy_data_slice/ddrphy_data_slice_wrlvl/wrlvl_ck_dly_pass that is stuck at constant 0.
W: Removed bmsWIDEDFFCPE inst u_ddr3_ctrl/u_ddrphy_top/ddrphy_slice_top/i_dqs_group[1].ddrphy_data_slice/ddrphy_data_slice_wrlvl/wrlvl_ck_dly_pass that is stuck at constant 0.
W: Removed bmsWIDEDFFCPE inst u_ddr3_ctrl/u_ddrphy_top/ddrphy_slice_top/i_dqs_group[2].ddrphy_data_slice/ddrphy_data_slice_wrlvl/wrlvl_ck_dly_pass that is stuck at constant 0.
W: Removed bmsWIDEDFFCPE inst u_ddr3_ctrl/u_ddrphy_top/ddrphy_slice_top/i_dqs_group[3].ddrphy_data_slice/ddrphy_data_slice_wrlvl/wrlvl_ck_dly_pass that is stuck at constant 0.
W: Removed bmsWIDEDFFCPE inst u_ddr3_ctrl/u_ddrphy_top/ddrphy_calib_top/ddrphy_main_ctrl/u_rst_gpll_phase_adj_finish_sync/sig_async_r1[0] that is stuck at constant 0.
W: Removed bmsWIDEDFFCPE inst u_ddr3_ctrl/u_ips_ddrc_top/mcdq_mac_top/mcdq_apb_cross/des_dly[1:0] at 0 that is stuck at constant 0.
W: Removed bmsWIDEDFFCPE inst u_ddr3_ctrl/u_ips_ddrc_top/mcdq_mac_top/mcdq_apb_cross/des_dly[1:0] at 1 that is stuck at constant 0.
W: Removed bmsWIDEDFFCPE inst u_ddr3_ctrl/u_ips_ddrc_top/mcdq_mac_top/mcdq_cfg_apb/ctrl_clear[2:0] at 0 that is stuck at constant 0.
W: Removed bmsWIDEDFFCPE inst u_ddr3_ctrl/u_ips_ddrc_top/mcdq_mac_top/mcdq_cfg_apb/ctrl_clear[2:0] at 1 that is stuck at constant 0.
W: Removed bmsWIDEDFFCPE inst u_ddr3_ctrl/u_ips_ddrc_top/mcdq_mac_top/mcdq_cfg_apb/ctrl_clear[2:0] at 2 that is stuck at constant 0.
W: Removed bmsWIDEDFFCPE inst u_ddr3_ctrl/u_ips_ddrc_top/mcdq_mac_top/mcdq_cfg_apb/mode_trigger_bit[3:0] at 0 that is stuck at constant 0.
W: Removed bmsWIDEDFFCPE inst u_ddr3_ctrl/u_ips_ddrc_top/mcdq_mac_top/mcdq_cfg_apb/mode_trigger_bit[3:0] at 1 that is stuck at constant 0.
W: Removed bmsWIDEDFFCPE inst u_ddr3_ctrl/u_ips_ddrc_top/mcdq_mac_top/mcdq_cfg_apb/mode_trigger_bit[3:0] at 2 that is stuck at constant 0.
W: Removed bmsWIDEDFFCPE inst u_ddr3_ctrl/u_ips_ddrc_top/mcdq_mac_top/mcdq_cfg_apb/mode_trigger_bit[3:0] at 3 that is stuck at constant 0.
W: Removed bmsWIDEDFFPATCE inst u_ddr3_ctrl/u_ips_ddrc_top/mcdq_mac_top/mcdq_cfg_apb/mr0[15:0] at 4 that is stuck at constant 1.
W: Removed bmsWIDEDFFPATCE inst u_ddr3_ctrl/u_ips_ddrc_top/mcdq_mac_top/mcdq_cfg_apb/mr0[15:0] at 5 that is stuck at constant 1.
W: Removed bmsWIDEDFFPATCE inst u_ddr3_ctrl/u_ips_ddrc_top/mcdq_mac_top/mcdq_cfg_apb/mr0[15:0] at 8 that is stuck at constant 1.
W: Removed bmsWIDEDFFPATCE inst u_ddr3_ctrl/u_ips_ddrc_top/mcdq_mac_top/mcdq_cfg_apb/mr0[15:0] at 11 that is stuck at constant 1.
W: Removed bmsWIDEDFFPATCE inst u_ddr3_ctrl/u_ips_ddrc_top/mcdq_mac_top/mcdq_cfg_apb/mr0[15:0] at 12 that is stuck at constant 1.
W: Removed bmsWIDEDFFPATCE inst u_ddr3_ctrl/u_ips_ddrc_top/mcdq_mac_top/mcdq_cfg_apb/mr1[15:0] at 2 that is stuck at constant 1.
W: Removed bmsWIDEDFFPATCE inst u_ddr3_ctrl/u_ips_ddrc_top/mcdq_mac_top/mcdq_cfg_apb/mr1[15:0] at 4 that is stuck at constant 1.
W: Removed bmsWIDEDFFRSE inst u_ddr3_ctrl/u_ips_ddrc_top/mcdq_axi_mc/mcdq_axi_channel0/mcdq_axi_buf/axi_awdata[50:0] at 31 that is stuck at constant 0.
W: Removed bmsWIDEDFFRSE inst u_ddr3_ctrl/u_ips_ddrc_top/mcdq_axi_mc/mcdq_axi_channel0/mcdq_axi_buf/axi_awdata[50:0] at 32 that is stuck at constant 0.
W: Removed bmsWIDEDFFRSE inst u_ddr3_ctrl/u_ips_ddrc_top/mcdq_axi_mc/mcdq_axi_channel0/mcdq_axi_buf/axi_awdata[50:0] at 33 that is stuck at constant 0.
W: Removed bmsWIDEDFFRSE inst u_ddr3_ctrl/u_ips_ddrc_top/mcdq_axi_mc/mcdq_axi_channel0/mcdq_axi_buf/axi_awdata[50:0] at 34 that is stuck at constant 0.
W: Removed bmsWIDEDFFRSE inst u_ddr3_ctrl/u_ips_ddrc_top/mcdq_axi_mc/mcdq_axi_channel0/mcdq_axi_buf/axi_awdata[50:0] at 35 that is stuck at constant 0.
W: Removed bmsWIDEDFFRSE inst u_ddr3_ctrl/u_ips_ddrc_top/mcdq_axi_mc/mcdq_axi_channel0/mcdq_axi_buf/axi_awdata[50:0] at 37 that is stuck at constant 0.
W: Removed bmsWIDEDFFRSE inst u_ddr3_ctrl/u_ips_ddrc_top/mcdq_axi_mc/mcdq_axi_channel0/mcdq_axi_buf/axi_awdata[50:0] at 38 that is stuck at constant 0.
W: Removed bmsWIDEDFFRSE inst u_ddr3_ctrl/u_ips_ddrc_top/mcdq_axi_mc/mcdq_axi_channel0/mcdq_axi_buf/axi_awdata[50:0] at 39 that is stuck at constant 0.
W: Removed bmsWIDEDFFRSE inst u_ddr3_ctrl/u_ips_ddrc_top/mcdq_axi_mc/mcdq_axi_channel0/mcdq_axi_buf/axi_awdata[50:0] at 40 that is stuck at constant 0.
W: Removed bmsWIDEDFFRSE inst u_ddr3_ctrl/u_ips_ddrc_top/mcdq_axi_mc/mcdq_axi_channel0/mcdq_axi_buf/axi_awdata[50:0] at 41 that is stuck at constant 0.
W: Removed bmsWIDEDFFRSE inst u_ddr3_ctrl/u_ips_ddrc_top/mcdq_axi_mc/mcdq_axi_channel0/mcdq_axi_buf/axi_awdata[50:0] at 42 that is stuck at constant 0.
W: Removed bmsWIDEDFFRSE inst u_ddr3_ctrl/u_ips_ddrc_top/mcdq_axi_mc/mcdq_axi_channel0/mcdq_axi_buf/axi_awdata[50:0] at 43 that is stuck at constant 0.
W: Removed bmsWIDEDFFRSE inst u_ddr3_ctrl/u_ips_ddrc_top/mcdq_axi_mc/mcdq_axi_channel0/mcdq_axi_buf/axi_awdata[50:0] at 44 that is stuck at constant 0.
W: Removed bmsWIDEDFFRSE inst u_ddr3_ctrl/u_ips_ddrc_top/mcdq_axi_mc/mcdq_axi_channel0/mcdq_axi_buf/axi_awdata[50:0] at 45 that is stuck at constant 0.
W: Removed bmsWIDEDFFRSE inst u_ddr3_ctrl/u_ips_ddrc_top/mcdq_axi_mc/mcdq_axi_channel0/mcdq_axi_buf/axi_awdata[50:0] at 47 that is stuck at constant 0.
W: Removed bmsWIDEDFFCPE inst u_jtag/u_jtag_driver/dm_resp_data[39:0] at 0 that is stuck at constant 0.
W: Removed bmsWIDEDFFCPE inst u_jtag/u_jtag_driver/dm_resp_data[39:0] at 1 that is stuck at constant 0.
W: Removed bmsWIDEDFFRSE inst u_ddr3_ctrl/u_ips_ddrc_top/mcdq_axi_mc/mcdq_axi_channel0/mcdq_axi_rdata_align/mac_axi_arid[7:0] at 0 that is stuck at constant 0.
W: Removed bmsWIDEDFFRSE inst u_ddr3_ctrl/u_ips_ddrc_top/mcdq_axi_mc/mcdq_axi_channel0/mcdq_axi_rdata_align/mac_axi_arid[7:0] at 1 that is stuck at constant 0.
W: Removed bmsWIDEDFFRSE inst u_ddr3_ctrl/u_ips_ddrc_top/mcdq_axi_mc/mcdq_axi_channel0/mcdq_axi_rdata_align/mac_axi_arid[7:0] at 2 that is stuck at constant 0.
W: Removed bmsWIDEDFFRSE inst u_ddr3_ctrl/u_ips_ddrc_top/mcdq_axi_mc/mcdq_axi_channel0/mcdq_axi_rdata_align/mac_axi_arid[7:0] at 3 that is stuck at constant 0.
W: Removed bmsWIDEDFFRSE inst u_ddr3_ctrl/u_ips_ddrc_top/mcdq_axi_mc/mcdq_axi_channel0/mcdq_axi_rdata_align/mac_axi_arid[7:0] at 4 that is stuck at constant 0.
W: Removed bmsWIDEDFFRSE inst u_ddr3_ctrl/u_ips_ddrc_top/mcdq_axi_mc/mcdq_axi_channel0/mcdq_axi_rdata_align/mac_axi_arid[7:0] at 5 that is stuck at constant 0.
W: Removed bmsWIDEDFFRSE inst u_ddr3_ctrl/u_ips_ddrc_top/mcdq_axi_mc/mcdq_axi_channel0/mcdq_axi_rdata_align/mac_axi_arid[7:0] at 6 that is stuck at constant 0.
W: Removed bmsWIDEDFFRSE inst u_ddr3_ctrl/u_ips_ddrc_top/mcdq_axi_mc/mcdq_axi_channel0/mcdq_axi_rdata_align/mac_axi_arid[7:0] at 7 that is stuck at constant 0.
W: Removed bmsWIDEDFFRSE inst u_ddr3_ctrl/u_ips_ddrc_top/mcdq_axi_mc/mcdq_axi_channel0/mcdq_axi_rdata_align/axi_back_ardata_in_pre[31:0] at 15 that is stuck at constant 0.
W: Removed bmsWIDEDFFRSE inst u_ddr3_ctrl/u_ips_ddrc_top/mcdq_axi_mc/mcdq_axi_channel0/mcdq_axi_rdata_align/axi_back_ardata_in_pre[31:0] at 16 that is stuck at constant 0.
W: Removed bmsWIDEDFFRSE inst u_ddr3_ctrl/u_ips_ddrc_top/mcdq_axi_mc/mcdq_axi_channel0/mcdq_axi_rdata_align/axi_back_ardata_in_pre[31:0] at 17 that is stuck at constant 0.
W: Removed bmsWIDEDFFRSE inst u_ddr3_ctrl/u_ips_ddrc_top/mcdq_axi_mc/mcdq_axi_channel0/mcdq_axi_rdata_align/axi_back_ardata_in_pre[31:0] at 18 that is stuck at constant 0.
W: Removed bmsWIDEDFFRSE inst u_ddr3_ctrl/u_ips_ddrc_top/mcdq_axi_mc/mcdq_axi_channel0/mcdq_axi_rdata_align/axi_back_ardata_in_pre[31:0] at 19 that is stuck at constant 0.
W: Removed bmsWIDEDFFRSE inst u_ddr3_ctrl/u_ips_ddrc_top/mcdq_axi_mc/mcdq_axi_channel0/mcdq_axi_rdata_align/axi_back_ardata_in_pre[31:0] at 20 that is stuck at constant 0.
W: Removed bmsWIDEDFFRSE inst u_ddr3_ctrl/u_ips_ddrc_top/mcdq_axi_mc/mcdq_axi_channel0/mcdq_axi_rdata_align/axi_back_ardata_in_pre[31:0] at 21 that is stuck at constant 0.
W: Removed bmsWIDEDFFRSE inst u_ddr3_ctrl/u_ips_ddrc_top/mcdq_axi_mc/mcdq_axi_channel0/mcdq_axi_rdata_align/axi_back_ardata_in_pre[31:0] at 22 that is stuck at constant 0.
W: Removed bmsWIDEDFFRSE inst u_ddr3_ctrl/u_ips_ddrc_top/mcdq_axi_mc/mcdq_axi_channel0/mcdq_axi_rdata_align/axi_back_ardata_in_pre[31:0] at 23 that is stuck at constant 0.
W: Removed bmsWIDEDFFRSE inst u_ddr3_ctrl/u_ips_ddrc_top/mcdq_axi_mc/mcdq_axi_channel0/mcdq_axi_rdata_align/axi_back_ardata_in_pre[31:0] at 24 that is stuck at constant 0.
W: Removed bmsWIDEDFFRSE inst u_ddr3_ctrl/u_ips_ddrc_top/mcdq_axi_mc/mcdq_axi_channel0/mcdq_axi_rdata_align/axi_back_ardata_in_pre[31:0] at 25 that is stuck at constant 0.
W: Removed bmsWIDEDFFRSE inst u_ddr3_ctrl/u_ips_ddrc_top/mcdq_axi_mc/mcdq_axi_channel0/mcdq_axi_rdata_align/axi_back_ardata_in_pre[31:0] at 26 that is stuck at constant 0.
W: Removed bmsWIDEDFFRSE inst u_ddr3_ctrl/u_ips_ddrc_top/mcdq_axi_mc/mcdq_axi_channel0/mcdq_axi_rdata_align/axi_back_ardata_in_pre[31:0] at 27 that is stuck at constant 0.
W: Removed bmsWIDEDFFRSE inst u_ddr3_ctrl/u_ips_ddrc_top/mcdq_axi_mc/mcdq_axi_channel0/mcdq_axi_rdata_align/axi_back_ardata_in_pre[31:0] at 28 that is stuck at constant 0.
W: Removed bmsWIDEDFFRSE inst u_ddr3_ctrl/u_ips_ddrc_top/mcdq_axi_mc/mcdq_axi_channel0/mcdq_axi_rdata_align/axi_back_ardata_in_pre[31:0] at 29 that is stuck at constant 0.
W: Removed bmsWIDEDFFRSE inst u_ddr3_ctrl/u_ips_ddrc_top/mcdq_axi_mc/mcdq_axi_channel0/mcdq_axi_rdata_align/axi_back_ardata_in_pre[31:0] at 30 that is stuck at constant 0.
W: Removed bmsWIDEDFFCPE inst u_ddr3_ctrl/u_ddrphy_top/ddrphy_slice_top/ddrphy_data_slice_dqs_gate_cal/ddrphy_dqs_gate_coarse_cal/read_cmd_mux_r2[3:0] at 3 that is stuck at constant 0.
W: Removed bmsWIDEDFFCPE inst u_ddr3_ctrl/u_ddrphy_top/ddrphy_calib_top/ddrphy_main_ctrl/u_rst_gpll_phase_adj_finish_sync/sig_async_r2[0] that is stuck at constant 0.
W: Removed bmsWIDEDFFPATCE inst u_ddr3_ctrl/u_ips_ddrc_top/mcdq_mac_top/mcdq_cfg_apb/mr2[15:0] at 3 that is stuck at constant 1.
W: Removed bmsWIDEDFFCPE inst u_flash_ddr_boot/u_flash_reader/tx_shift[31:0] at 2 that is stuck at constant 0.
W: Removed bmsWIDEDFFCPE inst u_ddr3_ctrl/u_ddrphy_top/ddrphy_slice_top/ddrphy_data_slice_dqs_gate_cal/ddrphy_dqs_gate_coarse_cal/read_cmd_mux_r3[3:0] at 3 that is stuck at constant 0.
W: Removed bmsWIDEDFFCPE inst u_ddr3_ctrl/u_ips_ddrc_top/mcdq_mac_top/mcdq_cfg_apb/lp_pd_req that is stuck at constant 0.
W: Removed bmsWIDEDFFCPE inst u_ddr3_ctrl/u_ips_ddrc_top/mcdq_mac_top/mcdq_cfg_apb/lp_sr_req that is stuck at constant 0.
W: Removed bmsWIDEDFFCPE inst u_ddr3_ctrl/u_ips_ddrc_top/mcdq_mac_top/mcdq_cfg_apb/mrs_req that is stuck at constant 0.
W: Removed bmsWIDEDFFCPE inst u_ddr3_ctrl/u_ips_ddrc_top/mcdq_mac_top/mcdq_cfg_apb/norm_req that is stuck at constant 0.
W: Removed bmsWIDEDFFCPE inst u_ddr3_ctrl/u_ips_ddrc_top/mcdq_mac_top/mcdq_cfg_apb/rd_mpr_req that is stuck at constant 0.
W: Removed bmsWIDEDFFRSE inst u_ddr3_ctrl/u_ips_ddrc_top/mcdq_axi_mc/mcdq_axi_channel0/mcdq_axi_buf/u_axi_wrcmd_fifo/data_out[50:0] at 31 that is stuck at constant 0.
W: Removed bmsWIDEDFFRSE inst u_ddr3_ctrl/u_ips_ddrc_top/mcdq_axi_mc/mcdq_axi_channel0/mcdq_axi_buf/u_axi_wrcmd_fifo/data_out[50:0] at 32 that is stuck at constant 0.
W: Removed bmsWIDEDFFRSE inst u_ddr3_ctrl/u_ips_ddrc_top/mcdq_axi_mc/mcdq_axi_channel0/mcdq_axi_buf/u_axi_wrcmd_fifo/data_out[50:0] at 33 that is stuck at constant 0.
W: Removed bmsWIDEDFFRSE inst u_ddr3_ctrl/u_ips_ddrc_top/mcdq_axi_mc/mcdq_axi_channel0/mcdq_axi_buf/u_axi_wrcmd_fifo/data_out[50:0] at 34 that is stuck at constant 0.
W: Removed bmsWIDEDFFRSE inst u_ddr3_ctrl/u_ips_ddrc_top/mcdq_axi_mc/mcdq_axi_channel0/mcdq_axi_buf/u_axi_wrcmd_fifo/data_out[50:0] at 35 that is stuck at constant 0.
W: Removed bmsWIDEDFFRSE inst u_ddr3_ctrl/u_ips_ddrc_top/mcdq_axi_mc/mcdq_axi_channel0/mcdq_axi_buf/u_axi_wrcmd_fifo/data_out[50:0] at 37 that is stuck at constant 0.
W: Removed bmsWIDEDFFRSE inst u_ddr3_ctrl/u_ips_ddrc_top/mcdq_axi_mc/mcdq_axi_channel0/mcdq_axi_buf/u_axi_wrcmd_fifo/data_out[50:0] at 38 that is stuck at constant 0.
W: Removed bmsWIDEDFFRSE inst u_ddr3_ctrl/u_ips_ddrc_top/mcdq_axi_mc/mcdq_axi_channel0/mcdq_axi_buf/u_axi_wrcmd_fifo/data_out[50:0] at 39 that is stuck at constant 0.
W: Removed bmsWIDEDFFRSE inst u_ddr3_ctrl/u_ips_ddrc_top/mcdq_axi_mc/mcdq_axi_channel0/mcdq_axi_buf/u_axi_wrcmd_fifo/data_out[50:0] at 40 that is stuck at constant 0.
W: Removed bmsWIDEDFFRSE inst u_ddr3_ctrl/u_ips_ddrc_top/mcdq_axi_mc/mcdq_axi_channel0/mcdq_axi_buf/u_axi_wrcmd_fifo/data_out[50:0] at 41 that is stuck at constant 0.
W: Removed bmsWIDEDFFRSE inst u_ddr3_ctrl/u_ips_ddrc_top/mcdq_axi_mc/mcdq_axi_channel0/mcdq_axi_buf/u_axi_wrcmd_fifo/data_out[50:0] at 42 that is stuck at constant 0.
W: Removed bmsWIDEDFFRSE inst u_ddr3_ctrl/u_ips_ddrc_top/mcdq_axi_mc/mcdq_axi_channel0/mcdq_axi_buf/u_axi_wrcmd_fifo/data_out[50:0] at 43 that is stuck at constant 0.
W: Removed bmsWIDEDFFRSE inst u_ddr3_ctrl/u_ips_ddrc_top/mcdq_axi_mc/mcdq_axi_channel0/mcdq_axi_buf/u_axi_wrcmd_fifo/data_out[50:0] at 44 that is stuck at constant 0.
W: Removed bmsWIDEDFFRSE inst u_ddr3_ctrl/u_ips_ddrc_top/mcdq_axi_mc/mcdq_axi_channel0/mcdq_axi_buf/u_axi_wrcmd_fifo/data_out[50:0] at 45 that is stuck at constant 0.
W: Removed bmsWIDEDFFRSE inst u_ddr3_ctrl/u_ips_ddrc_top/mcdq_axi_mc/mcdq_axi_channel0/mcdq_axi_buf/u_axi_wrcmd_fifo/data_out[50:0] at 47 that is stuck at constant 0.
W: Removed bmsWIDEDFFRSE inst u_ddr3_ctrl/u_ips_ddrc_top/mcdq_axi_mc/mcdq_axi_channel0/mcdq_axi_rdata_align/u_axi_rdcmd_align_fifo/data_out[41:0] at 28 that is stuck at constant 0.
W: Removed bmsWIDEDFFRSE inst u_ddr3_ctrl/u_ips_ddrc_top/mcdq_axi_mc/mcdq_axi_channel0/mcdq_axi_rdata_align/u_axi_rdcmd_align_fifo/data_out[41:0] at 29 that is stuck at constant 0.
W: Removed bmsWIDEDFFRSE inst u_ddr3_ctrl/u_ips_ddrc_top/mcdq_axi_mc/mcdq_axi_channel0/mcdq_axi_rdata_align/u_axi_rdcmd_align_fifo/data_out[41:0] at 30 that is stuck at constant 0.
W: Removed bmsWIDEDFFRSE inst u_ddr3_ctrl/u_ips_ddrc_top/mcdq_axi_mc/mcdq_axi_channel0/mcdq_axi_rdata_align/u_axi_rdcmd_align_fifo/data_out[41:0] at 31 that is stuck at constant 0.
W: Removed bmsWIDEDFFRSE inst u_ddr3_ctrl/u_ips_ddrc_top/mcdq_axi_mc/mcdq_axi_channel0/mcdq_axi_rdata_align/u_axi_rdcmd_align_fifo/data_out[41:0] at 32 that is stuck at constant 0.
W: Removed bmsWIDEDFFRSE inst u_ddr3_ctrl/u_ips_ddrc_top/mcdq_axi_mc/mcdq_axi_channel0/mcdq_axi_rdata_align/u_axi_rdcmd_align_fifo/data_out[41:0] at 33 that is stuck at constant 0.
W: Removed bmsWIDEDFFRSE inst u_ddr3_ctrl/u_ips_ddrc_top/mcdq_axi_mc/mcdq_axi_channel0/mcdq_axi_rdata_align/u_axi_rdcmd_align_fifo/data_out[41:0] at 34 that is stuck at constant 0.
W: Removed bmsWIDEDFFRSE inst u_ddr3_ctrl/u_ips_ddrc_top/mcdq_axi_mc/mcdq_axi_channel0/mcdq_axi_rdata_align/u_axi_rdcmd_align_fifo/data_out[41:0] at 35 that is stuck at constant 0.
W: Removed bmsWIDEDFFRSE inst u_ddr3_ctrl/u_ips_ddrc_top/mcdq_axi_mc/mcdq_axi_channel0/mcdq_axi_rdata_align/u_axi_rdcmd_back_fifo/data_out[32:0] at 16 that is stuck at constant 0.
W: Removed bmsWIDEDFFRSE inst u_ddr3_ctrl/u_ips_ddrc_top/mcdq_axi_mc/mcdq_axi_channel0/mcdq_axi_rdata_align/u_axi_rdcmd_back_fifo/data_out[32:0] at 17 that is stuck at constant 0.
W: Removed bmsWIDEDFFRSE inst u_ddr3_ctrl/u_ips_ddrc_top/mcdq_axi_mc/mcdq_axi_channel0/mcdq_axi_rdata_align/u_axi_rdcmd_back_fifo/data_out[32:0] at 18 that is stuck at constant 0.
W: Removed bmsWIDEDFFRSE inst u_ddr3_ctrl/u_ips_ddrc_top/mcdq_axi_mc/mcdq_axi_channel0/mcdq_axi_rdata_align/u_axi_rdcmd_back_fifo/data_out[32:0] at 19 that is stuck at constant 0.
W: Removed bmsWIDEDFFRSE inst u_ddr3_ctrl/u_ips_ddrc_top/mcdq_axi_mc/mcdq_axi_channel0/mcdq_axi_rdata_align/u_axi_rdcmd_back_fifo/data_out[32:0] at 20 that is stuck at constant 0.
W: Removed bmsWIDEDFFRSE inst u_ddr3_ctrl/u_ips_ddrc_top/mcdq_axi_mc/mcdq_axi_channel0/mcdq_axi_rdata_align/u_axi_rdcmd_back_fifo/data_out[32:0] at 21 that is stuck at constant 0.
W: Removed bmsWIDEDFFRSE inst u_ddr3_ctrl/u_ips_ddrc_top/mcdq_axi_mc/mcdq_axi_channel0/mcdq_axi_rdata_align/u_axi_rdcmd_back_fifo/data_out[32:0] at 22 that is stuck at constant 0.
W: Removed bmsWIDEDFFRSE inst u_ddr3_ctrl/u_ips_ddrc_top/mcdq_axi_mc/mcdq_axi_channel0/mcdq_axi_rdata_align/u_axi_rdcmd_back_fifo/data_out[32:0] at 23 that is stuck at constant 0.
W: Removed bmsWIDEDFFRSE inst u_ddr3_ctrl/u_ips_ddrc_top/mcdq_axi_mc/mcdq_axi_channel0/mcdq_axi_rdata_align/u_axi_rdcmd_back_fifo/data_out[32:0] at 24 that is stuck at constant 0.
W: Removed bmsWIDEDFFRSE inst u_ddr3_ctrl/u_ips_ddrc_top/mcdq_axi_mc/mcdq_axi_channel0/mcdq_axi_rdata_align/u_axi_rdcmd_back_fifo/data_out[32:0] at 25 that is stuck at constant 0.
W: Removed bmsWIDEDFFRSE inst u_ddr3_ctrl/u_ips_ddrc_top/mcdq_axi_mc/mcdq_axi_channel0/mcdq_axi_rdata_align/u_axi_rdcmd_back_fifo/data_out[32:0] at 26 that is stuck at constant 0.
W: Removed bmsWIDEDFFRSE inst u_ddr3_ctrl/u_ips_ddrc_top/mcdq_axi_mc/mcdq_axi_channel0/mcdq_axi_rdata_align/u_axi_rdcmd_back_fifo/data_out[32:0] at 27 that is stuck at constant 0.
W: Removed bmsWIDEDFFRSE inst u_ddr3_ctrl/u_ips_ddrc_top/mcdq_axi_mc/mcdq_axi_channel0/mcdq_axi_rdata_align/u_axi_rdcmd_back_fifo/data_out[32:0] at 28 that is stuck at constant 0.
W: Removed bmsWIDEDFFRSE inst u_ddr3_ctrl/u_ips_ddrc_top/mcdq_axi_mc/mcdq_axi_channel0/mcdq_axi_rdata_align/u_axi_rdcmd_back_fifo/data_out[32:0] at 29 that is stuck at constant 0.
W: Removed bmsWIDEDFFRSE inst u_ddr3_ctrl/u_ips_ddrc_top/mcdq_axi_mc/mcdq_axi_channel0/mcdq_axi_rdata_align/u_axi_rdcmd_back_fifo/data_out[32:0] at 30 that is stuck at constant 0.
W: Removed bmsWIDEDFFRSE inst u_ddr3_ctrl/u_ips_ddrc_top/mcdq_axi_mc/mcdq_axi_channel0/mcdq_axi_rdata_align/u_axi_rdcmd_back_fifo/data_out[32:0] at 31 that is stuck at constant 0.
W: Removed bmsWIDEDFFCPE inst u_ddr3_ctrl/u_ddrphy_top/ddrphy_slice_top/ddrphy_data_slice_dqs_gate_cal/ddrphy_dqs_gate_coarse_cal/read_cmd_mux_r4[3:0] at 3 that is stuck at constant 0.
W: Removed bmsWIDEDFFCPE inst u_flash_ddr_boot/u_flash_reader/tx_shift[31:0] at 3 that is stuck at constant 0.
W: Removed bmsWIDEDFFRSE inst u_ddr3_ctrl/u_ips_ddrc_top/mcdq_axi_mc/mcdq_axi_channel0/mcdq_axi_wdata_align/axi_align_awdata[41:0] at 29 that is stuck at constant 0.
W: Removed bmsWIDEDFFRSE inst u_ddr3_ctrl/u_ips_ddrc_top/mcdq_axi_mc/mcdq_axi_channel0/mcdq_axi_wdata_align/axi_align_awdata[41:0] at 30 that is stuck at constant 0.
W: Removed bmsWIDEDFFRSE inst u_ddr3_ctrl/u_ips_ddrc_top/mcdq_axi_mc/mcdq_axi_channel0/mcdq_axi_wdata_align/axi_align_awdata[41:0] at 31 that is stuck at constant 0.
W: Removed bmsWIDEDFFRSE inst u_ddr3_ctrl/u_ips_ddrc_top/mcdq_axi_mc/mcdq_axi_channel0/mcdq_axi_wdata_align/axi_align_awdata[41:0] at 32 that is stuck at constant 0.
W: Removed bmsWIDEDFFRSE inst u_ddr3_ctrl/u_ips_ddrc_top/mcdq_axi_mc/mcdq_axi_channel0/mcdq_axi_wdata_align/axi_align_awdata[41:0] at 33 that is stuck at constant 0.
W: Removed bmsWIDEDFFRSE inst u_ddr3_ctrl/u_ips_ddrc_top/mcdq_axi_mc/mcdq_axi_channel0/mcdq_axi_wdata_align/axi_align_awdata[41:0] at 35 that is stuck at constant 0.
W: Removed bmsWIDEDFFCPE inst u_ddr3_ctrl/u_ips_ddrc_top/mcdq_mac_top/mcdq_cfg_apb/pd_en that is stuck at constant 0.
W: Removed bmsWIDEDFFCPE inst u_ddr3_ctrl/u_ips_ddrc_top/mcdq_mac_top/mcdq_cfg_apb/sr_en that is stuck at constant 0.
W: Removed bmsWIDEDFFCPE inst u_ddr3_ctrl/u_ips_ddrc_top/mcdq_mac_top/mcdq_cfg_apb/mpr_en that is stuck at constant 0.
W: Removed bmsWIDEDFFCPE inst u_ddr3_ctrl/u_ips_ddrc_top/mcdq_mac_top/mcdq_cfg_apb/mc_cl[4:0] at 3 that is stuck at constant 0.
W: Removed bmsWIDEDFFCPE inst u_ddr3_ctrl/u_ips_ddrc_top/mcdq_mac_top/mcdq_lp/sr_en_dly that is stuck at constant 0.
W: Removed bmsWIDEDFFCPE inst u_flash_ddr_boot/u_flash_reader/tx_shift[31:0] at 4 that is stuck at constant 0.
W: Removed bmsWIDEDFFRSE inst u_ddr3_ctrl/u_ips_ddrc_top/mcdq_axi_mc/mcdq_axi_channel0/mcdq_axi_wdata_align/u_axi_wrcmd_align_fifo/data_out[41:0] at 29 that is stuck at constant 0.
W: Removed bmsWIDEDFFRSE inst u_ddr3_ctrl/u_ips_ddrc_top/mcdq_axi_mc/mcdq_axi_channel0/mcdq_axi_wdata_align/u_axi_wrcmd_align_fifo/data_out[41:0] at 30 that is stuck at constant 0.
W: Removed bmsWIDEDFFRSE inst u_ddr3_ctrl/u_ips_ddrc_top/mcdq_axi_mc/mcdq_axi_channel0/mcdq_axi_wdata_align/u_axi_wrcmd_align_fifo/data_out[41:0] at 31 that is stuck at constant 0.
W: Removed bmsWIDEDFFRSE inst u_ddr3_ctrl/u_ips_ddrc_top/mcdq_axi_mc/mcdq_axi_channel0/mcdq_axi_wdata_align/u_axi_wrcmd_align_fifo/data_out[41:0] at 32 that is stuck at constant 0.
W: Removed bmsWIDEDFFRSE inst u_ddr3_ctrl/u_ips_ddrc_top/mcdq_axi_mc/mcdq_axi_channel0/mcdq_axi_wdata_align/u_axi_wrcmd_align_fifo/data_out[41:0] at 33 that is stuck at constant 0.
W: Removed bmsWIDEDFFRSE inst u_ddr3_ctrl/u_ips_ddrc_top/mcdq_axi_mc/mcdq_axi_channel0/mcdq_axi_wdata_align/u_axi_wrcmd_align_fifo/data_out[41:0] at 35 that is stuck at constant 0.
W: Removed bmsWIDEDFFCPE inst u_ddr3_ctrl/u_ips_ddrc_top/mcdq_mac_top/mcdq_lp/pd_en_dly that is stuck at constant 0.
W: Removed bmsWIDEDFFCPE inst u_flash_ddr_boot/u_flash_reader/tx_shift[31:0] at 5 that is stuck at constant 0.
W: Removed bmsWIDEDFFCPE inst u_flash_ddr_boot/u_flash_reader/tx_shift[31:0] at 6 that is stuck at constant 0.
W: Removed bmsWIDEDFFCPE inst u_flash_ddr_boot/u_flash_reader/tx_shift[31:0] at 7 that is stuck at constant 0.
W: Removed bmsWIDEDFFCPE inst u_flash_ddr_boot/u_flash_reader/tx_shift[31:0] at 8 that is stuck at constant 0.
W: Removed bmsWIDEDFFCPE inst u_flash_ddr_boot/u_flash_reader/tx_shift[31:0] at 9 that is stuck at constant 0.
W: Removed bmsWIDEDFFCPE inst u_flash_ddr_boot/u_flash_reader/tx_shift[31:0] at 10 that is stuck at constant 0.
W: Removed bmsWIDEDFFCPE inst u_flash_ddr_boot/u_flash_reader/tx_shift[31:0] at 11 that is stuck at constant 0.
W: Removed bmsWIDEDFFCPE inst u_flash_ddr_boot/u_flash_reader/tx_shift[31:0] at 12 that is stuck at constant 0.
W: Removed bmsWIDEDFFCPE inst u_flash_ddr_boot/u_flash_reader/tx_shift[31:0] at 13 that is stuck at constant 0.
W: Removed bmsWIDEDFFCPE inst u_flash_ddr_boot/u_flash_reader/tx_shift[31:0] at 14 that is stuck at constant 0.
W: Removed bmsWIDEDFFCPE inst u_flash_ddr_boot/u_flash_reader/tx_shift[31:0] at 15 that is stuck at constant 0.
W: Removed bmsWIDEDFFCPE inst u_flash_ddr_boot/u_flash_reader/tx_shift[31:0] at 16 that is stuck at constant 0.
W: Removed bmsWIDEDFFCPE inst u_flash_ddr_boot/u_flash_reader/tx_shift[31:0] at 17 that is stuck at constant 0.
W: Removed bmsWIDEDFFCPE inst u_flash_ddr_boot/u_flash_reader/tx_shift[31:0] at 18 that is stuck at constant 0.
W: Removed bmsWIDEDFFCPE inst u_flash_ddr_boot/u_flash_reader/tx_shift[31:0] at 19 that is stuck at constant 0.
W: Removed bmsWIDEDFFCPE inst u_flash_ddr_boot/u_flash_reader/tx_shift[31:0] at 20 that is stuck at constant 0.
W: Removed bmsWIDEDFFRSE inst u_ddr3_ctrl/u_ips_ddrc_top/mcdq_axi_mc/mcdq_axi_channel0/mcdq_axi_rdata_align/axi_back_ardata_in_pre[31:0] at 14 that is stuck at constant 1.
I: Removed bmsADD inst u_ddr3_ctrl/u_ddrphy_top/ddrphy_slice_top/ddrphy_dqsi_rdel_cal/N418 that is redundant to u_ddr3_ctrl/u_ddrphy_top/ddrphy_slice_top/ddrphy_data_slice_wrcal/N1440
I: Removed bmsADD inst u_ddr3_ctrl/u_ddrphy_top/ddrphy_slice_top/ddrphy_dqsi_rdel_cal/N255 that is redundant to u_ddr3_ctrl/u_ddrphy_top/ddrphy_slice_top/ddrphy_data_slice_wrcal/N1024
I: Removed bmsEQUAL inst u_cpu/u_idu/N299 that is redundant to u_cpu/u_idu/N262
I: Removed bmsADD inst u_ddr3_ctrl/u_ips_ddrc_top/mcdq_mac_top/mcdq_dcp_top/mcdq_dcp_back_ctrl/TRDA2ACT_LOOP[7].trda2act_timing/N1 that is redundant to u_ddr3_ctrl/u_ips_ddrc_top/mcdq_mac_top/mcdq_dcp_top/mcdq_dcp_back_ctrl/TRDA2ACT_LOOP[0].trda2act_timing/N1
I: Removed bmsADD inst u_ddr3_ctrl/u_ips_ddrc_top/mcdq_mac_top/mcdq_dcp_top/mcdq_dcp_back_ctrl/TRDA2ACT_LOOP[1].trda2act_timing/N1 that is redundant to u_ddr3_ctrl/u_ips_ddrc_top/mcdq_mac_top/mcdq_dcp_top/mcdq_dcp_back_ctrl/TRDA2ACT_LOOP[0].trda2act_timing/N1
I: Removed bmsADD inst u_ddr3_ctrl/u_ips_ddrc_top/mcdq_mac_top/mcdq_dcp_top/mcdq_dcp_back_ctrl/TRDA2ACT_LOOP[2].trda2act_timing/N1 that is redundant to u_ddr3_ctrl/u_ips_ddrc_top/mcdq_mac_top/mcdq_dcp_top/mcdq_dcp_back_ctrl/TRDA2ACT_LOOP[0].trda2act_timing/N1
I: Removed bmsADD inst u_ddr3_ctrl/u_ips_ddrc_top/mcdq_mac_top/mcdq_dcp_top/mcdq_dcp_back_ctrl/TRDA2ACT_LOOP[3].trda2act_timing/N1 that is redundant to u_ddr3_ctrl/u_ips_ddrc_top/mcdq_mac_top/mcdq_dcp_top/mcdq_dcp_back_ctrl/TRDA2ACT_LOOP[0].trda2act_timing/N1
I: Removed bmsADD inst u_ddr3_ctrl/u_ips_ddrc_top/mcdq_mac_top/mcdq_dcp_top/mcdq_dcp_back_ctrl/TRDA2ACT_LOOP[4].trda2act_timing/N1 that is redundant to u_ddr3_ctrl/u_ips_ddrc_top/mcdq_mac_top/mcdq_dcp_top/mcdq_dcp_back_ctrl/TRDA2ACT_LOOP[0].trda2act_timing/N1
I: Removed bmsADD inst u_ddr3_ctrl/u_ips_ddrc_top/mcdq_mac_top/mcdq_dcp_top/mcdq_dcp_back_ctrl/TRDA2ACT_LOOP[5].trda2act_timing/N1 that is redundant to u_ddr3_ctrl/u_ips_ddrc_top/mcdq_mac_top/mcdq_dcp_top/mcdq_dcp_back_ctrl/TRDA2ACT_LOOP[0].trda2act_timing/N1
I: Removed bmsADD inst u_ddr3_ctrl/u_ips_ddrc_top/mcdq_mac_top/mcdq_dcp_top/mcdq_dcp_back_ctrl/TRDA2ACT_LOOP[6].trda2act_timing/N1 that is redundant to u_ddr3_ctrl/u_ips_ddrc_top/mcdq_mac_top/mcdq_dcp_top/mcdq_dcp_back_ctrl/TRDA2ACT_LOOP[0].trda2act_timing/N1
I: Removed bmsADD inst u_ddr3_ctrl/u_ips_ddrc_top/mcdq_mac_top/mcdq_dcd_top/mcdq_dcd_sm/N162[9:0]_4 that is redundant to u_ddr3_ctrl/u_ips_ddrc_top/mcdq_mac_top/mcdq_dcp_top/mcdq_dcp_buf/N46
I: Removed bmsADD inst u_ddr3_ctrl/u_ips_ddrc_top/mcdq_mac_top/mcdq_dcp_top/mcdq_dcp_back_ctrl/timing_prea_pass/N3 that is redundant to u_ddr3_ctrl/u_ips_ddrc_top/mcdq_mac_top/mcdq_dcp_top/mcdq_dcp_back_ctrl/PRE_PASS_LOOP[0].timing_pre_pass/N3
I: Removed bmsADD inst u_ddr3_ctrl/u_ips_ddrc_top/mcdq_mac_top/mcdq_dcp_top/mcdq_dcp_back_ctrl/PRE_PASS_LOOP[1].timing_pre_pass/N3 that is redundant to u_ddr3_ctrl/u_ips_ddrc_top/mcdq_mac_top/mcdq_dcp_top/mcdq_dcp_back_ctrl/PRE_PASS_LOOP[0].timing_pre_pass/N3
I: Removed bmsADD inst u_ddr3_ctrl/u_ips_ddrc_top/mcdq_mac_top/mcdq_dcp_top/mcdq_dcp_back_ctrl/PRE_PASS_LOOP[2].timing_pre_pass/N3 that is redundant to u_ddr3_ctrl/u_ips_ddrc_top/mcdq_mac_top/mcdq_dcp_top/mcdq_dcp_back_ctrl/PRE_PASS_LOOP[0].timing_pre_pass/N3
I: Removed bmsADD inst u_ddr3_ctrl/u_ips_ddrc_top/mcdq_mac_top/mcdq_dcp_top/mcdq_dcp_back_ctrl/PRE_PASS_LOOP[3].timing_pre_pass/N3 that is redundant to u_ddr3_ctrl/u_ips_ddrc_top/mcdq_mac_top/mcdq_dcp_top/mcdq_dcp_back_ctrl/PRE_PASS_LOOP[0].timing_pre_pass/N3
I: Removed bmsADD inst u_ddr3_ctrl/u_ips_ddrc_top/mcdq_mac_top/mcdq_dcp_top/mcdq_dcp_back_ctrl/PRE_PASS_LOOP[4].timing_pre_pass/N3 that is redundant to u_ddr3_ctrl/u_ips_ddrc_top/mcdq_mac_top/mcdq_dcp_top/mcdq_dcp_back_ctrl/PRE_PASS_LOOP[0].timing_pre_pass/N3
I: Removed bmsADD inst u_ddr3_ctrl/u_ips_ddrc_top/mcdq_mac_top/mcdq_dcp_top/mcdq_dcp_back_ctrl/PRE_PASS_LOOP[5].timing_pre_pass/N3 that is redundant to u_ddr3_ctrl/u_ips_ddrc_top/mcdq_mac_top/mcdq_dcp_top/mcdq_dcp_back_ctrl/PRE_PASS_LOOP[0].timing_pre_pass/N3
I: Removed bmsADD inst u_ddr3_ctrl/u_ips_ddrc_top/mcdq_mac_top/mcdq_dcp_top/mcdq_dcp_back_ctrl/PRE_PASS_LOOP[6].timing_pre_pass/N3 that is redundant to u_ddr3_ctrl/u_ips_ddrc_top/mcdq_mac_top/mcdq_dcp_top/mcdq_dcp_back_ctrl/PRE_PASS_LOOP[0].timing_pre_pass/N3
I: Removed bmsADD inst u_ddr3_ctrl/u_ips_ddrc_top/mcdq_mac_top/mcdq_dcp_top/mcdq_dcp_back_ctrl/PRE_PASS_LOOP[7].timing_pre_pass/N3 that is redundant to u_ddr3_ctrl/u_ips_ddrc_top/mcdq_mac_top/mcdq_dcp_top/mcdq_dcp_back_ctrl/PRE_PASS_LOOP[0].timing_pre_pass/N3
I: Removed bmsADD inst u_ddr3_ctrl/u_ddrphy_top/ddrphy_slice_top/ddrphy_dqsi_rdel_cal/N337 that is redundant to u_ddr3_ctrl/u_ddrphy_top/ddrphy_slice_top/ddrphy_data_slice_wrcal/N1233
I: Removed bmsADD inst u_ddr3_ctrl/u_ddrphy_top/ddrphy_slice_top/ddrphy_dqsi_rdel_cal/N499 that is redundant to u_ddr3_ctrl/u_ddrphy_top/ddrphy_slice_top/ddrphy_data_slice_wrcal/N1647
I: Removed bmsSUB inst u_ddr3_ctrl/u_ddrphy_top/ddrphy_slice_top/ddrphy_dqsi_rdel_cal/N421 that is redundant to u_ddr3_ctrl/u_ddrphy_top/ddrphy_slice_top/ddrphy_data_slice_wrcal/N1443
I: Removed bmsSUB inst u_ddr3_ctrl/u_ddrphy_top/ddrphy_slice_top/ddrphy_dqsi_rdel_cal/N258 that is redundant to u_ddr3_ctrl/u_ddrphy_top/ddrphy_slice_top/ddrphy_data_slice_wrcal/N1027
I: Removed bmsADD inst u_ddr3_ctrl/u_ips_ddrc_top/mcdq_mac_top/mcdq_dcp_top/mcdq_dcp_back_ctrl/timing_wr_pass/N3 that is redundant to u_ddr3_ctrl/u_ips_ddrc_top/mcdq_mac_top/mcdq_dcp_top/mcdq_dcp_back_ctrl/mcdq_timing_rd_pass/N3
I: Removed bmsADD inst u_cpu/u_exu/u_csr/N207 that is redundant to u_cpu/u_exu/N131
I: Removed bmsLT inst u_npu_ctrl/N17 that is redundant to N107
I: Removed bmsADD inst u_ddr3_ctrl/u_ips_ddrc_top/mcdq_mac_top/mcdq_dcp_top/mcdq_dcp_back_ctrl/timing_prea_pass/N8 that is redundant to u_ddr3_ctrl/u_ips_ddrc_top/mcdq_mac_top/mcdq_dcp_top/mcdq_dcp_back_ctrl/PRE_PASS_LOOP[0].timing_pre_pass/N8
I: Removed bmsADD inst u_ddr3_ctrl/u_ips_ddrc_top/mcdq_mac_top/mcdq_dcp_top/mcdq_dcp_back_ctrl/PRE_PASS_LOOP[1].timing_pre_pass/N8 that is redundant to u_ddr3_ctrl/u_ips_ddrc_top/mcdq_mac_top/mcdq_dcp_top/mcdq_dcp_back_ctrl/PRE_PASS_LOOP[0].timing_pre_pass/N8
I: Removed bmsADD inst u_ddr3_ctrl/u_ips_ddrc_top/mcdq_mac_top/mcdq_dcp_top/mcdq_dcp_back_ctrl/PRE_PASS_LOOP[2].timing_pre_pass/N8 that is redundant to u_ddr3_ctrl/u_ips_ddrc_top/mcdq_mac_top/mcdq_dcp_top/mcdq_dcp_back_ctrl/PRE_PASS_LOOP[0].timing_pre_pass/N8
I: Removed bmsADD inst u_ddr3_ctrl/u_ips_ddrc_top/mcdq_mac_top/mcdq_dcp_top/mcdq_dcp_back_ctrl/PRE_PASS_LOOP[3].timing_pre_pass/N8 that is redundant to u_ddr3_ctrl/u_ips_ddrc_top/mcdq_mac_top/mcdq_dcp_top/mcdq_dcp_back_ctrl/PRE_PASS_LOOP[0].timing_pre_pass/N8
I: Removed bmsADD inst u_ddr3_ctrl/u_ips_ddrc_top/mcdq_mac_top/mcdq_dcp_top/mcdq_dcp_back_ctrl/PRE_PASS_LOOP[4].timing_pre_pass/N8 that is redundant to u_ddr3_ctrl/u_ips_ddrc_top/mcdq_mac_top/mcdq_dcp_top/mcdq_dcp_back_ctrl/PRE_PASS_LOOP[0].timing_pre_pass/N8
I: Removed bmsADD inst u_ddr3_ctrl/u_ips_ddrc_top/mcdq_mac_top/mcdq_dcp_top/mcdq_dcp_back_ctrl/PRE_PASS_LOOP[5].timing_pre_pass/N8 that is redundant to u_ddr3_ctrl/u_ips_ddrc_top/mcdq_mac_top/mcdq_dcp_top/mcdq_dcp_back_ctrl/PRE_PASS_LOOP[0].timing_pre_pass/N8
I: Removed bmsADD inst u_ddr3_ctrl/u_ips_ddrc_top/mcdq_mac_top/mcdq_dcp_top/mcdq_dcp_back_ctrl/PRE_PASS_LOOP[6].timing_pre_pass/N8 that is redundant to u_ddr3_ctrl/u_ips_ddrc_top/mcdq_mac_top/mcdq_dcp_top/mcdq_dcp_back_ctrl/PRE_PASS_LOOP[0].timing_pre_pass/N8
I: Removed bmsADD inst u_ddr3_ctrl/u_ips_ddrc_top/mcdq_mac_top/mcdq_dcp_top/mcdq_dcp_back_ctrl/PRE_PASS_LOOP[7].timing_pre_pass/N8 that is redundant to u_ddr3_ctrl/u_ips_ddrc_top/mcdq_mac_top/mcdq_dcp_top/mcdq_dcp_back_ctrl/PRE_PASS_LOOP[0].timing_pre_pass/N8
I: Removed bmsSUB inst u_ddr3_ctrl/u_ddrphy_top/ddrphy_slice_top/ddrphy_dqsi_rdel_cal/N340 that is redundant to u_ddr3_ctrl/u_ddrphy_top/ddrphy_slice_top/ddrphy_data_slice_wrcal/N1236
I: Removed bmsADD inst u_ddr3_ctrl/u_ips_ddrc_top/mcdq_mac_top/mcdq_dcp_top/mcdq_dcp_back_ctrl/TWRA2ACT_LOOP[1].twra2act_timing/N1 that is redundant to u_ddr3_ctrl/u_ips_ddrc_top/mcdq_mac_top/mcdq_dcp_top/mcdq_dcp_back_ctrl/TWRA2ACT_LOOP[0].twra2act_timing/N1
I: Removed bmsADD inst u_ddr3_ctrl/u_ips_ddrc_top/mcdq_mac_top/mcdq_dcp_top/mcdq_dcp_back_ctrl/TWRA2ACT_LOOP[2].twra2act_timing/N1 that is redundant to u_ddr3_ctrl/u_ips_ddrc_top/mcdq_mac_top/mcdq_dcp_top/mcdq_dcp_back_ctrl/TWRA2ACT_LOOP[0].twra2act_timing/N1
I: Removed bmsADD inst u_ddr3_ctrl/u_ips_ddrc_top/mcdq_mac_top/mcdq_dcp_top/mcdq_dcp_back_ctrl/TWRA2ACT_LOOP[3].twra2act_timing/N1 that is redundant to u_ddr3_ctrl/u_ips_ddrc_top/mcdq_mac_top/mcdq_dcp_top/mcdq_dcp_back_ctrl/TWRA2ACT_LOOP[0].twra2act_timing/N1
I: Removed bmsADD inst u_ddr3_ctrl/u_ips_ddrc_top/mcdq_mac_top/mcdq_dcp_top/mcdq_dcp_back_ctrl/TWRA2ACT_LOOP[4].twra2act_timing/N1 that is redundant to u_ddr3_ctrl/u_ips_ddrc_top/mcdq_mac_top/mcdq_dcp_top/mcdq_dcp_back_ctrl/TWRA2ACT_LOOP[0].twra2act_timing/N1
I: Removed bmsADD inst u_ddr3_ctrl/u_ips_ddrc_top/mcdq_mac_top/mcdq_dcp_top/mcdq_dcp_back_ctrl/TWRA2ACT_LOOP[5].twra2act_timing/N1 that is redundant to u_ddr3_ctrl/u_ips_ddrc_top/mcdq_mac_top/mcdq_dcp_top/mcdq_dcp_back_ctrl/TWRA2ACT_LOOP[0].twra2act_timing/N1
I: Removed bmsADD inst u_ddr3_ctrl/u_ips_ddrc_top/mcdq_mac_top/mcdq_dcp_top/mcdq_dcp_back_ctrl/TWRA2ACT_LOOP[6].twra2act_timing/N1 that is redundant to u_ddr3_ctrl/u_ips_ddrc_top/mcdq_mac_top/mcdq_dcp_top/mcdq_dcp_back_ctrl/TWRA2ACT_LOOP[0].twra2act_timing/N1
I: Removed bmsADD inst u_ddr3_ctrl/u_ips_ddrc_top/mcdq_mac_top/mcdq_dcp_top/mcdq_dcp_back_ctrl/TWRA2ACT_LOOP[7].twra2act_timing/N1 that is redundant to u_ddr3_ctrl/u_ips_ddrc_top/mcdq_mac_top/mcdq_dcp_top/mcdq_dcp_back_ctrl/TWRA2ACT_LOOP[0].twra2act_timing/N1
I: Removed bmsEQUAL inst u_cpu/u_idu/N297 that is redundant to u_cpu/u_idu/N246
I: Removed bmsSUB inst u_ddr3_ctrl/u_ddrphy_top/ddrphy_slice_top/ddrphy_dqsi_rdel_cal/N502 that is redundant to u_ddr3_ctrl/u_ddrphy_top/ddrphy_slice_top/ddrphy_data_slice_wrcal/N1650
I: Removed bmsWIDEMUX inst u_ddr3_ctrl/u_ddrphy_top/ddrphy_slice_top/ddrphy_dqsi_rdel_cal/N342 that is redundant to u_ddr3_ctrl/u_ddrphy_top/ddrphy_slice_top/ddrphy_data_slice_wrcal/N1238
I: Removed bmsWIDEDFFCPE inst u_cam2/cpu_rst_meta that is redundant to u_cam1/cpu_rst_meta
I: Removed bmsWIDEDFFCPE inst u_ddr_axi_bridge/cpu_rst_meta that is redundant to u_cam1/cpu_rst_meta
I: Removed bmsWIDEMUX inst u_ddr3_ctrl/u_ddrphy_top/ddrphy_slice_top/ddrphy_dqsi_rdel_cal/N504 that is redundant to u_ddr3_ctrl/u_ddrphy_top/ddrphy_slice_top/ddrphy_data_slice_wrcal/N1652
I: Removed bmsWIDEMUX inst u_ddr3_ctrl/u_ddrphy_top/ddrphy_slice_top/ddrphy_dqsi_rdel_cal/N425 that is redundant to u_ddr3_ctrl/u_ddrphy_top/ddrphy_slice_top/ddrphy_data_slice_wrcal/N1447
I: Removed bmsWIDEDFFCPE inst u_ddr3_ctrl/u_ddrphy_top/ddrphy_slice_top/i_dqs_group[1].ddrphy_data_slice/ddrphy_wdata_path_adj/phy_wrdata_en_r[3:0] that is redundant to u_ddr3_ctrl/u_ddrphy_top/ddrphy_slice_top/i_dqs_group[0].ddrphy_data_slice/ddrphy_wdata_path_adj/phy_wrdata_en_r[3:0]
I: Removed bmsWIDEDFFCPE inst u_ddr3_ctrl/u_ddrphy_top/ddrphy_slice_top/i_dqs_group[2].ddrphy_data_slice/ddrphy_wdata_path_adj/phy_wrdata_en_r[3:0] that is redundant to u_ddr3_ctrl/u_ddrphy_top/ddrphy_slice_top/i_dqs_group[0].ddrphy_data_slice/ddrphy_wdata_path_adj/phy_wrdata_en_r[3:0]
I: Removed bmsWIDEDFFCPE inst u_ddr3_ctrl/u_ddrphy_top/ddrphy_slice_top/i_dqs_group[3].ddrphy_data_slice/ddrphy_wdata_path_adj/phy_wrdata_en_r[3:0] that is redundant to u_ddr3_ctrl/u_ddrphy_top/ddrphy_slice_top/i_dqs_group[0].ddrphy_data_slice/ddrphy_wdata_path_adj/phy_wrdata_en_r[3:0]
I: Removed bmsWIDEDFFCPE inst u_cam1/u_fifo/rd_rst_q1 that is redundant to u_cam1/mem_rst_meta
I: Removed bmsWIDEDFFCPE inst u_cam2/mem_rst_meta that is redundant to u_cam1/mem_rst_meta
I: Removed bmsWIDEDFFCPE inst u_cam2/u_fifo/rd_rst_q1 that is redundant to u_cam1/mem_rst_meta
I: Removed bmsWIDEDFFCPE inst u_ddr3_ctrl/u_ddrc_rstn_sync/sig_async_r1[0] that is redundant to u_cam1/mem_rst_meta
I: Removed bmsWIDEDFFCPE inst u_ddr_axi_bridge/ddr_rst_meta that is redundant to u_cam1/mem_rst_meta
I: Removed bmsWIDEDFFCPE inst u_cam1/u_fifo/wr_rst_q1 that is redundant to u_cam1/pclk_rst_meta
I: Removed bmsWIDEDFFCPE inst u_cam1/u_dvp_rx/pclk_rst_q1 that is redundant to u_cam1/pclk_rst_meta
I: Removed bmsWIDEDFFCPE inst u_cam2/u_fifo/wr_rst_q1 that is redundant to u_cam2/pclk_rst_meta
I: Removed bmsWIDEDFFCPE inst u_cam2/u_dvp_rx/pclk_rst_q1 that is redundant to u_cam2/pclk_rst_meta
I: Removed bmsWIDEMUX inst u_ddr3_ctrl/u_ddrphy_top/ddrphy_slice_top/ddrphy_dqsi_rdel_cal/N344 that is redundant to u_ddr3_ctrl/u_ddrphy_top/ddrphy_slice_top/ddrphy_data_slice_wrcal/N1240
I: Removed bmsWIDEDFFCPE inst u_ddr3_ctrl/u_ddrphy_top/ddrphy_calib_top/ddrphy_wrlvl/wrlvl_cke that is redundant to u_ddr3_ctrl/u_ddrphy_top/ddrphy_calib_top/ddrphy_rdcal/rdcal_cke
I: Removed bmsWIDEDFFCPE inst u_ddr3_ctrl/u_ddrphy_top/ddrphy_calib_top/ddrphy_rdcal/rdcal_cke that is redundant to u_ddr3_ctrl/u_ddrphy_top/ddrphy_calib_top/ddrphy_eyecal/eyecal_cke
I: Removed bmsWIDEDFFCPE inst u_ddr3_ctrl/u_ddrphy_top/ddrphy_calib_top/ddrphy_wrcal/wrcal_cke that is redundant to u_ddr3_ctrl/u_ddrphy_top/ddrphy_calib_top/ddrphy_eyecal/eyecal_cke
I: Removed bmsWIDEMUX inst u_ddr3_ctrl/u_ddrphy_top/ddrphy_slice_top/ddrphy_dqsi_rdel_cal/N423 that is redundant to u_ddr3_ctrl/u_ddrphy_top/ddrphy_slice_top/ddrphy_data_slice_wrcal/N1445
I: Removed bmsWIDEMUX inst u_ddr3_ctrl/u_ddrphy_top/ddrphy_slice_top/ddrphy_dqsi_rdel_cal/N260 that is redundant to u_ddr3_ctrl/u_ddrphy_top/ddrphy_slice_top/ddrphy_data_slice_wrcal/N1029
I: Removed bmsWIDEMUX inst u_ddr3_ctrl/u_ddrphy_top/ddrphy_slice_top/ddrphy_dqsi_rdel_cal/N262 that is redundant to u_ddr3_ctrl/u_ddrphy_top/ddrphy_slice_top/ddrphy_data_slice_wrcal/N1031
I: Removed bmsWIDEMUX inst u_ddr3_ctrl/u_ddrphy_top/ddrphy_slice_top/ddrphy_dqsi_rdel_cal/N506 that is redundant to u_ddr3_ctrl/u_ddrphy_top/ddrphy_slice_top/ddrphy_data_slice_wrcal/N1654
I: Removed bmsWIDEDFFCPE inst u_ddr3_ctrl/u_ddrphy_top/ddrphy_slice_top/i_dqs_group[1].ddrphy_data_slice/ddrphy_dqs_rddata_align/all_group_ca_dly_r1 that is redundant to u_ddr3_ctrl/u_ddrphy_top/ddrphy_slice_top/i_dqs_group[0].ddrphy_data_slice/ddrphy_dqs_rddata_align/all_group_ca_dly_r1
I: Removed bmsWIDEDFFCPE inst u_ddr3_ctrl/u_ddrphy_top/ddrphy_slice_top/i_dqs_group[2].ddrphy_data_slice/ddrphy_dqs_rddata_align/all_group_ca_dly_r1 that is redundant to u_ddr3_ctrl/u_ddrphy_top/ddrphy_slice_top/i_dqs_group[0].ddrphy_data_slice/ddrphy_dqs_rddata_align/all_group_ca_dly_r1
I: Removed bmsWIDEDFFCPE inst u_ddr3_ctrl/u_ddrphy_top/ddrphy_slice_top/i_dqs_group[3].ddrphy_data_slice/ddrphy_dqs_rddata_align/all_group_ca_dly_r1 that is redundant to u_ddr3_ctrl/u_ddrphy_top/ddrphy_slice_top/i_dqs_group[0].ddrphy_data_slice/ddrphy_dqs_rddata_align/all_group_ca_dly_r1
I: Removed bmsWIDEDFFCPE inst u_cam2/cpu_rst_sync that is redundant to u_cam1/cpu_rst_sync
I: Removed bmsWIDEDFFCPE inst u_ddr_axi_bridge/cpu_rst_sync that is redundant to u_cam1/cpu_rst_sync
I: Removed bmsWIDEDFFCPE inst u_ddr3_ctrl/u_ddrphy_top/ddrphy_slice_top/i_dqs_group[1].ddrphy_data_slice/ddrphy_dqs_rddata_align/all_group_ca_dly_r2 that is redundant to u_ddr3_ctrl/u_ddrphy_top/ddrphy_slice_top/i_dqs_group[0].ddrphy_data_slice/ddrphy_dqs_rddata_align/all_group_ca_dly_r2
I: Removed bmsWIDEDFFCPE inst u_ddr3_ctrl/u_ddrphy_top/ddrphy_slice_top/i_dqs_group[2].ddrphy_data_slice/ddrphy_dqs_rddata_align/all_group_ca_dly_r2 that is redundant to u_ddr3_ctrl/u_ddrphy_top/ddrphy_slice_top/i_dqs_group[0].ddrphy_data_slice/ddrphy_dqs_rddata_align/all_group_ca_dly_r2
I: Removed bmsWIDEDFFCPE inst u_ddr3_ctrl/u_ddrphy_top/ddrphy_slice_top/i_dqs_group[3].ddrphy_data_slice/ddrphy_dqs_rddata_align/all_group_ca_dly_r2 that is redundant to u_ddr3_ctrl/u_ddrphy_top/ddrphy_slice_top/i_dqs_group[0].ddrphy_data_slice/ddrphy_dqs_rddata_align/all_group_ca_dly_r2
I: Removed bmsREDOR inst u_cam2/N646 that is redundant to u_cam1/N646
I: Removed bmsWIDEDFFCPE inst u_cam1/u_fifo/rd_rst_q2 that is redundant to u_cam1/mem_rst_sync
I: Removed bmsWIDEDFFCPE inst u_cam2/mem_rst_sync that is redundant to u_cam1/mem_rst_sync
I: Removed bmsWIDEDFFCPE inst u_cam2/u_fifo/rd_rst_q2 that is redundant to u_cam1/mem_rst_sync
I: Removed bmsWIDEDFFCPE inst u_ddr3_ctrl/u_ddrc_rstn_sync/sig_async_r2[0] that is redundant to u_cam1/mem_rst_sync
I: Removed bmsWIDEDFFCPE inst u_ddr_axi_bridge/ddr_rst_sync that is redundant to u_cam1/mem_rst_sync
I: Removed bmsWIDEDFFCPE inst u_cam1/u_fifo/wr_rst_q2 that is redundant to u_cam1/pclk_rst_sync
I: Removed bmsWIDEDFFCPE inst u_cam1/u_dvp_rx/pclk_rst_q2 that is redundant to u_cam1/pclk_rst_sync
I: Removed bmsWIDEDFFCPE inst u_cam2/u_fifo/wr_rst_q2 that is redundant to u_cam2/pclk_rst_sync
I: Removed bmsWIDEDFFCPE inst u_cam2/u_dvp_rx/pclk_rst_q2 that is redundant to u_cam2/pclk_rst_sync
I: Removed bmsWIDEDFFCPE inst u_ddr3_ctrl/u_ddrphy_top/ddrphy_dfi/dfi_cke_d[2] that is redundant to u_ddr3_ctrl/u_ddrphy_top/ddrphy_dfi/dfi_cke_d[1]
I: Removed bmsWIDEDFFCPE inst u_ddr3_ctrl/u_ddrphy_top/ddrphy_dfi/dfi_cke_d[3] that is redundant to u_ddr3_ctrl/u_ddrphy_top/ddrphy_dfi/dfi_cke_d[1]
W: Removed bmsWIDEDFFRSE inst u_ddr3_ctrl/u_ips_ddrc_top/mcdq_axi_mc/mcdq_axi_cmd_arb/arb_cmddata_out[44:0] at 29 that is stuck at constant 0.
W: Removed bmsWIDEDFFRSE inst u_ddr3_ctrl/u_ips_ddrc_top/mcdq_axi_mc/mcdq_axi_channel0/mcdq_axi_rdata_align/axi_back_ardata_in_pre[31:0] at 2 that is stuck at constant 0.
W: Removed bmsWIDEDFFCPE inst u_ddr3_ctrl/u_ddrphy_top/ddrphy_calib_top/ddrphy_calib_mux/calib_ba[2:0] at 2 that is stuck at constant 0.
W: Removed bmsWIDEDFFCPE inst u_ddr3_ctrl/u_ips_ddrc_top/mcdq_mac_top/mcdq_dfi/mux_dfi_we_n[3:0] at 1 that is stuck at constant 1.
W: Removed bmsWIDEDFFPATCE inst u_ddr3_ctrl/u_ips_ddrc_top/mcdq_mac_top/mcdq_lp/state_reg at 4 that is stuck at constant 0.
W: Removed bmsWIDEDFFPATCE inst u_ddr3_ctrl/u_ips_ddrc_top/mcdq_mac_top/mcdq_lp/state_reg at 7 that is stuck at constant 0.
W: Removed bmsWIDEDFFCPE inst u_ddr3_ctrl/u_ips_ddrc_top/mcdq_mac_top/mcdq_mrs/mrs_addr[9:0] at 0 that is stuck at constant 0.
W: Removed bmsWIDEDFFCPE inst u_ddr3_ctrl/u_ips_ddrc_top/mcdq_mac_top/mcdq_mrs/mrs_addr[15:11] at 1 that is stuck at constant 0.
W: Removed bmsWIDEDFFCPE inst u_npu_ctrl/done_reg that is stuck at constant 0.
W: Removed bmsWIDEDFFCPE inst u_ddr3_ctrl/u_ips_ddrc_top/mcdq_axi_mc/mcdq_axi_cmd_arb/mcdq_axi_dec/pre_id[7:0] at 1 that is stuck at constant 0.
W: Removed bmsWIDEDFFCPE inst u_ddr3_ctrl/u_ips_ddrc_top/mcdq_axi_mc/mcdq_axi_cmd_arb/mcdq_axi_dec/pre_port[1:0] at 0 that is stuck at constant 0.
W: Removed bmsWIDEDFFCPE inst u_ddr3_ctrl/u_ips_ddrc_top/mcdq_axi_mc/mcdq_axi_cmd_arb/mcdq_axi_dec/u_user_cmd_fifo/data_0[61:0] at 29 that is stuck at constant 0.
W: Removed bmsWIDEDFFCPE inst u_ddr3_ctrl/u_ips_ddrc_top/mcdq_axi_mc/mcdq_axi_cmd_arb/mcdq_axi_dec/u_user_cmd_fifo/data_0[61:0] at 42 that is stuck at constant 0.
W: Removed bmsWIDEDFFCPE inst u_ddr3_ctrl/u_ips_ddrc_top/mcdq_axi_mc/mcdq_axi_cmd_arb/mcdq_axi_dec/u_user_cmd_fifo/data_1[61:0] at 29 that is stuck at constant 0.
W: Removed bmsWIDEDFFCPE inst u_ddr3_ctrl/u_ips_ddrc_top/mcdq_axi_mc/mcdq_axi_cmd_arb/mcdq_axi_dec/u_user_cmd_fifo/data_1[61:0] at 42 that is stuck at constant 0.
W: Removed bmsWIDEDFFRSE inst u_ddr3_ctrl/u_ips_ddrc_top/mcdq_axi_mc/mcdq_axi_channel0/mcdq_axi_rdata_align/u_axi_rdcmd_back_fifo/data_out[32:0] at 10 that is stuck at constant 0.
W: Removed bmsWIDEDFFRSE inst u_ddr3_ctrl/u_ips_ddrc_top/mcdq_axi_mc/mcdq_axi_channel0/mcdq_axi_rdata_align/u_axi_rdcmd_back_fifo/data_out[32:0] at 11 that is stuck at constant 0.
W: Removed bmsWIDEDFFCPE inst u_ddr3_ctrl/u_ddrphy_top/ddrphy_dfi/phy_we_n_d[3:0] at 1 that is stuck at constant 1.
W: Removed bmsWIDEDFFCPE inst u_ddr3_ctrl/u_ips_ddrc_top/mcdq_mac_top/mcdq_dfi/mrs2dfi_address[9:0] at 0 that is stuck at constant 0.
W: Removed bmsWIDEDFFCPE inst u_ddr3_ctrl/u_ips_ddrc_top/mcdq_mac_top/mcdq_dfi/mrs2dfi_address[14:11] at 2 that is stuck at constant 0.
W: Removed bmsWIDEDFFCPE inst u_ddr3_ctrl/u_ddrphy_top/ddrphy_slice_top/ddrphy_control_path_adj/phy_we_n_r[3:0] at 1 that is stuck at constant 1.
W: Removed bmsWIDEDFFCPE inst u_ddr3_ctrl/u_ips_ddrc_top/mcdq_axi_mc/mcdq_axi_cmd_arb/axi_bid[7:0] at 1 that is stuck at constant 0.
W: Removed bmsWIDEDFFCPE inst u_ddr3_ctrl/u_ips_ddrc_top/mcdq_axi_mc/axi0_in_bid[7:0] at 1 that is stuck at constant 0.
W: Removed bmsWIDEDFFCPE inst u_ddr3_ctrl/u_ips_ddrc_top/mcdq_mac_top/mcdq_dcd_top/mcdq_dcd_bm/dec_id[9:0] at 1 that is stuck at constant 0.
W: Removed bmsWIDEDFFCPE inst u_ddr3_ctrl/u_ips_ddrc_top/mcdq_mac_top/mcdq_dcd_top/mcdq_dcd_bm/dec_id[9:0] at 8 that is stuck at constant 0.
W: Removed bmsWIDEDFFCPE inst u_ddr3_ctrl/u_ips_ddrc_top/mcdq_mac_top/mcdq_dcd_top/mcdq_dcd_sm/dcd_wr_id[9:0] at 1 that is stuck at constant 0.
W: Removed bmsWIDEDFFCPE inst u_ddr3_ctrl/u_ips_ddrc_top/mcdq_mac_top/mcdq_dcd_top/mcdq_dcd_sm/dcd_wr_id[9:0] at 8 that is stuck at constant 0.
W: Removed bmsWIDEDFFRSE inst u_ddr3_ctrl/u_ips_ddrc_top/mcdq_axi_mc/mcdq_axi_channel0/mcdq_axi_bresp_buf/u_axi_bresp_fifo/data_out[9:0] at 3 that is stuck at constant 0.
W: Removed bmsWIDEDFFRSE inst u_ddr3_ctrl/u_ips_ddrc_top/mcdq_axi_mc/mcdq_axi_channel0/mcdq_axi_bresp_buf/u_axi_bresp_fifo/data_out[9:0] at 4 that is stuck at constant 0.
W: Removed bmsWIDEDFFRSE inst u_ddr3_ctrl/u_ips_ddrc_top/mcdq_axi_mc/mcdq_axi_channel0/mcdq_axi_bresp_buf/u_axi_bresp_fifo/data_out[9:0] at 5 that is stuck at constant 0.
W: Removed bmsWIDEDFFRSE inst u_ddr3_ctrl/u_ips_ddrc_top/mcdq_axi_mc/mcdq_axi_channel0/mcdq_axi_bresp_buf/u_axi_bresp_fifo/data_out[9:0] at 6 that is stuck at constant 0.
W: Removed bmsWIDEDFFRSE inst u_ddr3_ctrl/u_ips_ddrc_top/mcdq_axi_mc/mcdq_axi_channel0/mcdq_axi_bresp_buf/u_axi_bresp_fifo/data_out[9:0] at 7 that is stuck at constant 0.
W: Removed bmsWIDEDFFRSE inst u_ddr3_ctrl/u_ips_ddrc_top/mcdq_axi_mc/mcdq_axi_channel0/mcdq_axi_bresp_buf/u_axi_bresp_fifo/data_out[9:0] at 9 that is stuck at constant 0.
W: Removed bmsWIDEDFFCPE inst u_ddr3_ctrl/u_ips_ddrc_top/mcdq_mac_top/mcdq_dcp_top/mcdq_dcp_buf/fifo_rdata_a[48:0] at 34 that is stuck at constant 0.
W: Removed bmsWIDEDFFCPE inst u_ddr3_ctrl/u_ips_ddrc_top/mcdq_mac_top/mcdq_dcp_top/mcdq_dcp_buf/fifo_rdata_a[48:0] at 35 that is stuck at constant 0.
W: Removed bmsWIDEDFFCPE inst u_ddr3_ctrl/u_ips_ddrc_top/mcdq_mac_top/mcdq_dcp_top/mcdq_dcp_buf/fifo_rdata_a[48:0] at 36 that is stuck at constant 0.
W: Removed bmsWIDEDFFCPE inst u_ddr3_ctrl/u_ips_ddrc_top/mcdq_mac_top/mcdq_dcp_top/mcdq_dcp_buf/fifo_rdata_a[48:0] at 37 that is stuck at constant 0.
W: Removed bmsWIDEDFFCPE inst u_ddr3_ctrl/u_ips_ddrc_top/mcdq_mac_top/mcdq_dcp_top/mcdq_dcp_buf/fifo_rdata_a[48:0] at 38 that is stuck at constant 0.
W: Removed bmsWIDEDFFCPE inst u_ddr3_ctrl/u_ips_ddrc_top/mcdq_mac_top/mcdq_dcp_top/mcdq_dcp_buf/fifo_rdata_a[48:0] at 40 that is stuck at constant 0.
W: Removed bmsWIDEDFFCPE inst u_ddr3_ctrl/u_ips_ddrc_top/mcdq_mac_top/mcdq_dcp_top/mcdq_dcp_buf/fifo_rdata_a[48:0] at 41 that is stuck at constant 0.
W: Removed bmsWIDEDFFCPE inst u_ddr3_ctrl/u_ips_ddrc_top/mcdq_mac_top/mcdq_dcp_top/mcdq_dcp_buf/fifo_rdata_a[48:0] at 42 that is stuck at constant 0.
W: Removed bmsWIDEDFFCPE inst u_ddr3_ctrl/u_ips_ddrc_top/mcdq_mac_top/mcdq_dcp_top/mcdq_dcp_buf/fifo_rdata_b[48:0] at 34 that is stuck at constant 0.
W: Removed bmsWIDEDFFCPE inst u_ddr3_ctrl/u_ips_ddrc_top/mcdq_mac_top/mcdq_dcp_top/mcdq_dcp_buf/fifo_rdata_b[48:0] at 35 that is stuck at constant 0.
W: Removed bmsWIDEDFFCPE inst u_ddr3_ctrl/u_ips_ddrc_top/mcdq_mac_top/mcdq_dcp_top/mcdq_dcp_buf/fifo_rdata_b[48:0] at 36 that is stuck at constant 0.
W: Removed bmsWIDEDFFCPE inst u_ddr3_ctrl/u_ips_ddrc_top/mcdq_mac_top/mcdq_dcp_top/mcdq_dcp_buf/fifo_rdata_b[48:0] at 37 that is stuck at constant 0.
W: Removed bmsWIDEDFFCPE inst u_ddr3_ctrl/u_ips_ddrc_top/mcdq_mac_top/mcdq_dcp_top/mcdq_dcp_buf/fifo_rdata_b[48:0] at 38 that is stuck at constant 0.
W: Removed bmsWIDEDFFCPE inst u_ddr3_ctrl/u_ips_ddrc_top/mcdq_mac_top/mcdq_dcp_top/mcdq_dcp_buf/fifo_rdata_b[48:0] at 40 that is stuck at constant 0.
W: Removed bmsWIDEDFFCPE inst u_ddr3_ctrl/u_ips_ddrc_top/mcdq_mac_top/mcdq_dcp_top/mcdq_dcp_buf/fifo_rdata_b[48:0] at 41 that is stuck at constant 0.
W: Removed bmsWIDEDFFCPE inst u_ddr3_ctrl/u_ips_ddrc_top/mcdq_mac_top/mcdq_dcp_top/mcdq_dcp_buf/fifo_rdata_b[48:0] at 42 that is stuck at constant 0.
W: Removed bmsWIDEDFFRSE inst u_ddr3_ctrl/u_ips_ddrc_top/mcdq_axi_mc/mcdq_axi_channel0/mcdq_axi_rdata_align/axi_back_ardata_in_pre[31:0] at 2 that is stuck at constant 0.
W: Removed bmsWIDEDFFCPE inst u_ddr3_ctrl/u_ips_ddrc_top/mcdq_mac_top/mcdq_lp/lp_cas_n[1:0] at 1 that is stuck at constant 1.
W: Removed bmsWIDEDFFCPE inst u_ddr3_ctrl/u_ips_ddrc_top/mcdq_mac_top/mcdq_lp/lp_cs_n[1:0] at 1 that is stuck at constant 1.
W: Removed bmsWIDEDFFCPE inst u_ddr3_ctrl/u_ips_ddrc_top/mcdq_mac_top/mcdq_dcp_top/mcdq_dcp_buf/req_rdata[48:0] at 34 that is stuck at constant 0.
W: Removed bmsWIDEDFFCPE inst u_ddr3_ctrl/u_ips_ddrc_top/mcdq_mac_top/mcdq_dcp_top/mcdq_dcp_back_ctrl/back_rdata_d1[48:0] at 34 that is stuck at constant 0.
W: Removed bmsWIDEDFFRSE inst u_ddr3_ctrl/u_ips_ddrc_top/mcdq_axi_mc/mcdq_axi_channel0/mcdq_axi_rdata_align/u_axi_rdcmd_back_fifo/data_out[32:0] at 12 that is stuck at constant 0.
W: Removed bmsWIDEDFFRSE inst u_ddr3_ctrl/u_ips_ddrc_top/mcdq_axi_mc/mcdq_axi_channel0/mcdq_axi_rdata_align/axi_back_ardata_in_pre[31:0] at 8 that is stuck at constant 0.
W: Removed bmsWIDEDFFRSE inst u_ddr3_ctrl/u_ips_ddrc_top/mcdq_axi_mc/mcdq_axi_channel0/mcdq_axi_rdata_align/u_axi_rdcmd_back_fifo/data_out[32:0] at 9 that is stuck at constant 0.
W: Removed bmsWIDEDFFCPE inst u_ddr3_ctrl/u_ips_ddrc_top/mcdq_mac_top/mcdq_dfi/mux_dfi_cs_n[3:0] at 1 that is stuck at constant 1.
W: Removed bmsWIDEDFFCPE inst u_ddr3_ctrl/u_ips_ddrc_top/mcdq_mac_top/mcdq_dfi/mux_dfi_ras_n[3:0] at 1 that is stuck at constant 1.
W: Removed bmsWIDEDFFCPE inst u_ddr3_ctrl/u_ips_ddrc_top/mcdq_mac_top/mcdq_dfi/mux_dfi_cas_n[3:0] at 1 that is stuck at constant 1.
W: Removed bmsWIDEDFFCPE inst u_ddr3_ctrl/u_ddrphy_top/ddrphy_dfi/phy_cs_n_d[3:0] at 1 that is stuck at constant 1.
W: Removed bmsWIDEDFFCPE inst u_ddr3_ctrl/u_ddrphy_top/ddrphy_dfi/phy_ras_n_d[3:0] at 1 that is stuck at constant 1.
W: Removed bmsWIDEDFFCPE inst u_ddr3_ctrl/u_ddrphy_top/ddrphy_dfi/phy_cas_n_d[3:0] at 1 that is stuck at constant 1.
W: Removed bmsWIDEDFFCPE inst u_ddr3_ctrl/u_ddrphy_top/ddrphy_slice_top/ddrphy_control_path_adj/phy_cs_n_r[3:0] at 1 that is stuck at constant 1.
W: Removed bmsWIDEDFFCPE inst u_ddr3_ctrl/u_ddrphy_top/ddrphy_slice_top/ddrphy_control_path_adj/phy_ras_n_r[3:0] at 1 that is stuck at constant 1.
W: Removed bmsWIDEDFFCPE inst u_ddr3_ctrl/u_ddrphy_top/ddrphy_dfi/dfi_refresh_gen[1] that is stuck at constant 0.
W: Removed bmsWIDEDFFCPE inst u_ddr3_ctrl/u_ddrphy_top/ddrphy_slice_top/ddrphy_control_path_adj/phy_cas_n_r[3:0] at 1 that is stuck at constant 1.
W: Removed bmsWIDEDFFCPE inst u_ddr3_ctrl/u_ddrphy_top/ddrphy_slice_top/ddrphy_data_slice_dqs_gate_cal/ddrphy_dqs_gate_coarse_cal/read_cmd_mux_r1[3:0] at 1 that is stuck at constant 0.
W: Removed bmsWIDEDFFCPE inst u_ddr3_ctrl/u_ddrphy_top/ddrphy_slice_top/ddrphy_data_slice_dqs_gate_cal/ddrphy_dqs_gate_coarse_cal/read_cmd_mux_r2[3:0] at 1 that is stuck at constant 0.
W: Removed bmsWIDEDFFCPE inst u_ddr3_ctrl/u_ddrphy_top/ddrphy_slice_top/ddrphy_data_slice_dqs_gate_cal/ddrphy_dqs_gate_coarse_cal/read_cmd_mux_r3[3:0] at 1 that is stuck at constant 0.
W: Public-4008: Instance 'u_camera_ddr_arbiter/read_rr_next' of 'bmsWIDEDFFCPE' unit is dangling and will be cleaned.
W: Public-4008: Instance 'u_ddr3_ctrl/u_ddrphy_top/ddrphy_calib_top/ddrphy_main_ctrl/u_wrlvl_done_sync/sig_async_r2[0]' of 'bmsWIDEDFFCPE' unit is dangling and will be cleaned.
W: Public-4008: Instance 'u_ddr3_ctrl/u_ddrphy_top/ddrphy_calib_top/ddrphy_main_ctrl/u_wrlvl_done_sync/sig_async_r1[0]' of 'bmsWIDEDFFCPE' unit is dangling and will be cleaned.
W: Public-4008: Instance 'u_ddr3_ctrl/u_ddrphy_top/ddrphy_dfi/dfi_cke_d[0]' of 'bmsWIDEDFFCPE' unit is dangling and will be cleaned.
W: Public-4008: Instance 'u_ddr3_ctrl/u_ddrphy_top/ddrphy_dfi/dfi_cke_d[1]' of 'bmsWIDEDFFCPE' unit is dangling and will be cleaned.
W: Public-4008: Instance 'u_ddr3_ctrl/u_ddrphy_top/ddrphy_dfi/dfi_refresh' of 'bmsWIDEDFFCPE' unit is dangling and will be cleaned.
W: Public-4008: Instance 'u_ddr3_ctrl/u_ddrphy_top/ddrphy_dfi/dfi_refresh_gen[0]' of 'bmsWIDEDFFCPE' unit is dangling and will be cleaned.
W: Public-4008: Instance 'u_ddr3_ctrl/u_ddrphy_top/ddrphy_dfi/dfi_refresh_gen[2]' of 'bmsWIDEDFFCPE' unit is dangling and will be cleaned.
W: Public-4008: Instance 'u_ddr3_ctrl/u_ddrphy_top/ddrphy_dfi/dfi_refresh_gen_or_d1' of 'bmsWIDEDFFCPE' unit is dangling and will be cleaned.
W: Public-4008: Instance 'u_ddr3_ctrl/u_ddrphy_top/ddrphy_dfi/dfi_refresh_gen_or_d2' of 'bmsWIDEDFFCPE' unit is dangling and will be cleaned.
W: Public-4008: Instance 'u_ddr3_ctrl/u_ddrphy_top/ddrphy_dfi/dfi_refresh_gen_or_d3' of 'bmsWIDEDFFCPE' unit is dangling and will be cleaned.
W: Public-4008: Instance 'u_ddr3_ctrl/u_ddrphy_top/ddrphy_dll_update_ctrl/dfi_refresh_d[1:0]' of 'bmsWIDEDFFCPE' unit is dangling and will be cleaned.
W: Public-4008: Instance 'u_ddr3_ctrl/u_ddrphy_top/ddrphy_slice_top/i_dqs_group[0].ddrphy_data_slice/ddrphy_data_slice_wrlvl/ck_check_done' of 'bmsWIDEDFFCPE' unit is dangling and will be cleaned.
W: Public-4008: Instance 'u_ddr3_ctrl/u_ddrphy_top/ddrphy_slice_top/i_dqs_group[0].ddrphy_data_slice/ddrphy_data_slice_wrlvl/vld_init_cnt[9:0]' of 'bmsWIDEDFFCPE' unit is dangling and will be cleaned.
W: Public-4008: Instance 'u_ddr3_ctrl/u_ddrphy_top/ddrphy_slice_top/i_dqs_group[0].ddrphy_data_slice/ddrphy_data_slice_wrlvl/wrlvl_ck_check_seq[13:0]' of 'bmsWIDEDFFCPE' unit is dangling and will be cleaned.
W: Public-4008: Instance 'u_ddr3_ctrl/u_ddrphy_top/ddrphy_slice_top/i_dqs_group[0].ddrphy_data_slice/ddrphy_data_slice_wrlvl/wrlvl_ck_check_seq_step7_reg[13:0]' of 'bmsWIDEDFFCPE' unit is dangling and will be cleaned.
W: Public-4008: Instance 'u_ddr3_ctrl/u_ddrphy_top/ddrphy_slice_top/i_dqs_group[1].ddrphy_data_slice/ddrphy_data_slice_wrlvl/ck_check_done' of 'bmsWIDEDFFCPE' unit is dangling and will be cleaned.
W: Public-4008: Instance 'u_ddr3_ctrl/u_ddrphy_top/ddrphy_slice_top/i_dqs_group[1].ddrphy_data_slice/ddrphy_data_slice_wrlvl/vld_init_cnt[9:0]' of 'bmsWIDEDFFCPE' unit is dangling and will be cleaned.
W: Public-4008: Instance 'u_ddr3_ctrl/u_ddrphy_top/ddrphy_slice_top/i_dqs_group[1].ddrphy_data_slice/ddrphy_data_slice_wrlvl/wrlvl_ck_check_seq[13:0]' of 'bmsWIDEDFFCPE' unit is dangling and will be cleaned.
W: Public-4008: Instance 'u_ddr3_ctrl/u_ddrphy_top/ddrphy_slice_top/i_dqs_group[1].ddrphy_data_slice/ddrphy_data_slice_wrlvl/wrlvl_ck_check_seq_step7_reg[13:0]' of 'bmsWIDEDFFCPE' unit is dangling and will be cleaned.
W: Public-4008: Instance 'u_ddr3_ctrl/u_ddrphy_top/ddrphy_slice_top/i_dqs_group[2].ddrphy_data_slice/ddrphy_data_slice_wrlvl/ck_check_done' of 'bmsWIDEDFFCPE' unit is dangling and will be cleaned.
W: Public-4008: Instance 'u_ddr3_ctrl/u_ddrphy_top/ddrphy_slice_top/i_dqs_group[2].ddrphy_data_slice/ddrphy_data_slice_wrlvl/vld_init_cnt[9:0]' of 'bmsWIDEDFFCPE' unit is dangling and will be cleaned.
W: Public-4008: Instance 'u_ddr3_ctrl/u_ddrphy_top/ddrphy_slice_top/i_dqs_group[2].ddrphy_data_slice/ddrphy_data_slice_wrlvl/wrlvl_ck_check_seq[13:0]' of 'bmsWIDEDFFCPE' unit is dangling and will be cleaned.
W: Public-4008: Instance 'u_ddr3_ctrl/u_ddrphy_top/ddrphy_slice_top/i_dqs_group[2].ddrphy_data_slice/ddrphy_data_slice_wrlvl/wrlvl_ck_check_seq_step7_reg[13:0]' of 'bmsWIDEDFFCPE' unit is dangling and will be cleaned.
W: Public-4008: Instance 'u_ddr3_ctrl/u_ddrphy_top/ddrphy_slice_top/i_dqs_group[3].ddrphy_data_slice/ddrphy_data_slice_wrlvl/ck_check_done' of 'bmsWIDEDFFCPE' unit is dangling and will be cleaned.
W: Public-4008: Instance 'u_ddr3_ctrl/u_ddrphy_top/ddrphy_slice_top/i_dqs_group[3].ddrphy_data_slice/ddrphy_data_slice_wrlvl/vld_init_cnt[9:0]' of 'bmsWIDEDFFCPE' unit is dangling and will be cleaned.
W: Public-4008: Instance 'u_ddr3_ctrl/u_ddrphy_top/ddrphy_slice_top/i_dqs_group[3].ddrphy_data_slice/ddrphy_data_slice_wrlvl/wrlvl_ck_check_seq[13:0]' of 'bmsWIDEDFFCPE' unit is dangling and will be cleaned.
W: Public-4008: Instance 'u_ddr3_ctrl/u_ddrphy_top/ddrphy_slice_top/i_dqs_group[3].ddrphy_data_slice/ddrphy_data_slice_wrlvl/wrlvl_ck_check_seq_step7_reg[13:0]' of 'bmsWIDEDFFCPE' unit is dangling and will be cleaned.
W: Public-4008: Instance 'u_ddr3_ctrl/u_ips_ddrc_top/mcdq_mac_top/mcdq_apb_cross/des_p_rdy_hold' of 'bmsWIDEDFFCPE' unit is dangling and will be cleaned.
W: Public-4008: Instance 'u_ddr3_ctrl/u_ips_ddrc_top/mcdq_mac_top/mcdq_apb_cross/o_des_p_enable' of 'bmsWIDEDFFCPE' unit is dangling and will be cleaned.
W: Public-4008: Instance 'u_ddr3_ctrl/u_ips_ddrc_top/mcdq_mac_top/mcdq_apb_cross/o_des_p_sel' of 'bmsWIDEDFFCPE' unit is dangling and will be cleaned.
W: Public-4008: Instance 'u_ddr3_ctrl/u_ips_ddrc_top/mcdq_mac_top/mcdq_cfg_apb/core_apb_ready' of 'bmsWIDEDFFCPE' unit is dangling and will be cleaned.
W: Public-4008: Instance 'u_ddr3_ctrl/u_ips_ddrc_top/mcdq_mac_top/mcdq_lp/lp_done' of 'bmsWIDEDFFCPE' unit is dangling and will be cleaned.
W: Public-4008: Instance 'u_ddr3_ctrl/u_ddrphy_top/ddrphy_slice_top/i_dqs_group[0].ddrphy_data_slice/ddrphy_data_slice_wrlvl/ck_dly_set_bin_tra[7:0]' of 'bmsWIDEDFFCPE' unit is dangling and will be cleaned.
W: Public-4008: Instance 'u_ddr3_ctrl/u_ips_ddrc_top/mcdq_mac_top/mcdq_lp/delay[12:0]' of 'bmsWIDEDFFCPE' unit is dangling and will be cleaned.
W: Public-4008: Instance 'u_ddr3_ctrl/u_ips_ddrc_top/mcdq_mac_top/mcdq_mpr/delay[7:0]' of 'bmsWIDEDFFCPE' unit is dangling and will be cleaned.
W: Public-4008: Instance 'u_ddr3_ctrl/u_ddrphy_top/ddrphy_slice_top/i_dqs_group[0].ddrphy_data_slice/ddrphy_data_slice_wrlvl/ck_dly_step[7:0]' of 'bmsWIDEDFFCPE' unit is dangling and will be cleaned.
W: Public-4008: Instance 'u_ddr3_ctrl/u_ddrphy_top/ddrphy_slice_top/i_dqs_group[1].ddrphy_data_slice/ddrphy_data_slice_wrlvl/ck_dly_step[7:0]' of 'bmsWIDEDFFCPE' unit is dangling and will be cleaned.
W: Public-4008: Instance 'u_ddr3_ctrl/u_ddrphy_top/ddrphy_slice_top/i_dqs_group[2].ddrphy_data_slice/ddrphy_data_slice_wrlvl/ck_dly_step[7:0]' of 'bmsWIDEDFFCPE' unit is dangling and will be cleaned.
W: Public-4008: Instance 'u_ddr3_ctrl/u_ddrphy_top/ddrphy_slice_top/i_dqs_group[3].ddrphy_data_slice/ddrphy_data_slice_wrlvl/ck_dly_step[7:0]' of 'bmsWIDEDFFCPE' unit is dangling and will be cleaned.
W: Public-4008: Instance 'u_ddr3_ctrl/u_ips_ddrc_top/mcdq_mac_top/mcdq_cfg_apb/mrs_complete' of 'bmsWIDEDFFCPE' unit is dangling and will be cleaned.
W: Removed bmsWIDEDFFCPE inst u_cam1/u_dma/current_pixel_count[31:0] at 20 that is stuck at constant 0.
W: Removed bmsWIDEDFFCPE inst u_cam1/u_dma/pack_count[4:0] at 4 that is stuck at constant 0.
W: Removed bmsWIDEDFFCPE inst u_cam2/u_dma/current_pixel_count[31:0] at 20 that is stuck at constant 0.
W: Removed bmsWIDEDFFCPE inst u_cam2/u_dma/pack_count[4:0] at 4 that is stuck at constant 0.
W: Removed bmsWIDEDFFRSE inst u_cpu/u_exu/u_div/count[5:0] at 5 that is stuck at constant 0.
W: Removed bmsWIDEDFFCPE inst u_ddr3_ctrl/u_ddrphy_top/ddrphy_calib_top/ddrphy_main_ctrl/wrlvl_trained_flag that is stuck at constant 0.
W: Removed bmsWIDEDFFCPE inst u_ddr3_ctrl/u_ddrphy_top/ddrphy_dfi/dfi_phyupd_req that is stuck at constant 0.
W: Removed bmsWIDEDFFCPE inst u_ddr3_ctrl/u_ddrphy_top/ddrphy_slice_top/ck_dly_set_bin[7:0] at 0 that is stuck at constant 0.
W: Removed bmsWIDEDFFCPE inst u_ddr3_ctrl/u_ddrphy_top/ddrphy_slice_top/ddrphy_data_slice_dqs_gate_cal/ddrphy_gatecal/gate_shift_value[5:0] at 5 that is stuck at constant 0.
W: Removed bmsWIDEDFFCPE inst u_ddr3_ctrl/u_ddrphy_top/ddrphy_slice_top/ddrphy_data_slice_dqs_gate_cal/ddrphy_gatecal/group_cnt[3:0] at 2 that is stuck at constant 0.
W: Removed bmsWIDEDFFCPE inst u_ddr3_ctrl/u_ddrphy_top/ddrphy_slice_top/ddrphy_dqsi_rdel_cal/group_cnt[3:0] at 2 that is stuck at constant 0.
W: Removed bmsWIDEDFFCPE inst u_ddr3_ctrl/u_ips_ddrc_top/mcdq_mac_top/mcdq_cfg_apb/lp_status that is stuck at constant 0.
W: Removed bmsWIDEDFFCPE inst u_ddr3_ctrl/u_ips_ddrc_top/mcdq_mac_top/mcdq_cfg_apb/mpr_status that is stuck at constant 0.
W: Removed bmsWIDEDFFCPE inst u_ddr3_ctrl/u_ips_ddrc_top/mcdq_mac_top/mcdq_cfg_apb/mrs_en that is stuck at constant 0.
W: Removed bmsWIDEDFFPATCE inst u_ddr3_ctrl/u_ips_ddrc_top/mcdq_mac_top/mcdq_cfg_apb/cstate_reg at 2 that is stuck at constant 0.
W: Removed bmsWIDEDFFPATCE inst u_ddr3_ctrl/u_ips_ddrc_top/mcdq_mac_top/mcdq_cfg_apb/cstate_reg at 6 that is stuck at constant 0.
W: Removed bmsWIDEDFFPATCE inst u_ddr3_ctrl/u_ips_ddrc_top/mcdq_mac_top/mcdq_lp/state_reg at 0 that is stuck at constant 1.
W: Removed bmsWIDEDFFPATCE inst u_ddr3_ctrl/u_ips_ddrc_top/mcdq_mac_top/mcdq_lp/state_reg at 1 that is stuck at constant 0.
W: Removed bmsWIDEDFFPATCE inst u_ddr3_ctrl/u_ips_ddrc_top/mcdq_mac_top/mcdq_lp/state_reg at 2 that is stuck at constant 0.
W: Removed bmsWIDEDFFPATCE inst u_ddr3_ctrl/u_ips_ddrc_top/mcdq_mac_top/mcdq_lp/state_reg at 3 that is stuck at constant 0.
W: Removed bmsWIDEDFFPATCE inst u_ddr3_ctrl/u_ips_ddrc_top/mcdq_mac_top/mcdq_lp/state_reg at 5 that is stuck at constant 0.
W: Removed bmsWIDEDFFPATCE inst u_ddr3_ctrl/u_ips_ddrc_top/mcdq_mac_top/mcdq_lp/state_reg at 6 that is stuck at constant 0.
W: Removed bmsWIDEDFFPATCE inst u_ddr3_ctrl/u_ips_ddrc_top/mcdq_mac_top/mcdq_lp/state_reg at 8 that is stuck at constant 0.
W: Removed bmsWIDEDFFPATCE inst u_ddr3_ctrl/u_ips_ddrc_top/mcdq_mac_top/mcdq_lp/state_reg at 9 that is stuck at constant 0.
W: Removed bmsWIDEDFFPATCE inst u_ddr3_ctrl/u_ips_ddrc_top/mcdq_mac_top/mcdq_mpr/state_reg at 7 that is stuck at constant 0.
W: Removed bmsWIDEDFFCPE inst u_ddr3_ctrl/u_ips_ddrc_top/mcdq_mac_top/mcdq_dcd_top/mcdq_dcd_bm/zqcs_req that is stuck at constant 0.
W: Removed bmsWIDEDFFRSE inst u_cam1/snap_current_pixel_mem[31:0] at 20 that is stuck at constant 0.
W: Removed bmsWIDEDFFCPE inst u_cam1/u_dma/last_pixel_count[31:0] at 20 that is stuck at constant 0.
W: Removed bmsWIDEDFFRSE inst u_cam2/snap_current_pixel_mem[31:0] at 20 that is stuck at constant 0.
W: Removed bmsWIDEDFFCPE inst u_cam2/u_dma/last_pixel_count[31:0] at 20 that is stuck at constant 0.
W: Removed bmsWIDEDFFCPE inst u_ddr3_ctrl/u_ddrphy_top/ddrphy_calib_top/ddrphy_main_ctrl/u_wrlvl_trained_flag_sync/sig_async_r1[0] that is stuck at constant 0.
W: Removed bmsWIDEDFFCPE inst u_ddr3_ctrl/u_ddrphy_top/ddrphy_slice_top/u_wrlvl_trained_flag_sync/sig_async_r1[0] that is stuck at constant 0.
W: Removed bmsWIDEDFFCPE inst u_ddr3_ctrl/u_ips_ddrc_top/mcdq_mac_top/mcdq_cfg_apb/dfi_phyupd_ack that is stuck at constant 0.
W: Removed bmsWIDEDFFCPE inst u_ddr3_ctrl/u_ddrphy_top/ddrphy_slice_top/ck_dly_set_gray[7:0] at 0 that is stuck at constant 0.
W: Removed bmsWIDEDFFCPE inst u_ddr3_ctrl/u_ddrphy_top/ddrphy_slice_top/ck_dly_set_gray[7:0] at 7 that is stuck at constant 0.
W: Removed bmsWIDEDFFCPE inst u_cam1/cpu_current_pixel_count[31:0] at 20 that is stuck at constant 0.
W: Removed bmsWIDEDFFRSE inst u_cam1/snap_pixel_count_mem[31:0] at 20 that is stuck at constant 0.
W: Removed bmsWIDEDFFCPE inst u_cam2/cpu_current_pixel_count[31:0] at 20 that is stuck at constant 0.
W: Removed bmsWIDEDFFRSE inst u_cam2/snap_pixel_count_mem[31:0] at 20 that is stuck at constant 0.
W: Removed bmsWIDEDFFCPE inst u_ddr3_ctrl/u_ddrphy_top/ddrphy_calib_top/ddrphy_main_ctrl/u_wrlvl_trained_flag_sync/sig_async_r2[0] that is stuck at constant 0.
W: Removed bmsWIDEDFFCPE inst u_ddr3_ctrl/u_ddrphy_top/ddrphy_reset_ctrl/wrlvl_trained_flag_d0 that is stuck at constant 0.
W: Removed bmsWIDEDFFCPE inst u_ddr3_ctrl/u_ddrphy_top/ddrphy_slice_top/u_wrlvl_trained_flag_sync/sig_async_r2[0] that is stuck at constant 0.
W: Removed bmsWIDEDFFCPE inst u_ddr3_ctrl/u_ips_ddrc_top/mcdq_mac_top/mcdq_dcd_top/mcdq_dcd_bm/update_req that is stuck at constant 0.
W: Removed bmsWIDEDFFCPE inst u_ddr3_ctrl/u_ips_ddrc_top/mcdq_mac_top/mcdq_cfg_apb/mc_rl[5:0] at 5 that is stuck at constant 0.
W: Removed bmsWIDEDFFCPE inst u_cam1/cpu_pixel_count[31:0] at 20 that is stuck at constant 0.
W: Removed bmsWIDEDFFCPE inst u_cam2/cpu_pixel_count[31:0] at 20 that is stuck at constant 0.
W: Removed bmsWIDEDFFCPE inst u_ddr3_ctrl/u_ips_ddrc_top/mcdq_mac_top/mcdq_cfg_apb/update_req_r that is stuck at constant 0.
W: Removed bmsWIDEDFFCPE inst u_ddr3_ctrl/u_ips_ddrc_top/mcdq_mac_top/mcdq_lp/count[7:0] at 0 that is stuck at constant 0.
W: Removed bmsWIDEDFFCPE inst u_ddr3_ctrl/u_ips_ddrc_top/mcdq_mac_top/mcdq_lp/count[7:0] at 1 that is stuck at constant 0.
W: Removed bmsWIDEDFFCPE inst u_ddr3_ctrl/u_ips_ddrc_top/mcdq_mac_top/mcdq_lp/count[7:0] at 2 that is stuck at constant 0.
W: Removed bmsWIDEDFFCPE inst u_ddr3_ctrl/u_ips_ddrc_top/mcdq_mac_top/mcdq_lp/count[7:0] at 3 that is stuck at constant 0.
W: Removed bmsWIDEDFFCPE inst u_ddr3_ctrl/u_ips_ddrc_top/mcdq_mac_top/mcdq_lp/count[7:0] at 4 that is stuck at constant 0.
W: Removed bmsWIDEDFFCPE inst u_ddr3_ctrl/u_ips_ddrc_top/mcdq_mac_top/mcdq_lp/count[7:0] at 5 that is stuck at constant 0.
W: Removed bmsWIDEDFFCPE inst u_ddr3_ctrl/u_ips_ddrc_top/mcdq_mac_top/mcdq_lp/count[7:0] at 6 that is stuck at constant 0.
W: Removed bmsWIDEDFFCPE inst u_ddr3_ctrl/u_ips_ddrc_top/mcdq_mac_top/mcdq_lp/count[7:0] at 7 that is stuck at constant 0.
W: Removed bmsWIDEDFFRSE inst u_ddr3_ctrl/u_ips_ddrc_top/mcdq_axi_mc/mcdq_axi_channel0/mcdq_axi_rdata_align/mac_arsize_err that is stuck at constant 0.
W: Removed bmsWIDEDFFCPE inst u_ddr3_ctrl/u_ddrphy_top/ddrphy_reset_ctrl/wrlvl_trained_flag_d1 that is stuck at constant 0.
W: Removed bmsWIDEDFFRSE inst u_ddr3_ctrl/u_ips_ddrc_top/mcdq_axi_mc/mcdq_axi_channel0/mcdq_axi_rdata_align/u_axi_rdcmd_align_fifo/data_out[41:0] at 40 that is stuck at constant 0.
W: Removed bmsWIDEDFFCPE inst u_ddr3_ctrl/u_ips_ddrc_top/mcdq_mac_top/mcdq_cfg_apb/mc_al[4:0] at 1 that is stuck at constant 0.
W: Removed bmsWIDEDFFCPE inst u_ddr3_ctrl/u_ips_ddrc_top/mcdq_mac_top/mcdq_cfg_apb/mc_al[4:0] at 3 that is stuck at constant 0.
W: Removed bmsWIDEDFFCPE inst u_ddr3_ctrl/u_ips_ddrc_top/mcdq_mac_top/mcdq_cfg_apb/mc_wl[5:0] at 2 that is stuck at constant 0.
W: Removed bmsWIDEDFFCPE inst u_ddr3_ctrl/u_ips_ddrc_top/mcdq_mac_top/mcdq_cfg_apb/mc_wl[5:0] at 4 that is stuck at constant 0.
W: Removed bmsWIDEDFFCPE inst u_ddr3_ctrl/u_ips_ddrc_top/mcdq_mac_top/mcdq_cfg_apb/mc_rl[5:0] at 4 that is stuck at constant 0.
I: Removed bmsWIDEDFFCPE inst u_ddr3_ctrl/u_ips_ddrc_top/mcdq_mac_top/mcdq_lp/lp_cs_n[1:0] that is redundant to u_ddr3_ctrl/u_ips_ddrc_top/mcdq_mac_top/mcdq_lp/lp_cas_n[1:0]
I: Removed bmsWIDEDFFCPE inst u_ddr3_ctrl/u_ips_ddrc_top/mcdq_mac_top/mcdq_lp/lp_we_n[1:0] that is redundant to u_ddr3_ctrl/u_ips_ddrc_top/mcdq_mac_top/mcdq_lp/lp_cas_n[1:0]
I: Removed bmsWIDEDFFCPE inst u_ddr3_ctrl/u_ips_ddrc_top/mcdq_mac_top/mcdq_cfg_apb/mc_cl[4:0] that is redundant to u_ddr3_ctrl/u_ips_ddrc_top/mcdq_mac_top/mcdq_cfg_apb/mc_al[4:0]
W: Removed bmsWIDEDFFCPE inst u_ddr3_ctrl/u_ips_ddrc_top/mcdq_mac_top/mcdq_cfg_apb/mc_rl[5:0] at 0 that is stuck at constant 0.
W: Removed bmsWIDEDFFPATCE inst u_ddr3_ctrl/u_ips_ddrc_top/mcdq_mac_top/mcdq_cfg_apb/cstate_reg at 5 that is stuck at constant 0.
W: Removed bmsWIDEDFFCPE inst u_ddr3_ctrl/u_ips_ddrc_top/mcdq_mac_top/mcdq_dcd_top/mcdq_dcd_bm/dec_zqcs that is stuck at constant 0.
W: Removed bmsWIDEDFFPATCE inst u_ddr3_ctrl/u_ips_ddrc_top/mcdq_mac_top/mcdq_dcd_top/mcdq_dcd_sm/state_reg at 6 that is stuck at constant 0.
W: Removed bmsWIDEDFFCPE inst u_ddr3_ctrl/u_ips_ddrc_top/mcdq_mac_top/mcdq_dcp_top/mcdq_dcp_back_ctrl/timing_act2wr_pass/r_cnt_almost_pass that is stuck at constant 0.
W: Public-4008: Instance 'u_ddr3_ctrl/u_ddrphy_top/ddrphy_slice_top/init_pls' of 'bmsWIDEDFFCPE' unit is dangling and will be cleaned.
W: Public-4008: Instance 'u_ddr3_ctrl/u_ddrphy_top/ddrphy_slice_top/init_pls_r1' of 'bmsWIDEDFFCPE' unit is dangling and will be cleaned.
W: Public-4008: Instance 'u_ddr3_ctrl/u_ddrphy_top/ddrphy_slice_top/init_pls_r2' of 'bmsWIDEDFFCPE' unit is dangling and will be cleaned.
W: Public-4008: Instance 'u_ddr3_ctrl/u_ddrphy_top/ddrphy_slice_top/i_dqs_group[0].ddrphy_data_slice/ddrphy_data_slice_wrlvl/reg_wrlvl_step[7:0]' of 'bmsWIDEDFFCPE' unit is dangling and will be cleaned.
W: Public-4008: Instance 'u_ddr3_ctrl/u_ddrphy_top/ddrphy_slice_top/i_dqs_group[0].ddrphy_data_slice/ddrphy_data_slice_wrlvl/reg_wrlvl_step_gray[7:0]' of 'bmsWIDEDFFCPE' unit is dangling and will be cleaned.
W: Public-4008: Instance 'u_ddr3_ctrl/u_ddrphy_top/ddrphy_slice_top/i_dqs_group[1].ddrphy_data_slice/ddrphy_data_slice_wrlvl/reg_wrlvl_step[7:0]' of 'bmsWIDEDFFCPE' unit is dangling and will be cleaned.
W: Public-4008: Instance 'u_ddr3_ctrl/u_ddrphy_top/ddrphy_slice_top/i_dqs_group[1].ddrphy_data_slice/ddrphy_data_slice_wrlvl/reg_wrlvl_step_gray[7:0]' of 'bmsWIDEDFFCPE' unit is dangling and will be cleaned.
W: Public-4008: Instance 'u_ddr3_ctrl/u_ddrphy_top/ddrphy_slice_top/i_dqs_group[2].ddrphy_data_slice/ddrphy_data_slice_wrlvl/reg_wrlvl_step[7:0]' of 'bmsWIDEDFFCPE' unit is dangling and will be cleaned.
W: Public-4008: Instance 'u_ddr3_ctrl/u_ddrphy_top/ddrphy_slice_top/i_dqs_group[2].ddrphy_data_slice/ddrphy_data_slice_wrlvl/reg_wrlvl_step_gray[7:0]' of 'bmsWIDEDFFCPE' unit is dangling and will be cleaned.
W: Public-4008: Instance 'u_ddr3_ctrl/u_ddrphy_top/ddrphy_slice_top/i_dqs_group[3].ddrphy_data_slice/ddrphy_data_slice_wrlvl/reg_wrlvl_step[7:0]' of 'bmsWIDEDFFCPE' unit is dangling and will be cleaned.
W: Public-4008: Instance 'u_ddr3_ctrl/u_ddrphy_top/ddrphy_slice_top/i_dqs_group[3].ddrphy_data_slice/ddrphy_data_slice_wrlvl/reg_wrlvl_step_gray[7:0]' of 'bmsWIDEDFFCPE' unit is dangling and will be cleaned.
W: Public-4008: Instance 'u_ddr3_ctrl/u_ips_ddrc_top/mcdq_mac_top/mcdq_lp/lp_cas_n[1:0]' of 'bmsWIDEDFFCPE' unit is dangling and will be cleaned.
W: Public-4008: Instance 'u_ddr3_ctrl/u_ips_ddrc_top/mcdq_mac_top/mcdq_lp/lp_cke[3:0]' of 'bmsWIDEDFFCPE' unit is dangling and will be cleaned.
W: Public-4008: Instance 'u_ddr3_ctrl/u_ips_ddrc_top/mcdq_mac_top/mcdq_lp/r_cmd_trig' of 'bmsWIDEDFFCPE' unit is dangling and will be cleaned.
W: Public-4008: Instance 'u_ddr3_ctrl/u_ips_ddrc_top/mcdq_mac_top/mcdq_dcp_top/mcdq_dcp_buf/cnt[5:0]' of 'bmsWIDEDFFCPE' unit is dangling and will be cleaned.
W: Public-4008: Instance 'u_ddr3_ctrl/u_ips_ddrc_top/mcdq_mac_top/mcdq_dcp_top/mcdq_dcp_buf/dfi_idle' of 'bmsWIDEDFFCPE' unit is dangling and will be cleaned.
W: Public-4008: Instance 'u_ddr3_ctrl/u_ips_ddrc_top/mcdq_mac_top/mcdq_mpr/state_reg' of 'bmsWIDEDFFPATCE' unit is dangling and will be cleaned.
I: Removed inst u_ddr3_ctrl/u_ddrphy_top/ddrphy_slice_top/i_dqs_group[2].ddrphy_data_slice/ddrphy_dqs_rddata_align/ck_dqs_diff_sample_done which is redundant to u_ddr3_ctrl/u_ddrphy_top/ddrphy_slice_top/i_dqs_group[1].ddrphy_data_slice/ddrphy_dqs_rddata_align/ck_dqs_diff_sample_done (type bmsWIDEDFFCPE)
I: Removed inst u_ddr3_ctrl/u_ddrphy_top/ddrphy_slice_top/i_dqs_group[3].ddrphy_data_slice/ddrphy_dqs_rddata_align/ck_dqs_diff_sample_done which is redundant to u_ddr3_ctrl/u_ddrphy_top/ddrphy_slice_top/i_dqs_group[1].ddrphy_data_slice/ddrphy_dqs_rddata_align/ck_dqs_diff_sample_done (type bmsWIDEDFFCPE)
I: Removed inst u_cpu/u_axi_bridge/read_requst_state which is redundant to u_cpu/u_axi_bridge/arvalid (type bmsWIDEDFFRSE)
W: Public-4008: Instance 'u_ddr3_ctrl/u_ips_ddrc_top/mcdq_axi_mc/mcdq_axi_channel0/mcdq_axi_rdata_align/u_mcdq_axi_rdata_arrange/rdata_len[7:0]' of 'bmsWIDEDFFCPE' unit is dangling and will be cleaned.
W: Removed bmsWIDEDFFRSE inst u_ddr3_ctrl/u_ips_ddrc_top/mcdq_axi_mc/mcdq_axi_channel0/mcdq_axi_wdata_align/axi_align_awdata[41:0] at 0 that is stuck at constant 0.
W: Removed bmsWIDEDFFRSE inst u_ddr3_ctrl/u_ips_ddrc_top/mcdq_axi_mc/mcdq_axi_channel0/mcdq_axi_wdata_align/axi_align_awdata[41:0] at 1 that is stuck at constant 0.
W: Removed bmsWIDEDFFRSE inst u_ddr3_ctrl/u_ips_ddrc_top/mcdq_axi_mc/mcdq_axi_channel0/mcdq_axi_wdata_align/axi_align_awdata[41:0] at 2 that is stuck at constant 0.
W: Removed bmsWIDEDFFRSE inst u_ddr3_ctrl/u_ips_ddrc_top/mcdq_axi_mc/mcdq_axi_channel0/mcdq_axi_wdata_align/u_axi_wrcmd_align_fifo/data_out[41:0] at 0 that is stuck at constant 0.
W: Removed bmsWIDEDFFRSE inst u_ddr3_ctrl/u_ips_ddrc_top/mcdq_axi_mc/mcdq_axi_channel0/mcdq_axi_wdata_align/u_axi_wrcmd_align_fifo/data_out[41:0] at 1 that is stuck at constant 0.
W: Removed bmsWIDEDFFRSE inst u_ddr3_ctrl/u_ips_ddrc_top/mcdq_axi_mc/mcdq_axi_channel0/mcdq_axi_wdata_align/u_axi_wrcmd_align_fifo/data_out[41:0] at 2 that is stuck at constant 0.
W: Removed bmsWIDEDFFCPE inst u_ddr3_ctrl/u_ddrphy_top/ddrphy_slice_top/ddrphy_dqsi_rdel_cal/init_dqsi_value_even_sel[7:0] at 7 that is stuck at constant 0.
Executing : mod-gen successfully. Time elapsed: 6.401s wall, 0.812s user + 0.094s system = 0.906s CPU (14.2%)

Start logic-optimization.
W: Removed bmsWIDEDFFCPE inst u_cam1/u_dma/current_byte_count[31:0] at 0 that is stuck at constant 0.
W: Removed bmsWIDEDFFCPE inst u_cam1/u_dma/write_offset[31:0] at 0 that is stuck at constant 0.
W: Removed bmsWIDEDFFCPE inst u_cam1/u_dma/write_offset[31:0] at 1 that is stuck at constant 0.
W: Removed bmsWIDEDFFCPE inst u_cam1/u_dma/write_offset[31:0] at 2 that is stuck at constant 0.
W: Removed bmsWIDEDFFCPE inst u_cam1/u_dma/write_offset[31:0] at 3 that is stuck at constant 0.
W: Removed bmsWIDEDFFCPE inst u_cam1/u_dma/write_offset[31:0] at 4 that is stuck at constant 0.
W: Removed bmsWIDEDFFCPE inst u_cam1/u_dvp_rx/error_flags[31:4] at 0 that is stuck at constant 0.
W: Removed bmsWIDEDFFCPE inst u_cam1/u_dvp_rx/error_flags[31:4] at 1 that is stuck at constant 0.
W: Removed bmsWIDEDFFCPE inst u_cam1/u_dvp_rx/error_flags[31:4] at 2 that is stuck at constant 0.
W: Removed bmsWIDEDFFCPE inst u_cam1/u_dvp_rx/error_flags[31:4] at 3 that is stuck at constant 0.
W: Removed bmsWIDEDFFCPE inst u_cam1/u_dvp_rx/error_flags[31:4] at 4 that is stuck at constant 0.
W: Removed bmsWIDEDFFCPE inst u_cam1/u_dvp_rx/error_flags[31:4] at 5 that is stuck at constant 0.
W: Removed bmsWIDEDFFCPE inst u_cam1/u_dvp_rx/error_flags[31:4] at 6 that is stuck at constant 0.
W: Removed bmsWIDEDFFCPE inst u_cam1/u_dvp_rx/error_flags[31:4] at 7 that is stuck at constant 0.
W: Removed bmsWIDEDFFCPE inst u_cam1/u_dvp_rx/error_flags[31:4] at 8 that is stuck at constant 0.
W: Removed bmsWIDEDFFCPE inst u_cam1/u_dvp_rx/error_flags[31:4] at 9 that is stuck at constant 0.
W: Removed bmsWIDEDFFCPE inst u_cam1/u_dvp_rx/error_flags[31:4] at 10 that is stuck at constant 0.
W: Removed bmsWIDEDFFCPE inst u_cam1/u_dvp_rx/error_flags[31:4] at 11 that is stuck at constant 0.
W: Removed bmsWIDEDFFCPE inst u_cam1/u_dvp_rx/error_flags[31:4] at 12 that is stuck at constant 0.
W: Removed bmsWIDEDFFCPE inst u_cam1/u_dvp_rx/error_flags[31:4] at 13 that is stuck at constant 0.
W: Removed bmsWIDEDFFCPE inst u_cam1/u_dvp_rx/error_flags[31:4] at 14 that is stuck at constant 0.
W: Removed bmsWIDEDFFCPE inst u_cam1/u_dvp_rx/error_flags[31:4] at 15 that is stuck at constant 0.
W: Removed bmsWIDEDFFCPE inst u_cam1/u_dvp_rx/error_flags[31:4] at 16 that is stuck at constant 0.
W: Removed bmsWIDEDFFCPE inst u_cam1/u_dvp_rx/error_flags[31:4] at 17 that is stuck at constant 0.
W: Removed bmsWIDEDFFCPE inst u_cam1/u_dvp_rx/error_flags[31:4] at 18 that is stuck at constant 0.
W: Removed bmsWIDEDFFCPE inst u_cam1/u_dvp_rx/error_flags[31:4] at 19 that is stuck at constant 0.
W: Removed bmsWIDEDFFCPE inst u_cam1/u_dvp_rx/error_flags[31:4] at 20 that is stuck at constant 0.
W: Removed bmsWIDEDFFCPE inst u_cam1/u_dvp_rx/error_flags[31:4] at 21 that is stuck at constant 0.
W: Removed bmsWIDEDFFCPE inst u_cam1/u_dvp_rx/error_flags[31:4] at 22 that is stuck at constant 0.
W: Removed bmsWIDEDFFCPE inst u_cam1/u_dvp_rx/error_flags[31:4] at 23 that is stuck at constant 0.
W: Removed bmsWIDEDFFCPE inst u_cam1/u_dvp_rx/error_flags[31:4] at 24 that is stuck at constant 0.
W: Removed bmsWIDEDFFCPE inst u_cam1/u_dvp_rx/error_flags[31:4] at 25 that is stuck at constant 0.
W: Removed bmsWIDEDFFCPE inst u_cam1/u_dvp_rx/error_flags[31:4] at 26 that is stuck at constant 0.
W: Removed bmsWIDEDFFCPE inst u_cam1/u_dvp_rx/error_flags[31:4] at 27 that is stuck at constant 0.
W: Removed bmsWIDEDFFCPE inst u_cam2/u_dma/current_byte_count[31:0] at 0 that is stuck at constant 0.
W: Removed bmsWIDEDFFCPE inst u_cam2/u_dma/write_offset[31:0] at 0 that is stuck at constant 0.
W: Removed bmsWIDEDFFCPE inst u_cam2/u_dma/write_offset[31:0] at 1 that is stuck at constant 0.
W: Removed bmsWIDEDFFCPE inst u_cam2/u_dma/write_offset[31:0] at 2 that is stuck at constant 0.
W: Removed bmsWIDEDFFCPE inst u_cam2/u_dma/write_offset[31:0] at 3 that is stuck at constant 0.
W: Removed bmsWIDEDFFCPE inst u_cam2/u_dma/write_offset[31:0] at 4 that is stuck at constant 0.
W: Removed bmsWIDEDFFCPE inst u_cam2/u_dvp_rx/error_flags[31:4] at 0 that is stuck at constant 0.
W: Removed bmsWIDEDFFCPE inst u_cam2/u_dvp_rx/error_flags[31:4] at 1 that is stuck at constant 0.
W: Removed bmsWIDEDFFCPE inst u_cam2/u_dvp_rx/error_flags[31:4] at 2 that is stuck at constant 0.
W: Removed bmsWIDEDFFCPE inst u_cam2/u_dvp_rx/error_flags[31:4] at 3 that is stuck at constant 0.
W: Removed bmsWIDEDFFCPE inst u_cam2/u_dvp_rx/error_flags[31:4] at 4 that is stuck at constant 0.
W: Removed bmsWIDEDFFCPE inst u_cam2/u_dvp_rx/error_flags[31:4] at 5 that is stuck at constant 0.
W: Removed bmsWIDEDFFCPE inst u_cam2/u_dvp_rx/error_flags[31:4] at 6 that is stuck at constant 0.
W: Removed bmsWIDEDFFCPE inst u_cam2/u_dvp_rx/error_flags[31:4] at 7 that is stuck at constant 0.
W: Removed bmsWIDEDFFCPE inst u_cam2/u_dvp_rx/error_flags[31:4] at 8 that is stuck at constant 0.
W: Removed bmsWIDEDFFCPE inst u_cam2/u_dvp_rx/error_flags[31:4] at 9 that is stuck at constant 0.
W: Removed bmsWIDEDFFCPE inst u_cam2/u_dvp_rx/error_flags[31:4] at 10 that is stuck at constant 0.
W: Removed bmsWIDEDFFCPE inst u_cam2/u_dvp_rx/error_flags[31:4] at 11 that is stuck at constant 0.
W: Removed bmsWIDEDFFCPE inst u_cam2/u_dvp_rx/error_flags[31:4] at 12 that is stuck at constant 0.
W: Removed bmsWIDEDFFCPE inst u_cam2/u_dvp_rx/error_flags[31:4] at 13 that is stuck at constant 0.
W: Removed bmsWIDEDFFCPE inst u_cam2/u_dvp_rx/error_flags[31:4] at 14 that is stuck at constant 0.
W: Removed bmsWIDEDFFCPE inst u_cam2/u_dvp_rx/error_flags[31:4] at 15 that is stuck at constant 0.
W: Removed bmsWIDEDFFCPE inst u_cam2/u_dvp_rx/error_flags[31:4] at 16 that is stuck at constant 0.
W: Removed bmsWIDEDFFCPE inst u_cam2/u_dvp_rx/error_flags[31:4] at 17 that is stuck at constant 0.
W: Removed bmsWIDEDFFCPE inst u_cam2/u_dvp_rx/error_flags[31:4] at 18 that is stuck at constant 0.
W: Removed bmsWIDEDFFCPE inst u_cam2/u_dvp_rx/error_flags[31:4] at 19 that is stuck at constant 0.
W: Removed bmsWIDEDFFCPE inst u_cam2/u_dvp_rx/error_flags[31:4] at 20 that is stuck at constant 0.
W: Removed bmsWIDEDFFCPE inst u_cam2/u_dvp_rx/error_flags[31:4] at 21 that is stuck at constant 0.
W: Removed bmsWIDEDFFCPE inst u_cam2/u_dvp_rx/error_flags[31:4] at 22 that is stuck at constant 0.
W: Removed bmsWIDEDFFCPE inst u_cam2/u_dvp_rx/error_flags[31:4] at 23 that is stuck at constant 0.
W: Removed bmsWIDEDFFCPE inst u_cam2/u_dvp_rx/error_flags[31:4] at 24 that is stuck at constant 0.
W: Removed bmsWIDEDFFCPE inst u_cam2/u_dvp_rx/error_flags[31:4] at 25 that is stuck at constant 0.
W: Removed bmsWIDEDFFCPE inst u_cam2/u_dvp_rx/error_flags[31:4] at 26 that is stuck at constant 0.
W: Removed bmsWIDEDFFCPE inst u_cam2/u_dvp_rx/error_flags[31:4] at 27 that is stuck at constant 0.
W: Removed bmsWIDEDFFRSE inst u_ddr3_ctrl/u_ips_ddrc_top/mcdq_axi_mc/mcdq_axi_channel0/mcdq_axi_rdata_align/mac_trans_axi_araddr[27:0] at 0 that is stuck at constant 0.
W: Removed bmsWIDEDFFRSE inst u_ddr3_ctrl/u_ips_ddrc_top/mcdq_axi_mc/mcdq_axi_channel0/mcdq_axi_rdata_align/mac_trans_axi_araddr[27:0] at 1 that is stuck at constant 0.
W: Removed bmsWIDEDFFRSE inst u_ddr3_ctrl/u_ips_ddrc_top/mcdq_axi_mc/mcdq_axi_channel0/mcdq_axi_rdata_align/mac_trans_axi_araddr[27:0] at 2 that is stuck at constant 0.
W: Removed bmsWIDEDFFCPE inst u_ddr3_ctrl/u_ddrphy_top/ddrphy_calib_top/ddrphy_upcal/cnt[7:0] at 5 that is stuck at constant 0.
W: Removed bmsWIDEDFFCPE inst u_ddr3_ctrl/u_ddrphy_top/ddrphy_calib_top/ddrphy_upcal/cnt[7:0] at 6 that is stuck at constant 0.
W: Removed bmsWIDEDFFCPE inst u_ddr3_ctrl/u_ddrphy_top/ddrphy_calib_top/ddrphy_upcal/cnt[7:0] at 7 that is stuck at constant 0.
W: Removed bmsWIDEDFFPATCE inst u_ddr3_ctrl/u_ips_ddrc_top/mcdq_mac_top/mcdq_cfg_apb/cstate_reg at 0 that is stuck at constant 1.
W: Removed bmsWIDEDFFPATCE inst u_ddr3_ctrl/u_ips_ddrc_top/mcdq_mac_top/mcdq_cfg_apb/cstate_reg at 1 that is stuck at constant 0.
W: Removed bmsWIDEDFFPATCE inst u_ddr3_ctrl/u_ips_ddrc_top/mcdq_mac_top/mcdq_mrs/state_reg at 0 that is stuck at constant 1.
W: Removed bmsWIDEDFFPATCE inst u_ddr3_ctrl/u_ips_ddrc_top/mcdq_mac_top/mcdq_mrs/state_reg at 1 that is stuck at constant 0.
W: Removed bmsWIDEDFFCPE inst u_ddr3_ctrl/u_ips_ddrc_top/mcdq_mac_top/mcdq_dcp_top/mcdq_dcp_back_ctrl/tfaw_timing/TFAW_LOOP[2].mcdq_tfaw/timing_cnt[4:0] at 0 that is stuck at constant 0.
W: Removed bmsWIDEDFFCPE inst u_ddr3_ctrl/u_ips_ddrc_top/mcdq_mac_top/mcdq_dcp_top/mcdq_dcp_back_ctrl/tfaw_timing/TFAW_LOOP[0].mcdq_tfaw/timing_cnt[4:0] at 0 that is stuck at constant 0.
W: Removed bmsWIDEDFFCPE inst u_ddr3_ctrl/u_ips_ddrc_top/mcdq_mac_top/mcdq_dcp_top/mcdq_dcp_back_ctrl/tfaw_timing/TFAW_LOOP[1].mcdq_tfaw/timing_cnt[4:0] at 0 that is stuck at constant 0.
W: Removed bmsWIDEDFFCPE inst u_ddr3_ctrl/u_ips_ddrc_top/mcdq_mac_top/mcdq_dcp_top/mcdq_dcp_back_ctrl/TRC_LOOP[0].trc_timing/timing_cnt[4:0] at 1 that is stuck at constant 0.
W: Removed bmsWIDEDFFCPE inst u_ddr3_ctrl/u_ips_ddrc_top/mcdq_mac_top/mcdq_dcp_top/mcdq_dcp_back_ctrl/TRC_LOOP[1].trc_timing/timing_cnt[4:0] at 1 that is stuck at constant 0.
W: Removed bmsWIDEDFFCPE inst u_ddr3_ctrl/u_ips_ddrc_top/mcdq_mac_top/mcdq_dcp_top/mcdq_dcp_back_ctrl/TRC_LOOP[2].trc_timing/timing_cnt[4:0] at 1 that is stuck at constant 0.
W: Removed bmsWIDEDFFCPE inst u_ddr3_ctrl/u_ips_ddrc_top/mcdq_mac_top/mcdq_dcp_top/mcdq_dcp_back_ctrl/TRC_LOOP[3].trc_timing/timing_cnt[4:0] at 1 that is stuck at constant 0.
W: Removed bmsWIDEDFFCPE inst u_ddr3_ctrl/u_ips_ddrc_top/mcdq_mac_top/mcdq_dcp_top/mcdq_dcp_back_ctrl/TRC_LOOP[4].trc_timing/timing_cnt[4:0] at 1 that is stuck at constant 0.
W: Removed bmsWIDEDFFCPE inst u_ddr3_ctrl/u_ips_ddrc_top/mcdq_mac_top/mcdq_dcp_top/mcdq_dcp_back_ctrl/TRC_LOOP[5].trc_timing/timing_cnt[4:0] at 1 that is stuck at constant 0.
W: Removed bmsWIDEDFFCPE inst u_ddr3_ctrl/u_ips_ddrc_top/mcdq_mac_top/mcdq_dcp_top/mcdq_dcp_back_ctrl/TRC_LOOP[6].trc_timing/timing_cnt[4:0] at 1 that is stuck at constant 0.
W: Removed bmsWIDEDFFCPE inst u_ddr3_ctrl/u_ips_ddrc_top/mcdq_mac_top/mcdq_dcp_top/mcdq_dcp_back_ctrl/TRC_LOOP[7].trc_timing/timing_cnt[4:0] at 1 that is stuck at constant 0.
W: Removed bmsWIDEDFFRSE inst u_cam1/snap_current_byte_mem[31:0] at 0 that is stuck at constant 0.
W: Removed bmsWIDEDFFCPE inst u_cam1/u_dma/last_byte_count[31:0] at 0 that is stuck at constant 0.
W: Removed bmsWIDEDFFCPE inst u_cam1/u_dvp_rx/snapshot_error_flags[31:0] at 4 that is stuck at constant 0.
W: Removed bmsWIDEDFFCPE inst u_cam1/u_dvp_rx/snapshot_error_flags[31:0] at 5 that is stuck at constant 0.
W: Removed bmsWIDEDFFCPE inst u_cam1/u_dvp_rx/snapshot_error_flags[31:0] at 6 that is stuck at constant 0.
W: Removed bmsWIDEDFFCPE inst u_cam1/u_dvp_rx/snapshot_error_flags[31:0] at 7 that is stuck at constant 0.
W: Removed bmsWIDEDFFCPE inst u_cam1/u_dvp_rx/snapshot_error_flags[31:0] at 8 that is stuck at constant 0.
W: Removed bmsWIDEDFFCPE inst u_cam1/u_dvp_rx/snapshot_error_flags[31:0] at 9 that is stuck at constant 0.
W: Removed bmsWIDEDFFCPE inst u_cam1/u_dvp_rx/snapshot_error_flags[31:0] at 10 that is stuck at constant 0.
W: Removed bmsWIDEDFFCPE inst u_cam1/u_dvp_rx/snapshot_error_flags[31:0] at 11 that is stuck at constant 0.
W: Removed bmsWIDEDFFCPE inst u_cam1/u_dvp_rx/snapshot_error_flags[31:0] at 12 that is stuck at constant 0.
W: Removed bmsWIDEDFFCPE inst u_cam1/u_dvp_rx/snapshot_error_flags[31:0] at 13 that is stuck at constant 0.
W: Removed bmsWIDEDFFCPE inst u_cam1/u_dvp_rx/snapshot_error_flags[31:0] at 14 that is stuck at constant 0.
W: Removed bmsWIDEDFFCPE inst u_cam1/u_dvp_rx/snapshot_error_flags[31:0] at 15 that is stuck at constant 0.
W: Removed bmsWIDEDFFCPE inst u_cam1/u_dvp_rx/snapshot_error_flags[31:0] at 16 that is stuck at constant 0.
W: Removed bmsWIDEDFFCPE inst u_cam1/u_dvp_rx/snapshot_error_flags[31:0] at 17 that is stuck at constant 0.
W: Removed bmsWIDEDFFCPE inst u_cam1/u_dvp_rx/snapshot_error_flags[31:0] at 18 that is stuck at constant 0.
W: Removed bmsWIDEDFFCPE inst u_cam1/u_dvp_rx/snapshot_error_flags[31:0] at 19 that is stuck at constant 0.
W: Removed bmsWIDEDFFCPE inst u_cam1/u_dvp_rx/snapshot_error_flags[31:0] at 20 that is stuck at constant 0.
W: Removed bmsWIDEDFFCPE inst u_cam1/u_dvp_rx/snapshot_error_flags[31:0] at 21 that is stuck at constant 0.
W: Removed bmsWIDEDFFCPE inst u_cam1/u_dvp_rx/snapshot_error_flags[31:0] at 22 that is stuck at constant 0.
W: Removed bmsWIDEDFFCPE inst u_cam1/u_dvp_rx/snapshot_error_flags[31:0] at 23 that is stuck at constant 0.
W: Removed bmsWIDEDFFCPE inst u_cam1/u_dvp_rx/snapshot_error_flags[31:0] at 24 that is stuck at constant 0.
W: Removed bmsWIDEDFFCPE inst u_cam1/u_dvp_rx/snapshot_error_flags[31:0] at 25 that is stuck at constant 0.
W: Removed bmsWIDEDFFCPE inst u_cam1/u_dvp_rx/snapshot_error_flags[31:0] at 26 that is stuck at constant 0.
W: Removed bmsWIDEDFFCPE inst u_cam1/u_dvp_rx/snapshot_error_flags[31:0] at 27 that is stuck at constant 0.
W: Removed bmsWIDEDFFCPE inst u_cam1/u_dvp_rx/snapshot_error_flags[31:0] at 28 that is stuck at constant 0.
W: Removed bmsWIDEDFFCPE inst u_cam1/u_dvp_rx/snapshot_error_flags[31:0] at 29 that is stuck at constant 0.
W: Removed bmsWIDEDFFCPE inst u_cam1/u_dvp_rx/snapshot_error_flags[31:0] at 30 that is stuck at constant 0.
W: Removed bmsWIDEDFFCPE inst u_cam1/u_dvp_rx/snapshot_error_flags[31:0] at 31 that is stuck at constant 0.
W: Removed bmsWIDEDFFRSE inst u_cam2/snap_current_byte_mem[31:0] at 0 that is stuck at constant 0.
W: Removed bmsWIDEDFFCPE inst u_cam2/u_dma/last_byte_count[31:0] at 0 that is stuck at constant 0.
W: Removed bmsWIDEDFFCPE inst u_cam2/u_dvp_rx/snapshot_error_flags[31:0] at 4 that is stuck at constant 0.
W: Removed bmsWIDEDFFCPE inst u_cam2/u_dvp_rx/snapshot_error_flags[31:0] at 5 that is stuck at constant 0.
W: Removed bmsWIDEDFFCPE inst u_cam2/u_dvp_rx/snapshot_error_flags[31:0] at 6 that is stuck at constant 0.
W: Removed bmsWIDEDFFCPE inst u_cam2/u_dvp_rx/snapshot_error_flags[31:0] at 7 that is stuck at constant 0.
W: Removed bmsWIDEDFFCPE inst u_cam2/u_dvp_rx/snapshot_error_flags[31:0] at 8 that is stuck at constant 0.
W: Removed bmsWIDEDFFCPE inst u_cam2/u_dvp_rx/snapshot_error_flags[31:0] at 9 that is stuck at constant 0.
W: Removed bmsWIDEDFFCPE inst u_cam2/u_dvp_rx/snapshot_error_flags[31:0] at 10 that is stuck at constant 0.
W: Removed bmsWIDEDFFCPE inst u_cam2/u_dvp_rx/snapshot_error_flags[31:0] at 11 that is stuck at constant 0.
W: Removed bmsWIDEDFFCPE inst u_cam2/u_dvp_rx/snapshot_error_flags[31:0] at 12 that is stuck at constant 0.
W: Removed bmsWIDEDFFCPE inst u_cam2/u_dvp_rx/snapshot_error_flags[31:0] at 13 that is stuck at constant 0.
W: Removed bmsWIDEDFFCPE inst u_cam2/u_dvp_rx/snapshot_error_flags[31:0] at 14 that is stuck at constant 0.
W: Removed bmsWIDEDFFCPE inst u_cam2/u_dvp_rx/snapshot_error_flags[31:0] at 15 that is stuck at constant 0.
W: Removed bmsWIDEDFFCPE inst u_cam2/u_dvp_rx/snapshot_error_flags[31:0] at 16 that is stuck at constant 0.
W: Removed bmsWIDEDFFCPE inst u_cam2/u_dvp_rx/snapshot_error_flags[31:0] at 17 that is stuck at constant 0.
W: Removed bmsWIDEDFFCPE inst u_cam2/u_dvp_rx/snapshot_error_flags[31:0] at 18 that is stuck at constant 0.
W: Removed bmsWIDEDFFCPE inst u_cam2/u_dvp_rx/snapshot_error_flags[31:0] at 19 that is stuck at constant 0.
W: Removed bmsWIDEDFFCPE inst u_cam2/u_dvp_rx/snapshot_error_flags[31:0] at 20 that is stuck at constant 0.
W: Removed bmsWIDEDFFCPE inst u_cam2/u_dvp_rx/snapshot_error_flags[31:0] at 21 that is stuck at constant 0.
W: Removed bmsWIDEDFFCPE inst u_cam2/u_dvp_rx/snapshot_error_flags[31:0] at 22 that is stuck at constant 0.
W: Removed bmsWIDEDFFCPE inst u_cam2/u_dvp_rx/snapshot_error_flags[31:0] at 23 that is stuck at constant 0.
W: Removed bmsWIDEDFFCPE inst u_cam2/u_dvp_rx/snapshot_error_flags[31:0] at 24 that is stuck at constant 0.
W: Removed bmsWIDEDFFCPE inst u_cam2/u_dvp_rx/snapshot_error_flags[31:0] at 25 that is stuck at constant 0.
W: Removed bmsWIDEDFFCPE inst u_cam2/u_dvp_rx/snapshot_error_flags[31:0] at 26 that is stuck at constant 0.
W: Removed bmsWIDEDFFCPE inst u_cam2/u_dvp_rx/snapshot_error_flags[31:0] at 27 that is stuck at constant 0.
W: Removed bmsWIDEDFFCPE inst u_cam2/u_dvp_rx/snapshot_error_flags[31:0] at 28 that is stuck at constant 0.
W: Removed bmsWIDEDFFCPE inst u_cam2/u_dvp_rx/snapshot_error_flags[31:0] at 29 that is stuck at constant 0.
W: Removed bmsWIDEDFFCPE inst u_cam2/u_dvp_rx/snapshot_error_flags[31:0] at 30 that is stuck at constant 0.
W: Removed bmsWIDEDFFCPE inst u_cam2/u_dvp_rx/snapshot_error_flags[31:0] at 31 that is stuck at constant 0.
W: Removed bmsWIDEDFFCPE inst u_cam1/cpu_current_byte_count[31:0] at 0 that is stuck at constant 0.
W: Removed bmsWIDEDFFRSE inst u_cam1/snap_byte_count_mem[31:0] at 0 that is stuck at constant 0.
W: Removed bmsWIDEDFFRSE inst u_cam1/snapshot_dvp_errors_mem[31:0] at 4 that is stuck at constant 0.
W: Removed bmsWIDEDFFRSE inst u_cam1/snapshot_dvp_errors_mem[31:0] at 5 that is stuck at constant 0.
W: Removed bmsWIDEDFFRSE inst u_cam1/snapshot_dvp_errors_mem[31:0] at 6 that is stuck at constant 0.
W: Removed bmsWIDEDFFRSE inst u_cam1/snapshot_dvp_errors_mem[31:0] at 7 that is stuck at constant 0.
W: Removed bmsWIDEDFFRSE inst u_cam1/snapshot_dvp_errors_mem[31:0] at 8 that is stuck at constant 0.
W: Removed bmsWIDEDFFRSE inst u_cam1/snapshot_dvp_errors_mem[31:0] at 9 that is stuck at constant 0.
W: Removed bmsWIDEDFFRSE inst u_cam1/snapshot_dvp_errors_mem[31:0] at 10 that is stuck at constant 0.
W: Removed bmsWIDEDFFRSE inst u_cam1/snapshot_dvp_errors_mem[31:0] at 11 that is stuck at constant 0.
W: Removed bmsWIDEDFFRSE inst u_cam1/snapshot_dvp_errors_mem[31:0] at 12 that is stuck at constant 0.
W: Removed bmsWIDEDFFRSE inst u_cam1/snapshot_dvp_errors_mem[31:0] at 13 that is stuck at constant 0.
W: Removed bmsWIDEDFFRSE inst u_cam1/snapshot_dvp_errors_mem[31:0] at 14 that is stuck at constant 0.
W: Removed bmsWIDEDFFRSE inst u_cam1/snapshot_dvp_errors_mem[31:0] at 15 that is stuck at constant 0.
W: Removed bmsWIDEDFFRSE inst u_cam1/snapshot_dvp_errors_mem[31:0] at 16 that is stuck at constant 0.
W: Removed bmsWIDEDFFRSE inst u_cam1/snapshot_dvp_errors_mem[31:0] at 17 that is stuck at constant 0.
W: Removed bmsWIDEDFFRSE inst u_cam1/snapshot_dvp_errors_mem[31:0] at 18 that is stuck at constant 0.
W: Removed bmsWIDEDFFRSE inst u_cam1/snapshot_dvp_errors_mem[31:0] at 19 that is stuck at constant 0.
W: Removed bmsWIDEDFFRSE inst u_cam1/snapshot_dvp_errors_mem[31:0] at 20 that is stuck at constant 0.
W: Removed bmsWIDEDFFRSE inst u_cam1/snapshot_dvp_errors_mem[31:0] at 21 that is stuck at constant 0.
W: Removed bmsWIDEDFFRSE inst u_cam1/snapshot_dvp_errors_mem[31:0] at 22 that is stuck at constant 0.
W: Removed bmsWIDEDFFRSE inst u_cam1/snapshot_dvp_errors_mem[31:0] at 23 that is stuck at constant 0.
W: Removed bmsWIDEDFFRSE inst u_cam1/snapshot_dvp_errors_mem[31:0] at 24 that is stuck at constant 0.
W: Removed bmsWIDEDFFRSE inst u_cam1/snapshot_dvp_errors_mem[31:0] at 25 that is stuck at constant 0.
W: Removed bmsWIDEDFFRSE inst u_cam1/snapshot_dvp_errors_mem[31:0] at 26 that is stuck at constant 0.
W: Removed bmsWIDEDFFRSE inst u_cam1/snapshot_dvp_errors_mem[31:0] at 27 that is stuck at constant 0.
W: Removed bmsWIDEDFFRSE inst u_cam1/snapshot_dvp_errors_mem[31:0] at 28 that is stuck at constant 0.
W: Removed bmsWIDEDFFRSE inst u_cam1/snapshot_dvp_errors_mem[31:0] at 29 that is stuck at constant 0.
W: Removed bmsWIDEDFFRSE inst u_cam1/snapshot_dvp_errors_mem[31:0] at 30 that is stuck at constant 0.
W: Removed bmsWIDEDFFRSE inst u_cam1/snapshot_dvp_errors_mem[31:0] at 31 that is stuck at constant 0.
W: Removed bmsWIDEDFFCPE inst u_cam2/cpu_current_byte_count[31:0] at 0 that is stuck at constant 0.
W: Removed bmsWIDEDFFRSE inst u_cam2/snap_byte_count_mem[31:0] at 0 that is stuck at constant 0.
W: Removed bmsWIDEDFFRSE inst u_cam2/snapshot_dvp_errors_mem[31:0] at 4 that is stuck at constant 0.
W: Removed bmsWIDEDFFRSE inst u_cam2/snapshot_dvp_errors_mem[31:0] at 5 that is stuck at constant 0.
W: Removed bmsWIDEDFFRSE inst u_cam2/snapshot_dvp_errors_mem[31:0] at 6 that is stuck at constant 0.
W: Removed bmsWIDEDFFRSE inst u_cam2/snapshot_dvp_errors_mem[31:0] at 7 that is stuck at constant 0.
W: Removed bmsWIDEDFFRSE inst u_cam2/snapshot_dvp_errors_mem[31:0] at 8 that is stuck at constant 0.
W: Removed bmsWIDEDFFRSE inst u_cam2/snapshot_dvp_errors_mem[31:0] at 9 that is stuck at constant 0.
W: Removed bmsWIDEDFFRSE inst u_cam2/snapshot_dvp_errors_mem[31:0] at 10 that is stuck at constant 0.
W: Removed bmsWIDEDFFRSE inst u_cam2/snapshot_dvp_errors_mem[31:0] at 11 that is stuck at constant 0.
W: Removed bmsWIDEDFFRSE inst u_cam2/snapshot_dvp_errors_mem[31:0] at 12 that is stuck at constant 0.
W: Removed bmsWIDEDFFRSE inst u_cam2/snapshot_dvp_errors_mem[31:0] at 13 that is stuck at constant 0.
W: Removed bmsWIDEDFFRSE inst u_cam2/snapshot_dvp_errors_mem[31:0] at 14 that is stuck at constant 0.
W: Removed bmsWIDEDFFRSE inst u_cam2/snapshot_dvp_errors_mem[31:0] at 15 that is stuck at constant 0.
W: Removed bmsWIDEDFFRSE inst u_cam2/snapshot_dvp_errors_mem[31:0] at 16 that is stuck at constant 0.
W: Removed bmsWIDEDFFRSE inst u_cam2/snapshot_dvp_errors_mem[31:0] at 17 that is stuck at constant 0.
W: Removed bmsWIDEDFFRSE inst u_cam2/snapshot_dvp_errors_mem[31:0] at 18 that is stuck at constant 0.
W: Removed bmsWIDEDFFRSE inst u_cam2/snapshot_dvp_errors_mem[31:0] at 19 that is stuck at constant 0.
W: Removed bmsWIDEDFFRSE inst u_cam2/snapshot_dvp_errors_mem[31:0] at 20 that is stuck at constant 0.
W: Removed bmsWIDEDFFRSE inst u_cam2/snapshot_dvp_errors_mem[31:0] at 21 that is stuck at constant 0.
W: Removed bmsWIDEDFFRSE inst u_cam2/snapshot_dvp_errors_mem[31:0] at 22 that is stuck at constant 0.
W: Removed bmsWIDEDFFRSE inst u_cam2/snapshot_dvp_errors_mem[31:0] at 23 that is stuck at constant 0.
W: Removed bmsWIDEDFFRSE inst u_cam2/snapshot_dvp_errors_mem[31:0] at 24 that is stuck at constant 0.
W: Removed bmsWIDEDFFRSE inst u_cam2/snapshot_dvp_errors_mem[31:0] at 25 that is stuck at constant 0.
W: Removed bmsWIDEDFFRSE inst u_cam2/snapshot_dvp_errors_mem[31:0] at 26 that is stuck at constant 0.
W: Removed bmsWIDEDFFRSE inst u_cam2/snapshot_dvp_errors_mem[31:0] at 27 that is stuck at constant 0.
W: Removed bmsWIDEDFFRSE inst u_cam2/snapshot_dvp_errors_mem[31:0] at 28 that is stuck at constant 0.
W: Removed bmsWIDEDFFRSE inst u_cam2/snapshot_dvp_errors_mem[31:0] at 29 that is stuck at constant 0.
W: Removed bmsWIDEDFFRSE inst u_cam2/snapshot_dvp_errors_mem[31:0] at 30 that is stuck at constant 0.
W: Removed bmsWIDEDFFRSE inst u_cam2/snapshot_dvp_errors_mem[31:0] at 31 that is stuck at constant 0.
W: Removed bmsWIDEDFFRSE inst u_ddr3_ctrl/u_ips_ddrc_top/mcdq_axi_mc/mcdq_axi_channel0/mcdq_axi_rdata_align/u_axi_rdcmd_align_fifo/data_out[41:0] at 0 that is stuck at constant 0.
W: Removed bmsWIDEDFFRSE inst u_ddr3_ctrl/u_ips_ddrc_top/mcdq_axi_mc/mcdq_axi_channel0/mcdq_axi_rdata_align/u_axi_rdcmd_align_fifo/data_out[41:0] at 1 that is stuck at constant 0.
W: Removed bmsWIDEDFFCPE inst u_ddr3_ctrl/u_ips_ddrc_top/mcdq_mac_top/mcdq_cfg_apb/cnt[2:0] at 0 that is stuck at constant 0.
W: Removed bmsWIDEDFFCPE inst u_ddr3_ctrl/u_ips_ddrc_top/mcdq_mac_top/mcdq_cfg_apb/cnt[2:0] at 1 that is stuck at constant 0.
W: Removed bmsWIDEDFFCPE inst u_ddr3_ctrl/u_ips_ddrc_top/mcdq_mac_top/mcdq_cfg_apb/cnt[2:0] at 2 that is stuck at constant 0.
W: Removed bmsWIDEDFFCPE inst u_ddr3_ctrl/u_ips_ddrc_top/mcdq_mac_top/mcdq_mrs/mr_addr[2:0] at 0 that is stuck at constant 0.
W: Removed bmsWIDEDFFCPE inst u_ddr3_ctrl/u_ips_ddrc_top/mcdq_mac_top/mcdq_mrs/mr_addr[2:0] at 1 that is stuck at constant 0.
W: Removed bmsWIDEDFFCPE inst u_ddr3_ctrl/u_ips_ddrc_top/mcdq_mac_top/mcdq_mrs/mr_addr[2:0] at 2 that is stuck at constant 0.
W: Removed bmsWIDEDFFCPE inst u_ddr3_ctrl/u_ips_ddrc_top/mcdq_mac_top/mcdq_mrs/mrs_done that is stuck at constant 0.
W: Removed bmsWIDEDFFCPE inst u_ddr3_ctrl/u_ips_ddrc_top/mcdq_mac_top/mcdq_mrs/ref_tri_r that is stuck at constant 0.
W: Removed bmsWIDEDFFCPE inst u_cam1/cpu_byte_count[31:0] at 0 that is stuck at constant 0.
W: Removed bmsWIDEDFFCPE inst u_cam1/cpu_dvp_error_flags[31:0] at 4 that is stuck at constant 0.
W: Removed bmsWIDEDFFCPE inst u_cam1/cpu_dvp_error_flags[31:0] at 5 that is stuck at constant 0.
W: Removed bmsWIDEDFFCPE inst u_cam1/cpu_dvp_error_flags[31:0] at 6 that is stuck at constant 0.
W: Removed bmsWIDEDFFCPE inst u_cam1/cpu_dvp_error_flags[31:0] at 7 that is stuck at constant 0.
W: Removed bmsWIDEDFFCPE inst u_cam1/cpu_dvp_error_flags[31:0] at 8 that is stuck at constant 0.
W: Removed bmsWIDEDFFCPE inst u_cam1/cpu_dvp_error_flags[31:0] at 9 that is stuck at constant 0.
W: Removed bmsWIDEDFFCPE inst u_cam1/cpu_dvp_error_flags[31:0] at 10 that is stuck at constant 0.
W: Removed bmsWIDEDFFCPE inst u_cam1/cpu_dvp_error_flags[31:0] at 11 that is stuck at constant 0.
W: Removed bmsWIDEDFFCPE inst u_cam1/cpu_dvp_error_flags[31:0] at 12 that is stuck at constant 0.
W: Removed bmsWIDEDFFCPE inst u_cam1/cpu_dvp_error_flags[31:0] at 13 that is stuck at constant 0.
W: Removed bmsWIDEDFFCPE inst u_cam1/cpu_dvp_error_flags[31:0] at 14 that is stuck at constant 0.
W: Removed bmsWIDEDFFCPE inst u_cam1/cpu_dvp_error_flags[31:0] at 15 that is stuck at constant 0.
W: Removed bmsWIDEDFFCPE inst u_cam1/cpu_dvp_error_flags[31:0] at 16 that is stuck at constant 0.
W: Removed bmsWIDEDFFCPE inst u_cam1/cpu_dvp_error_flags[31:0] at 17 that is stuck at constant 0.
W: Removed bmsWIDEDFFCPE inst u_cam1/cpu_dvp_error_flags[31:0] at 18 that is stuck at constant 0.
W: Removed bmsWIDEDFFCPE inst u_cam1/cpu_dvp_error_flags[31:0] at 19 that is stuck at constant 0.
W: Removed bmsWIDEDFFCPE inst u_cam1/cpu_dvp_error_flags[31:0] at 20 that is stuck at constant 0.
W: Removed bmsWIDEDFFCPE inst u_cam1/cpu_dvp_error_flags[31:0] at 21 that is stuck at constant 0.
W: Removed bmsWIDEDFFCPE inst u_cam1/cpu_dvp_error_flags[31:0] at 22 that is stuck at constant 0.
W: Removed bmsWIDEDFFCPE inst u_cam1/cpu_dvp_error_flags[31:0] at 23 that is stuck at constant 0.
W: Removed bmsWIDEDFFCPE inst u_cam1/cpu_dvp_error_flags[31:0] at 24 that is stuck at constant 0.
W: Removed bmsWIDEDFFCPE inst u_cam1/cpu_dvp_error_flags[31:0] at 25 that is stuck at constant 0.
W: Removed bmsWIDEDFFCPE inst u_cam1/cpu_dvp_error_flags[31:0] at 26 that is stuck at constant 0.
W: Removed bmsWIDEDFFCPE inst u_cam1/cpu_dvp_error_flags[31:0] at 27 that is stuck at constant 0.
W: Removed bmsWIDEDFFCPE inst u_cam1/cpu_dvp_error_flags[31:0] at 28 that is stuck at constant 0.
W: Removed bmsWIDEDFFCPE inst u_cam1/cpu_dvp_error_flags[31:0] at 29 that is stuck at constant 0.
W: Removed bmsWIDEDFFCPE inst u_cam1/cpu_dvp_error_flags[31:0] at 30 that is stuck at constant 0.
W: Removed bmsWIDEDFFCPE inst u_cam1/cpu_dvp_error_flags[31:0] at 31 that is stuck at constant 0.
W: Removed bmsWIDEDFFCPE inst u_cam2/cpu_byte_count[31:0] at 0 that is stuck at constant 0.
W: Removed bmsWIDEDFFCPE inst u_cam2/cpu_dvp_error_flags[31:0] at 4 that is stuck at constant 0.
W: Removed bmsWIDEDFFCPE inst u_cam2/cpu_dvp_error_flags[31:0] at 5 that is stuck at constant 0.
W: Removed bmsWIDEDFFCPE inst u_cam2/cpu_dvp_error_flags[31:0] at 6 that is stuck at constant 0.
W: Removed bmsWIDEDFFCPE inst u_cam2/cpu_dvp_error_flags[31:0] at 7 that is stuck at constant 0.
W: Removed bmsWIDEDFFCPE inst u_cam2/cpu_dvp_error_flags[31:0] at 8 that is stuck at constant 0.
W: Removed bmsWIDEDFFCPE inst u_cam2/cpu_dvp_error_flags[31:0] at 9 that is stuck at constant 0.
W: Removed bmsWIDEDFFCPE inst u_cam2/cpu_dvp_error_flags[31:0] at 10 that is stuck at constant 0.
W: Removed bmsWIDEDFFCPE inst u_cam2/cpu_dvp_error_flags[31:0] at 11 that is stuck at constant 0.
W: Removed bmsWIDEDFFCPE inst u_cam2/cpu_dvp_error_flags[31:0] at 12 that is stuck at constant 0.
W: Removed bmsWIDEDFFCPE inst u_cam2/cpu_dvp_error_flags[31:0] at 13 that is stuck at constant 0.
W: Removed bmsWIDEDFFCPE inst u_cam2/cpu_dvp_error_flags[31:0] at 14 that is stuck at constant 0.
W: Removed bmsWIDEDFFCPE inst u_cam2/cpu_dvp_error_flags[31:0] at 15 that is stuck at constant 0.
W: Removed bmsWIDEDFFCPE inst u_cam2/cpu_dvp_error_flags[31:0] at 16 that is stuck at constant 0.
W: Removed bmsWIDEDFFCPE inst u_cam2/cpu_dvp_error_flags[31:0] at 17 that is stuck at constant 0.
W: Removed bmsWIDEDFFCPE inst u_cam2/cpu_dvp_error_flags[31:0] at 18 that is stuck at constant 0.
W: Removed bmsWIDEDFFCPE inst u_cam2/cpu_dvp_error_flags[31:0] at 19 that is stuck at constant 0.
W: Removed bmsWIDEDFFCPE inst u_cam2/cpu_dvp_error_flags[31:0] at 20 that is stuck at constant 0.
W: Removed bmsWIDEDFFCPE inst u_cam2/cpu_dvp_error_flags[31:0] at 21 that is stuck at constant 0.
W: Removed bmsWIDEDFFCPE inst u_cam2/cpu_dvp_error_flags[31:0] at 22 that is stuck at constant 0.
W: Removed bmsWIDEDFFCPE inst u_cam2/cpu_dvp_error_flags[31:0] at 23 that is stuck at constant 0.
W: Removed bmsWIDEDFFCPE inst u_cam2/cpu_dvp_error_flags[31:0] at 24 that is stuck at constant 0.
W: Removed bmsWIDEDFFCPE inst u_cam2/cpu_dvp_error_flags[31:0] at 25 that is stuck at constant 0.
W: Removed bmsWIDEDFFCPE inst u_cam2/cpu_dvp_error_flags[31:0] at 26 that is stuck at constant 0.
W: Removed bmsWIDEDFFCPE inst u_cam2/cpu_dvp_error_flags[31:0] at 27 that is stuck at constant 0.
W: Removed bmsWIDEDFFCPE inst u_cam2/cpu_dvp_error_flags[31:0] at 28 that is stuck at constant 0.
W: Removed bmsWIDEDFFCPE inst u_cam2/cpu_dvp_error_flags[31:0] at 29 that is stuck at constant 0.
W: Removed bmsWIDEDFFCPE inst u_cam2/cpu_dvp_error_flags[31:0] at 30 that is stuck at constant 0.
W: Removed bmsWIDEDFFCPE inst u_cam2/cpu_dvp_error_flags[31:0] at 31 that is stuck at constant 0.
W: Removed bmsWIDEDFFCPE inst u_ddr3_ctrl/u_ips_ddrc_top/mcdq_mac_top/mcdq_mrs/cnt_a[3:0] at 1 that is stuck at constant 0.
W: Removed bmsWIDEDFFCPE inst u_ddr3_ctrl/u_ips_ddrc_top/mcdq_mac_top/mcdq_mrs/cnt_a[3:0] at 2 that is stuck at constant 0.
W: Removed bmsWIDEDFFCPE inst u_ddr3_ctrl/u_ips_ddrc_top/mcdq_mac_top/mcdq_mrs/cnt_b[7:0] at 2 that is stuck at constant 0.
W: Removed bmsWIDEDFFCPE inst u_ddr3_ctrl/u_ips_ddrc_top/mcdq_mac_top/mcdq_mrs/cnt_b[7:0] at 3 that is stuck at constant 0.
W: Removed bmsWIDEDFFCPE inst u_ddr3_ctrl/u_ips_ddrc_top/mcdq_mac_top/mcdq_mrs/cnt_b[7:0] at 4 that is stuck at constant 0.
W: Removed bmsWIDEDFFCPE inst u_ddr3_ctrl/u_ips_ddrc_top/mcdq_mac_top/mcdq_mrs/cnt_b[7:0] at 5 that is stuck at constant 0.
W: Removed bmsWIDEDFFCPE inst u_ddr3_ctrl/u_ips_ddrc_top/mcdq_mac_top/mcdq_mrs/cnt_b[7:0] at 6 that is stuck at constant 0.
W: Removed bmsWIDEDFFCPE inst u_ddr3_ctrl/u_ips_ddrc_top/mcdq_mac_top/mcdq_mrs/cnt_b[7:0] at 7 that is stuck at constant 0.
W: Removed bmsWIDEDFFCPE inst u_ddr3_ctrl/u_ips_ddrc_top/mcdq_mac_top/mcdq_cfg_apb/mrs_status that is stuck at constant 0.
W: Removed bmsWIDEDFFPATCE inst u_ddr3_ctrl/u_ips_ddrc_top/mcdq_mac_top/mcdq_mrs/state_reg at 2 that is stuck at constant 0.
W: Removed bmsWIDEDFFPATCE inst u_ddr3_ctrl/u_ips_ddrc_top/mcdq_mac_top/mcdq_mrs/state_reg at 3 that is stuck at constant 0.
W: Removed bmsWIDEDFFPATCE inst u_ddr3_ctrl/u_ips_ddrc_top/mcdq_mac_top/mcdq_mrs/state_reg at 4 that is stuck at constant 0.
W: Removed bmsWIDEDFFPATCE inst u_ddr3_ctrl/u_ips_ddrc_top/mcdq_mac_top/mcdq_mrs/state_reg at 5 that is stuck at constant 0.
W: Removed bmsWIDEDFFPATCE inst u_ddr3_ctrl/u_ips_ddrc_top/mcdq_mac_top/mcdq_mrs/state_reg at 6 that is stuck at constant 0.
W: Removed bmsWIDEDFFCPE inst u_ddr3_ctrl/u_ips_ddrc_top/mcdq_mac_top/mcdq_mrs/mrs_addr[15:11] at 0 that is stuck at constant 0.
W: Removed bmsWIDEDFFCPE inst u_ddr3_ctrl/u_ips_ddrc_top/mcdq_mac_top/mcdq_mrs/mrs_cmd[2:0] at 0 that is stuck at constant 0.
W: Removed bmsWIDEDFFCPE inst u_ddr3_ctrl/u_ips_ddrc_top/mcdq_mac_top/mcdq_mrs/mrs_cmd[2:0] at 1 that is stuck at constant 0.
W: Removed bmsWIDEDFFCPE inst u_ddr3_ctrl/u_ips_ddrc_top/mcdq_mac_top/mcdq_mrs/mrs_cmd[2:0] at 2 that is stuck at constant 0.
W: Removed bmsWIDEDFFCPE inst u_ddr3_ctrl/u_ips_ddrc_top/mcdq_mac_top/mcdq_mrs/mrs_addr[9:0] at 2 that is stuck at constant 0.
W: Removed bmsWIDEDFFCPE inst u_ddr3_ctrl/u_ips_ddrc_top/mcdq_mac_top/mcdq_mrs/mrs_addr[9:0] at 3 that is stuck at constant 0.
W: Removed bmsWIDEDFFCPE inst u_ddr3_ctrl/u_ips_ddrc_top/mcdq_mac_top/mcdq_mrs/mrs_addr[9:0] at 4 that is stuck at constant 0.
W: Removed bmsWIDEDFFCPE inst u_ddr3_ctrl/u_ips_ddrc_top/mcdq_mac_top/mcdq_mrs/mrs_addr[9:0] at 5 that is stuck at constant 0.
W: Removed bmsWIDEDFFCPE inst u_ddr3_ctrl/u_ips_ddrc_top/mcdq_mac_top/mcdq_mrs/mrs_bank[2:0] at 0 that is stuck at constant 0.
W: Removed bmsWIDEDFFCPE inst u_ddr3_ctrl/u_ips_ddrc_top/mcdq_mac_top/mcdq_mrs/mrs_bank[2:0] at 1 that is stuck at constant 0.
W: pmux inst 'u_ddr3_ctrl/u_ips_ddrc_top/mcdq_mac_top/mcdq_mrs/N255_5' has no active select, tie output to 0
I: Removed bmsWIDEDFFCPE inst u_ddr3_ctrl/u_ips_ddrc_top/mcdq_mac_top/mcdq_mrs/cnt_a[3:0] that is redundant to u_ddr3_ctrl/u_ips_ddrc_top/mcdq_mac_top/mcdq_dfi/mux_dfi_cke[3:0]
I: Removed GTP_RAM32X2DP inst u_ddr3_ctrl/u_ips_ddrc_top/mcdq_axi_mc/mcdq_axi_channel0/mcdq_axi_buf/u_axi_wrcmd_fifo/ips2l_distributed_fifo/u_ips2l_distributed_fifo_distributed_fifo_v1_0/ips2l_distributed_sdpram_distributed_fifo_v1_0/mem_1_0 that is redundant to u_ddr3_ctrl/u_ips_ddrc_top/mcdq_axi_mc/mcdq_axi_channel0/mcdq_axi_buf/u_axi_wrcmd_fifo/ips2l_distributed_fifo/u_ips2l_distributed_fifo_distributed_fifo_v1_0/ips2l_distributed_sdpram_distributed_fifo_v1_0/mem_0
W: Removed bmsWIDEDFFRSE inst u_ddr3_ctrl/u_ips_ddrc_top/mcdq_axi_mc/mcdq_axi_cmd_arb/arb_cmddata_out[44:0] at 0 that is stuck at constant 0.
W: Public-4008: Instance 'u_ddr3_ctrl/u_ips_ddrc_top/mcdq_mac_top/mcdq_mrs/prea_tri_r' of 'bmsWIDEDFFCPE' unit is dangling and will be cleaned.
W: Public-4008: Instance 'u_ddr3_ctrl/u_ips_ddrc_top/mcdq_mac_top/mcdq_mrs/state_reg' of 'bmsWIDEDFFPATCE' unit is dangling and will be cleaned.
W: Removed bmsWIDEDFFCPE inst u_ddr3_ctrl/u_ips_ddrc_top/mcdq_axi_mc/mcdq_axi_cmd_arb/mcdq_axi_dec/pre_addr[27:0] at 0 that is stuck at constant 0.
W: Removed bmsWIDEDFFCPE inst u_ddr3_ctrl/u_ips_ddrc_top/mcdq_axi_mc/mcdq_axi_cmd_arb/mcdq_axi_dec/pre_addr[27:0] at 1 that is stuck at constant 0.
W: Removed bmsWIDEDFFCPE inst u_ddr3_ctrl/u_ips_ddrc_top/mcdq_axi_mc/mcdq_axi_cmd_arb/mcdq_axi_dec/u_user_cmd_fifo/data_0[61:0] at 0 that is stuck at constant 0.
W: Removed bmsWIDEDFFCPE inst u_ddr3_ctrl/u_ips_ddrc_top/mcdq_axi_mc/mcdq_axi_cmd_arb/mcdq_axi_dec/u_user_cmd_fifo/data_0[61:0] at 1 that is stuck at constant 0.
W: Removed bmsWIDEDFFCPE inst u_ddr3_ctrl/u_ips_ddrc_top/mcdq_axi_mc/mcdq_axi_cmd_arb/mcdq_axi_dec/u_user_cmd_fifo/data_1[61:0] at 0 that is stuck at constant 0.
W: Removed bmsWIDEDFFCPE inst u_ddr3_ctrl/u_ips_ddrc_top/mcdq_axi_mc/mcdq_axi_cmd_arb/mcdq_axi_dec/u_user_cmd_fifo/data_1[61:0] at 1 that is stuck at constant 0.
W: Removed bmsWIDEDFFCPE inst u_ddr3_ctrl/u_ips_ddrc_top/mcdq_mac_top/mcdq_dcd_top/mcdq_dcd_bm/dec_addr[12:0] at 0 that is stuck at constant 0.
W: Removed bmsWIDEDFFCPE inst u_ddr3_ctrl/u_ips_ddrc_top/mcdq_mac_top/mcdq_dcd_top/mcdq_dcd_bm/dec_addr[12:0] at 1 that is stuck at constant 0.
W: Removed bmsWIDEDFFCPE inst u_ddr3_ctrl/u_ips_ddrc_top/mcdq_mac_top/mcdq_dcd_top/mcdq_dcd_sm/dec_addr_d[27:0] at 0 that is stuck at constant 0.
W: Removed bmsWIDEDFFCPE inst u_ddr3_ctrl/u_ips_ddrc_top/mcdq_mac_top/mcdq_dcd_top/mcdq_dcd_sm/dec_addr_d[27:0] at 1 that is stuck at constant 0.
W: Removed bmsWIDEDFFCPE inst u_ddr3_ctrl/u_ips_ddrc_top/mcdq_mac_top/mcdq_dcd_top/mcdq_dcd_sm/dcd_wr_addr[9:0] at 0 that is stuck at constant 0.
W: Removed bmsWIDEDFFCPE inst u_ddr3_ctrl/u_ips_ddrc_top/mcdq_mac_top/mcdq_dcd_top/mcdq_dcd_sm/dcd_wr_addr[9:0] at 1 that is stuck at constant 0.
W: Removed bmsWIDEDFFCPE inst u_ddr3_ctrl/u_ips_ddrc_top/mcdq_axi_mc/mcdq_axi_channel0/mcdq_axi_rdata_align/u_mcdq_axi_rdata_arrange/axi_arlen_flag that is stuck at constant 0.
W: Removed bmsWIDEDFFCPE inst u_ddr3_ctrl/u_ddrphy_top/ddrphy_dfi/update_cal_req that is stuck at constant 0.
W: Public-4008: Instance 'u_cpu/u_idu/u_rf/rf[0][31:0]' of 'bmsWIDEDFFRSE' unit is dangling and will be cleaned.
W: Removed bmsWIDEDFFCPE inst u_cam1/u_fifo/underflow that is stuck at constant 0.
W: Removed bmsWIDEDFFCPE inst u_cam2/u_fifo/underflow that is stuck at constant 0.
W: Removed bmsWIDEDFFRSE inst u_cam1/snap_fifo_error_mem[31:0] at 1 that is stuck at constant 0.
W: Removed bmsWIDEDFFRSE inst u_cam1/snap_status_mem[31:0] at 13 that is stuck at constant 0.
W: Removed bmsWIDEDFFRSE inst u_cam2/snap_fifo_error_mem[31:0] at 1 that is stuck at constant 0.
W: Removed bmsWIDEDFFRSE inst u_cam2/snap_status_mem[31:0] at 13 that is stuck at constant 0.
W: Removed bmsWIDEDFFCPE inst u_cam1/cpu_fifo_error[31:0] at 1 that is stuck at constant 0.
W: Removed bmsWIDEDFFCPE inst u_cam1/cpu_status[31:0] at 13 that is stuck at constant 0.
W: Removed bmsWIDEDFFCPE inst u_cam2/cpu_fifo_error[31:0] at 1 that is stuck at constant 0.
W: Removed bmsWIDEDFFCPE inst u_cam2/cpu_status[31:0] at 13 that is stuck at constant 0.
W: Removed bmsWIDEDFFCPE inst u_ddr3_ctrl/u_ips_ddrc_top/mcdq_mac_top/mcdq_dcp_top/mcdq_dcp_back_ctrl/mcdq_timing_rd_pass/timing_cnt0[2:0] at 2 that is stuck at constant 0.
W: Removed bmsWIDEDFFCPE inst u_ddr3_ctrl/u_ips_ddrc_top/mcdq_mac_top/mcdq_dcp_top/mcdq_dcp_back_ctrl/timing_wr_pass/timing_cnt0[2:0] at 2 that is stuck at constant 0.
W: Removed bmsWIDEDFFCPE inst u_ddr3_ctrl/u_ips_ddrc_top/mcdq_mac_top/mcdq_dcp_top/mcdq_dcp_back_ctrl/mcdq_timing_rd_pass/timing_cnt0[2:0] at 0 that is stuck at constant 0.
W: Removed bmsWIDEDFFCPE inst u_ddr3_ctrl/u_ips_ddrc_top/mcdq_mac_top/mcdq_dcp_top/mcdq_dcp_back_ctrl/timing_wr_pass/timing_cnt0[2:0] at 0 that is stuck at constant 0.
W: Public-4008: Instance 'u_ddr3_ctrl/u_ips_ddrc_top/mcdq_mac_top/mcdq_dcp_top/mcdq_dcp_back_ctrl/timing_wr_pass/timing_cnt0[2:0]' of 'bmsWIDEDFFCPE' unit is dangling and will be cleaned.
W: Public-4008: Instance 'u_ddr3_ctrl/u_ips_ddrc_top/mcdq_mac_top/mcdq_dcp_top/mcdq_dcp_back_ctrl/mcdq_timing_rd_pass/timing_cnt0[2:0]' of 'bmsWIDEDFFCPE' unit is dangling and will be cleaned.
Executing : logic-optimization successfully. Time elapsed: 19.384s wall, 1.656s user + 0.312s system = 1.969s CPU (10.2%)

Start tech-mapping phase 1.
W: Public-4008: Instance 'u_ddr3_ctrl/u_ips_ddrc_top/mcdq_mac_top/mcdq_wdatapath/mc3q_wdp_dcp/r_wvld[1]' of 'bmsWIDEDFFCPE' unit is dangling and will be cleaned.
W: Public-4008: Instance 'u_ddr3_ctrl/u_ips_ddrc_top/mcdq_mac_top/mcdq_wdatapath/mc3q_wdp_dcp/r_wvld[2]' of 'bmsWIDEDFFCPE' unit is dangling and will be cleaned.
W: Public-4008: Instance 'u_ddr3_ctrl/u_ips_ddrc_top/mcdq_mac_top/mcdq_wdatapath/mc3q_wdp_dcp/r_wvld[3]' of 'bmsWIDEDFFCPE' unit is dangling and will be cleaned.
W: Public-4008: Instance 'u_ddr3_ctrl/u_ips_ddrc_top/mcdq_mac_top/mcdq_wdatapath/mc3q_wdp_dcp/r_wvld[4]' of 'bmsWIDEDFFCPE' unit is dangling and will be cleaned.
W: Public-4008: Instance 'u_ddr3_ctrl/u_ips_ddrc_top/mcdq_mac_top/mcdq_wdatapath/mc3q_wdp_dcp/r_wvld[5]' of 'bmsWIDEDFFCPE' unit is dangling and will be cleaned.
W: Public-4008: Instance 'u_ddr3_ctrl/u_ips_ddrc_top/mcdq_mac_top/mcdq_wdatapath/mc3q_wdp_dcp/r_wvld[6]' of 'bmsWIDEDFFCPE' unit is dangling and will be cleaned.
W: Public-4008: Instance 'u_ddr3_ctrl/u_ips_ddrc_top/mcdq_mac_top/mcdq_wdatapath/mc3q_wdp_dcp/r_wvld[7]' of 'bmsWIDEDFFCPE' unit is dangling and will be cleaned.
W: Public-4008: Instance 'u_ddr3_ctrl/u_ips_ddrc_top/mcdq_mac_top/mcdq_wdatapath/mcdq_wdp_align/din_slip_dly[0]' of 'bmsWIDEDFFCPE' unit is dangling and will be cleaned.
W: Public-4008: Instance 'u_ddr3_ctrl/u_ips_ddrc_top/mcdq_mac_top/mcdq_wdatapath/mcdq_wdp_align/din_slip_dly[1]' of 'bmsWIDEDFFCPE' unit is dangling and will be cleaned.
W: Public-4008: Instance 'u_ddr3_ctrl/u_ips_ddrc_top/mcdq_mac_top/mcdq_wdatapath/mcdq_wdp_align/din_slip_dly[2]' of 'bmsWIDEDFFCPE' unit is dangling and will be cleaned.
W: Public-4008: Instance 'u_ddr3_ctrl/u_ips_ddrc_top/mcdq_mac_top/mcdq_wdatapath/mcdq_wdp_align/din_slip_dly[3]' of 'bmsWIDEDFFCPE' unit is dangling and will be cleaned.
W: Public-4008: Instance 'u_ddr3_ctrl/u_ips_ddrc_top/mcdq_mac_top/mcdq_wdatapath/mcdq_wdp_align/din_slip_dly[4]' of 'bmsWIDEDFFCPE' unit is dangling and will be cleaned.
W: Public-4008: Instance 'u_ddr3_ctrl/u_ips_ddrc_top/mcdq_mac_top/mcdq_wdatapath/mcdq_wdp_align/din_slip_dly[5]' of 'bmsWIDEDFFCPE' unit is dangling and will be cleaned.
W: Public-4008: Instance 'u_ddr3_ctrl/u_ips_ddrc_top/mcdq_mac_top/mcdq_wdatapath/mcdq_wdp_align/din_slip_dly[6]' of 'bmsWIDEDFFCPE' unit is dangling and will be cleaned.
W: Public-4008: Instance 'u_ddr3_ctrl/u_ips_ddrc_top/mcdq_mac_top/mcdq_wdatapath/mcdq_wdp_align/din_slip_dly[7]' of 'bmsWIDEDFFCPE' unit is dangling and will be cleaned.
W: Public-4008: Instance 'u_ddr3_ctrl/u_ips_ddrc_top/mcdq_mac_top/mcdq_wdatapath/mcdq_wdp_align/din_slip_dly[8]' of 'bmsWIDEDFFCPE' unit is dangling and will be cleaned.
W: Public-4008: Instance 'u_ddr3_ctrl/u_ips_ddrc_top/mcdq_mac_top/mcdq_wdatapath/mcdq_wdp_align/din_slip_dly[9]' of 'bmsWIDEDFFCPE' unit is dangling and will be cleaned.
W: Public-4008: Instance 'u_ddr3_ctrl/u_ips_ddrc_top/mcdq_mac_top/mcdq_wdatapath/mcdq_wdp_align/din_slip_dly[10]' of 'bmsWIDEDFFCPE' unit is dangling and will be cleaned.
W: Public-4008: Instance 'u_ddr3_ctrl/u_ips_ddrc_top/mcdq_mac_top/mcdq_wdatapath/mcdq_wdp_align/din_slip_dly[11]' of 'bmsWIDEDFFCPE' unit is dangling and will be cleaned.
W: Public-4008: Instance 'u_ddr3_ctrl/u_ips_ddrc_top/mcdq_mac_top/mcdq_wdatapath/mcdq_wdp_align/din_slip_dly[12]' of 'bmsWIDEDFFCPE' unit is dangling and will be cleaned.
W: Public-4008: Instance 'u_ddr3_ctrl/u_ips_ddrc_top/mcdq_mac_top/mcdq_wdatapath/mcdq_wdp_align/din_slip_dly[13]' of 'bmsWIDEDFFCPE' unit is dangling and will be cleaned.
W: Public-4008: Instance 'u_ddr3_ctrl/u_ips_ddrc_top/mcdq_mac_top/mcdq_wdatapath/mcdq_wdp_align/din_slip_dly[14]' of 'bmsWIDEDFFCPE' unit is dangling and will be cleaned.
W: Public-4008: Instance 'u_ddr3_ctrl/u_ips_ddrc_top/mcdq_mac_top/mcdq_wdatapath/mcdq_wdp_align/din_slip_dly[15]' of 'bmsWIDEDFFCPE' unit is dangling and will be cleaned.
W: Public-4008: Instance 'u_ddr3_ctrl/u_ips_ddrc_top/mcdq_mac_top/mcdq_wdatapath/mcdq_wdp_align/din_slip_dly[16]' of 'bmsWIDEDFFCPE' unit is dangling and will be cleaned.
W: Public-4008: Instance 'u_ddr3_ctrl/u_ips_ddrc_top/mcdq_mac_top/mcdq_wdatapath/mcdq_wdp_align/din_slip_dly[17]' of 'bmsWIDEDFFCPE' unit is dangling and will be cleaned.
W: Public-4008: Instance 'u_ddr3_ctrl/u_ips_ddrc_top/mcdq_mac_top/mcdq_wdatapath/mcdq_wdp_align/din_slip_dly[18]' of 'bmsWIDEDFFCPE' unit is dangling and will be cleaned.
W: Public-4008: Instance 'u_ddr3_ctrl/u_ips_ddrc_top/mcdq_mac_top/mcdq_wdatapath/mcdq_wdp_align/din_slip_dly[19]' of 'bmsWIDEDFFCPE' unit is dangling and will be cleaned.
W: Public-4008: Instance 'u_ddr3_ctrl/u_ips_ddrc_top/mcdq_mac_top/mcdq_wdatapath/mcdq_wdp_align/din_slip_dly[20]' of 'bmsWIDEDFFCPE' unit is dangling and will be cleaned.
W: Public-4008: Instance 'u_ddr3_ctrl/u_ips_ddrc_top/mcdq_mac_top/mcdq_wdatapath/mcdq_wdp_align/din_slip_dly[21]' of 'bmsWIDEDFFCPE' unit is dangling and will be cleaned.
W: Public-4008: Instance 'u_ddr3_ctrl/u_ips_ddrc_top/mcdq_mac_top/mcdq_wdatapath/mcdq_wdp_align/din_slip_dly[22]' of 'bmsWIDEDFFCPE' unit is dangling and will be cleaned.
W: Public-4008: Instance 'u_ddr3_ctrl/u_ips_ddrc_top/mcdq_mac_top/mcdq_wdatapath/mcdq_wdp_align/din_slip_dly[23]' of 'bmsWIDEDFFCPE' unit is dangling and will be cleaned.
W: Public-4008: Instance 'u_ddr3_ctrl/u_ips_ddrc_top/mcdq_mac_top/mcdq_wdatapath/mcdq_wdp_align/din_slip_dly[24]' of 'bmsWIDEDFFCPE' unit is dangling and will be cleaned.
W: Public-4008: Instance 'u_ddr3_ctrl/u_ips_ddrc_top/mcdq_mac_top/mcdq_wdatapath/mcdq_wdp_align/din_slip_dly[25]' of 'bmsWIDEDFFCPE' unit is dangling and will be cleaned.
W: Public-4008: Instance 'u_ddr3_ctrl/u_ips_ddrc_top/mcdq_mac_top/mcdq_wdatapath/mcdq_wdp_align/din_slip_dly[26]' of 'bmsWIDEDFFCPE' unit is dangling and will be cleaned.
W: Public-4008: Instance 'u_ddr3_ctrl/u_ips_ddrc_top/mcdq_mac_top/mcdq_wdatapath/mcdq_wdp_align/din_slip_dly[27]' of 'bmsWIDEDFFCPE' unit is dangling and will be cleaned.
W: Public-4008: Instance 'u_ddr3_ctrl/u_ips_ddrc_top/mcdq_mac_top/mcdq_wdatapath/mcdq_wdp_align/din_slip_dly[28]' of 'bmsWIDEDFFCPE' unit is dangling and will be cleaned.
W: Public-4008: Instance 'u_ddr3_ctrl/u_ips_ddrc_top/mcdq_mac_top/mcdq_wdatapath/mcdq_wdp_align/din_slip_dly[29]' of 'bmsWIDEDFFCPE' unit is dangling and will be cleaned.
W: Public-4008: Instance 'u_ddr3_ctrl/u_ips_ddrc_top/mcdq_mac_top/mcdq_wdatapath/mcdq_wdp_align/din_slip_dly[30]' of 'bmsWIDEDFFCPE' unit is dangling and will be cleaned.
W: Public-4008: Instance 'u_ddr3_ctrl/u_ips_ddrc_top/mcdq_mac_top/mcdq_wdatapath/mcdq_wdp_align/din_slip_dly[31]' of 'bmsWIDEDFFCPE' unit is dangling and will be cleaned.
W: Public-4008: Instance 'u_ddr3_ctrl/u_ips_ddrc_top/mcdq_mac_top/mcdq_wdatapath/mcdq_wdp_align/din_slip_dly[32]' of 'bmsWIDEDFFCPE' unit is dangling and will be cleaned.
W: Public-4008: Instance 'u_ddr3_ctrl/u_ips_ddrc_top/mcdq_mac_top/mcdq_wdatapath/mcdq_wdp_align/din_slip_dly[33]' of 'bmsWIDEDFFCPE' unit is dangling and will be cleaned.
W: Public-4008: Instance 'u_ddr3_ctrl/u_ips_ddrc_top/mcdq_mac_top/mcdq_wdatapath/mcdq_wdp_align/din_slip_dly[34]' of 'bmsWIDEDFFCPE' unit is dangling and will be cleaned.
W: Public-4008: Instance 'u_ddr3_ctrl/u_ips_ddrc_top/mcdq_mac_top/mcdq_wdatapath/mcdq_wdp_align/din_slip_dly[35]' of 'bmsWIDEDFFCPE' unit is dangling and will be cleaned.
W: Public-4008: Instance 'u_ddr3_ctrl/u_ips_ddrc_top/mcdq_mac_top/mcdq_wdatapath/mcdq_wdp_align/din_slip_dly[36]' of 'bmsWIDEDFFCPE' unit is dangling and will be cleaned.
W: Public-4008: Instance 'u_ddr3_ctrl/u_ips_ddrc_top/mcdq_mac_top/mcdq_wdatapath/mcdq_wdp_align/din_slip_dly[37]' of 'bmsWIDEDFFCPE' unit is dangling and will be cleaned.
W: Public-4008: Instance 'u_ddr3_ctrl/u_ips_ddrc_top/mcdq_mac_top/mcdq_wdatapath/mcdq_wdp_align/din_slip_dly[38]' of 'bmsWIDEDFFCPE' unit is dangling and will be cleaned.
W: Public-4008: Instance 'u_ddr3_ctrl/u_ips_ddrc_top/mcdq_mac_top/mcdq_wdatapath/mcdq_wdp_align/din_slip_dly[39]' of 'bmsWIDEDFFCPE' unit is dangling and will be cleaned.
W: Public-4008: Instance 'u_ddr3_ctrl/u_ips_ddrc_top/mcdq_mac_top/mcdq_wdatapath/mcdq_wdp_align/din_slip_dly[40]' of 'bmsWIDEDFFCPE' unit is dangling and will be cleaned.
W: Public-4008: Instance 'u_ddr3_ctrl/u_ips_ddrc_top/mcdq_mac_top/mcdq_wdatapath/mcdq_wdp_align/din_slip_dly[41]' of 'bmsWIDEDFFCPE' unit is dangling and will be cleaned.
W: Public-4008: Instance 'u_ddr3_ctrl/u_ips_ddrc_top/mcdq_mac_top/mcdq_wdatapath/mcdq_wdp_align/din_slip_dly[42]' of 'bmsWIDEDFFCPE' unit is dangling and will be cleaned.
W: Public-4008: Instance 'u_ddr3_ctrl/u_ips_ddrc_top/mcdq_mac_top/mcdq_wdatapath/mcdq_wdp_align/din_slip_dly[43]' of 'bmsWIDEDFFCPE' unit is dangling and will be cleaned.
W: Public-4008: Instance 'u_ddr3_ctrl/u_ips_ddrc_top/mcdq_mac_top/mcdq_wdatapath/mcdq_wdp_align/din_slip_dly[44]' of 'bmsWIDEDFFCPE' unit is dangling and will be cleaned.
W: Public-4008: Instance 'u_ddr3_ctrl/u_ips_ddrc_top/mcdq_mac_top/mcdq_wdatapath/mcdq_wdp_align/din_slip_dly[45]' of 'bmsWIDEDFFCPE' unit is dangling and will be cleaned.
W: Public-4008: Instance 'u_ddr3_ctrl/u_ips_ddrc_top/mcdq_mac_top/mcdq_wdatapath/mcdq_wdp_align/din_slip_dly[46]' of 'bmsWIDEDFFCPE' unit is dangling and will be cleaned.
W: Public-4008: Instance 'u_ddr3_ctrl/u_ips_ddrc_top/mcdq_mac_top/mcdq_wdatapath/mcdq_wdp_align/din_slip_dly[47]' of 'bmsWIDEDFFCPE' unit is dangling and will be cleaned.
W: Public-4008: Instance 'u_ddr3_ctrl/u_ips_ddrc_top/mcdq_mac_top/mcdq_wdatapath/mcdq_wdp_align/din_slip_dly[48]' of 'bmsWIDEDFFCPE' unit is dangling and will be cleaned.
W: Public-4008: Instance 'u_ddr3_ctrl/u_ips_ddrc_top/mcdq_mac_top/mcdq_wdatapath/mcdq_wdp_align/din_slip_dly[49]' of 'bmsWIDEDFFCPE' unit is dangling and will be cleaned.
W: Public-4008: Instance 'u_ddr3_ctrl/u_ips_ddrc_top/mcdq_mac_top/mcdq_wdatapath/mcdq_wdp_align/din_slip_dly[50]' of 'bmsWIDEDFFCPE' unit is dangling and will be cleaned.
W: Public-4008: Instance 'u_ddr3_ctrl/u_ips_ddrc_top/mcdq_mac_top/mcdq_wdatapath/mcdq_wdp_align/din_slip_dly[51]' of 'bmsWIDEDFFCPE' unit is dangling and will be cleaned.
W: Public-4008: Instance 'u_ddr3_ctrl/u_ips_ddrc_top/mcdq_mac_top/mcdq_wdatapath/mcdq_wdp_align/din_slip_dly[52]' of 'bmsWIDEDFFCPE' unit is dangling and will be cleaned.
W: Public-4008: Instance 'u_ddr3_ctrl/u_ips_ddrc_top/mcdq_mac_top/mcdq_wdatapath/mcdq_wdp_align/din_slip_dly[53]' of 'bmsWIDEDFFCPE' unit is dangling and will be cleaned.
W: Public-4008: Instance 'u_ddr3_ctrl/u_ips_ddrc_top/mcdq_mac_top/mcdq_wdatapath/mcdq_wdp_align/din_slip_dly[54]' of 'bmsWIDEDFFCPE' unit is dangling and will be cleaned.
W: Public-4008: Instance 'u_ddr3_ctrl/u_ips_ddrc_top/mcdq_mac_top/mcdq_wdatapath/mcdq_wdp_align/din_slip_dly[55]' of 'bmsWIDEDFFCPE' unit is dangling and will be cleaned.
W: Public-4008: Instance 'u_ddr3_ctrl/u_ips_ddrc_top/mcdq_mac_top/mcdq_wdatapath/mcdq_wdp_align/din_slip_dly[56]' of 'bmsWIDEDFFCPE' unit is dangling and will be cleaned.
W: Public-4008: Instance 'u_ddr3_ctrl/u_ips_ddrc_top/mcdq_mac_top/mcdq_wdatapath/mcdq_wdp_align/din_slip_dly[57]' of 'bmsWIDEDFFCPE' unit is dangling and will be cleaned.
W: Public-4008: Instance 'u_ddr3_ctrl/u_ips_ddrc_top/mcdq_mac_top/mcdq_wdatapath/mcdq_wdp_align/din_slip_dly[58]' of 'bmsWIDEDFFCPE' unit is dangling and will be cleaned.
W: Public-4008: Instance 'u_ddr3_ctrl/u_ips_ddrc_top/mcdq_mac_top/mcdq_wdatapath/mcdq_wdp_align/din_slip_dly[59]' of 'bmsWIDEDFFCPE' unit is dangling and will be cleaned.
W: Public-4008: Instance 'u_ddr3_ctrl/u_ips_ddrc_top/mcdq_mac_top/mcdq_wdatapath/mcdq_wdp_align/din_slip_dly[60]' of 'bmsWIDEDFFCPE' unit is dangling and will be cleaned.
W: Public-4008: Instance 'u_ddr3_ctrl/u_ips_ddrc_top/mcdq_mac_top/mcdq_wdatapath/mcdq_wdp_align/din_slip_dly[61]' of 'bmsWIDEDFFCPE' unit is dangling and will be cleaned.
W: Public-4008: Instance 'u_ddr3_ctrl/u_ips_ddrc_top/mcdq_mac_top/mcdq_wdatapath/mcdq_wdp_align/din_slip_dly[62]' of 'bmsWIDEDFFCPE' unit is dangling and will be cleaned.
W: Public-4008: Instance 'u_ddr3_ctrl/u_ips_ddrc_top/mcdq_mac_top/mcdq_wdatapath/mcdq_wdp_align/din_slip_dly[63]' of 'bmsWIDEDFFCPE' unit is dangling and will be cleaned.
W: Public-4008: Instance 'u_ddr3_ctrl/u_ips_ddrc_top/mcdq_mac_top/mcdq_wdatapath/mcdq_wdp_align/r_data[0]' of 'bmsWIDEDFFCPE' unit is dangling and will be cleaned.
W: Public-4008: Instance 'u_ddr3_ctrl/u_ips_ddrc_top/mcdq_mac_top/mcdq_wdatapath/mcdq_wdp_align/r_data[1]' of 'bmsWIDEDFFCPE' unit is dangling and will be cleaned.
W: Public-4008: Instance 'u_ddr3_ctrl/u_ips_ddrc_top/mcdq_mac_top/mcdq_wdatapath/mcdq_wdp_align/r_data[2]' of 'bmsWIDEDFFCPE' unit is dangling and will be cleaned.
W: Public-4008: Instance 'u_ddr3_ctrl/u_ips_ddrc_top/mcdq_mac_top/mcdq_wdatapath/mcdq_wdp_align/r_data[3]' of 'bmsWIDEDFFCPE' unit is dangling and will be cleaned.
W: Public-4008: Instance 'u_ddr3_ctrl/u_ips_ddrc_top/mcdq_mac_top/mcdq_wdatapath/mcdq_wdp_align/r_data[4]' of 'bmsWIDEDFFCPE' unit is dangling and will be cleaned.
W: Public-4008: Instance 'u_ddr3_ctrl/u_ips_ddrc_top/mcdq_mac_top/mcdq_wdatapath/mcdq_wdp_align/r_data[5]' of 'bmsWIDEDFFCPE' unit is dangling and will be cleaned.
W: Public-4008: Instance 'u_ddr3_ctrl/u_ips_ddrc_top/mcdq_mac_top/mcdq_wdatapath/mcdq_wdp_align/r_data[6]' of 'bmsWIDEDFFCPE' unit is dangling and will be cleaned.
W: Public-4008: Instance 'u_ddr3_ctrl/u_ips_ddrc_top/mcdq_mac_top/mcdq_wdatapath/mcdq_wdp_align/r_data[7]' of 'bmsWIDEDFFCPE' unit is dangling and will be cleaned.
W: Public-4008: Instance 'u_ddr3_ctrl/u_ips_ddrc_top/mcdq_mac_top/mcdq_wdatapath/mcdq_wdp_align/r_data[8]' of 'bmsWIDEDFFCPE' unit is dangling and will be cleaned.
W: Public-4008: Instance 'u_ddr3_ctrl/u_ips_ddrc_top/mcdq_mac_top/mcdq_wdatapath/mcdq_wdp_align/r_data[9]' of 'bmsWIDEDFFCPE' unit is dangling and will be cleaned.
W: Public-4008: Instance 'u_ddr3_ctrl/u_ips_ddrc_top/mcdq_mac_top/mcdq_wdatapath/mcdq_wdp_align/r_data[10]' of 'bmsWIDEDFFCPE' unit is dangling and will be cleaned.
W: Public-4008: Instance 'u_ddr3_ctrl/u_ips_ddrc_top/mcdq_mac_top/mcdq_wdatapath/mcdq_wdp_align/r_data[11]' of 'bmsWIDEDFFCPE' unit is dangling and will be cleaned.
W: Public-4008: Instance 'u_ddr3_ctrl/u_ips_ddrc_top/mcdq_mac_top/mcdq_wdatapath/mcdq_wdp_align/r_data[12]' of 'bmsWIDEDFFCPE' unit is dangling and will be cleaned.
W: Public-4008: Instance 'u_ddr3_ctrl/u_ips_ddrc_top/mcdq_mac_top/mcdq_wdatapath/mcdq_wdp_align/r_data[13]' of 'bmsWIDEDFFCPE' unit is dangling and will be cleaned.
W: Public-4008: Instance 'u_ddr3_ctrl/u_ips_ddrc_top/mcdq_mac_top/mcdq_wdatapath/mcdq_wdp_align/r_data[14]' of 'bmsWIDEDFFCPE' unit is dangling and will be cleaned.
W: Public-4008: Instance 'u_ddr3_ctrl/u_ips_ddrc_top/mcdq_mac_top/mcdq_wdatapath/mcdq_wdp_align/r_data[15]' of 'bmsWIDEDFFCPE' unit is dangling and will be cleaned.
W: Public-4008: Instance 'u_ddr3_ctrl/u_ips_ddrc_top/mcdq_mac_top/mcdq_wdatapath/mcdq_wdp_align/r_data[16]' of 'bmsWIDEDFFCPE' unit is dangling and will be cleaned.
W: Public-4008: Instance 'u_ddr3_ctrl/u_ips_ddrc_top/mcdq_mac_top/mcdq_wdatapath/mcdq_wdp_align/r_data[17]' of 'bmsWIDEDFFCPE' unit is dangling and will be cleaned.
W: Public-4008: Instance 'u_ddr3_ctrl/u_ips_ddrc_top/mcdq_mac_top/mcdq_wdatapath/mcdq_wdp_align/r_data[18]' of 'bmsWIDEDFFCPE' unit is dangling and will be cleaned.
W: Public-4008: Instance 'u_ddr3_ctrl/u_ips_ddrc_top/mcdq_mac_top/mcdq_wdatapath/mcdq_wdp_align/r_data[19]' of 'bmsWIDEDFFCPE' unit is dangling and will be cleaned.
W: Public-4008: Instance 'u_ddr3_ctrl/u_ips_ddrc_top/mcdq_mac_top/mcdq_wdatapath/mcdq_wdp_align/r_data[20]' of 'bmsWIDEDFFCPE' unit is dangling and will be cleaned.
W: Public-4008: Instance 'u_ddr3_ctrl/u_ips_ddrc_top/mcdq_mac_top/mcdq_wdatapath/mcdq_wdp_align/r_data[21]' of 'bmsWIDEDFFCPE' unit is dangling and will be cleaned.
W: Public-4008: Instance 'u_ddr3_ctrl/u_ips_ddrc_top/mcdq_mac_top/mcdq_wdatapath/mcdq_wdp_align/r_data[22]' of 'bmsWIDEDFFCPE' unit is dangling and will be cleaned.
W: Public-4008: Instance 'u_ddr3_ctrl/u_ips_ddrc_top/mcdq_mac_top/mcdq_wdatapath/mcdq_wdp_align/r_data[23]' of 'bmsWIDEDFFCPE' unit is dangling and will be cleaned.
W: Public-4008: Instance 'u_ddr3_ctrl/u_ips_ddrc_top/mcdq_mac_top/mcdq_wdatapath/mcdq_wdp_align/r_data[24]' of 'bmsWIDEDFFCPE' unit is dangling and will be cleaned.
W: Public-4008: Instance 'u_ddr3_ctrl/u_ips_ddrc_top/mcdq_mac_top/mcdq_wdatapath/mcdq_wdp_align/r_data[25]' of 'bmsWIDEDFFCPE' unit is dangling and will be cleaned.
W: Public-4008: Instance 'u_ddr3_ctrl/u_ips_ddrc_top/mcdq_mac_top/mcdq_wdatapath/mcdq_wdp_align/r_data[26]' of 'bmsWIDEDFFCPE' unit is dangling and will be cleaned.
W: Public-4008: Instance 'u_ddr3_ctrl/u_ips_ddrc_top/mcdq_mac_top/mcdq_wdatapath/mcdq_wdp_align/r_data[27]' of 'bmsWIDEDFFCPE' unit is dangling and will be cleaned.
W: Public-4008: Instance 'u_ddr3_ctrl/u_ips_ddrc_top/mcdq_mac_top/mcdq_wdatapath/mcdq_wdp_align/r_data[28]' of 'bmsWIDEDFFCPE' unit is dangling and will be cleaned.
W: Public-4008: Instance 'u_ddr3_ctrl/u_ips_ddrc_top/mcdq_mac_top/mcdq_wdatapath/mcdq_wdp_align/r_data[29]' of 'bmsWIDEDFFCPE' unit is dangling and will be cleaned.
W: Public-4008: Instance 'u_ddr3_ctrl/u_ips_ddrc_top/mcdq_mac_top/mcdq_wdatapath/mcdq_wdp_align/r_data[30]' of 'bmsWIDEDFFCPE' unit is dangling and will be cleaned.
W: Public-4008: Instance 'u_ddr3_ctrl/u_ips_ddrc_top/mcdq_mac_top/mcdq_wdatapath/mcdq_wdp_align/r_data[31]' of 'bmsWIDEDFFCPE' unit is dangling and will be cleaned.
W: Public-4008: Instance 'u_ddr3_ctrl/u_ips_ddrc_top/mcdq_mac_top/mcdq_wdatapath/mcdq_wdp_align/r_data[32]' of 'bmsWIDEDFFCPE' unit is dangling and will be cleaned.
W: Public-4008: Instance 'u_ddr3_ctrl/u_ips_ddrc_top/mcdq_mac_top/mcdq_wdatapath/mcdq_wdp_align/r_data[33]' of 'bmsWIDEDFFCPE' unit is dangling and will be cleaned.
W: Public-4008: Instance 'u_ddr3_ctrl/u_ips_ddrc_top/mcdq_mac_top/mcdq_wdatapath/mcdq_wdp_align/r_data[34]' of 'bmsWIDEDFFCPE' unit is dangling and will be cleaned.
W: Public-4008: Instance 'u_ddr3_ctrl/u_ips_ddrc_top/mcdq_mac_top/mcdq_wdatapath/mcdq_wdp_align/r_data[35]' of 'bmsWIDEDFFCPE' unit is dangling and will be cleaned.
W: Public-4008: Instance 'u_ddr3_ctrl/u_ips_ddrc_top/mcdq_mac_top/mcdq_wdatapath/mcdq_wdp_align/r_data[36]' of 'bmsWIDEDFFCPE' unit is dangling and will be cleaned.
W: Public-4008: Instance 'u_ddr3_ctrl/u_ips_ddrc_top/mcdq_mac_top/mcdq_wdatapath/mcdq_wdp_align/r_data[37]' of 'bmsWIDEDFFCPE' unit is dangling and will be cleaned.
W: Public-4008: Instance 'u_ddr3_ctrl/u_ips_ddrc_top/mcdq_mac_top/mcdq_wdatapath/mcdq_wdp_align/r_data[38]' of 'bmsWIDEDFFCPE' unit is dangling and will be cleaned.
W: Public-4008: Instance 'u_ddr3_ctrl/u_ips_ddrc_top/mcdq_mac_top/mcdq_wdatapath/mcdq_wdp_align/r_data[39]' of 'bmsWIDEDFFCPE' unit is dangling and will be cleaned.
W: Public-4008: Instance 'u_ddr3_ctrl/u_ips_ddrc_top/mcdq_mac_top/mcdq_wdatapath/mcdq_wdp_align/r_data[40]' of 'bmsWIDEDFFCPE' unit is dangling and will be cleaned.
W: Public-4008: Instance 'u_ddr3_ctrl/u_ips_ddrc_top/mcdq_mac_top/mcdq_wdatapath/mcdq_wdp_align/r_data[41]' of 'bmsWIDEDFFCPE' unit is dangling and will be cleaned.
W: Public-4008: Instance 'u_ddr3_ctrl/u_ips_ddrc_top/mcdq_mac_top/mcdq_wdatapath/mcdq_wdp_align/r_data[42]' of 'bmsWIDEDFFCPE' unit is dangling and will be cleaned.
W: Public-4008: Instance 'u_ddr3_ctrl/u_ips_ddrc_top/mcdq_mac_top/mcdq_wdatapath/mcdq_wdp_align/r_data[43]' of 'bmsWIDEDFFCPE' unit is dangling and will be cleaned.
W: Public-4008: Instance 'u_ddr3_ctrl/u_ips_ddrc_top/mcdq_mac_top/mcdq_wdatapath/mcdq_wdp_align/r_data[44]' of 'bmsWIDEDFFCPE' unit is dangling and will be cleaned.
W: Public-4008: Instance 'u_ddr3_ctrl/u_ips_ddrc_top/mcdq_mac_top/mcdq_wdatapath/mcdq_wdp_align/r_data[45]' of 'bmsWIDEDFFCPE' unit is dangling and will be cleaned.
W: Public-4008: Instance 'u_ddr3_ctrl/u_ips_ddrc_top/mcdq_mac_top/mcdq_wdatapath/mcdq_wdp_align/r_data[46]' of 'bmsWIDEDFFCPE' unit is dangling and will be cleaned.
W: Public-4008: Instance 'u_ddr3_ctrl/u_ips_ddrc_top/mcdq_mac_top/mcdq_wdatapath/mcdq_wdp_align/r_data[47]' of 'bmsWIDEDFFCPE' unit is dangling and will be cleaned.
W: Public-4008: Instance 'u_ddr3_ctrl/u_ips_ddrc_top/mcdq_mac_top/mcdq_wdatapath/mcdq_wdp_align/r_data[48]' of 'bmsWIDEDFFCPE' unit is dangling and will be cleaned.
W: Public-4008: Instance 'u_ddr3_ctrl/u_ips_ddrc_top/mcdq_mac_top/mcdq_wdatapath/mcdq_wdp_align/r_data[49]' of 'bmsWIDEDFFCPE' unit is dangling and will be cleaned.
W: Public-4008: Instance 'u_ddr3_ctrl/u_ips_ddrc_top/mcdq_mac_top/mcdq_wdatapath/mcdq_wdp_align/r_data[50]' of 'bmsWIDEDFFCPE' unit is dangling and will be cleaned.
W: Public-4008: Instance 'u_ddr3_ctrl/u_ips_ddrc_top/mcdq_mac_top/mcdq_wdatapath/mcdq_wdp_align/r_data[51]' of 'bmsWIDEDFFCPE' unit is dangling and will be cleaned.
W: Public-4008: Instance 'u_ddr3_ctrl/u_ips_ddrc_top/mcdq_mac_top/mcdq_wdatapath/mcdq_wdp_align/r_data[52]' of 'bmsWIDEDFFCPE' unit is dangling and will be cleaned.
W: Public-4008: Instance 'u_ddr3_ctrl/u_ips_ddrc_top/mcdq_mac_top/mcdq_wdatapath/mcdq_wdp_align/r_data[53]' of 'bmsWIDEDFFCPE' unit is dangling and will be cleaned.
W: Public-4008: Instance 'u_ddr3_ctrl/u_ips_ddrc_top/mcdq_mac_top/mcdq_wdatapath/mcdq_wdp_align/r_data[54]' of 'bmsWIDEDFFCPE' unit is dangling and will be cleaned.
W: Public-4008: Instance 'u_ddr3_ctrl/u_ips_ddrc_top/mcdq_mac_top/mcdq_wdatapath/mcdq_wdp_align/r_data[55]' of 'bmsWIDEDFFCPE' unit is dangling and will be cleaned.
W: Public-4008: Instance 'u_ddr3_ctrl/u_ips_ddrc_top/mcdq_mac_top/mcdq_wdatapath/mcdq_wdp_align/r_data[56]' of 'bmsWIDEDFFCPE' unit is dangling and will be cleaned.
W: Public-4008: Instance 'u_ddr3_ctrl/u_ips_ddrc_top/mcdq_mac_top/mcdq_wdatapath/mcdq_wdp_align/r_data[57]' of 'bmsWIDEDFFCPE' unit is dangling and will be cleaned.
W: Public-4008: Instance 'u_ddr3_ctrl/u_ips_ddrc_top/mcdq_mac_top/mcdq_wdatapath/mcdq_wdp_align/r_data[58]' of 'bmsWIDEDFFCPE' unit is dangling and will be cleaned.
W: Public-4008: Instance 'u_ddr3_ctrl/u_ips_ddrc_top/mcdq_mac_top/mcdq_wdatapath/mcdq_wdp_align/r_data[59]' of 'bmsWIDEDFFCPE' unit is dangling and will be cleaned.
W: Public-4008: Instance 'u_ddr3_ctrl/u_ips_ddrc_top/mcdq_mac_top/mcdq_wdatapath/mcdq_wdp_align/r_data[60]' of 'bmsWIDEDFFCPE' unit is dangling and will be cleaned.
W: Public-4008: Instance 'u_ddr3_ctrl/u_ips_ddrc_top/mcdq_mac_top/mcdq_wdatapath/mcdq_wdp_align/r_data[61]' of 'bmsWIDEDFFCPE' unit is dangling and will be cleaned.
W: Public-4008: Instance 'u_ddr3_ctrl/u_ips_ddrc_top/mcdq_mac_top/mcdq_wdatapath/mcdq_wdp_align/r_data[62]' of 'bmsWIDEDFFCPE' unit is dangling and will be cleaned.
W: Public-4008: Instance 'u_ddr3_ctrl/u_ips_ddrc_top/mcdq_mac_top/mcdq_wdatapath/mcdq_wdp_align/r_data[63]' of 'bmsWIDEDFFCPE' unit is dangling and will be cleaned.
W: Public-4008: Instance 'u_ddr3_ctrl/u_ips_ddrc_top/mcdq_mac_top/mcdq_wdatapath/mcdq_wdp_align/r_data[64]' of 'bmsWIDEDFFCPE' unit is dangling and will be cleaned.
W: Public-4008: Instance 'u_ddr3_ctrl/u_ips_ddrc_top/mcdq_mac_top/mcdq_wdatapath/mcdq_wdp_align/r_data[65]' of 'bmsWIDEDFFCPE' unit is dangling and will be cleaned.
W: Public-4008: Instance 'u_ddr3_ctrl/u_ips_ddrc_top/mcdq_mac_top/mcdq_wdatapath/mcdq_wdp_align/r_data[66]' of 'bmsWIDEDFFCPE' unit is dangling and will be cleaned.
W: Public-4008: Instance 'u_ddr3_ctrl/u_ips_ddrc_top/mcdq_mac_top/mcdq_wdatapath/mcdq_wdp_align/r_data[67]' of 'bmsWIDEDFFCPE' unit is dangling and will be cleaned.
W: Public-4008: Instance 'u_ddr3_ctrl/u_ips_ddrc_top/mcdq_mac_top/mcdq_wdatapath/mcdq_wdp_align/r_data[68]' of 'bmsWIDEDFFCPE' unit is dangling and will be cleaned.
W: Public-4008: Instance 'u_ddr3_ctrl/u_ips_ddrc_top/mcdq_mac_top/mcdq_wdatapath/mcdq_wdp_align/r_data[69]' of 'bmsWIDEDFFCPE' unit is dangling and will be cleaned.
W: Public-4008: Instance 'u_ddr3_ctrl/u_ips_ddrc_top/mcdq_mac_top/mcdq_wdatapath/mcdq_wdp_align/r_data[70]' of 'bmsWIDEDFFCPE' unit is dangling and will be cleaned.
W: Public-4008: Instance 'u_ddr3_ctrl/u_ips_ddrc_top/mcdq_mac_top/mcdq_wdatapath/mcdq_wdp_align/r_data[71]' of 'bmsWIDEDFFCPE' unit is dangling and will be cleaned.
W: Public-4008: Instance 'u_ddr3_ctrl/u_ips_ddrc_top/mcdq_mac_top/mcdq_wdatapath/mcdq_wdp_align/r_data[72]' of 'bmsWIDEDFFCPE' unit is dangling and will be cleaned.
W: Public-4008: Instance 'u_ddr3_ctrl/u_ips_ddrc_top/mcdq_mac_top/mcdq_wdatapath/mcdq_wdp_align/r_data[73]' of 'bmsWIDEDFFCPE' unit is dangling and will be cleaned.
W: Public-4008: Instance 'u_ddr3_ctrl/u_ips_ddrc_top/mcdq_mac_top/mcdq_wdatapath/mcdq_wdp_align/r_data[74]' of 'bmsWIDEDFFCPE' unit is dangling and will be cleaned.
W: Public-4008: Instance 'u_ddr3_ctrl/u_ips_ddrc_top/mcdq_mac_top/mcdq_wdatapath/mcdq_wdp_align/r_data[75]' of 'bmsWIDEDFFCPE' unit is dangling and will be cleaned.
W: Public-4008: Instance 'u_ddr3_ctrl/u_ips_ddrc_top/mcdq_mac_top/mcdq_wdatapath/mcdq_wdp_align/r_data[76]' of 'bmsWIDEDFFCPE' unit is dangling and will be cleaned.
W: Public-4008: Instance 'u_ddr3_ctrl/u_ips_ddrc_top/mcdq_mac_top/mcdq_wdatapath/mcdq_wdp_align/r_data[77]' of 'bmsWIDEDFFCPE' unit is dangling and will be cleaned.
W: Public-4008: Instance 'u_ddr3_ctrl/u_ips_ddrc_top/mcdq_mac_top/mcdq_wdatapath/mcdq_wdp_align/r_data[78]' of 'bmsWIDEDFFCPE' unit is dangling and will be cleaned.
W: Public-4008: Instance 'u_ddr3_ctrl/u_ips_ddrc_top/mcdq_mac_top/mcdq_wdatapath/mcdq_wdp_align/r_data[79]' of 'bmsWIDEDFFCPE' unit is dangling and will be cleaned.
W: Public-4008: Instance 'u_ddr3_ctrl/u_ips_ddrc_top/mcdq_mac_top/mcdq_wdatapath/mcdq_wdp_align/r_data[80]' of 'bmsWIDEDFFCPE' unit is dangling and will be cleaned.
W: Public-4008: Instance 'u_ddr3_ctrl/u_ips_ddrc_top/mcdq_mac_top/mcdq_wdatapath/mcdq_wdp_align/r_data[81]' of 'bmsWIDEDFFCPE' unit is dangling and will be cleaned.
W: Public-4008: Instance 'u_ddr3_ctrl/u_ips_ddrc_top/mcdq_mac_top/mcdq_wdatapath/mcdq_wdp_align/r_data[82]' of 'bmsWIDEDFFCPE' unit is dangling and will be cleaned.
W: Public-4008: Instance 'u_ddr3_ctrl/u_ips_ddrc_top/mcdq_mac_top/mcdq_wdatapath/mcdq_wdp_align/r_data[83]' of 'bmsWIDEDFFCPE' unit is dangling and will be cleaned.
W: Public-4008: Instance 'u_ddr3_ctrl/u_ips_ddrc_top/mcdq_mac_top/mcdq_wdatapath/mcdq_wdp_align/r_data[84]' of 'bmsWIDEDFFCPE' unit is dangling and will be cleaned.
W: Public-4008: Instance 'u_ddr3_ctrl/u_ips_ddrc_top/mcdq_mac_top/mcdq_wdatapath/mcdq_wdp_align/r_data[85]' of 'bmsWIDEDFFCPE' unit is dangling and will be cleaned.
W: Public-4008: Instance 'u_ddr3_ctrl/u_ips_ddrc_top/mcdq_mac_top/mcdq_wdatapath/mcdq_wdp_align/r_data[86]' of 'bmsWIDEDFFCPE' unit is dangling and will be cleaned.
W: Public-4008: Instance 'u_ddr3_ctrl/u_ips_ddrc_top/mcdq_mac_top/mcdq_wdatapath/mcdq_wdp_align/r_data[87]' of 'bmsWIDEDFFCPE' unit is dangling and will be cleaned.
W: Public-4008: Instance 'u_ddr3_ctrl/u_ips_ddrc_top/mcdq_mac_top/mcdq_wdatapath/mcdq_wdp_align/r_data[88]' of 'bmsWIDEDFFCPE' unit is dangling and will be cleaned.
W: Public-4008: Instance 'u_ddr3_ctrl/u_ips_ddrc_top/mcdq_mac_top/mcdq_wdatapath/mcdq_wdp_align/r_data[89]' of 'bmsWIDEDFFCPE' unit is dangling and will be cleaned.
W: Public-4008: Instance 'u_ddr3_ctrl/u_ips_ddrc_top/mcdq_mac_top/mcdq_wdatapath/mcdq_wdp_align/r_data[90]' of 'bmsWIDEDFFCPE' unit is dangling and will be cleaned.
W: Public-4008: Instance 'u_ddr3_ctrl/u_ips_ddrc_top/mcdq_mac_top/mcdq_wdatapath/mcdq_wdp_align/r_data[91]' of 'bmsWIDEDFFCPE' unit is dangling and will be cleaned.
W: Public-4008: Instance 'u_ddr3_ctrl/u_ips_ddrc_top/mcdq_mac_top/mcdq_wdatapath/mcdq_wdp_align/r_data[92]' of 'bmsWIDEDFFCPE' unit is dangling and will be cleaned.
W: Public-4008: Instance 'u_ddr3_ctrl/u_ips_ddrc_top/mcdq_mac_top/mcdq_wdatapath/mcdq_wdp_align/r_data[93]' of 'bmsWIDEDFFCPE' unit is dangling and will be cleaned.
W: Public-4008: Instance 'u_ddr3_ctrl/u_ips_ddrc_top/mcdq_mac_top/mcdq_wdatapath/mcdq_wdp_align/r_data[94]' of 'bmsWIDEDFFCPE' unit is dangling and will be cleaned.
W: Public-4008: Instance 'u_ddr3_ctrl/u_ips_ddrc_top/mcdq_mac_top/mcdq_wdatapath/mcdq_wdp_align/r_data[95]' of 'bmsWIDEDFFCPE' unit is dangling and will be cleaned.
W: Public-4008: Instance 'u_ddr3_ctrl/u_ips_ddrc_top/mcdq_mac_top/mcdq_wdatapath/mcdq_wdp_align/r_data[96]' of 'bmsWIDEDFFCPE' unit is dangling and will be cleaned.
W: Public-4008: Instance 'u_ddr3_ctrl/u_ips_ddrc_top/mcdq_mac_top/mcdq_wdatapath/mcdq_wdp_align/r_data[97]' of 'bmsWIDEDFFCPE' unit is dangling and will be cleaned.
W: Public-4008: Instance 'u_ddr3_ctrl/u_ips_ddrc_top/mcdq_mac_top/mcdq_wdatapath/mcdq_wdp_align/r_data[98]' of 'bmsWIDEDFFCPE' unit is dangling and will be cleaned.
W: Public-4008: Instance 'u_ddr3_ctrl/u_ips_ddrc_top/mcdq_mac_top/mcdq_wdatapath/mcdq_wdp_align/r_data[99]' of 'bmsWIDEDFFCPE' unit is dangling and will be cleaned.
W: Public-4008: Instance 'u_ddr3_ctrl/u_ips_ddrc_top/mcdq_mac_top/mcdq_wdatapath/mcdq_wdp_align/r_data[100]' of 'bmsWIDEDFFCPE' unit is dangling and will be cleaned.
W: Public-4008: Instance 'u_ddr3_ctrl/u_ips_ddrc_top/mcdq_mac_top/mcdq_wdatapath/mcdq_wdp_align/r_data[101]' of 'bmsWIDEDFFCPE' unit is dangling and will be cleaned.
W: Public-4008: Instance 'u_ddr3_ctrl/u_ips_ddrc_top/mcdq_mac_top/mcdq_wdatapath/mcdq_wdp_align/r_data[102]' of 'bmsWIDEDFFCPE' unit is dangling and will be cleaned.
W: Public-4008: Instance 'u_ddr3_ctrl/u_ips_ddrc_top/mcdq_mac_top/mcdq_wdatapath/mcdq_wdp_align/r_data[103]' of 'bmsWIDEDFFCPE' unit is dangling and will be cleaned.
W: Public-4008: Instance 'u_ddr3_ctrl/u_ips_ddrc_top/mcdq_mac_top/mcdq_wdatapath/mcdq_wdp_align/r_data[104]' of 'bmsWIDEDFFCPE' unit is dangling and will be cleaned.
W: Public-4008: Instance 'u_ddr3_ctrl/u_ips_ddrc_top/mcdq_mac_top/mcdq_wdatapath/mcdq_wdp_align/r_data[105]' of 'bmsWIDEDFFCPE' unit is dangling and will be cleaned.
W: Public-4008: Instance 'u_ddr3_ctrl/u_ips_ddrc_top/mcdq_mac_top/mcdq_wdatapath/mcdq_wdp_align/r_data[106]' of 'bmsWIDEDFFCPE' unit is dangling and will be cleaned.
W: Public-4008: Instance 'u_ddr3_ctrl/u_ips_ddrc_top/mcdq_mac_top/mcdq_wdatapath/mcdq_wdp_align/r_data[107]' of 'bmsWIDEDFFCPE' unit is dangling and will be cleaned.
W: Public-4008: Instance 'u_ddr3_ctrl/u_ips_ddrc_top/mcdq_mac_top/mcdq_wdatapath/mcdq_wdp_align/r_data[108]' of 'bmsWIDEDFFCPE' unit is dangling and will be cleaned.
W: Public-4008: Instance 'u_ddr3_ctrl/u_ips_ddrc_top/mcdq_mac_top/mcdq_wdatapath/mcdq_wdp_align/r_data[109]' of 'bmsWIDEDFFCPE' unit is dangling and will be cleaned.
W: Public-4008: Instance 'u_ddr3_ctrl/u_ips_ddrc_top/mcdq_mac_top/mcdq_wdatapath/mcdq_wdp_align/r_data[110]' of 'bmsWIDEDFFCPE' unit is dangling and will be cleaned.
W: Public-4008: Instance 'u_ddr3_ctrl/u_ips_ddrc_top/mcdq_mac_top/mcdq_wdatapath/mcdq_wdp_align/r_data[111]' of 'bmsWIDEDFFCPE' unit is dangling and will be cleaned.
W: Public-4008: Instance 'u_ddr3_ctrl/u_ips_ddrc_top/mcdq_mac_top/mcdq_wdatapath/mcdq_wdp_align/r_data[112]' of 'bmsWIDEDFFCPE' unit is dangling and will be cleaned.
W: Public-4008: Instance 'u_ddr3_ctrl/u_ips_ddrc_top/mcdq_mac_top/mcdq_wdatapath/mcdq_wdp_align/r_data[113]' of 'bmsWIDEDFFCPE' unit is dangling and will be cleaned.
W: Public-4008: Instance 'u_ddr3_ctrl/u_ips_ddrc_top/mcdq_mac_top/mcdq_wdatapath/mcdq_wdp_align/r_data[114]' of 'bmsWIDEDFFCPE' unit is dangling and will be cleaned.
W: Public-4008: Instance 'u_ddr3_ctrl/u_ips_ddrc_top/mcdq_mac_top/mcdq_wdatapath/mcdq_wdp_align/r_data[115]' of 'bmsWIDEDFFCPE' unit is dangling and will be cleaned.
W: Public-4008: Instance 'u_ddr3_ctrl/u_ips_ddrc_top/mcdq_mac_top/mcdq_wdatapath/mcdq_wdp_align/r_data[116]' of 'bmsWIDEDFFCPE' unit is dangling and will be cleaned.
W: Public-4008: Instance 'u_ddr3_ctrl/u_ips_ddrc_top/mcdq_mac_top/mcdq_wdatapath/mcdq_wdp_align/r_data[117]' of 'bmsWIDEDFFCPE' unit is dangling and will be cleaned.
W: Public-4008: Instance 'u_ddr3_ctrl/u_ips_ddrc_top/mcdq_mac_top/mcdq_wdatapath/mcdq_wdp_align/r_data[118]' of 'bmsWIDEDFFCPE' unit is dangling and will be cleaned.
W: Public-4008: Instance 'u_ddr3_ctrl/u_ips_ddrc_top/mcdq_mac_top/mcdq_wdatapath/mcdq_wdp_align/r_data[119]' of 'bmsWIDEDFFCPE' unit is dangling and will be cleaned.
W: Public-4008: Instance 'u_ddr3_ctrl/u_ips_ddrc_top/mcdq_mac_top/mcdq_wdatapath/mcdq_wdp_align/r_data[120]' of 'bmsWIDEDFFCPE' unit is dangling and will be cleaned.
W: Public-4008: Instance 'u_ddr3_ctrl/u_ips_ddrc_top/mcdq_mac_top/mcdq_wdatapath/mcdq_wdp_align/r_data[121]' of 'bmsWIDEDFFCPE' unit is dangling and will be cleaned.
W: Public-4008: Instance 'u_ddr3_ctrl/u_ips_ddrc_top/mcdq_mac_top/mcdq_wdatapath/mcdq_wdp_align/r_data[122]' of 'bmsWIDEDFFCPE' unit is dangling and will be cleaned.
W: Public-4008: Instance 'u_ddr3_ctrl/u_ips_ddrc_top/mcdq_mac_top/mcdq_wdatapath/mcdq_wdp_align/r_data[123]' of 'bmsWIDEDFFCPE' unit is dangling and will be cleaned.
W: Public-4008: Instance 'u_ddr3_ctrl/u_ips_ddrc_top/mcdq_mac_top/mcdq_wdatapath/mcdq_wdp_align/r_data[124]' of 'bmsWIDEDFFCPE' unit is dangling and will be cleaned.
W: Public-4008: Instance 'u_ddr3_ctrl/u_ips_ddrc_top/mcdq_mac_top/mcdq_wdatapath/mcdq_wdp_align/r_data[125]' of 'bmsWIDEDFFCPE' unit is dangling and will be cleaned.
W: Public-4008: Instance 'u_ddr3_ctrl/u_ips_ddrc_top/mcdq_mac_top/mcdq_wdatapath/mcdq_wdp_align/r_data[126]' of 'bmsWIDEDFFCPE' unit is dangling and will be cleaned.
W: Public-4008: Instance 'u_ddr3_ctrl/u_ips_ddrc_top/mcdq_mac_top/mcdq_wdatapath/mcdq_wdp_align/r_data[127]' of 'bmsWIDEDFFCPE' unit is dangling and will be cleaned.
W: Public-4008: Instance 'u_ddr3_ctrl/u_ips_ddrc_top/mcdq_mac_top/mcdq_wdatapath/mcdq_wdp_align/r_strb[0]' of 'bmsWIDEDFFCPE' unit is dangling and will be cleaned.
W: Public-4008: Instance 'u_ddr3_ctrl/u_ips_ddrc_top/mcdq_mac_top/mcdq_wdatapath/mcdq_wdp_align/r_strb[1]' of 'bmsWIDEDFFCPE' unit is dangling and will be cleaned.
W: Public-4008: Instance 'u_ddr3_ctrl/u_ips_ddrc_top/mcdq_mac_top/mcdq_wdatapath/mcdq_wdp_align/r_strb[2]' of 'bmsWIDEDFFCPE' unit is dangling and will be cleaned.
W: Public-4008: Instance 'u_ddr3_ctrl/u_ips_ddrc_top/mcdq_mac_top/mcdq_wdatapath/mcdq_wdp_align/r_strb[3]' of 'bmsWIDEDFFCPE' unit is dangling and will be cleaned.
W: Public-4008: Instance 'u_ddr3_ctrl/u_ips_ddrc_top/mcdq_mac_top/mcdq_wdatapath/mcdq_wdp_align/r_strb[4]' of 'bmsWIDEDFFCPE' unit is dangling and will be cleaned.
W: Public-4008: Instance 'u_ddr3_ctrl/u_ips_ddrc_top/mcdq_mac_top/mcdq_wdatapath/mcdq_wdp_align/r_strb[5]' of 'bmsWIDEDFFCPE' unit is dangling and will be cleaned.
W: Public-4008: Instance 'u_ddr3_ctrl/u_ips_ddrc_top/mcdq_mac_top/mcdq_wdatapath/mcdq_wdp_align/r_strb[6]' of 'bmsWIDEDFFCPE' unit is dangling and will be cleaned.
W: Public-4008: Instance 'u_ddr3_ctrl/u_ips_ddrc_top/mcdq_mac_top/mcdq_wdatapath/mcdq_wdp_align/r_strb[7]' of 'bmsWIDEDFFCPE' unit is dangling and will be cleaned.
W: Public-4008: Instance 'u_ddr3_ctrl/u_ips_ddrc_top/mcdq_mac_top/mcdq_wdatapath/mcdq_wdp_align/r_strb[8]' of 'bmsWIDEDFFCPE' unit is dangling and will be cleaned.
W: Public-4008: Instance 'u_ddr3_ctrl/u_ips_ddrc_top/mcdq_mac_top/mcdq_wdatapath/mcdq_wdp_align/r_strb[9]' of 'bmsWIDEDFFCPE' unit is dangling and will be cleaned.
W: Public-4008: Instance 'u_ddr3_ctrl/u_ips_ddrc_top/mcdq_mac_top/mcdq_wdatapath/mcdq_wdp_align/r_strb[10]' of 'bmsWIDEDFFCPE' unit is dangling and will be cleaned.
W: Public-4008: Instance 'u_ddr3_ctrl/u_ips_ddrc_top/mcdq_mac_top/mcdq_wdatapath/mcdq_wdp_align/r_strb[11]' of 'bmsWIDEDFFCPE' unit is dangling and will be cleaned.
W: Public-4008: Instance 'u_ddr3_ctrl/u_ips_ddrc_top/mcdq_mac_top/mcdq_wdatapath/mcdq_wdp_align/r_strb[12]' of 'bmsWIDEDFFCPE' unit is dangling and will be cleaned.
W: Public-4008: Instance 'u_ddr3_ctrl/u_ips_ddrc_top/mcdq_mac_top/mcdq_wdatapath/mcdq_wdp_align/r_strb[13]' of 'bmsWIDEDFFCPE' unit is dangling and will be cleaned.
W: Public-4008: Instance 'u_ddr3_ctrl/u_ips_ddrc_top/mcdq_mac_top/mcdq_wdatapath/mcdq_wdp_align/r_strb[14]' of 'bmsWIDEDFFCPE' unit is dangling and will be cleaned.
W: Public-4008: Instance 'u_ddr3_ctrl/u_ips_ddrc_top/mcdq_mac_top/mcdq_wdatapath/mcdq_wdp_align/r_strb[15]' of 'bmsWIDEDFFCPE' unit is dangling and will be cleaned.
W: Public-4008: Instance 'u_ddr3_ctrl/u_ips_ddrc_top/mcdq_mac_top/mcdq_wdatapath/mcdq_wdp_align/r_wdin_en[0]' of 'bmsWIDEDFFCPE' unit is dangling and will be cleaned.
W: Public-4008: Instance 'u_ddr3_ctrl/u_ips_ddrc_top/mcdq_mac_top/mcdq_wdatapath/mcdq_wdp_align/r_wdin_en[1]' of 'bmsWIDEDFFCPE' unit is dangling and will be cleaned.
W: Public-4008: Instance 'u_ddr3_ctrl/u_ips_ddrc_top/mcdq_mac_top/mcdq_wdatapath/mcdq_wdp_align/r_wdin_en[3]' of 'bmsWIDEDFFCPE' unit is dangling and will be cleaned.
W: Public-4008: Instance 'u_ddr3_ctrl/u_ips_ddrc_top/mcdq_mac_top/mcdq_wdatapath/mcdq_wdp_align/wdin_en_dly[0]' of 'bmsWIDEDFFCPE' unit is dangling and will be cleaned.
W: Public-4008: Instance 'u_ddr3_ctrl/u_ips_ddrc_top/mcdq_mac_top/mcdq_wdatapath/mcdq_wdp_align/wdin_en_dly[3]' of 'bmsWIDEDFFCPE' unit is dangling and will be cleaned.
W: Public-4008: Instance 'u_ddr3_ctrl/u_ips_ddrc_top/mcdq_mac_top/mcdq_wdatapath/mcdq_wdp_align/wstrb_slip_dly[0]' of 'bmsWIDEDFFCPE' unit is dangling and will be cleaned.
W: Public-4008: Instance 'u_ddr3_ctrl/u_ips_ddrc_top/mcdq_mac_top/mcdq_wdatapath/mcdq_wdp_align/wstrb_slip_dly[1]' of 'bmsWIDEDFFCPE' unit is dangling and will be cleaned.
W: Public-4008: Instance 'u_ddr3_ctrl/u_ips_ddrc_top/mcdq_mac_top/mcdq_wdatapath/mcdq_wdp_align/wstrb_slip_dly[2]' of 'bmsWIDEDFFCPE' unit is dangling and will be cleaned.
W: Public-4008: Instance 'u_ddr3_ctrl/u_ips_ddrc_top/mcdq_mac_top/mcdq_wdatapath/mcdq_wdp_align/wstrb_slip_dly[3]' of 'bmsWIDEDFFCPE' unit is dangling and will be cleaned.
W: Public-4008: Instance 'u_ddr3_ctrl/u_ips_ddrc_top/mcdq_mac_top/mcdq_wdatapath/mcdq_wdp_align/wstrb_slip_dly[4]' of 'bmsWIDEDFFCPE' unit is dangling and will be cleaned.
W: Public-4008: Instance 'u_ddr3_ctrl/u_ips_ddrc_top/mcdq_mac_top/mcdq_wdatapath/mcdq_wdp_align/wstrb_slip_dly[5]' of 'bmsWIDEDFFCPE' unit is dangling and will be cleaned.
W: Public-4008: Instance 'u_ddr3_ctrl/u_ips_ddrc_top/mcdq_mac_top/mcdq_wdatapath/mcdq_wdp_align/wstrb_slip_dly[6]' of 'bmsWIDEDFFCPE' unit is dangling and will be cleaned.
W: Public-4008: Instance 'u_ddr3_ctrl/u_ips_ddrc_top/mcdq_mac_top/mcdq_wdatapath/mcdq_wdp_align/wstrb_slip_dly[7]' of 'bmsWIDEDFFCPE' unit is dangling and will be cleaned.
W: Public-4008: Instance 'u_ddr3_ctrl/u_ips_ddrc_top/mcdq_mac_top/mcdq_dcd_top/mcdq_dcd_bm/dec_addr[0]' of 'bmsWIDEDFFCPE' unit is dangling and will be cleaned.
W: Public-4008: Instance 'u_ddr3_ctrl/u_ips_ddrc_top/mcdq_mac_top/mcdq_dcd_top/mcdq_dcd_bm/dec_addr[1]' of 'bmsWIDEDFFCPE' unit is dangling and will be cleaned.
W: Public-4008: Instance 'u_ddr3_ctrl/u_ips_ddrc_top/mcdq_mac_top/mcdq_dcd_top/mcdq_dcd_bm/dec_id[1]' of 'bmsWIDEDFFCPE' unit is dangling and will be cleaned.
W: Public-4008: Instance 'u_ddr3_ctrl/u_ips_ddrc_top/mcdq_mac_top/mcdq_dcd_top/mcdq_dcd_bm/dec_id[2]' of 'bmsWIDEDFFCPE' unit is dangling and will be cleaned.
W: Public-4008: Instance 'u_ddr3_ctrl/u_ips_ddrc_top/mcdq_mac_top/mcdq_dcd_top/mcdq_dcd_bm/dec_id[3]' of 'bmsWIDEDFFCPE' unit is dangling and will be cleaned.
W: Public-4008: Instance 'u_ddr3_ctrl/u_ips_ddrc_top/mcdq_mac_top/mcdq_dcd_top/mcdq_dcd_bm/dec_id[4]' of 'bmsWIDEDFFCPE' unit is dangling and will be cleaned.
W: Public-4008: Instance 'u_ddr3_ctrl/u_ips_ddrc_top/mcdq_mac_top/mcdq_dcd_top/mcdq_dcd_bm/dec_id[5]' of 'bmsWIDEDFFCPE' unit is dangling and will be cleaned.
W: Public-4008: Instance 'u_ddr3_ctrl/u_ips_ddrc_top/mcdq_mac_top/mcdq_dcd_top/mcdq_dcd_bm/dec_id[6]' of 'bmsWIDEDFFCPE' unit is dangling and will be cleaned.
W: Public-4008: Instance 'u_ddr3_ctrl/u_ips_ddrc_top/mcdq_mac_top/mcdq_dcd_top/mcdq_dcd_bm/dec_id[7]' of 'bmsWIDEDFFCPE' unit is dangling and will be cleaned.
W: Public-4008: Instance 'u_ddr3_ctrl/u_ips_ddrc_top/mcdq_mac_top/mcdq_dcd_top/mcdq_dcd_bm/dec_id[8]' of 'bmsWIDEDFFCPE' unit is dangling and will be cleaned.
W: Public-4008: Instance 'u_ddr3_ctrl/u_ips_ddrc_top/mcdq_mac_top/mcdq_dcd_top/mcdq_dcd_bm/dec_id[9]' of 'bmsWIDEDFFCPE' unit is dangling and will be cleaned.
W: Public-4008: Instance 'u_ddr3_ctrl/u_ips_ddrc_top/mcdq_mac_top/mcdq_dcd_top/mcdq_dcd_bm/user_addr_d[0]' of 'bmsWIDEDFFCPE' unit is dangling and will be cleaned.
W: Public-4008: Instance 'u_ddr3_ctrl/u_ips_ddrc_top/mcdq_mac_top/mcdq_dcd_top/mcdq_dcd_bm/user_addr_d[1]' of 'bmsWIDEDFFCPE' unit is dangling and will be cleaned.
W: Public-4008: Instance 'u_ddr3_ctrl/u_ips_ddrc_top/mcdq_mac_top/mcdq_dcd_top/mcdq_dcd_bm/user_addr_d[2]' of 'bmsWIDEDFFCPE' unit is dangling and will be cleaned.
W: Public-4008: Instance 'u_ddr3_ctrl/u_ips_ddrc_top/mcdq_mac_top/mcdq_dcd_top/mcdq_dcd_bm/user_addr_d[3]' of 'bmsWIDEDFFCPE' unit is dangling and will be cleaned.
W: Public-4008: Instance 'u_ddr3_ctrl/u_ips_ddrc_top/mcdq_mac_top/mcdq_dcd_top/mcdq_dcd_bm/user_addr_d[4]' of 'bmsWIDEDFFCPE' unit is dangling and will be cleaned.
W: Public-4008: Instance 'u_ddr3_ctrl/u_ips_ddrc_top/mcdq_mac_top/mcdq_dcd_top/mcdq_dcd_bm/user_addr_d[5]' of 'bmsWIDEDFFCPE' unit is dangling and will be cleaned.
W: Public-4008: Instance 'u_ddr3_ctrl/u_ips_ddrc_top/mcdq_mac_top/mcdq_dcd_top/mcdq_dcd_bm/user_addr_d[6]' of 'bmsWIDEDFFCPE' unit is dangling and will be cleaned.
W: Public-4008: Instance 'u_ddr3_ctrl/u_ips_ddrc_top/mcdq_mac_top/mcdq_dcd_top/mcdq_dcd_bm/user_addr_d[7]' of 'bmsWIDEDFFCPE' unit is dangling and will be cleaned.
W: Public-4008: Instance 'u_ddr3_ctrl/u_ips_ddrc_top/mcdq_mac_top/mcdq_dcd_top/mcdq_dcd_bm/user_addr_d[8]' of 'bmsWIDEDFFCPE' unit is dangling and will be cleaned.
W: Public-4008: Instance 'u_ddr3_ctrl/u_ips_ddrc_top/mcdq_mac_top/mcdq_dcd_top/mcdq_dcd_bm/user_addr_d[9]' of 'bmsWIDEDFFCPE' unit is dangling and will be cleaned.
W: Public-4008: Instance 'u_ddr3_ctrl/u_ips_ddrc_top/mcdq_mac_top/mcdq_dcd_top/mcdq_dcd_bm/user_addr_d[10]' of 'bmsWIDEDFFCPE' unit is dangling and will be cleaned.
W: Public-4008: Instance 'u_ddr3_ctrl/u_ips_ddrc_top/mcdq_mac_top/mcdq_dcd_top/mcdq_dcd_bm/user_addr_d[11]' of 'bmsWIDEDFFCPE' unit is dangling and will be cleaned.
W: Public-4008: Instance 'u_ddr3_ctrl/u_ips_ddrc_top/mcdq_mac_top/mcdq_dcd_top/mcdq_dcd_bm/user_addr_d[12]' of 'bmsWIDEDFFCPE' unit is dangling and will be cleaned.
W: Public-4008: Instance 'u_ddr3_ctrl/u_ips_ddrc_top/mcdq_mac_top/mcdq_dcd_top/mcdq_dcd_sm/dcd_wr_addr[0]' of 'bmsWIDEDFFCPE' unit is dangling and will be cleaned.
W: Public-4008: Instance 'u_ddr3_ctrl/u_ips_ddrc_top/mcdq_mac_top/mcdq_dcd_top/mcdq_dcd_sm/dcd_wr_addr[1]' of 'bmsWIDEDFFCPE' unit is dangling and will be cleaned.
W: Public-4008: Instance 'u_ddr3_ctrl/u_ips_ddrc_top/mcdq_mac_top/mcdq_dcd_top/mcdq_dcd_sm/dcd_wr_id[1]' of 'bmsWIDEDFFCPE' unit is dangling and will be cleaned.
W: Public-4008: Instance 'u_ddr3_ctrl/u_ips_ddrc_top/mcdq_mac_top/mcdq_dcd_top/mcdq_dcd_sm/dcd_wr_id[2]' of 'bmsWIDEDFFCPE' unit is dangling and will be cleaned.
W: Public-4008: Instance 'u_ddr3_ctrl/u_ips_ddrc_top/mcdq_mac_top/mcdq_dcd_top/mcdq_dcd_sm/dcd_wr_id[3]' of 'bmsWIDEDFFCPE' unit is dangling and will be cleaned.
W: Public-4008: Instance 'u_ddr3_ctrl/u_ips_ddrc_top/mcdq_mac_top/mcdq_dcd_top/mcdq_dcd_sm/dcd_wr_id[4]' of 'bmsWIDEDFFCPE' unit is dangling and will be cleaned.
W: Public-4008: Instance 'u_ddr3_ctrl/u_ips_ddrc_top/mcdq_mac_top/mcdq_dcd_top/mcdq_dcd_sm/dcd_wr_id[5]' of 'bmsWIDEDFFCPE' unit is dangling and will be cleaned.
W: Public-4008: Instance 'u_ddr3_ctrl/u_ips_ddrc_top/mcdq_mac_top/mcdq_dcd_top/mcdq_dcd_sm/dcd_wr_id[6]' of 'bmsWIDEDFFCPE' unit is dangling and will be cleaned.
W: Public-4008: Instance 'u_ddr3_ctrl/u_ips_ddrc_top/mcdq_mac_top/mcdq_dcd_top/mcdq_dcd_sm/dcd_wr_id[7]' of 'bmsWIDEDFFCPE' unit is dangling and will be cleaned.
W: Public-4008: Instance 'u_ddr3_ctrl/u_ips_ddrc_top/mcdq_mac_top/mcdq_dcd_top/mcdq_dcd_sm/dcd_wr_id[8]' of 'bmsWIDEDFFCPE' unit is dangling and will be cleaned.
W: Public-4008: Instance 'u_ddr3_ctrl/u_ips_ddrc_top/mcdq_mac_top/mcdq_dcd_top/mcdq_dcd_sm/dcd_wr_id[9]' of 'bmsWIDEDFFCPE' unit is dangling and will be cleaned.
W: Public-4008: Instance 'u_ddr3_ctrl/u_ips_ddrc_top/mcdq_mac_top/mcdq_dcd_top/mcdq_dcd_sm/dec_addr_d[0]' of 'bmsWIDEDFFCPE' unit is dangling and will be cleaned.
W: Public-4008: Instance 'u_ddr3_ctrl/u_ips_ddrc_top/mcdq_mac_top/mcdq_dcd_top/mcdq_dcd_sm/dec_addr_d[1]' of 'bmsWIDEDFFCPE' unit is dangling and will be cleaned.
W: Public-4008: Instance 'u_ddr3_ctrl/u_ips_ddrc_top/mcdq_mac_top/mcdq_dcd_top/mcdq_dcd_sm/state_reg[6]' of 'bmsWIDEDFFCPE' unit is dangling and will be cleaned.
W: Public-4008: Instance 'u_jtag/u_jtag_driver/dm_resp_data[0]' of 'bmsWIDEDFFCPE' unit is dangling and will be cleaned.
W: Public-4008: Instance 'u_jtag/u_jtag_driver/dm_resp_data[1]' of 'bmsWIDEDFFCPE' unit is dangling and will be cleaned.
W: Public-4008: Instance 'u_cam1/snap_byte_count_mem[0]' of 'bmsWIDEDFFRSE' unit is dangling and will be cleaned.
W: Public-4008: Instance 'u_cam1/snap_current_byte_mem[0]' of 'bmsWIDEDFFRSE' unit is dangling and will be cleaned.
W: Public-4008: Instance 'u_cam1/snap_current_pixel_mem[20]' of 'bmsWIDEDFFRSE' unit is dangling and will be cleaned.
W: Public-4008: Instance 'u_cam1/snap_current_pixel_mem[21]' of 'bmsWIDEDFFRSE' unit is dangling and will be cleaned.
W: Public-4008: Instance 'u_cam1/snap_current_pixel_mem[22]' of 'bmsWIDEDFFRSE' unit is dangling and will be cleaned.
W: Public-4008: Instance 'u_cam1/snap_current_pixel_mem[23]' of 'bmsWIDEDFFRSE' unit is dangling and will be cleaned.
W: Public-4008: Instance 'u_cam1/snap_current_pixel_mem[24]' of 'bmsWIDEDFFRSE' unit is dangling and will be cleaned.
W: Public-4008: Instance 'u_cam1/snap_current_pixel_mem[25]' of 'bmsWIDEDFFRSE' unit is dangling and will be cleaned.
W: Public-4008: Instance 'u_cam1/snap_current_pixel_mem[26]' of 'bmsWIDEDFFRSE' unit is dangling and will be cleaned.
W: Public-4008: Instance 'u_cam1/snap_current_pixel_mem[27]' of 'bmsWIDEDFFRSE' unit is dangling and will be cleaned.
W: Public-4008: Instance 'u_cam1/snap_current_pixel_mem[28]' of 'bmsWIDEDFFRSE' unit is dangling and will be cleaned.
W: Public-4008: Instance 'u_cam1/snap_current_pixel_mem[29]' of 'bmsWIDEDFFRSE' unit is dangling and will be cleaned.
W: Public-4008: Instance 'u_cam1/snap_current_pixel_mem[30]' of 'bmsWIDEDFFRSE' unit is dangling and will be cleaned.
W: Public-4008: Instance 'u_cam1/snap_current_pixel_mem[31]' of 'bmsWIDEDFFRSE' unit is dangling and will be cleaned.
W: Public-4008: Instance 'u_cam1/snap_current_write_buffer_mem[2]' of 'bmsWIDEDFFRSE' unit is dangling and will be cleaned.
W: Public-4008: Instance 'u_cam1/snap_current_write_buffer_mem[3]' of 'bmsWIDEDFFRSE' unit is dangling and will be cleaned.
W: Public-4008: Instance 'u_cam1/snap_current_write_buffer_mem[4]' of 'bmsWIDEDFFRSE' unit is dangling and will be cleaned.
W: Public-4008: Instance 'u_cam1/snap_current_write_buffer_mem[5]' of 'bmsWIDEDFFRSE' unit is dangling and will be cleaned.
W: Public-4008: Instance 'u_cam1/snap_current_write_buffer_mem[6]' of 'bmsWIDEDFFRSE' unit is dangling and will be cleaned.
W: Public-4008: Instance 'u_cam1/snap_current_write_buffer_mem[7]' of 'bmsWIDEDFFRSE' unit is dangling and will be cleaned.
W: Public-4008: Instance 'u_cam1/snap_current_write_buffer_mem[8]' of 'bmsWIDEDFFRSE' unit is dangling and will be cleaned.
W: Public-4008: Instance 'u_cam1/snap_current_write_buffer_mem[9]' of 'bmsWIDEDFFRSE' unit is dangling and will be cleaned.
W: Public-4008: Instance 'u_cam1/snap_current_write_buffer_mem[10]' of 'bmsWIDEDFFRSE' unit is dangling and will be cleaned.
W: Public-4008: Instance 'u_cam1/snap_current_write_buffer_mem[11]' of 'bmsWIDEDFFRSE' unit is dangling and will be cleaned.
W: Public-4008: Instance 'u_cam1/snap_current_write_buffer_mem[12]' of 'bmsWIDEDFFRSE' unit is dangling and will be cleaned.
W: Public-4008: Instance 'u_cam1/snap_current_write_buffer_mem[13]' of 'bmsWIDEDFFRSE' unit is dangling and will be cleaned.
W: Public-4008: Instance 'u_cam1/snap_current_write_buffer_mem[14]' of 'bmsWIDEDFFRSE' unit is dangling and will be cleaned.
W: Public-4008: Instance 'u_cam1/snap_current_write_buffer_mem[15]' of 'bmsWIDEDFFRSE' unit is dangling and will be cleaned.
W: Public-4008: Instance 'u_cam1/snap_current_write_buffer_mem[16]' of 'bmsWIDEDFFRSE' unit is dangling and will be cleaned.
W: Public-4008: Instance 'u_cam1/snap_current_write_buffer_mem[17]' of 'bmsWIDEDFFRSE' unit is dangling and will be cleaned.
W: Public-4008: Instance 'u_cam1/snap_current_write_buffer_mem[18]' of 'bmsWIDEDFFRSE' unit is dangling and will be cleaned.
W: Public-4008: Instance 'u_cam1/snap_current_write_buffer_mem[19]' of 'bmsWIDEDFFRSE' unit is dangling and will be cleaned.
W: Public-4008: Instance 'u_cam1/snap_current_write_buffer_mem[20]' of 'bmsWIDEDFFRSE' unit is dangling and will be cleaned.
W: Public-4008: Instance 'u_cam1/snap_current_write_buffer_mem[21]' of 'bmsWIDEDFFRSE' unit is dangling and will be cleaned.
W: Public-4008: Instance 'u_cam1/snap_current_write_buffer_mem[22]' of 'bmsWIDEDFFRSE' unit is dangling and will be cleaned.
W: Public-4008: Instance 'u_cam1/snap_current_write_buffer_mem[23]' of 'bmsWIDEDFFRSE' unit is dangling and will be cleaned.
W: Public-4008: Instance 'u_cam1/snap_current_write_buffer_mem[24]' of 'bmsWIDEDFFRSE' unit is dangling and will be cleaned.
W: Public-4008: Instance 'u_cam1/snap_current_write_buffer_mem[25]' of 'bmsWIDEDFFRSE' unit is dangling and will be cleaned.
W: Public-4008: Instance 'u_cam1/snap_current_write_buffer_mem[26]' of 'bmsWIDEDFFRSE' unit is dangling and will be cleaned.
W: Public-4008: Instance 'u_cam1/snap_current_write_buffer_mem[27]' of 'bmsWIDEDFFRSE' unit is dangling and will be cleaned.
W: Public-4008: Instance 'u_cam1/snap_current_write_buffer_mem[28]' of 'bmsWIDEDFFRSE' unit is dangling and will be cleaned.
W: Public-4008: Instance 'u_cam1/snap_current_write_buffer_mem[29]' of 'bmsWIDEDFFRSE' unit is dangling and will be cleaned.
W: Public-4008: Instance 'u_cam1/snap_current_write_buffer_mem[30]' of 'bmsWIDEDFFRSE' unit is dangling and will be cleaned.
W: Public-4008: Instance 'u_cam1/snap_current_write_buffer_mem[31]' of 'bmsWIDEDFFRSE' unit is dangling and will be cleaned.
W: Public-4008: Instance 'u_cam1/snap_dma_error_code_mem[4]' of 'bmsWIDEDFFRSE' unit is dangling and will be cleaned.
W: Public-4008: Instance 'u_cam1/snap_dma_error_code_mem[5]' of 'bmsWIDEDFFRSE' unit is dangling and will be cleaned.
W: Public-4008: Instance 'u_cam1/snap_dma_error_code_mem[6]' of 'bmsWIDEDFFRSE' unit is dangling and will be cleaned.
W: Public-4008: Instance 'u_cam1/snap_dma_error_code_mem[7]' of 'bmsWIDEDFFRSE' unit is dangling and will be cleaned.
W: Public-4008: Instance 'u_cam1/snap_dma_error_code_mem[8]' of 'bmsWIDEDFFRSE' unit is dangling and will be cleaned.
W: Public-4008: Instance 'u_cam1/snap_dma_error_code_mem[9]' of 'bmsWIDEDFFRSE' unit is dangling and will be cleaned.
W: Public-4008: Instance 'u_cam1/snap_dma_error_code_mem[10]' of 'bmsWIDEDFFRSE' unit is dangling and will be cleaned.
W: Public-4008: Instance 'u_cam1/snap_dma_error_code_mem[11]' of 'bmsWIDEDFFRSE' unit is dangling and will be cleaned.
W: Public-4008: Instance 'u_cam1/snap_dma_error_code_mem[12]' of 'bmsWIDEDFFRSE' unit is dangling and will be cleaned.
W: Public-4008: Instance 'u_cam1/snap_dma_error_code_mem[13]' of 'bmsWIDEDFFRSE' unit is dangling and will be cleaned.
W: Public-4008: Instance 'u_cam1/snap_dma_error_code_mem[14]' of 'bmsWIDEDFFRSE' unit is dangling and will be cleaned.
W: Public-4008: Instance 'u_cam1/snap_dma_error_code_mem[15]' of 'bmsWIDEDFFRSE' unit is dangling and will be cleaned.
W: Public-4008: Instance 'u_cam1/snap_dma_error_code_mem[16]' of 'bmsWIDEDFFRSE' unit is dangling and will be cleaned.
W: Public-4008: Instance 'u_cam1/snap_dma_error_code_mem[17]' of 'bmsWIDEDFFRSE' unit is dangling and will be cleaned.
W: Public-4008: Instance 'u_cam1/snap_dma_error_code_mem[18]' of 'bmsWIDEDFFRSE' unit is dangling and will be cleaned.
W: Public-4008: Instance 'u_cam1/snap_dma_error_code_mem[19]' of 'bmsWIDEDFFRSE' unit is dangling and will be cleaned.
W: Public-4008: Instance 'u_cam1/snap_dma_error_code_mem[20]' of 'bmsWIDEDFFRSE' unit is dangling and will be cleaned.
W: Public-4008: Instance 'u_cam1/snap_dma_error_code_mem[21]' of 'bmsWIDEDFFRSE' unit is dangling and will be cleaned.
W: Public-4008: Instance 'u_cam1/snap_dma_error_code_mem[22]' of 'bmsWIDEDFFRSE' unit is dangling and will be cleaned.
W: Public-4008: Instance 'u_cam1/snap_dma_error_code_mem[23]' of 'bmsWIDEDFFRSE' unit is dangling and will be cleaned.
W: Public-4008: Instance 'u_cam1/snap_dma_error_code_mem[24]' of 'bmsWIDEDFFRSE' unit is dangling and will be cleaned.
W: Public-4008: Instance 'u_cam1/snap_dma_error_code_mem[25]' of 'bmsWIDEDFFRSE' unit is dangling and will be cleaned.
W: Public-4008: Instance 'u_cam1/snap_dma_error_code_mem[26]' of 'bmsWIDEDFFRSE' unit is dangling and will be cleaned.
W: Public-4008: Instance 'u_cam1/snap_dma_error_code_mem[27]' of 'bmsWIDEDFFRSE' unit is dangling and will be cleaned.
W: Public-4008: Instance 'u_cam1/snap_dma_error_code_mem[28]' of 'bmsWIDEDFFRSE' unit is dangling and will be cleaned.
W: Public-4008: Instance 'u_cam1/snap_dma_error_code_mem[29]' of 'bmsWIDEDFFRSE' unit is dangling and will be cleaned.
W: Public-4008: Instance 'u_cam1/snap_dma_error_code_mem[30]' of 'bmsWIDEDFFRSE' unit is dangling and will be cleaned.
W: Public-4008: Instance 'u_cam1/snap_dma_error_code_mem[31]' of 'bmsWIDEDFFRSE' unit is dangling and will be cleaned.
W: Public-4008: Instance 'u_cam1/snap_fifo_error_mem[1]' of 'bmsWIDEDFFRSE' unit is dangling and will be cleaned.
W: Public-4008: Instance 'u_cam1/snap_fifo_error_mem[3]' of 'bmsWIDEDFFRSE' unit is dangling and will be cleaned.
W: Public-4008: Instance 'u_cam1/snap_fifo_error_mem[4]' of 'bmsWIDEDFFRSE' unit is dangling and will be cleaned.
W: Public-4008: Instance 'u_cam1/snap_fifo_error_mem[5]' of 'bmsWIDEDFFRSE' unit is dangling and will be cleaned.
W: Public-4008: Instance 'u_cam1/snap_fifo_error_mem[6]' of 'bmsWIDEDFFRSE' unit is dangling and will be cleaned.
W: Public-4008: Instance 'u_cam1/snap_fifo_error_mem[7]' of 'bmsWIDEDFFRSE' unit is dangling and will be cleaned.
W: Public-4008: Instance 'u_cam1/snap_fifo_error_mem[8]' of 'bmsWIDEDFFRSE' unit is dangling and will be cleaned.
W: Public-4008: Instance 'u_cam1/snap_fifo_error_mem[9]' of 'bmsWIDEDFFRSE' unit is dangling and will be cleaned.
W: Public-4008: Instance 'u_cam1/snap_fifo_error_mem[10]' of 'bmsWIDEDFFRSE' unit is dangling and will be cleaned.
W: Public-4008: Instance 'u_cam1/snap_fifo_error_mem[11]' of 'bmsWIDEDFFRSE' unit is dangling and will be cleaned.
W: Public-4008: Instance 'u_cam1/snap_fifo_error_mem[12]' of 'bmsWIDEDFFRSE' unit is dangling and will be cleaned.
W: Public-4008: Instance 'u_cam1/snap_fifo_error_mem[13]' of 'bmsWIDEDFFRSE' unit is dangling and will be cleaned.
W: Public-4008: Instance 'u_cam1/snap_fifo_error_mem[14]' of 'bmsWIDEDFFRSE' unit is dangling and will be cleaned.
W: Public-4008: Instance 'u_cam1/snap_fifo_error_mem[15]' of 'bmsWIDEDFFRSE' unit is dangling and will be cleaned.
W: Public-4008: Instance 'u_cam1/snap_fifo_error_mem[16]' of 'bmsWIDEDFFRSE' unit is dangling and will be cleaned.
W: Public-4008: Instance 'u_cam1/snap_fifo_error_mem[17]' of 'bmsWIDEDFFRSE' unit is dangling and will be cleaned.
W: Public-4008: Instance 'u_cam1/snap_fifo_error_mem[18]' of 'bmsWIDEDFFRSE' unit is dangling and will be cleaned.
W: Public-4008: Instance 'u_cam1/snap_fifo_error_mem[19]' of 'bmsWIDEDFFRSE' unit is dangling and will be cleaned.
W: Public-4008: Instance 'u_cam1/snap_fifo_error_mem[20]' of 'bmsWIDEDFFRSE' unit is dangling and will be cleaned.
W: Public-4008: Instance 'u_cam1/snap_fifo_error_mem[21]' of 'bmsWIDEDFFRSE' unit is dangling and will be cleaned.
W: Public-4008: Instance 'u_cam1/snap_fifo_error_mem[22]' of 'bmsWIDEDFFRSE' unit is dangling and will be cleaned.
W: Public-4008: Instance 'u_cam1/snap_fifo_error_mem[23]' of 'bmsWIDEDFFRSE' unit is dangling and will be cleaned.
W: Public-4008: Instance 'u_cam1/snap_fifo_error_mem[24]' of 'bmsWIDEDFFRSE' unit is dangling and will be cleaned.
W: Public-4008: Instance 'u_cam1/snap_fifo_error_mem[25]' of 'bmsWIDEDFFRSE' unit is dangling and will be cleaned.
W: Public-4008: Instance 'u_cam1/snap_fifo_error_mem[26]' of 'bmsWIDEDFFRSE' unit is dangling and will be cleaned.
W: Public-4008: Instance 'u_cam1/snap_fifo_error_mem[27]' of 'bmsWIDEDFFRSE' unit is dangling and will be cleaned.
W: Public-4008: Instance 'u_cam1/snap_fifo_error_mem[28]' of 'bmsWIDEDFFRSE' unit is dangling and will be cleaned.
W: Public-4008: Instance 'u_cam1/snap_fifo_error_mem[29]' of 'bmsWIDEDFFRSE' unit is dangling and will be cleaned.
W: Public-4008: Instance 'u_cam1/snap_fifo_error_mem[30]' of 'bmsWIDEDFFRSE' unit is dangling and will be cleaned.
W: Public-4008: Instance 'u_cam1/snap_fifo_error_mem[31]' of 'bmsWIDEDFFRSE' unit is dangling and will be cleaned.
W: Public-4008: Instance 'u_cam1/snap_last_complete_buffer_mem[2]' of 'bmsWIDEDFFRSE' unit is dangling and will be cleaned.
W: Public-4008: Instance 'u_cam1/snap_last_complete_buffer_mem[3]' of 'bmsWIDEDFFRSE' unit is dangling and will be cleaned.
W: Public-4008: Instance 'u_cam1/snap_last_complete_buffer_mem[4]' of 'bmsWIDEDFFRSE' unit is dangling and will be cleaned.
W: Public-4008: Instance 'u_cam1/snap_last_complete_buffer_mem[5]' of 'bmsWIDEDFFRSE' unit is dangling and will be cleaned.
W: Public-4008: Instance 'u_cam1/snap_last_complete_buffer_mem[6]' of 'bmsWIDEDFFRSE' unit is dangling and will be cleaned.
W: Public-4008: Instance 'u_cam1/snap_last_complete_buffer_mem[7]' of 'bmsWIDEDFFRSE' unit is dangling and will be cleaned.
W: Public-4008: Instance 'u_cam1/snap_last_complete_buffer_mem[8]' of 'bmsWIDEDFFRSE' unit is dangling and will be cleaned.
W: Public-4008: Instance 'u_cam1/snap_last_complete_buffer_mem[9]' of 'bmsWIDEDFFRSE' unit is dangling and will be cleaned.
W: Public-4008: Instance 'u_cam1/snap_last_complete_buffer_mem[10]' of 'bmsWIDEDFFRSE' unit is dangling and will be cleaned.
W: Public-4008: Instance 'u_cam1/snap_last_complete_buffer_mem[11]' of 'bmsWIDEDFFRSE' unit is dangling and will be cleaned.
W: Public-4008: Instance 'u_cam1/snap_last_complete_buffer_mem[12]' of 'bmsWIDEDFFRSE' unit is dangling and will be cleaned.
W: Public-4008: Instance 'u_cam1/snap_last_complete_buffer_mem[13]' of 'bmsWIDEDFFRSE' unit is dangling and will be cleaned.
W: Public-4008: Instance 'u_cam1/snap_last_complete_buffer_mem[14]' of 'bmsWIDEDFFRSE' unit is dangling and will be cleaned.
W: Public-4008: Instance 'u_cam1/snap_last_complete_buffer_mem[15]' of 'bmsWIDEDFFRSE' unit is dangling and will be cleaned.
W: Public-4008: Instance 'u_cam1/snap_last_complete_buffer_mem[16]' of 'bmsWIDEDFFRSE' unit is dangling and will be cleaned.
W: Public-4008: Instance 'u_cam1/snap_last_complete_buffer_mem[17]' of 'bmsWIDEDFFRSE' unit is dangling and will be cleaned.
W: Public-4008: Instance 'u_cam1/snap_last_complete_buffer_mem[18]' of 'bmsWIDEDFFRSE' unit is dangling and will be cleaned.
W: Public-4008: Instance 'u_cam1/snap_last_complete_buffer_mem[19]' of 'bmsWIDEDFFRSE' unit is dangling and will be cleaned.
W: Public-4008: Instance 'u_cam1/snap_last_complete_buffer_mem[20]' of 'bmsWIDEDFFRSE' unit is dangling and will be cleaned.
W: Public-4008: Instance 'u_cam1/snap_last_complete_buffer_mem[21]' of 'bmsWIDEDFFRSE' unit is dangling and will be cleaned.
W: Public-4008: Instance 'u_cam1/snap_last_complete_buffer_mem[22]' of 'bmsWIDEDFFRSE' unit is dangling and will be cleaned.
W: Public-4008: Instance 'u_cam1/snap_last_complete_buffer_mem[23]' of 'bmsWIDEDFFRSE' unit is dangling and will be cleaned.
W: Public-4008: Instance 'u_cam1/snap_last_complete_buffer_mem[24]' of 'bmsWIDEDFFRSE' unit is dangling and will be cleaned.
W: Public-4008: Instance 'u_cam1/snap_last_complete_buffer_mem[25]' of 'bmsWIDEDFFRSE' unit is dangling and will be cleaned.
W: Public-4008: Instance 'u_cam1/snap_last_complete_buffer_mem[26]' of 'bmsWIDEDFFRSE' unit is dangling and will be cleaned.
W: Public-4008: Instance 'u_cam1/snap_last_complete_buffer_mem[27]' of 'bmsWIDEDFFRSE' unit is dangling and will be cleaned.
W: Public-4008: Instance 'u_cam1/snap_last_complete_buffer_mem[28]' of 'bmsWIDEDFFRSE' unit is dangling and will be cleaned.
W: Public-4008: Instance 'u_cam1/snap_last_complete_buffer_mem[29]' of 'bmsWIDEDFFRSE' unit is dangling and will be cleaned.
W: Public-4008: Instance 'u_cam1/snap_last_complete_buffer_mem[30]' of 'bmsWIDEDFFRSE' unit is dangling and will be cleaned.
W: Public-4008: Instance 'u_cam1/snap_last_complete_buffer_mem[31]' of 'bmsWIDEDFFRSE' unit is dangling and will be cleaned.
W: Public-4008: Instance 'u_cam1/snap_last_frame_addr_mem[1]' of 'bmsWIDEDFFRSE' unit is dangling and will be cleaned.
W: Public-4008: Instance 'u_cam1/snap_last_frame_addr_mem[2]' of 'bmsWIDEDFFRSE' unit is dangling and will be cleaned.
W: Public-4008: Instance 'u_cam1/snap_last_frame_addr_mem[3]' of 'bmsWIDEDFFRSE' unit is dangling and will be cleaned.
W: Public-4008: Instance 'u_cam1/snap_last_frame_addr_mem[4]' of 'bmsWIDEDFFRSE' unit is dangling and will be cleaned.
W: Public-4008: Instance 'u_cam1/snap_last_frame_addr_mem[5]' of 'bmsWIDEDFFRSE' unit is dangling and will be cleaned.
W: Public-4008: Instance 'u_cam1/snap_last_frame_addr_mem[6]' of 'bmsWIDEDFFRSE' unit is dangling and will be cleaned.
W: Public-4008: Instance 'u_cam1/snap_last_frame_addr_mem[7]' of 'bmsWIDEDFFRSE' unit is dangling and will be cleaned.
W: Public-4008: Instance 'u_cam1/snap_last_frame_addr_mem[8]' of 'bmsWIDEDFFRSE' unit is dangling and will be cleaned.
W: Public-4008: Instance 'u_cam1/snap_last_frame_addr_mem[9]' of 'bmsWIDEDFFRSE' unit is dangling and will be cleaned.
W: Public-4008: Instance 'u_cam1/snap_last_frame_addr_mem[10]' of 'bmsWIDEDFFRSE' unit is dangling and will be cleaned.
W: Public-4008: Instance 'u_cam1/snap_last_frame_addr_mem[11]' of 'bmsWIDEDFFRSE' unit is dangling and will be cleaned.
W: Public-4008: Instance 'u_cam1/snap_last_frame_addr_mem[12]' of 'bmsWIDEDFFRSE' unit is dangling and will be cleaned.
W: Public-4008: Instance 'u_cam1/snap_last_frame_addr_mem[13]' of 'bmsWIDEDFFRSE' unit is dangling and will be cleaned.
W: Public-4008: Instance 'u_cam1/snap_last_frame_addr_mem[14]' of 'bmsWIDEDFFRSE' unit is dangling and will be cleaned.
W: Public-4008: Instance 'u_cam1/snap_last_frame_addr_mem[15]' of 'bmsWIDEDFFRSE' unit is dangling and will be cleaned.
W: Public-4008: Instance 'u_cam1/snap_last_frame_addr_mem[16]' of 'bmsWIDEDFFRSE' unit is dangling and will be cleaned.
W: Public-4008: Instance 'u_cam1/snap_last_frame_addr_mem[17]' of 'bmsWIDEDFFRSE' unit is dangling and will be cleaned.
W: Public-4008: Instance 'u_cam1/snap_last_frame_addr_mem[18]' of 'bmsWIDEDFFRSE' unit is dangling and will be cleaned.
W: Public-4008: Instance 'u_cam1/snap_last_frame_addr_mem[19]' of 'bmsWIDEDFFRSE' unit is dangling and will be cleaned.
W: Public-4008: Instance 'u_cam1/snap_last_frame_addr_mem[21]' of 'bmsWIDEDFFRSE' unit is dangling and will be cleaned.
W: Public-4008: Instance 'u_cam1/snap_last_frame_addr_mem[22]' of 'bmsWIDEDFFRSE' unit is dangling and will be cleaned.
W: Public-4008: Instance 'u_cam1/snap_last_frame_addr_mem[23]' of 'bmsWIDEDFFRSE' unit is dangling and will be cleaned.
W: Public-4008: Instance 'u_cam1/snap_last_frame_addr_mem[24]' of 'bmsWIDEDFFRSE' unit is dangling and will be cleaned.
W: Public-4008: Instance 'u_cam1/snap_last_frame_addr_mem[25]' of 'bmsWIDEDFFRSE' unit is dangling and will be cleaned.
W: Public-4008: Instance 'u_cam1/snap_last_frame_addr_mem[26]' of 'bmsWIDEDFFRSE' unit is dangling and will be cleaned.
W: Public-4008: Instance 'u_cam1/snap_last_frame_addr_mem[27]' of 'bmsWIDEDFFRSE' unit is dangling and will be cleaned.
W: Public-4008: Instance 'u_cam1/snap_last_frame_addr_mem[28]' of 'bmsWIDEDFFRSE' unit is dangling and will be cleaned.
W: Public-4008: Instance 'u_cam1/snap_last_frame_addr_mem[29]' of 'bmsWIDEDFFRSE' unit is dangling and will be cleaned.
W: Public-4008: Instance 'u_cam1/snap_last_frame_addr_mem[30]' of 'bmsWIDEDFFRSE' unit is dangling and will be cleaned.
W: Public-4008: Instance 'u_cam1/snap_last_frame_addr_mem[31]' of 'bmsWIDEDFFRSE' unit is dangling and will be cleaned.
W: Public-4008: Instance 'u_cam1/snap_pixel_count_mem[20]' of 'bmsWIDEDFFRSE' unit is dangling and will be cleaned.
W: Public-4008: Instance 'u_cam1/snap_pixel_count_mem[21]' of 'bmsWIDEDFFRSE' unit is dangling and will be cleaned.
W: Public-4008: Instance 'u_cam1/snap_pixel_count_mem[22]' of 'bmsWIDEDFFRSE' unit is dangling and will be cleaned.
W: Public-4008: Instance 'u_cam1/snap_pixel_count_mem[23]' of 'bmsWIDEDFFRSE' unit is dangling and will be cleaned.
W: Public-4008: Instance 'u_cam1/snap_pixel_count_mem[24]' of 'bmsWIDEDFFRSE' unit is dangling and will be cleaned.
W: Public-4008: Instance 'u_cam1/snap_pixel_count_mem[25]' of 'bmsWIDEDFFRSE' unit is dangling and will be cleaned.
W: Public-4008: Instance 'u_cam1/snap_pixel_count_mem[26]' of 'bmsWIDEDFFRSE' unit is dangling and will be cleaned.
W: Public-4008: Instance 'u_cam1/snap_pixel_count_mem[27]' of 'bmsWIDEDFFRSE' unit is dangling and will be cleaned.
W: Public-4008: Instance 'u_cam1/snap_pixel_count_mem[28]' of 'bmsWIDEDFFRSE' unit is dangling and will be cleaned.
W: Public-4008: Instance 'u_cam1/snap_pixel_count_mem[29]' of 'bmsWIDEDFFRSE' unit is dangling and will be cleaned.
W: Public-4008: Instance 'u_cam1/snap_pixel_count_mem[30]' of 'bmsWIDEDFFRSE' unit is dangling and will be cleaned.
W: Public-4008: Instance 'u_cam1/snap_pixel_count_mem[31]' of 'bmsWIDEDFFRSE' unit is dangling and will be cleaned.
W: Public-4008: Instance 'u_cam1/snap_status_mem[13]' of 'bmsWIDEDFFRSE' unit is dangling and will be cleaned.
W: Public-4008: Instance 'u_cam1/snap_status_mem[15]' of 'bmsWIDEDFFRSE' unit is dangling and will be cleaned.
W: Public-4008: Instance 'u_cam1/snap_status_mem[16]' of 'bmsWIDEDFFRSE' unit is dangling and will be cleaned.
W: Public-4008: Instance 'u_cam1/snap_status_mem[17]' of 'bmsWIDEDFFRSE' unit is dangling and will be cleaned.
W: Public-4008: Instance 'u_cam1/snap_status_mem[18]' of 'bmsWIDEDFFRSE' unit is dangling and will be cleaned.
W: Public-4008: Instance 'u_cam1/snap_status_mem[19]' of 'bmsWIDEDFFRSE' unit is dangling and will be cleaned.
W: Public-4008: Instance 'u_cam1/snap_status_mem[20]' of 'bmsWIDEDFFRSE' unit is dangling and will be cleaned.
W: Public-4008: Instance 'u_cam1/snap_status_mem[21]' of 'bmsWIDEDFFRSE' unit is dangling and will be cleaned.
W: Public-4008: Instance 'u_cam1/snap_status_mem[22]' of 'bmsWIDEDFFRSE' unit is dangling and will be cleaned.
W: Public-4008: Instance 'u_cam1/snap_status_mem[23]' of 'bmsWIDEDFFRSE' unit is dangling and will be cleaned.
W: Public-4008: Instance 'u_cam1/snap_status_mem[24]' of 'bmsWIDEDFFRSE' unit is dangling and will be cleaned.
W: Public-4008: Instance 'u_cam1/snap_status_mem[25]' of 'bmsWIDEDFFRSE' unit is dangling and will be cleaned.
W: Public-4008: Instance 'u_cam1/snap_status_mem[26]' of 'bmsWIDEDFFRSE' unit is dangling and will be cleaned.
W: Public-4008: Instance 'u_cam1/snap_status_mem[27]' of 'bmsWIDEDFFRSE' unit is dangling and will be cleaned.
W: Public-4008: Instance 'u_cam1/snap_status_mem[28]' of 'bmsWIDEDFFRSE' unit is dangling and will be cleaned.
W: Public-4008: Instance 'u_cam1/snap_status_mem[29]' of 'bmsWIDEDFFRSE' unit is dangling and will be cleaned.
W: Public-4008: Instance 'u_cam1/snap_status_mem[30]' of 'bmsWIDEDFFRSE' unit is dangling and will be cleaned.
W: Public-4008: Instance 'u_cam1/snap_status_mem[31]' of 'bmsWIDEDFFRSE' unit is dangling and will be cleaned.
W: Public-4008: Instance 'u_cam1/snapshot_dvp_errors_mem[4]' of 'bmsWIDEDFFRSE' unit is dangling and will be cleaned.
W: Public-4008: Instance 'u_cam1/snapshot_dvp_errors_mem[5]' of 'bmsWIDEDFFRSE' unit is dangling and will be cleaned.
W: Public-4008: Instance 'u_cam1/snapshot_dvp_errors_mem[6]' of 'bmsWIDEDFFRSE' unit is dangling and will be cleaned.
W: Public-4008: Instance 'u_cam1/snapshot_dvp_errors_mem[7]' of 'bmsWIDEDFFRSE' unit is dangling and will be cleaned.
W: Public-4008: Instance 'u_cam1/snapshot_dvp_errors_mem[8]' of 'bmsWIDEDFFRSE' unit is dangling and will be cleaned.
W: Public-4008: Instance 'u_cam1/snapshot_dvp_errors_mem[9]' of 'bmsWIDEDFFRSE' unit is dangling and will be cleaned.
W: Public-4008: Instance 'u_cam1/snapshot_dvp_errors_mem[10]' of 'bmsWIDEDFFRSE' unit is dangling and will be cleaned.
W: Public-4008: Instance 'u_cam1/snapshot_dvp_errors_mem[11]' of 'bmsWIDEDFFRSE' unit is dangling and will be cleaned.
W: Public-4008: Instance 'u_cam1/snapshot_dvp_errors_mem[12]' of 'bmsWIDEDFFRSE' unit is dangling and will be cleaned.
W: Public-4008: Instance 'u_cam1/snapshot_dvp_errors_mem[13]' of 'bmsWIDEDFFRSE' unit is dangling and will be cleaned.
W: Public-4008: Instance 'u_cam1/snapshot_dvp_errors_mem[14]' of 'bmsWIDEDFFRSE' unit is dangling and will be cleaned.
W: Public-4008: Instance 'u_cam1/snapshot_dvp_errors_mem[15]' of 'bmsWIDEDFFRSE' unit is dangling and will be cleaned.
W: Public-4008: Instance 'u_cam1/snapshot_dvp_errors_mem[16]' of 'bmsWIDEDFFRSE' unit is dangling and will be cleaned.
W: Public-4008: Instance 'u_cam1/snapshot_dvp_errors_mem[17]' of 'bmsWIDEDFFRSE' unit is dangling and will be cleaned.
W: Public-4008: Instance 'u_cam1/snapshot_dvp_errors_mem[18]' of 'bmsWIDEDFFRSE' unit is dangling and will be cleaned.
W: Public-4008: Instance 'u_cam1/snapshot_dvp_errors_mem[19]' of 'bmsWIDEDFFRSE' unit is dangling and will be cleaned.
W: Public-4008: Instance 'u_cam1/snapshot_dvp_errors_mem[20]' of 'bmsWIDEDFFRSE' unit is dangling and will be cleaned.
W: Public-4008: Instance 'u_cam1/snapshot_dvp_errors_mem[21]' of 'bmsWIDEDFFRSE' unit is dangling and will be cleaned.
W: Public-4008: Instance 'u_cam1/snapshot_dvp_errors_mem[22]' of 'bmsWIDEDFFRSE' unit is dangling and will be cleaned.
W: Public-4008: Instance 'u_cam1/snapshot_dvp_errors_mem[23]' of 'bmsWIDEDFFRSE' unit is dangling and will be cleaned.
W: Public-4008: Instance 'u_cam1/snapshot_dvp_errors_mem[24]' of 'bmsWIDEDFFRSE' unit is dangling and will be cleaned.
W: Public-4008: Instance 'u_cam1/snapshot_dvp_errors_mem[25]' of 'bmsWIDEDFFRSE' unit is dangling and will be cleaned.
W: Public-4008: Instance 'u_cam1/snapshot_dvp_errors_mem[26]' of 'bmsWIDEDFFRSE' unit is dangling and will be cleaned.
W: Public-4008: Instance 'u_cam1/snapshot_dvp_errors_mem[27]' of 'bmsWIDEDFFRSE' unit is dangling and will be cleaned.
W: Public-4008: Instance 'u_cam1/snapshot_dvp_errors_mem[28]' of 'bmsWIDEDFFRSE' unit is dangling and will be cleaned.
W: Public-4008: Instance 'u_cam1/snapshot_dvp_errors_mem[29]' of 'bmsWIDEDFFRSE' unit is dangling and will be cleaned.
W: Public-4008: Instance 'u_cam1/snapshot_dvp_errors_mem[30]' of 'bmsWIDEDFFRSE' unit is dangling and will be cleaned.
W: Public-4008: Instance 'u_cam1/snapshot_dvp_errors_mem[31]' of 'bmsWIDEDFFRSE' unit is dangling and will be cleaned.
W: Public-4008: Instance 'u_cam1/cpu_byte_count[0]' of 'bmsWIDEDFFCPE' unit is dangling and will be cleaned.
W: Public-4008: Instance 'u_cam1/cpu_current_byte_count[0]' of 'bmsWIDEDFFCPE' unit is dangling and will be cleaned.
W: Public-4008: Instance 'u_cam1/cpu_current_pixel_count[20]' of 'bmsWIDEDFFCPE' unit is dangling and will be cleaned.
W: Public-4008: Instance 'u_cam1/cpu_current_pixel_count[21]' of 'bmsWIDEDFFCPE' unit is dangling and will be cleaned.
W: Public-4008: Instance 'u_cam1/cpu_current_pixel_count[22]' of 'bmsWIDEDFFCPE' unit is dangling and will be cleaned.
W: Public-4008: Instance 'u_cam1/cpu_current_pixel_count[23]' of 'bmsWIDEDFFCPE' unit is dangling and will be cleaned.
W: Public-4008: Instance 'u_cam1/cpu_current_pixel_count[24]' of 'bmsWIDEDFFCPE' unit is dangling and will be cleaned.
W: Public-4008: Instance 'u_cam1/cpu_current_pixel_count[25]' of 'bmsWIDEDFFCPE' unit is dangling and will be cleaned.
W: Public-4008: Instance 'u_cam1/cpu_current_pixel_count[26]' of 'bmsWIDEDFFCPE' unit is dangling and will be cleaned.
W: Public-4008: Instance 'u_cam1/cpu_current_pixel_count[27]' of 'bmsWIDEDFFCPE' unit is dangling and will be cleaned.
W: Public-4008: Instance 'u_cam1/cpu_current_pixel_count[28]' of 'bmsWIDEDFFCPE' unit is dangling and will be cleaned.
W: Public-4008: Instance 'u_cam1/cpu_current_pixel_count[29]' of 'bmsWIDEDFFCPE' unit is dangling and will be cleaned.
W: Public-4008: Instance 'u_cam1/cpu_current_pixel_count[30]' of 'bmsWIDEDFFCPE' unit is dangling and will be cleaned.
W: Public-4008: Instance 'u_cam1/cpu_current_pixel_count[31]' of 'bmsWIDEDFFCPE' unit is dangling and will be cleaned.
W: Public-4008: Instance 'u_cam1/cpu_current_write_buffer[2]' of 'bmsWIDEDFFCPE' unit is dangling and will be cleaned.
W: Public-4008: Instance 'u_cam1/cpu_current_write_buffer[3]' of 'bmsWIDEDFFCPE' unit is dangling and will be cleaned.
W: Public-4008: Instance 'u_cam1/cpu_current_write_buffer[4]' of 'bmsWIDEDFFCPE' unit is dangling and will be cleaned.
W: Public-4008: Instance 'u_cam1/cpu_current_write_buffer[5]' of 'bmsWIDEDFFCPE' unit is dangling and will be cleaned.
W: Public-4008: Instance 'u_cam1/cpu_current_write_buffer[6]' of 'bmsWIDEDFFCPE' unit is dangling and will be cleaned.
W: Public-4008: Instance 'u_cam1/cpu_current_write_buffer[7]' of 'bmsWIDEDFFCPE' unit is dangling and will be cleaned.
W: Public-4008: Instance 'u_cam1/cpu_current_write_buffer[8]' of 'bmsWIDEDFFCPE' unit is dangling and will be cleaned.
W: Public-4008: Instance 'u_cam1/cpu_current_write_buffer[9]' of 'bmsWIDEDFFCPE' unit is dangling and will be cleaned.
W: Public-4008: Instance 'u_cam1/cpu_current_write_buffer[10]' of 'bmsWIDEDFFCPE' unit is dangling and will be cleaned.
W: Public-4008: Instance 'u_cam1/cpu_current_write_buffer[11]' of 'bmsWIDEDFFCPE' unit is dangling and will be cleaned.
W: Public-4008: Instance 'u_cam1/cpu_current_write_buffer[12]' of 'bmsWIDEDFFCPE' unit is dangling and will be cleaned.
W: Public-4008: Instance 'u_cam1/cpu_current_write_buffer[13]' of 'bmsWIDEDFFCPE' unit is dangling and will be cleaned.
W: Public-4008: Instance 'u_cam1/cpu_current_write_buffer[14]' of 'bmsWIDEDFFCPE' unit is dangling and will be cleaned.
W: Public-4008: Instance 'u_cam1/cpu_current_write_buffer[15]' of 'bmsWIDEDFFCPE' unit is dangling and will be cleaned.
W: Public-4008: Instance 'u_cam1/cpu_current_write_buffer[16]' of 'bmsWIDEDFFCPE' unit is dangling and will be cleaned.
W: Public-4008: Instance 'u_cam1/cpu_current_write_buffer[17]' of 'bmsWIDEDFFCPE' unit is dangling and will be cleaned.
W: Public-4008: Instance 'u_cam1/cpu_current_write_buffer[18]' of 'bmsWIDEDFFCPE' unit is dangling and will be cleaned.
W: Public-4008: Instance 'u_cam1/cpu_current_write_buffer[19]' of 'bmsWIDEDFFCPE' unit is dangling and will be cleaned.
W: Public-4008: Instance 'u_cam1/cpu_current_write_buffer[20]' of 'bmsWIDEDFFCPE' unit is dangling and will be cleaned.
W: Public-4008: Instance 'u_cam1/cpu_current_write_buffer[21]' of 'bmsWIDEDFFCPE' unit is dangling and will be cleaned.
W: Public-4008: Instance 'u_cam1/cpu_current_write_buffer[22]' of 'bmsWIDEDFFCPE' unit is dangling and will be cleaned.
W: Public-4008: Instance 'u_cam1/cpu_current_write_buffer[23]' of 'bmsWIDEDFFCPE' unit is dangling and will be cleaned.
W: Public-4008: Instance 'u_cam1/cpu_current_write_buffer[24]' of 'bmsWIDEDFFCPE' unit is dangling and will be cleaned.
W: Public-4008: Instance 'u_cam1/cpu_current_write_buffer[25]' of 'bmsWIDEDFFCPE' unit is dangling and will be cleaned.
W: Public-4008: Instance 'u_cam1/cpu_current_write_buffer[26]' of 'bmsWIDEDFFCPE' unit is dangling and will be cleaned.
W: Public-4008: Instance 'u_cam1/cpu_current_write_buffer[27]' of 'bmsWIDEDFFCPE' unit is dangling and will be cleaned.
W: Public-4008: Instance 'u_cam1/cpu_current_write_buffer[28]' of 'bmsWIDEDFFCPE' unit is dangling and will be cleaned.
W: Public-4008: Instance 'u_cam1/cpu_current_write_buffer[29]' of 'bmsWIDEDFFCPE' unit is dangling and will be cleaned.
W: Public-4008: Instance 'u_cam1/cpu_current_write_buffer[30]' of 'bmsWIDEDFFCPE' unit is dangling and will be cleaned.
W: Public-4008: Instance 'u_cam1/cpu_current_write_buffer[31]' of 'bmsWIDEDFFCPE' unit is dangling and will be cleaned.
W: Public-4008: Instance 'u_cam1/cpu_dma_error_code[4]' of 'bmsWIDEDFFCPE' unit is dangling and will be cleaned.
W: Public-4008: Instance 'u_cam1/cpu_dma_error_code[5]' of 'bmsWIDEDFFCPE' unit is dangling and will be cleaned.
W: Public-4008: Instance 'u_cam1/cpu_dma_error_code[6]' of 'bmsWIDEDFFCPE' unit is dangling and will be cleaned.
W: Public-4008: Instance 'u_cam1/cpu_dma_error_code[7]' of 'bmsWIDEDFFCPE' unit is dangling and will be cleaned.
W: Public-4008: Instance 'u_cam1/cpu_dma_error_code[8]' of 'bmsWIDEDFFCPE' unit is dangling and will be cleaned.
W: Public-4008: Instance 'u_cam1/cpu_dma_error_code[9]' of 'bmsWIDEDFFCPE' unit is dangling and will be cleaned.
W: Public-4008: Instance 'u_cam1/cpu_dma_error_code[10]' of 'bmsWIDEDFFCPE' unit is dangling and will be cleaned.
W: Public-4008: Instance 'u_cam1/cpu_dma_error_code[11]' of 'bmsWIDEDFFCPE' unit is dangling and will be cleaned.
W: Public-4008: Instance 'u_cam1/cpu_dma_error_code[12]' of 'bmsWIDEDFFCPE' unit is dangling and will be cleaned.
W: Public-4008: Instance 'u_cam1/cpu_dma_error_code[13]' of 'bmsWIDEDFFCPE' unit is dangling and will be cleaned.
W: Public-4008: Instance 'u_cam1/cpu_dma_error_code[14]' of 'bmsWIDEDFFCPE' unit is dangling and will be cleaned.
W: Public-4008: Instance 'u_cam1/cpu_dma_error_code[15]' of 'bmsWIDEDFFCPE' unit is dangling and will be cleaned.
W: Public-4008: Instance 'u_cam1/cpu_dma_error_code[16]' of 'bmsWIDEDFFCPE' unit is dangling and will be cleaned.
W: Public-4008: Instance 'u_cam1/cpu_dma_error_code[17]' of 'bmsWIDEDFFCPE' unit is dangling and will be cleaned.
W: Public-4008: Instance 'u_cam1/cpu_dma_error_code[18]' of 'bmsWIDEDFFCPE' unit is dangling and will be cleaned.
W: Public-4008: Instance 'u_cam1/cpu_dma_error_code[19]' of 'bmsWIDEDFFCPE' unit is dangling and will be cleaned.
W: Public-4008: Instance 'u_cam1/cpu_dma_error_code[20]' of 'bmsWIDEDFFCPE' unit is dangling and will be cleaned.
W: Public-4008: Instance 'u_cam1/cpu_dma_error_code[21]' of 'bmsWIDEDFFCPE' unit is dangling and will be cleaned.
W: Public-4008: Instance 'u_cam1/cpu_dma_error_code[22]' of 'bmsWIDEDFFCPE' unit is dangling and will be cleaned.
W: Public-4008: Instance 'u_cam1/cpu_dma_error_code[23]' of 'bmsWIDEDFFCPE' unit is dangling and will be cleaned.
W: Public-4008: Instance 'u_cam1/cpu_dma_error_code[24]' of 'bmsWIDEDFFCPE' unit is dangling and will be cleaned.
W: Public-4008: Instance 'u_cam1/cpu_dma_error_code[25]' of 'bmsWIDEDFFCPE' unit is dangling and will be cleaned.
W: Public-4008: Instance 'u_cam1/cpu_dma_error_code[26]' of 'bmsWIDEDFFCPE' unit is dangling and will be cleaned.
W: Public-4008: Instance 'u_cam1/cpu_dma_error_code[27]' of 'bmsWIDEDFFCPE' unit is dangling and will be cleaned.
W: Public-4008: Instance 'u_cam1/cpu_dma_error_code[28]' of 'bmsWIDEDFFCPE' unit is dangling and will be cleaned.
W: Public-4008: Instance 'u_cam1/cpu_dma_error_code[29]' of 'bmsWIDEDFFCPE' unit is dangling and will be cleaned.
W: Public-4008: Instance 'u_cam1/cpu_dma_error_code[30]' of 'bmsWIDEDFFCPE' unit is dangling and will be cleaned.
W: Public-4008: Instance 'u_cam1/cpu_dma_error_code[31]' of 'bmsWIDEDFFCPE' unit is dangling and will be cleaned.
W: Public-4008: Instance 'u_cam1/cpu_dvp_error_flags[4]' of 'bmsWIDEDFFCPE' unit is dangling and will be cleaned.
W: Public-4008: Instance 'u_cam1/cpu_dvp_error_flags[5]' of 'bmsWIDEDFFCPE' unit is dangling and will be cleaned.
W: Public-4008: Instance 'u_cam1/cpu_dvp_error_flags[6]' of 'bmsWIDEDFFCPE' unit is dangling and will be cleaned.
W: Public-4008: Instance 'u_cam1/cpu_dvp_error_flags[7]' of 'bmsWIDEDFFCPE' unit is dangling and will be cleaned.
W: Public-4008: Instance 'u_cam1/cpu_dvp_error_flags[8]' of 'bmsWIDEDFFCPE' unit is dangling and will be cleaned.
W: Public-4008: Instance 'u_cam1/cpu_dvp_error_flags[9]' of 'bmsWIDEDFFCPE' unit is dangling and will be cleaned.
W: Public-4008: Instance 'u_cam1/cpu_dvp_error_flags[10]' of 'bmsWIDEDFFCPE' unit is dangling and will be cleaned.
W: Public-4008: Instance 'u_cam1/cpu_dvp_error_flags[11]' of 'bmsWIDEDFFCPE' unit is dangling and will be cleaned.
W: Public-4008: Instance 'u_cam1/cpu_dvp_error_flags[12]' of 'bmsWIDEDFFCPE' unit is dangling and will be cleaned.
W: Public-4008: Instance 'u_cam1/cpu_dvp_error_flags[13]' of 'bmsWIDEDFFCPE' unit is dangling and will be cleaned.
W: Public-4008: Instance 'u_cam1/cpu_dvp_error_flags[14]' of 'bmsWIDEDFFCPE' unit is dangling and will be cleaned.
W: Public-4008: Instance 'u_cam1/cpu_dvp_error_flags[15]' of 'bmsWIDEDFFCPE' unit is dangling and will be cleaned.
W: Public-4008: Instance 'u_cam1/cpu_dvp_error_flags[16]' of 'bmsWIDEDFFCPE' unit is dangling and will be cleaned.
W: Public-4008: Instance 'u_cam1/cpu_dvp_error_flags[17]' of 'bmsWIDEDFFCPE' unit is dangling and will be cleaned.
W: Public-4008: Instance 'u_cam1/cpu_dvp_error_flags[18]' of 'bmsWIDEDFFCPE' unit is dangling and will be cleaned.
W: Public-4008: Instance 'u_cam1/cpu_dvp_error_flags[19]' of 'bmsWIDEDFFCPE' unit is dangling and will be cleaned.
W: Public-4008: Instance 'u_cam1/cpu_dvp_error_flags[20]' of 'bmsWIDEDFFCPE' unit is dangling and will be cleaned.
W: Public-4008: Instance 'u_cam1/cpu_dvp_error_flags[21]' of 'bmsWIDEDFFCPE' unit is dangling and will be cleaned.
W: Public-4008: Instance 'u_cam1/cpu_dvp_error_flags[22]' of 'bmsWIDEDFFCPE' unit is dangling and will be cleaned.
W: Public-4008: Instance 'u_cam1/cpu_dvp_error_flags[23]' of 'bmsWIDEDFFCPE' unit is dangling and will be cleaned.
W: Public-4008: Instance 'u_cam1/cpu_dvp_error_flags[24]' of 'bmsWIDEDFFCPE' unit is dangling and will be cleaned.
W: Public-4008: Instance 'u_cam1/cpu_dvp_error_flags[25]' of 'bmsWIDEDFFCPE' unit is dangling and will be cleaned.
W: Public-4008: Instance 'u_cam1/cpu_dvp_error_flags[26]' of 'bmsWIDEDFFCPE' unit is dangling and will be cleaned.
W: Public-4008: Instance 'u_cam1/cpu_dvp_error_flags[27]' of 'bmsWIDEDFFCPE' unit is dangling and will be cleaned.
W: Public-4008: Instance 'u_cam1/cpu_dvp_error_flags[28]' of 'bmsWIDEDFFCPE' unit is dangling and will be cleaned.
W: Public-4008: Instance 'u_cam1/cpu_dvp_error_flags[29]' of 'bmsWIDEDFFCPE' unit is dangling and will be cleaned.
W: Public-4008: Instance 'u_cam1/cpu_dvp_error_flags[30]' of 'bmsWIDEDFFCPE' unit is dangling and will be cleaned.
W: Public-4008: Instance 'u_cam1/cpu_dvp_error_flags[31]' of 'bmsWIDEDFFCPE' unit is dangling and will be cleaned.
W: Public-4008: Instance 'u_cam1/cpu_fifo_error[1]' of 'bmsWIDEDFFCPE' unit is dangling and will be cleaned.
W: Public-4008: Instance 'u_cam1/cpu_fifo_error[3]' of 'bmsWIDEDFFCPE' unit is dangling and will be cleaned.
W: Public-4008: Instance 'u_cam1/cpu_fifo_error[4]' of 'bmsWIDEDFFCPE' unit is dangling and will be cleaned.
W: Public-4008: Instance 'u_cam1/cpu_fifo_error[5]' of 'bmsWIDEDFFCPE' unit is dangling and will be cleaned.
W: Public-4008: Instance 'u_cam1/cpu_fifo_error[6]' of 'bmsWIDEDFFCPE' unit is dangling and will be cleaned.
W: Public-4008: Instance 'u_cam1/cpu_fifo_error[7]' of 'bmsWIDEDFFCPE' unit is dangling and will be cleaned.
W: Public-4008: Instance 'u_cam1/cpu_fifo_error[8]' of 'bmsWIDEDFFCPE' unit is dangling and will be cleaned.
W: Public-4008: Instance 'u_cam1/cpu_fifo_error[9]' of 'bmsWIDEDFFCPE' unit is dangling and will be cleaned.
W: Public-4008: Instance 'u_cam1/cpu_fifo_error[10]' of 'bmsWIDEDFFCPE' unit is dangling and will be cleaned.
W: Public-4008: Instance 'u_cam1/cpu_fifo_error[11]' of 'bmsWIDEDFFCPE' unit is dangling and will be cleaned.
W: Public-4008: Instance 'u_cam1/cpu_fifo_error[12]' of 'bmsWIDEDFFCPE' unit is dangling and will be cleaned.
W: Public-4008: Instance 'u_cam1/cpu_fifo_error[13]' of 'bmsWIDEDFFCPE' unit is dangling and will be cleaned.
W: Public-4008: Instance 'u_cam1/cpu_fifo_error[14]' of 'bmsWIDEDFFCPE' unit is dangling and will be cleaned.
W: Public-4008: Instance 'u_cam1/cpu_fifo_error[15]' of 'bmsWIDEDFFCPE' unit is dangling and will be cleaned.
W: Public-4008: Instance 'u_cam1/cpu_fifo_error[16]' of 'bmsWIDEDFFCPE' unit is dangling and will be cleaned.
W: Public-4008: Instance 'u_cam1/cpu_fifo_error[17]' of 'bmsWIDEDFFCPE' unit is dangling and will be cleaned.
W: Public-4008: Instance 'u_cam1/cpu_fifo_error[18]' of 'bmsWIDEDFFCPE' unit is dangling and will be cleaned.
W: Public-4008: Instance 'u_cam1/cpu_fifo_error[19]' of 'bmsWIDEDFFCPE' unit is dangling and will be cleaned.
W: Public-4008: Instance 'u_cam1/cpu_fifo_error[20]' of 'bmsWIDEDFFCPE' unit is dangling and will be cleaned.
W: Public-4008: Instance 'u_cam1/cpu_fifo_error[21]' of 'bmsWIDEDFFCPE' unit is dangling and will be cleaned.
W: Public-4008: Instance 'u_cam1/cpu_fifo_error[22]' of 'bmsWIDEDFFCPE' unit is dangling and will be cleaned.
W: Public-4008: Instance 'u_cam1/cpu_fifo_error[23]' of 'bmsWIDEDFFCPE' unit is dangling and will be cleaned.
W: Public-4008: Instance 'u_cam1/cpu_fifo_error[24]' of 'bmsWIDEDFFCPE' unit is dangling and will be cleaned.
W: Public-4008: Instance 'u_cam1/cpu_fifo_error[25]' of 'bmsWIDEDFFCPE' unit is dangling and will be cleaned.
W: Public-4008: Instance 'u_cam1/cpu_fifo_error[26]' of 'bmsWIDEDFFCPE' unit is dangling and will be cleaned.
W: Public-4008: Instance 'u_cam1/cpu_fifo_error[27]' of 'bmsWIDEDFFCPE' unit is dangling and will be cleaned.
W: Public-4008: Instance 'u_cam1/cpu_fifo_error[28]' of 'bmsWIDEDFFCPE' unit is dangling and will be cleaned.
W: Public-4008: Instance 'u_cam1/cpu_fifo_error[29]' of 'bmsWIDEDFFCPE' unit is dangling and will be cleaned.
W: Public-4008: Instance 'u_cam1/cpu_fifo_error[30]' of 'bmsWIDEDFFCPE' unit is dangling and will be cleaned.
W: Public-4008: Instance 'u_cam1/cpu_fifo_error[31]' of 'bmsWIDEDFFCPE' unit is dangling and will be cleaned.
W: Public-4008: Instance 'u_cam1/cpu_fifo_level[11]' of 'bmsWIDEDFFCPE' unit is dangling and will be cleaned.
W: Public-4008: Instance 'u_cam1/cpu_fifo_level[12]' of 'bmsWIDEDFFCPE' unit is dangling and will be cleaned.
W: Public-4008: Instance 'u_cam1/cpu_fifo_level[13]' of 'bmsWIDEDFFCPE' unit is dangling and will be cleaned.
W: Public-4008: Instance 'u_cam1/cpu_fifo_level[14]' of 'bmsWIDEDFFCPE' unit is dangling and will be cleaned.
W: Public-4008: Instance 'u_cam1/cpu_fifo_level[15]' of 'bmsWIDEDFFCPE' unit is dangling and will be cleaned.
W: Public-4008: Instance 'u_cam1/cpu_fifo_level[16]' of 'bmsWIDEDFFCPE' unit is dangling and will be cleaned.
W: Public-4008: Instance 'u_cam1/cpu_fifo_level[17]' of 'bmsWIDEDFFCPE' unit is dangling and will be cleaned.
W: Public-4008: Instance 'u_cam1/cpu_fifo_level[18]' of 'bmsWIDEDFFCPE' unit is dangling and will be cleaned.
W: Public-4008: Instance 'u_cam1/cpu_fifo_level[19]' of 'bmsWIDEDFFCPE' unit is dangling and will be cleaned.
W: Public-4008: Instance 'u_cam1/cpu_fifo_level[20]' of 'bmsWIDEDFFCPE' unit is dangling and will be cleaned.
W: Public-4008: Instance 'u_cam1/cpu_fifo_level[21]' of 'bmsWIDEDFFCPE' unit is dangling and will be cleaned.
W: Public-4008: Instance 'u_cam1/cpu_fifo_level[22]' of 'bmsWIDEDFFCPE' unit is dangling and will be cleaned.
W: Public-4008: Instance 'u_cam1/cpu_fifo_level[23]' of 'bmsWIDEDFFCPE' unit is dangling and will be cleaned.
W: Public-4008: Instance 'u_cam1/cpu_fifo_level[24]' of 'bmsWIDEDFFCPE' unit is dangling and will be cleaned.
W: Public-4008: Instance 'u_cam1/cpu_fifo_level[25]' of 'bmsWIDEDFFCPE' unit is dangling and will be cleaned.
W: Public-4008: Instance 'u_cam1/cpu_fifo_level[26]' of 'bmsWIDEDFFCPE' unit is dangling and will be cleaned.
W: Public-4008: Instance 'u_cam1/cpu_fifo_level[27]' of 'bmsWIDEDFFCPE' unit is dangling and will be cleaned.
W: Public-4008: Instance 'u_cam1/cpu_fifo_level[28]' of 'bmsWIDEDFFCPE' unit is dangling and will be cleaned.
W: Public-4008: Instance 'u_cam1/cpu_fifo_level[29]' of 'bmsWIDEDFFCPE' unit is dangling and will be cleaned.
W: Public-4008: Instance 'u_cam1/cpu_fifo_level[30]' of 'bmsWIDEDFFCPE' unit is dangling and will be cleaned.
W: Public-4008: Instance 'u_cam1/cpu_fifo_level[31]' of 'bmsWIDEDFFCPE' unit is dangling and will be cleaned.
W: Public-4008: Instance 'u_cam1/cpu_fifo_max_level[11]' of 'bmsWIDEDFFCPE' unit is dangling and will be cleaned.
W: Public-4008: Instance 'u_cam1/cpu_fifo_max_level[12]' of 'bmsWIDEDFFCPE' unit is dangling and will be cleaned.
W: Public-4008: Instance 'u_cam1/cpu_fifo_max_level[13]' of 'bmsWIDEDFFCPE' unit is dangling and will be cleaned.
W: Public-4008: Instance 'u_cam1/cpu_fifo_max_level[14]' of 'bmsWIDEDFFCPE' unit is dangling and will be cleaned.
W: Public-4008: Instance 'u_cam1/cpu_fifo_max_level[15]' of 'bmsWIDEDFFCPE' unit is dangling and will be cleaned.
W: Public-4008: Instance 'u_cam1/cpu_fifo_max_level[16]' of 'bmsWIDEDFFCPE' unit is dangling and will be cleaned.
W: Public-4008: Instance 'u_cam1/cpu_fifo_max_level[17]' of 'bmsWIDEDFFCPE' unit is dangling and will be cleaned.
W: Public-4008: Instance 'u_cam1/cpu_fifo_max_level[18]' of 'bmsWIDEDFFCPE' unit is dangling and will be cleaned.
W: Public-4008: Instance 'u_cam1/cpu_fifo_max_level[19]' of 'bmsWIDEDFFCPE' unit is dangling and will be cleaned.
W: Public-4008: Instance 'u_cam1/cpu_fifo_max_level[20]' of 'bmsWIDEDFFCPE' unit is dangling and will be cleaned.
W: Public-4008: Instance 'u_cam1/cpu_fifo_max_level[21]' of 'bmsWIDEDFFCPE' unit is dangling and will be cleaned.
W: Public-4008: Instance 'u_cam1/cpu_fifo_max_level[22]' of 'bmsWIDEDFFCPE' unit is dangling and will be cleaned.
W: Public-4008: Instance 'u_cam1/cpu_fifo_max_level[23]' of 'bmsWIDEDFFCPE' unit is dangling and will be cleaned.
W: Public-4008: Instance 'u_cam1/cpu_fifo_max_level[24]' of 'bmsWIDEDFFCPE' unit is dangling and will be cleaned.
W: Public-4008: Instance 'u_cam1/cpu_fifo_max_level[25]' of 'bmsWIDEDFFCPE' unit is dangling and will be cleaned.
W: Public-4008: Instance 'u_cam1/cpu_fifo_max_level[26]' of 'bmsWIDEDFFCPE' unit is dangling and will be cleaned.
W: Public-4008: Instance 'u_cam1/cpu_fifo_max_level[27]' of 'bmsWIDEDFFCPE' unit is dangling and will be cleaned.
W: Public-4008: Instance 'u_cam1/cpu_fifo_max_level[28]' of 'bmsWIDEDFFCPE' unit is dangling and will be cleaned.
W: Public-4008: Instance 'u_cam1/cpu_fifo_max_level[29]' of 'bmsWIDEDFFCPE' unit is dangling and will be cleaned.
W: Public-4008: Instance 'u_cam1/cpu_fifo_max_level[30]' of 'bmsWIDEDFFCPE' unit is dangling and will be cleaned.
W: Public-4008: Instance 'u_cam1/cpu_fifo_max_level[31]' of 'bmsWIDEDFFCPE' unit is dangling and will be cleaned.
W: Public-4008: Instance 'u_cam1/cpu_last_complete_buffer[2]' of 'bmsWIDEDFFCPE' unit is dangling and will be cleaned.
W: Public-4008: Instance 'u_cam1/cpu_last_complete_buffer[3]' of 'bmsWIDEDFFCPE' unit is dangling and will be cleaned.
W: Public-4008: Instance 'u_cam1/cpu_last_complete_buffer[4]' of 'bmsWIDEDFFCPE' unit is dangling and will be cleaned.
W: Public-4008: Instance 'u_cam1/cpu_last_complete_buffer[5]' of 'bmsWIDEDFFCPE' unit is dangling and will be cleaned.
W: Public-4008: Instance 'u_cam1/cpu_last_complete_buffer[6]' of 'bmsWIDEDFFCPE' unit is dangling and will be cleaned.
W: Public-4008: Instance 'u_cam1/cpu_last_complete_buffer[7]' of 'bmsWIDEDFFCPE' unit is dangling and will be cleaned.
W: Public-4008: Instance 'u_cam1/cpu_last_complete_buffer[8]' of 'bmsWIDEDFFCPE' unit is dangling and will be cleaned.
W: Public-4008: Instance 'u_cam1/cpu_last_complete_buffer[9]' of 'bmsWIDEDFFCPE' unit is dangling and will be cleaned.
W: Public-4008: Instance 'u_cam1/cpu_last_complete_buffer[10]' of 'bmsWIDEDFFCPE' unit is dangling and will be cleaned.
W: Public-4008: Instance 'u_cam1/cpu_last_complete_buffer[11]' of 'bmsWIDEDFFCPE' unit is dangling and will be cleaned.
W: Public-4008: Instance 'u_cam1/cpu_last_complete_buffer[12]' of 'bmsWIDEDFFCPE' unit is dangling and will be cleaned.
W: Public-4008: Instance 'u_cam1/cpu_last_complete_buffer[13]' of 'bmsWIDEDFFCPE' unit is dangling and will be cleaned.
W: Public-4008: Instance 'u_cam1/cpu_last_complete_buffer[14]' of 'bmsWIDEDFFCPE' unit is dangling and will be cleaned.
W: Public-4008: Instance 'u_cam1/cpu_last_complete_buffer[15]' of 'bmsWIDEDFFCPE' unit is dangling and will be cleaned.
W: Public-4008: Instance 'u_cam1/cpu_last_complete_buffer[16]' of 'bmsWIDEDFFCPE' unit is dangling and will be cleaned.
W: Public-4008: Instance 'u_cam1/cpu_last_complete_buffer[17]' of 'bmsWIDEDFFCPE' unit is dangling and will be cleaned.
W: Public-4008: Instance 'u_cam1/cpu_last_complete_buffer[18]' of 'bmsWIDEDFFCPE' unit is dangling and will be cleaned.
W: Public-4008: Instance 'u_cam1/cpu_last_complete_buffer[19]' of 'bmsWIDEDFFCPE' unit is dangling and will be cleaned.
W: Public-4008: Instance 'u_cam1/cpu_last_complete_buffer[20]' of 'bmsWIDEDFFCPE' unit is dangling and will be cleaned.
W: Public-4008: Instance 'u_cam1/cpu_last_complete_buffer[21]' of 'bmsWIDEDFFCPE' unit is dangling and will be cleaned.
W: Public-4008: Instance 'u_cam1/cpu_last_complete_buffer[22]' of 'bmsWIDEDFFCPE' unit is dangling and will be cleaned.
W: Public-4008: Instance 'u_cam1/cpu_last_complete_buffer[23]' of 'bmsWIDEDFFCPE' unit is dangling and will be cleaned.
W: Public-4008: Instance 'u_cam1/cpu_last_complete_buffer[24]' of 'bmsWIDEDFFCPE' unit is dangling and will be cleaned.
W: Public-4008: Instance 'u_cam1/cpu_last_complete_buffer[25]' of 'bmsWIDEDFFCPE' unit is dangling and will be cleaned.
W: Public-4008: Instance 'u_cam1/cpu_last_complete_buffer[26]' of 'bmsWIDEDFFCPE' unit is dangling and will be cleaned.
W: Public-4008: Instance 'u_cam1/cpu_last_complete_buffer[27]' of 'bmsWIDEDFFCPE' unit is dangling and will be cleaned.
W: Public-4008: Instance 'u_cam1/cpu_last_complete_buffer[28]' of 'bmsWIDEDFFCPE' unit is dangling and will be cleaned.
W: Public-4008: Instance 'u_cam1/cpu_last_complete_buffer[29]' of 'bmsWIDEDFFCPE' unit is dangling and will be cleaned.
W: Public-4008: Instance 'u_cam1/cpu_last_complete_buffer[30]' of 'bmsWIDEDFFCPE' unit is dangling and will be cleaned.
W: Public-4008: Instance 'u_cam1/cpu_last_complete_buffer[31]' of 'bmsWIDEDFFCPE' unit is dangling and will be cleaned.
W: Public-4008: Instance 'u_cam1/cpu_last_frame_addr[1]' of 'bmsWIDEDFFCPE' unit is dangling and will be cleaned.
W: Public-4008: Instance 'u_cam1/cpu_last_frame_addr[2]' of 'bmsWIDEDFFCPE' unit is dangling and will be cleaned.
W: Public-4008: Instance 'u_cam1/cpu_last_frame_addr[3]' of 'bmsWIDEDFFCPE' unit is dangling and will be cleaned.
W: Public-4008: Instance 'u_cam1/cpu_last_frame_addr[4]' of 'bmsWIDEDFFCPE' unit is dangling and will be cleaned.
W: Public-4008: Instance 'u_cam1/cpu_last_frame_addr[5]' of 'bmsWIDEDFFCPE' unit is dangling and will be cleaned.
W: Public-4008: Instance 'u_cam1/cpu_last_frame_addr[6]' of 'bmsWIDEDFFCPE' unit is dangling and will be cleaned.
W: Public-4008: Instance 'u_cam1/cpu_last_frame_addr[7]' of 'bmsWIDEDFFCPE' unit is dangling and will be cleaned.
W: Public-4008: Instance 'u_cam1/cpu_last_frame_addr[8]' of 'bmsWIDEDFFCPE' unit is dangling and will be cleaned.
W: Public-4008: Instance 'u_cam1/cpu_last_frame_addr[9]' of 'bmsWIDEDFFCPE' unit is dangling and will be cleaned.
W: Public-4008: Instance 'u_cam1/cpu_last_frame_addr[10]' of 'bmsWIDEDFFCPE' unit is dangling and will be cleaned.
W: Public-4008: Instance 'u_cam1/cpu_last_frame_addr[11]' of 'bmsWIDEDFFCPE' unit is dangling and will be cleaned.
W: Public-4008: Instance 'u_cam1/cpu_last_frame_addr[12]' of 'bmsWIDEDFFCPE' unit is dangling and will be cleaned.
W: Public-4008: Instance 'u_cam1/cpu_last_frame_addr[13]' of 'bmsWIDEDFFCPE' unit is dangling and will be cleaned.
W: Public-4008: Instance 'u_cam1/cpu_last_frame_addr[14]' of 'bmsWIDEDFFCPE' unit is dangling and will be cleaned.
W: Public-4008: Instance 'u_cam1/cpu_last_frame_addr[15]' of 'bmsWIDEDFFCPE' unit is dangling and will be cleaned.
W: Public-4008: Instance 'u_cam1/cpu_last_frame_addr[16]' of 'bmsWIDEDFFCPE' unit is dangling and will be cleaned.
W: Public-4008: Instance 'u_cam1/cpu_last_frame_addr[17]' of 'bmsWIDEDFFCPE' unit is dangling and will be cleaned.
W: Public-4008: Instance 'u_cam1/cpu_last_frame_addr[18]' of 'bmsWIDEDFFCPE' unit is dangling and will be cleaned.
W: Public-4008: Instance 'u_cam1/cpu_last_frame_addr[19]' of 'bmsWIDEDFFCPE' unit is dangling and will be cleaned.
W: Public-4008: Instance 'u_cam1/cpu_last_frame_addr[21]' of 'bmsWIDEDFFCPE' unit is dangling and will be cleaned.
W: Public-4008: Instance 'u_cam1/cpu_last_frame_addr[22]' of 'bmsWIDEDFFCPE' unit is dangling and will be cleaned.
W: Public-4008: Instance 'u_cam1/cpu_last_frame_addr[23]' of 'bmsWIDEDFFCPE' unit is dangling and will be cleaned.
W: Public-4008: Instance 'u_cam1/cpu_last_frame_addr[24]' of 'bmsWIDEDFFCPE' unit is dangling and will be cleaned.
W: Public-4008: Instance 'u_cam1/cpu_last_frame_addr[25]' of 'bmsWIDEDFFCPE' unit is dangling and will be cleaned.
W: Public-4008: Instance 'u_cam1/cpu_last_frame_addr[26]' of 'bmsWIDEDFFCPE' unit is dangling and will be cleaned.
W: Public-4008: Instance 'u_cam1/cpu_last_frame_addr[27]' of 'bmsWIDEDFFCPE' unit is dangling and will be cleaned.
W: Public-4008: Instance 'u_cam1/cpu_last_frame_addr[28]' of 'bmsWIDEDFFCPE' unit is dangling and will be cleaned.
W: Public-4008: Instance 'u_cam1/cpu_last_frame_addr[29]' of 'bmsWIDEDFFCPE' unit is dangling and will be cleaned.
W: Public-4008: Instance 'u_cam1/cpu_last_frame_addr[30]' of 'bmsWIDEDFFCPE' unit is dangling and will be cleaned.
W: Public-4008: Instance 'u_cam1/cpu_last_frame_addr[31]' of 'bmsWIDEDFFCPE' unit is dangling and will be cleaned.
W: Public-4008: Instance 'u_cam1/cpu_pixel_count[20]' of 'bmsWIDEDFFCPE' unit is dangling and will be cleaned.
W: Public-4008: Instance 'u_cam1/cpu_pixel_count[21]' of 'bmsWIDEDFFCPE' unit is dangling and will be cleaned.
W: Public-4008: Instance 'u_cam1/cpu_pixel_count[22]' of 'bmsWIDEDFFCPE' unit is dangling and will be cleaned.
W: Public-4008: Instance 'u_cam1/cpu_pixel_count[23]' of 'bmsWIDEDFFCPE' unit is dangling and will be cleaned.
W: Public-4008: Instance 'u_cam1/cpu_pixel_count[24]' of 'bmsWIDEDFFCPE' unit is dangling and will be cleaned.
W: Public-4008: Instance 'u_cam1/cpu_pixel_count[25]' of 'bmsWIDEDFFCPE' unit is dangling and will be cleaned.
W: Public-4008: Instance 'u_cam1/cpu_pixel_count[26]' of 'bmsWIDEDFFCPE' unit is dangling and will be cleaned.
W: Public-4008: Instance 'u_cam1/cpu_pixel_count[27]' of 'bmsWIDEDFFCPE' unit is dangling and will be cleaned.
W: Public-4008: Instance 'u_cam1/cpu_pixel_count[28]' of 'bmsWIDEDFFCPE' unit is dangling and will be cleaned.
W: Public-4008: Instance 'u_cam1/cpu_pixel_count[29]' of 'bmsWIDEDFFCPE' unit is dangling and will be cleaned.
W: Public-4008: Instance 'u_cam1/cpu_pixel_count[30]' of 'bmsWIDEDFFCPE' unit is dangling and will be cleaned.
W: Public-4008: Instance 'u_cam1/cpu_pixel_count[31]' of 'bmsWIDEDFFCPE' unit is dangling and will be cleaned.
W: Public-4008: Instance 'u_cam1/cpu_status[13]' of 'bmsWIDEDFFCPE' unit is dangling and will be cleaned.
W: Public-4008: Instance 'u_cam1/cpu_status[15]' of 'bmsWIDEDFFCPE' unit is dangling and will be cleaned.
W: Public-4008: Instance 'u_cam1/cpu_status[16]' of 'bmsWIDEDFFCPE' unit is dangling and will be cleaned.
W: Public-4008: Instance 'u_cam1/cpu_status[17]' of 'bmsWIDEDFFCPE' unit is dangling and will be cleaned.
W: Public-4008: Instance 'u_cam1/cpu_status[18]' of 'bmsWIDEDFFCPE' unit is dangling and will be cleaned.
W: Public-4008: Instance 'u_cam1/cpu_status[19]' of 'bmsWIDEDFFCPE' unit is dangling and will be cleaned.
W: Public-4008: Instance 'u_cam1/cpu_status[20]' of 'bmsWIDEDFFCPE' unit is dangling and will be cleaned.
W: Public-4008: Instance 'u_cam1/cpu_status[21]' of 'bmsWIDEDFFCPE' unit is dangling and will be cleaned.
W: Public-4008: Instance 'u_cam1/cpu_status[22]' of 'bmsWIDEDFFCPE' unit is dangling and will be cleaned.
W: Public-4008: Instance 'u_cam1/cpu_status[23]' of 'bmsWIDEDFFCPE' unit is dangling and will be cleaned.
W: Public-4008: Instance 'u_cam1/cpu_status[24]' of 'bmsWIDEDFFCPE' unit is dangling and will be cleaned.
W: Public-4008: Instance 'u_cam1/cpu_status[25]' of 'bmsWIDEDFFCPE' unit is dangling and will be cleaned.
W: Public-4008: Instance 'u_cam1/cpu_status[26]' of 'bmsWIDEDFFCPE' unit is dangling and will be cleaned.
W: Public-4008: Instance 'u_cam1/cpu_status[27]' of 'bmsWIDEDFFCPE' unit is dangling and will be cleaned.
W: Public-4008: Instance 'u_cam1/cpu_status[28]' of 'bmsWIDEDFFCPE' unit is dangling and will be cleaned.
W: Public-4008: Instance 'u_cam1/cpu_status[29]' of 'bmsWIDEDFFCPE' unit is dangling and will be cleaned.
W: Public-4008: Instance 'u_cam1/cpu_status[30]' of 'bmsWIDEDFFCPE' unit is dangling and will be cleaned.
W: Public-4008: Instance 'u_cam1/cpu_status[31]' of 'bmsWIDEDFFCPE' unit is dangling and will be cleaned.
W: Public-4008: Instance 'u_cam1/u_dma/current_byte_count[0]' of 'bmsWIDEDFFCPE' unit is dangling and will be cleaned.
W: Public-4008: Instance 'u_cam1/u_dma/current_pixel_count[20]' of 'bmsWIDEDFFCPE' unit is dangling and will be cleaned.
W: Public-4008: Instance 'u_cam1/u_dma/current_pixel_count[21]' of 'bmsWIDEDFFCPE' unit is dangling and will be cleaned.
W: Public-4008: Instance 'u_cam1/u_dma/current_pixel_count[22]' of 'bmsWIDEDFFCPE' unit is dangling and will be cleaned.
W: Public-4008: Instance 'u_cam1/u_dma/current_pixel_count[23]' of 'bmsWIDEDFFCPE' unit is dangling and will be cleaned.
W: Public-4008: Instance 'u_cam1/u_dma/current_pixel_count[24]' of 'bmsWIDEDFFCPE' unit is dangling and will be cleaned.
W: Public-4008: Instance 'u_cam1/u_dma/current_pixel_count[25]' of 'bmsWIDEDFFCPE' unit is dangling and will be cleaned.
W: Public-4008: Instance 'u_cam1/u_dma/current_pixel_count[26]' of 'bmsWIDEDFFCPE' unit is dangling and will be cleaned.
W: Public-4008: Instance 'u_cam1/u_dma/current_pixel_count[27]' of 'bmsWIDEDFFCPE' unit is dangling and will be cleaned.
W: Public-4008: Instance 'u_cam1/u_dma/current_pixel_count[28]' of 'bmsWIDEDFFCPE' unit is dangling and will be cleaned.
W: Public-4008: Instance 'u_cam1/u_dma/current_pixel_count[29]' of 'bmsWIDEDFFCPE' unit is dangling and will be cleaned.
W: Public-4008: Instance 'u_cam1/u_dma/current_pixel_count[30]' of 'bmsWIDEDFFCPE' unit is dangling and will be cleaned.
W: Public-4008: Instance 'u_cam1/u_dma/current_pixel_count[31]' of 'bmsWIDEDFFCPE' unit is dangling and will be cleaned.
W: Public-4008: Instance 'u_cam1/u_dma/current_write_buffer[2]' of 'bmsWIDEDFFCPE' unit is dangling and will be cleaned.
W: Public-4008: Instance 'u_cam1/u_dma/current_write_buffer[3]' of 'bmsWIDEDFFCPE' unit is dangling and will be cleaned.
W: Public-4008: Instance 'u_cam1/u_dma/current_write_buffer[4]' of 'bmsWIDEDFFCPE' unit is dangling and will be cleaned.
W: Public-4008: Instance 'u_cam1/u_dma/current_write_buffer[5]' of 'bmsWIDEDFFCPE' unit is dangling and will be cleaned.
W: Public-4008: Instance 'u_cam1/u_dma/current_write_buffer[6]' of 'bmsWIDEDFFCPE' unit is dangling and will be cleaned.
W: Public-4008: Instance 'u_cam1/u_dma/current_write_buffer[7]' of 'bmsWIDEDFFCPE' unit is dangling and will be cleaned.
W: Public-4008: Instance 'u_cam1/u_dma/current_write_buffer[8]' of 'bmsWIDEDFFCPE' unit is dangling and will be cleaned.
W: Public-4008: Instance 'u_cam1/u_dma/current_write_buffer[9]' of 'bmsWIDEDFFCPE' unit is dangling and will be cleaned.
W: Public-4008: Instance 'u_cam1/u_dma/current_write_buffer[10]' of 'bmsWIDEDFFCPE' unit is dangling and will be cleaned.
W: Public-4008: Instance 'u_cam1/u_dma/current_write_buffer[11]' of 'bmsWIDEDFFCPE' unit is dangling and will be cleaned.
W: Public-4008: Instance 'u_cam1/u_dma/current_write_buffer[12]' of 'bmsWIDEDFFCPE' unit is dangling and will be cleaned.
W: Public-4008: Instance 'u_cam1/u_dma/current_write_buffer[13]' of 'bmsWIDEDFFCPE' unit is dangling and will be cleaned.
W: Public-4008: Instance 'u_cam1/u_dma/current_write_buffer[14]' of 'bmsWIDEDFFCPE' unit is dangling and will be cleaned.
W: Public-4008: Instance 'u_cam1/u_dma/current_write_buffer[15]' of 'bmsWIDEDFFCPE' unit is dangling and will be cleaned.
W: Public-4008: Instance 'u_cam1/u_dma/current_write_buffer[16]' of 'bmsWIDEDFFCPE' unit is dangling and will be cleaned.
W: Public-4008: Instance 'u_cam1/u_dma/current_write_buffer[17]' of 'bmsWIDEDFFCPE' unit is dangling and will be cleaned.
W: Public-4008: Instance 'u_cam1/u_dma/current_write_buffer[18]' of 'bmsWIDEDFFCPE' unit is dangling and will be cleaned.
W: Public-4008: Instance 'u_cam1/u_dma/current_write_buffer[19]' of 'bmsWIDEDFFCPE' unit is dangling and will be cleaned.
W: Public-4008: Instance 'u_cam1/u_dma/current_write_buffer[20]' of 'bmsWIDEDFFCPE' unit is dangling and will be cleaned.
W: Public-4008: Instance 'u_cam1/u_dma/current_write_buffer[21]' of 'bmsWIDEDFFCPE' unit is dangling and will be cleaned.
W: Public-4008: Instance 'u_cam1/u_dma/current_write_buffer[22]' of 'bmsWIDEDFFCPE' unit is dangling and will be cleaned.
W: Public-4008: Instance 'u_cam1/u_dma/current_write_buffer[23]' of 'bmsWIDEDFFCPE' unit is dangling and will be cleaned.
W: Public-4008: Instance 'u_cam1/u_dma/current_write_buffer[24]' of 'bmsWIDEDFFCPE' unit is dangling and will be cleaned.
W: Public-4008: Instance 'u_cam1/u_dma/current_write_buffer[25]' of 'bmsWIDEDFFCPE' unit is dangling and will be cleaned.
W: Public-4008: Instance 'u_cam1/u_dma/current_write_buffer[26]' of 'bmsWIDEDFFCPE' unit is dangling and will be cleaned.
W: Public-4008: Instance 'u_cam1/u_dma/current_write_buffer[27]' of 'bmsWIDEDFFCPE' unit is dangling and will be cleaned.
W: Public-4008: Instance 'u_cam1/u_dma/current_write_buffer[28]' of 'bmsWIDEDFFCPE' unit is dangling and will be cleaned.
W: Public-4008: Instance 'u_cam1/u_dma/current_write_buffer[29]' of 'bmsWIDEDFFCPE' unit is dangling and will be cleaned.
W: Public-4008: Instance 'u_cam1/u_dma/current_write_buffer[30]' of 'bmsWIDEDFFCPE' unit is dangling and will be cleaned.
W: Public-4008: Instance 'u_cam1/u_dma/current_write_buffer[31]' of 'bmsWIDEDFFCPE' unit is dangling and will be cleaned.
W: Public-4008: Instance 'u_cam1/u_dma/last_byte_count[0]' of 'bmsWIDEDFFCPE' unit is dangling and will be cleaned.
W: Public-4008: Instance 'u_cam1/u_dma/last_complete_buffer[2]' of 'bmsWIDEDFFCPE' unit is dangling and will be cleaned.
W: Public-4008: Instance 'u_cam1/u_dma/last_complete_buffer[3]' of 'bmsWIDEDFFCPE' unit is dangling and will be cleaned.
W: Public-4008: Instance 'u_cam1/u_dma/last_complete_buffer[4]' of 'bmsWIDEDFFCPE' unit is dangling and will be cleaned.
W: Public-4008: Instance 'u_cam1/u_dma/last_complete_buffer[5]' of 'bmsWIDEDFFCPE' unit is dangling and will be cleaned.
W: Public-4008: Instance 'u_cam1/u_dma/last_complete_buffer[6]' of 'bmsWIDEDFFCPE' unit is dangling and will be cleaned.
W: Public-4008: Instance 'u_cam1/u_dma/last_complete_buffer[7]' of 'bmsWIDEDFFCPE' unit is dangling and will be cleaned.
W: Public-4008: Instance 'u_cam1/u_dma/last_complete_buffer[8]' of 'bmsWIDEDFFCPE' unit is dangling and will be cleaned.
W: Public-4008: Instance 'u_cam1/u_dma/last_complete_buffer[9]' of 'bmsWIDEDFFCPE' unit is dangling and will be cleaned.
W: Public-4008: Instance 'u_cam1/u_dma/last_complete_buffer[10]' of 'bmsWIDEDFFCPE' unit is dangling and will be cleaned.
W: Public-4008: Instance 'u_cam1/u_dma/last_complete_buffer[11]' of 'bmsWIDEDFFCPE' unit is dangling and will be cleaned.
W: Public-4008: Instance 'u_cam1/u_dma/last_complete_buffer[12]' of 'bmsWIDEDFFCPE' unit is dangling and will be cleaned.
W: Public-4008: Instance 'u_cam1/u_dma/last_complete_buffer[13]' of 'bmsWIDEDFFCPE' unit is dangling and will be cleaned.
W: Public-4008: Instance 'u_cam1/u_dma/last_complete_buffer[14]' of 'bmsWIDEDFFCPE' unit is dangling and will be cleaned.
W: Public-4008: Instance 'u_cam1/u_dma/last_complete_buffer[15]' of 'bmsWIDEDFFCPE' unit is dangling and will be cleaned.
W: Public-4008: Instance 'u_cam1/u_dma/last_complete_buffer[16]' of 'bmsWIDEDFFCPE' unit is dangling and will be cleaned.
W: Public-4008: Instance 'u_cam1/u_dma/last_complete_buffer[17]' of 'bmsWIDEDFFCPE' unit is dangling and will be cleaned.
W: Public-4008: Instance 'u_cam1/u_dma/last_complete_buffer[18]' of 'bmsWIDEDFFCPE' unit is dangling and will be cleaned.
W: Public-4008: Instance 'u_cam1/u_dma/last_complete_buffer[19]' of 'bmsWIDEDFFCPE' unit is dangling and will be cleaned.
W: Public-4008: Instance 'u_cam1/u_dma/last_complete_buffer[20]' of 'bmsWIDEDFFCPE' unit is dangling and will be cleaned.
W: Public-4008: Instance 'u_cam1/u_dma/last_complete_buffer[21]' of 'bmsWIDEDFFCPE' unit is dangling and will be cleaned.
W: Public-4008: Instance 'u_cam1/u_dma/last_complete_buffer[22]' of 'bmsWIDEDFFCPE' unit is dangling and will be cleaned.
W: Public-4008: Instance 'u_cam1/u_dma/last_complete_buffer[23]' of 'bmsWIDEDFFCPE' unit is dangling and will be cleaned.
W: Public-4008: Instance 'u_cam1/u_dma/last_complete_buffer[24]' of 'bmsWIDEDFFCPE' unit is dangling and will be cleaned.
W: Public-4008: Instance 'u_cam1/u_dma/last_complete_buffer[25]' of 'bmsWIDEDFFCPE' unit is dangling and will be cleaned.
W: Public-4008: Instance 'u_cam1/u_dma/last_complete_buffer[26]' of 'bmsWIDEDFFCPE' unit is dangling and will be cleaned.
W: Public-4008: Instance 'u_cam1/u_dma/last_complete_buffer[27]' of 'bmsWIDEDFFCPE' unit is dangling and will be cleaned.
W: Public-4008: Instance 'u_cam1/u_dma/last_complete_buffer[28]' of 'bmsWIDEDFFCPE' unit is dangling and will be cleaned.
W: Public-4008: Instance 'u_cam1/u_dma/last_complete_buffer[29]' of 'bmsWIDEDFFCPE' unit is dangling and will be cleaned.
W: Public-4008: Instance 'u_cam1/u_dma/last_complete_buffer[30]' of 'bmsWIDEDFFCPE' unit is dangling and will be cleaned.
W: Public-4008: Instance 'u_cam1/u_dma/last_complete_buffer[31]' of 'bmsWIDEDFFCPE' unit is dangling and will be cleaned.
W: Public-4008: Instance 'u_cam1/u_dma/last_frame_addr[1]' of 'bmsWIDEDFFCPE' unit is dangling and will be cleaned.
W: Public-4008: Instance 'u_cam1/u_dma/last_frame_addr[2]' of 'bmsWIDEDFFCPE' unit is dangling and will be cleaned.
W: Public-4008: Instance 'u_cam1/u_dma/last_frame_addr[3]' of 'bmsWIDEDFFCPE' unit is dangling and will be cleaned.
W: Public-4008: Instance 'u_cam1/u_dma/last_frame_addr[4]' of 'bmsWIDEDFFCPE' unit is dangling and will be cleaned.
W: Public-4008: Instance 'u_cam1/u_dma/last_frame_addr[5]' of 'bmsWIDEDFFCPE' unit is dangling and will be cleaned.
W: Public-4008: Instance 'u_cam1/u_dma/last_frame_addr[6]' of 'bmsWIDEDFFCPE' unit is dangling and will be cleaned.
W: Public-4008: Instance 'u_cam1/u_dma/last_frame_addr[7]' of 'bmsWIDEDFFCPE' unit is dangling and will be cleaned.
W: Public-4008: Instance 'u_cam1/u_dma/last_frame_addr[8]' of 'bmsWIDEDFFCPE' unit is dangling and will be cleaned.
W: Public-4008: Instance 'u_cam1/u_dma/last_frame_addr[9]' of 'bmsWIDEDFFCPE' unit is dangling and will be cleaned.
W: Public-4008: Instance 'u_cam1/u_dma/last_frame_addr[10]' of 'bmsWIDEDFFCPE' unit is dangling and will be cleaned.
W: Public-4008: Instance 'u_cam1/u_dma/last_frame_addr[11]' of 'bmsWIDEDFFCPE' unit is dangling and will be cleaned.
W: Public-4008: Instance 'u_cam1/u_dma/last_frame_addr[12]' of 'bmsWIDEDFFCPE' unit is dangling and will be cleaned.
W: Public-4008: Instance 'u_cam1/u_dma/last_frame_addr[13]' of 'bmsWIDEDFFCPE' unit is dangling and will be cleaned.
W: Public-4008: Instance 'u_cam1/u_dma/last_frame_addr[14]' of 'bmsWIDEDFFCPE' unit is dangling and will be cleaned.
W: Public-4008: Instance 'u_cam1/u_dma/last_frame_addr[15]' of 'bmsWIDEDFFCPE' unit is dangling and will be cleaned.
W: Public-4008: Instance 'u_cam1/u_dma/last_frame_addr[16]' of 'bmsWIDEDFFCPE' unit is dangling and will be cleaned.
W: Public-4008: Instance 'u_cam1/u_dma/last_frame_addr[17]' of 'bmsWIDEDFFCPE' unit is dangling and will be cleaned.
W: Public-4008: Instance 'u_cam1/u_dma/last_frame_addr[18]' of 'bmsWIDEDFFCPE' unit is dangling and will be cleaned.
W: Public-4008: Instance 'u_cam1/u_dma/last_frame_addr[19]' of 'bmsWIDEDFFCPE' unit is dangling and will be cleaned.
W: Public-4008: Instance 'u_cam1/u_dma/last_frame_addr[21]' of 'bmsWIDEDFFCPE' unit is dangling and will be cleaned.
W: Public-4008: Instance 'u_cam1/u_dma/last_frame_addr[22]' of 'bmsWIDEDFFCPE' unit is dangling and will be cleaned.
W: Public-4008: Instance 'u_cam1/u_dma/last_frame_addr[23]' of 'bmsWIDEDFFCPE' unit is dangling and will be cleaned.
W: Public-4008: Instance 'u_cam1/u_dma/last_frame_addr[24]' of 'bmsWIDEDFFCPE' unit is dangling and will be cleaned.
W: Public-4008: Instance 'u_cam1/u_dma/last_frame_addr[25]' of 'bmsWIDEDFFCPE' unit is dangling and will be cleaned.
W: Public-4008: Instance 'u_cam1/u_dma/last_frame_addr[26]' of 'bmsWIDEDFFCPE' unit is dangling and will be cleaned.
W: Public-4008: Instance 'u_cam1/u_dma/last_frame_addr[27]' of 'bmsWIDEDFFCPE' unit is dangling and will be cleaned.
W: Public-4008: Instance 'u_cam1/u_dma/last_frame_addr[28]' of 'bmsWIDEDFFCPE' unit is dangling and will be cleaned.
W: Public-4008: Instance 'u_cam1/u_dma/last_frame_addr[29]' of 'bmsWIDEDFFCPE' unit is dangling and will be cleaned.
W: Public-4008: Instance 'u_cam1/u_dma/last_frame_addr[30]' of 'bmsWIDEDFFCPE' unit is dangling and will be cleaned.
W: Public-4008: Instance 'u_cam1/u_dma/last_frame_addr[31]' of 'bmsWIDEDFFCPE' unit is dangling and will be cleaned.
W: Public-4008: Instance 'u_cam1/u_dma/last_pixel_count[20]' of 'bmsWIDEDFFCPE' unit is dangling and will be cleaned.
W: Public-4008: Instance 'u_cam1/u_dma/last_pixel_count[21]' of 'bmsWIDEDFFCPE' unit is dangling and will be cleaned.
W: Public-4008: Instance 'u_cam1/u_dma/last_pixel_count[22]' of 'bmsWIDEDFFCPE' unit is dangling and will be cleaned.
W: Public-4008: Instance 'u_cam1/u_dma/last_pixel_count[23]' of 'bmsWIDEDFFCPE' unit is dangling and will be cleaned.
W: Public-4008: Instance 'u_cam1/u_dma/last_pixel_count[24]' of 'bmsWIDEDFFCPE' unit is dangling and will be cleaned.
W: Public-4008: Instance 'u_cam1/u_dma/last_pixel_count[25]' of 'bmsWIDEDFFCPE' unit is dangling and will be cleaned.
W: Public-4008: Instance 'u_cam1/u_dma/last_pixel_count[26]' of 'bmsWIDEDFFCPE' unit is dangling and will be cleaned.
W: Public-4008: Instance 'u_cam1/u_dma/last_pixel_count[27]' of 'bmsWIDEDFFCPE' unit is dangling and will be cleaned.
W: Public-4008: Instance 'u_cam1/u_dma/last_pixel_count[28]' of 'bmsWIDEDFFCPE' unit is dangling and will be cleaned.
W: Public-4008: Instance 'u_cam1/u_dma/last_pixel_count[29]' of 'bmsWIDEDFFCPE' unit is dangling and will be cleaned.
W: Public-4008: Instance 'u_cam1/u_dma/last_pixel_count[30]' of 'bmsWIDEDFFCPE' unit is dangling and will be cleaned.
W: Public-4008: Instance 'u_cam1/u_dma/last_pixel_count[31]' of 'bmsWIDEDFFCPE' unit is dangling and will be cleaned.
W: Public-4008: Instance 'u_cam1/u_dma/pack_count[4]' of 'bmsWIDEDFFCPE' unit is dangling and will be cleaned.
W: Public-4008: Instance 'u_cam1/u_dma/selected_buffer[1]' of 'bmsWIDEDFFCPE' unit is dangling and will be cleaned.
W: Public-4008: Instance 'u_cam1/u_dma/selected_buffer[2]' of 'bmsWIDEDFFCPE' unit is dangling and will be cleaned.
W: Public-4008: Instance 'u_cam1/u_dma/selected_buffer[3]' of 'bmsWIDEDFFCPE' unit is dangling and will be cleaned.
W: Public-4008: Instance 'u_cam1/u_dma/selected_buffer[4]' of 'bmsWIDEDFFCPE' unit is dangling and will be cleaned.
W: Public-4008: Instance 'u_cam1/u_dma/selected_buffer[5]' of 'bmsWIDEDFFCPE' unit is dangling and will be cleaned.
W: Public-4008: Instance 'u_cam1/u_dma/selected_buffer[6]' of 'bmsWIDEDFFCPE' unit is dangling and will be cleaned.
W: Public-4008: Instance 'u_cam1/u_dma/selected_buffer[7]' of 'bmsWIDEDFFCPE' unit is dangling and will be cleaned.
W: Public-4008: Instance 'u_cam1/u_dma/selected_buffer[8]' of 'bmsWIDEDFFCPE' unit is dangling and will be cleaned.
W: Public-4008: Instance 'u_cam1/u_dma/selected_buffer[9]' of 'bmsWIDEDFFCPE' unit is dangling and will be cleaned.
W: Public-4008: Instance 'u_cam1/u_dma/selected_buffer[10]' of 'bmsWIDEDFFCPE' unit is dangling and will be cleaned.
W: Public-4008: Instance 'u_cam1/u_dma/selected_buffer[11]' of 'bmsWIDEDFFCPE' unit is dangling and will be cleaned.
W: Public-4008: Instance 'u_cam1/u_dma/selected_buffer[12]' of 'bmsWIDEDFFCPE' unit is dangling and will be cleaned.
W: Public-4008: Instance 'u_cam1/u_dma/selected_buffer[13]' of 'bmsWIDEDFFCPE' unit is dangling and will be cleaned.
W: Public-4008: Instance 'u_cam1/u_dma/selected_buffer[14]' of 'bmsWIDEDFFCPE' unit is dangling and will be cleaned.
W: Public-4008: Instance 'u_cam1/u_dma/selected_buffer[15]' of 'bmsWIDEDFFCPE' unit is dangling and will be cleaned.
W: Public-4008: Instance 'u_cam1/u_dma/selected_buffer[16]' of 'bmsWIDEDFFCPE' unit is dangling and will be cleaned.
W: Public-4008: Instance 'u_cam1/u_dma/selected_buffer[17]' of 'bmsWIDEDFFCPE' unit is dangling and will be cleaned.
W: Public-4008: Instance 'u_cam1/u_dma/selected_buffer[18]' of 'bmsWIDEDFFCPE' unit is dangling and will be cleaned.
W: Public-4008: Instance 'u_cam1/u_dma/selected_buffer[19]' of 'bmsWIDEDFFCPE' unit is dangling and will be cleaned.
W: Public-4008: Instance 'u_cam1/u_dma/selected_buffer[21]' of 'bmsWIDEDFFCPE' unit is dangling and will be cleaned.
W: Public-4008: Instance 'u_cam1/u_dma/selected_buffer[22]' of 'bmsWIDEDFFCPE' unit is dangling and will be cleaned.
W: Public-4008: Instance 'u_cam1/u_dma/selected_buffer[23]' of 'bmsWIDEDFFCPE' unit is dangling and will be cleaned.
W: Public-4008: Instance 'u_cam1/u_dma/selected_buffer[24]' of 'bmsWIDEDFFCPE' unit is dangling and will be cleaned.
W: Public-4008: Instance 'u_cam1/u_dma/selected_buffer[25]' of 'bmsWIDEDFFCPE' unit is dangling and will be cleaned.
W: Public-4008: Instance 'u_cam1/u_dma/selected_buffer[26]' of 'bmsWIDEDFFCPE' unit is dangling and will be cleaned.
W: Public-4008: Instance 'u_cam1/u_dma/selected_buffer[27]' of 'bmsWIDEDFFCPE' unit is dangling and will be cleaned.
W: Public-4008: Instance 'u_cam1/u_dma/selected_buffer[28]' of 'bmsWIDEDFFCPE' unit is dangling and will be cleaned.
W: Public-4008: Instance 'u_cam1/u_dma/selected_buffer[29]' of 'bmsWIDEDFFCPE' unit is dangling and will be cleaned.
W: Public-4008: Instance 'u_cam1/u_dma/selected_buffer[30]' of 'bmsWIDEDFFCPE' unit is dangling and will be cleaned.
W: Public-4008: Instance 'u_cam1/u_dma/selected_buffer[31]' of 'bmsWIDEDFFCPE' unit is dangling and will be cleaned.
W: Public-4008: Instance 'u_cam1/u_dma/write_offset[0]' of 'bmsWIDEDFFCPE' unit is dangling and will be cleaned.
W: Public-4008: Instance 'u_cam1/u_dma/write_offset[1]' of 'bmsWIDEDFFCPE' unit is dangling and will be cleaned.
W: Public-4008: Instance 'u_cam1/u_dma/write_offset[2]' of 'bmsWIDEDFFCPE' unit is dangling and will be cleaned.
W: Public-4008: Instance 'u_cam1/u_dma/write_offset[3]' of 'bmsWIDEDFFCPE' unit is dangling and will be cleaned.
W: Public-4008: Instance 'u_cam1/u_dma/write_offset[4]' of 'bmsWIDEDFFCPE' unit is dangling and will be cleaned.
W: Public-4008: Instance 'u_cam1/u_dma/write_offset[30]' of 'bmsWIDEDFFCPE' unit is dangling and will be cleaned.
W: Public-4008: Instance 'u_cam1/u_dma/write_offset[31]' of 'bmsWIDEDFFCPE' unit is dangling and will be cleaned.
W: Public-4008: Instance 'u_cam1/u_dma/write_strobe_reg[1]' of 'bmsWIDEDFFCPE' unit is dangling and will be cleaned.
W: Public-4008: Instance 'u_cam1/u_dma/write_strobe_reg[3]' of 'bmsWIDEDFFCPE' unit is dangling and will be cleaned.
W: Public-4008: Instance 'u_cam1/u_dma/write_strobe_reg[5]' of 'bmsWIDEDFFCPE' unit is dangling and will be cleaned.
W: Public-4008: Instance 'u_cam1/u_dma/write_strobe_reg[7]' of 'bmsWIDEDFFCPE' unit is dangling and will be cleaned.
W: Public-4008: Instance 'u_cam1/u_dma/write_strobe_reg[9]' of 'bmsWIDEDFFCPE' unit is dangling and will be cleaned.
W: Public-4008: Instance 'u_cam1/u_dma/write_strobe_reg[11]' of 'bmsWIDEDFFCPE' unit is dangling and will be cleaned.
W: Public-4008: Instance 'u_cam1/u_dma/write_strobe_reg[13]' of 'bmsWIDEDFFCPE' unit is dangling and will be cleaned.
W: Public-4008: Instance 'u_cam1/u_dma/write_strobe_reg[15]' of 'bmsWIDEDFFCPE' unit is dangling and will be cleaned.
W: Public-4008: Instance 'u_cam1/u_dma/write_strobe_reg[17]' of 'bmsWIDEDFFCPE' unit is dangling and will be cleaned.
W: Public-4008: Instance 'u_cam1/u_dma/write_strobe_reg[19]' of 'bmsWIDEDFFCPE' unit is dangling and will be cleaned.
W: Public-4008: Instance 'u_cam1/u_dma/write_strobe_reg[21]' of 'bmsWIDEDFFCPE' unit is dangling and will be cleaned.
W: Public-4008: Instance 'u_cam1/u_dma/write_strobe_reg[23]' of 'bmsWIDEDFFCPE' unit is dangling and will be cleaned.
W: Public-4008: Instance 'u_cam1/u_dma/write_strobe_reg[25]' of 'bmsWIDEDFFCPE' unit is dangling and will be cleaned.
W: Public-4008: Instance 'u_cam1/u_dma/write_strobe_reg[27]' of 'bmsWIDEDFFCPE' unit is dangling and will be cleaned.
W: Public-4008: Instance 'u_cam1/u_dma/write_strobe_reg[29]' of 'bmsWIDEDFFCPE' unit is dangling and will be cleaned.
W: Public-4008: Instance 'u_cam1/u_dma/write_strobe_reg[31]' of 'bmsWIDEDFFCPE' unit is dangling and will be cleaned.
W: Public-4008: Instance 'u_cam1/u_dma/error_code_reg[0]' of 'bmsWIDEDFFCPE' unit is dangling and will be cleaned.
W: Public-4008: Instance 'u_cam1/u_dvp_rx/snapshot_seen_flags[4]' of 'bmsWIDEDFFCPE' unit is dangling and will be cleaned.
W: Public-4008: Instance 'u_cam1/u_dvp_rx/snapshot_error_flags[4]' of 'bmsWIDEDFFCPE' unit is dangling and will be cleaned.
W: Public-4008: Instance 'u_cam1/u_dvp_rx/snapshot_error_flags[5]' of 'bmsWIDEDFFCPE' unit is dangling and will be cleaned.
W: Public-4008: Instance 'u_cam1/u_dvp_rx/snapshot_error_flags[6]' of 'bmsWIDEDFFCPE' unit is dangling and will be cleaned.
W: Public-4008: Instance 'u_cam1/u_dvp_rx/snapshot_error_flags[7]' of 'bmsWIDEDFFCPE' unit is dangling and will be cleaned.
W: Public-4008: Instance 'u_cam1/u_dvp_rx/snapshot_error_flags[8]' of 'bmsWIDEDFFCPE' unit is dangling and will be cleaned.
W: Public-4008: Instance 'u_cam1/u_dvp_rx/snapshot_error_flags[9]' of 'bmsWIDEDFFCPE' unit is dangling and will be cleaned.
W: Public-4008: Instance 'u_cam1/u_dvp_rx/snapshot_error_flags[10]' of 'bmsWIDEDFFCPE' unit is dangling and will be cleaned.
W: Public-4008: Instance 'u_cam1/u_dvp_rx/snapshot_error_flags[11]' of 'bmsWIDEDFFCPE' unit is dangling and will be cleaned.
W: Public-4008: Instance 'u_cam1/u_dvp_rx/snapshot_error_flags[12]' of 'bmsWIDEDFFCPE' unit is dangling and will be cleaned.
W: Public-4008: Instance 'u_cam1/u_dvp_rx/snapshot_error_flags[13]' of 'bmsWIDEDFFCPE' unit is dangling and will be cleaned.
W: Public-4008: Instance 'u_cam1/u_dvp_rx/snapshot_error_flags[14]' of 'bmsWIDEDFFCPE' unit is dangling and will be cleaned.
W: Public-4008: Instance 'u_cam1/u_dvp_rx/snapshot_error_flags[15]' of 'bmsWIDEDFFCPE' unit is dangling and will be cleaned.
W: Public-4008: Instance 'u_cam1/u_dvp_rx/snapshot_error_flags[16]' of 'bmsWIDEDFFCPE' unit is dangling and will be cleaned.
W: Public-4008: Instance 'u_cam1/u_dvp_rx/snapshot_error_flags[17]' of 'bmsWIDEDFFCPE' unit is dangling and will be cleaned.
W: Public-4008: Instance 'u_cam1/u_dvp_rx/snapshot_error_flags[18]' of 'bmsWIDEDFFCPE' unit is dangling and will be cleaned.
W: Public-4008: Instance 'u_cam1/u_dvp_rx/snapshot_error_flags[19]' of 'bmsWIDEDFFCPE' unit is dangling and will be cleaned.
W: Public-4008: Instance 'u_cam1/u_dvp_rx/snapshot_error_flags[20]' of 'bmsWIDEDFFCPE' unit is dangling and will be cleaned.
W: Public-4008: Instance 'u_cam1/u_dvp_rx/snapshot_error_flags[21]' of 'bmsWIDEDFFCPE' unit is dangling and will be cleaned.
W: Public-4008: Instance 'u_cam1/u_dvp_rx/snapshot_error_flags[22]' of 'bmsWIDEDFFCPE' unit is dangling and will be cleaned.
W: Public-4008: Instance 'u_cam1/u_dvp_rx/snapshot_error_flags[23]' of 'bmsWIDEDFFCPE' unit is dangling and will be cleaned.
W: Public-4008: Instance 'u_cam1/u_dvp_rx/snapshot_error_flags[24]' of 'bmsWIDEDFFCPE' unit is dangling and will be cleaned.
W: Public-4008: Instance 'u_cam1/u_dvp_rx/snapshot_error_flags[25]' of 'bmsWIDEDFFCPE' unit is dangling and will be cleaned.
W: Public-4008: Instance 'u_cam1/u_dvp_rx/snapshot_error_flags[26]' of 'bmsWIDEDFFCPE' unit is dangling and will be cleaned.
W: Public-4008: Instance 'u_cam1/u_dvp_rx/snapshot_error_flags[27]' of 'bmsWIDEDFFCPE' unit is dangling and will be cleaned.
W: Public-4008: Instance 'u_cam1/u_dvp_rx/snapshot_error_flags[28]' of 'bmsWIDEDFFCPE' unit is dangling and will be cleaned.
W: Public-4008: Instance 'u_cam1/u_dvp_rx/snapshot_error_flags[29]' of 'bmsWIDEDFFCPE' unit is dangling and will be cleaned.
W: Public-4008: Instance 'u_cam1/u_dvp_rx/snapshot_error_flags[30]' of 'bmsWIDEDFFCPE' unit is dangling and will be cleaned.
W: Public-4008: Instance 'u_cam1/u_dvp_rx/snapshot_error_flags[31]' of 'bmsWIDEDFFCPE' unit is dangling and will be cleaned.
W: Public-4008: Instance 'u_cam2/snap_byte_count_mem[0]' of 'bmsWIDEDFFRSE' unit is dangling and will be cleaned.
W: Public-4008: Instance 'u_cam2/snap_current_byte_mem[0]' of 'bmsWIDEDFFRSE' unit is dangling and will be cleaned.
W: Public-4008: Instance 'u_cam2/snap_current_pixel_mem[20]' of 'bmsWIDEDFFRSE' unit is dangling and will be cleaned.
W: Public-4008: Instance 'u_cam2/snap_current_pixel_mem[21]' of 'bmsWIDEDFFRSE' unit is dangling and will be cleaned.
W: Public-4008: Instance 'u_cam2/snap_current_pixel_mem[22]' of 'bmsWIDEDFFRSE' unit is dangling and will be cleaned.
W: Public-4008: Instance 'u_cam2/snap_current_pixel_mem[23]' of 'bmsWIDEDFFRSE' unit is dangling and will be cleaned.
W: Public-4008: Instance 'u_cam2/snap_current_pixel_mem[24]' of 'bmsWIDEDFFRSE' unit is dangling and will be cleaned.
W: Public-4008: Instance 'u_cam2/snap_current_pixel_mem[25]' of 'bmsWIDEDFFRSE' unit is dangling and will be cleaned.
W: Public-4008: Instance 'u_cam2/snap_current_pixel_mem[26]' of 'bmsWIDEDFFRSE' unit is dangling and will be cleaned.
W: Public-4008: Instance 'u_cam2/snap_current_pixel_mem[27]' of 'bmsWIDEDFFRSE' unit is dangling and will be cleaned.
W: Public-4008: Instance 'u_cam2/snap_current_pixel_mem[28]' of 'bmsWIDEDFFRSE' unit is dangling and will be cleaned.
W: Public-4008: Instance 'u_cam2/snap_current_pixel_mem[29]' of 'bmsWIDEDFFRSE' unit is dangling and will be cleaned.
W: Public-4008: Instance 'u_cam2/snap_current_pixel_mem[30]' of 'bmsWIDEDFFRSE' unit is dangling and will be cleaned.
W: Public-4008: Instance 'u_cam2/snap_current_pixel_mem[31]' of 'bmsWIDEDFFRSE' unit is dangling and will be cleaned.
W: Public-4008: Instance 'u_cam2/snap_current_write_buffer_mem[2]' of 'bmsWIDEDFFRSE' unit is dangling and will be cleaned.
W: Public-4008: Instance 'u_cam2/snap_current_write_buffer_mem[3]' of 'bmsWIDEDFFRSE' unit is dangling and will be cleaned.
W: Public-4008: Instance 'u_cam2/snap_current_write_buffer_mem[4]' of 'bmsWIDEDFFRSE' unit is dangling and will be cleaned.
W: Public-4008: Instance 'u_cam2/snap_current_write_buffer_mem[5]' of 'bmsWIDEDFFRSE' unit is dangling and will be cleaned.
W: Public-4008: Instance 'u_cam2/snap_current_write_buffer_mem[6]' of 'bmsWIDEDFFRSE' unit is dangling and will be cleaned.
W: Public-4008: Instance 'u_cam2/snap_current_write_buffer_mem[7]' of 'bmsWIDEDFFRSE' unit is dangling and will be cleaned.
W: Public-4008: Instance 'u_cam2/snap_current_write_buffer_mem[8]' of 'bmsWIDEDFFRSE' unit is dangling and will be cleaned.
W: Public-4008: Instance 'u_cam2/snap_current_write_buffer_mem[9]' of 'bmsWIDEDFFRSE' unit is dangling and will be cleaned.
W: Public-4008: Instance 'u_cam2/snap_current_write_buffer_mem[10]' of 'bmsWIDEDFFRSE' unit is dangling and will be cleaned.
W: Public-4008: Instance 'u_cam2/snap_current_write_buffer_mem[11]' of 'bmsWIDEDFFRSE' unit is dangling and will be cleaned.
W: Public-4008: Instance 'u_cam2/snap_current_write_buffer_mem[12]' of 'bmsWIDEDFFRSE' unit is dangling and will be cleaned.
W: Public-4008: Instance 'u_cam2/snap_current_write_buffer_mem[13]' of 'bmsWIDEDFFRSE' unit is dangling and will be cleaned.
W: Public-4008: Instance 'u_cam2/snap_current_write_buffer_mem[14]' of 'bmsWIDEDFFRSE' unit is dangling and will be cleaned.
W: Public-4008: Instance 'u_cam2/snap_current_write_buffer_mem[15]' of 'bmsWIDEDFFRSE' unit is dangling and will be cleaned.
W: Public-4008: Instance 'u_cam2/snap_current_write_buffer_mem[16]' of 'bmsWIDEDFFRSE' unit is dangling and will be cleaned.
W: Public-4008: Instance 'u_cam2/snap_current_write_buffer_mem[17]' of 'bmsWIDEDFFRSE' unit is dangling and will be cleaned.
W: Public-4008: Instance 'u_cam2/snap_current_write_buffer_mem[18]' of 'bmsWIDEDFFRSE' unit is dangling and will be cleaned.
W: Public-4008: Instance 'u_cam2/snap_current_write_buffer_mem[19]' of 'bmsWIDEDFFRSE' unit is dangling and will be cleaned.
W: Public-4008: Instance 'u_cam2/snap_current_write_buffer_mem[20]' of 'bmsWIDEDFFRSE' unit is dangling and will be cleaned.
W: Public-4008: Instance 'u_cam2/snap_current_write_buffer_mem[21]' of 'bmsWIDEDFFRSE' unit is dangling and will be cleaned.
W: Public-4008: Instance 'u_cam2/snap_current_write_buffer_mem[22]' of 'bmsWIDEDFFRSE' unit is dangling and will be cleaned.
W: Public-4008: Instance 'u_cam2/snap_current_write_buffer_mem[23]' of 'bmsWIDEDFFRSE' unit is dangling and will be cleaned.
W: Public-4008: Instance 'u_cam2/snap_current_write_buffer_mem[24]' of 'bmsWIDEDFFRSE' unit is dangling and will be cleaned.
W: Public-4008: Instance 'u_cam2/snap_current_write_buffer_mem[25]' of 'bmsWIDEDFFRSE' unit is dangling and will be cleaned.
W: Public-4008: Instance 'u_cam2/snap_current_write_buffer_mem[26]' of 'bmsWIDEDFFRSE' unit is dangling and will be cleaned.
W: Public-4008: Instance 'u_cam2/snap_current_write_buffer_mem[27]' of 'bmsWIDEDFFRSE' unit is dangling and will be cleaned.
W: Public-4008: Instance 'u_cam2/snap_current_write_buffer_mem[28]' of 'bmsWIDEDFFRSE' unit is dangling and will be cleaned.
W: Public-4008: Instance 'u_cam2/snap_current_write_buffer_mem[29]' of 'bmsWIDEDFFRSE' unit is dangling and will be cleaned.
W: Public-4008: Instance 'u_cam2/snap_current_write_buffer_mem[30]' of 'bmsWIDEDFFRSE' unit is dangling and will be cleaned.
W: Public-4008: Instance 'u_cam2/snap_current_write_buffer_mem[31]' of 'bmsWIDEDFFRSE' unit is dangling and will be cleaned.
W: Public-4008: Instance 'u_cam2/snap_dma_error_code_mem[4]' of 'bmsWIDEDFFRSE' unit is dangling and will be cleaned.
W: Public-4008: Instance 'u_cam2/snap_dma_error_code_mem[5]' of 'bmsWIDEDFFRSE' unit is dangling and will be cleaned.
W: Public-4008: Instance 'u_cam2/snap_dma_error_code_mem[6]' of 'bmsWIDEDFFRSE' unit is dangling and will be cleaned.
W: Public-4008: Instance 'u_cam2/snap_dma_error_code_mem[7]' of 'bmsWIDEDFFRSE' unit is dangling and will be cleaned.
W: Public-4008: Instance 'u_cam2/snap_dma_error_code_mem[8]' of 'bmsWIDEDFFRSE' unit is dangling and will be cleaned.
W: Public-4008: Instance 'u_cam2/snap_dma_error_code_mem[9]' of 'bmsWIDEDFFRSE' unit is dangling and will be cleaned.
W: Public-4008: Instance 'u_cam2/snap_dma_error_code_mem[10]' of 'bmsWIDEDFFRSE' unit is dangling and will be cleaned.
W: Public-4008: Instance 'u_cam2/snap_dma_error_code_mem[11]' of 'bmsWIDEDFFRSE' unit is dangling and will be cleaned.
W: Public-4008: Instance 'u_cam2/snap_dma_error_code_mem[12]' of 'bmsWIDEDFFRSE' unit is dangling and will be cleaned.
W: Public-4008: Instance 'u_cam2/snap_dma_error_code_mem[13]' of 'bmsWIDEDFFRSE' unit is dangling and will be cleaned.
W: Public-4008: Instance 'u_cam2/snap_dma_error_code_mem[14]' of 'bmsWIDEDFFRSE' unit is dangling and will be cleaned.
W: Public-4008: Instance 'u_cam2/snap_dma_error_code_mem[15]' of 'bmsWIDEDFFRSE' unit is dangling and will be cleaned.
W: Public-4008: Instance 'u_cam2/snap_dma_error_code_mem[16]' of 'bmsWIDEDFFRSE' unit is dangling and will be cleaned.
W: Public-4008: Instance 'u_cam2/snap_dma_error_code_mem[17]' of 'bmsWIDEDFFRSE' unit is dangling and will be cleaned.
W: Public-4008: Instance 'u_cam2/snap_dma_error_code_mem[18]' of 'bmsWIDEDFFRSE' unit is dangling and will be cleaned.
W: Public-4008: Instance 'u_cam2/snap_dma_error_code_mem[19]' of 'bmsWIDEDFFRSE' unit is dangling and will be cleaned.
W: Public-4008: Instance 'u_cam2/snap_dma_error_code_mem[20]' of 'bmsWIDEDFFRSE' unit is dangling and will be cleaned.
W: Public-4008: Instance 'u_cam2/snap_dma_error_code_mem[21]' of 'bmsWIDEDFFRSE' unit is dangling and will be cleaned.
W: Public-4008: Instance 'u_cam2/snap_dma_error_code_mem[22]' of 'bmsWIDEDFFRSE' unit is dangling and will be cleaned.
W: Public-4008: Instance 'u_cam2/snap_dma_error_code_mem[23]' of 'bmsWIDEDFFRSE' unit is dangling and will be cleaned.
W: Public-4008: Instance 'u_cam2/snap_dma_error_code_mem[24]' of 'bmsWIDEDFFRSE' unit is dangling and will be cleaned.
W: Public-4008: Instance 'u_cam2/snap_dma_error_code_mem[25]' of 'bmsWIDEDFFRSE' unit is dangling and will be cleaned.
W: Public-4008: Instance 'u_cam2/snap_dma_error_code_mem[26]' of 'bmsWIDEDFFRSE' unit is dangling and will be cleaned.
W: Public-4008: Instance 'u_cam2/snap_dma_error_code_mem[27]' of 'bmsWIDEDFFRSE' unit is dangling and will be cleaned.
W: Public-4008: Instance 'u_cam2/snap_dma_error_code_mem[28]' of 'bmsWIDEDFFRSE' unit is dangling and will be cleaned.
W: Public-4008: Instance 'u_cam2/snap_dma_error_code_mem[29]' of 'bmsWIDEDFFRSE' unit is dangling and will be cleaned.
W: Public-4008: Instance 'u_cam2/snap_dma_error_code_mem[30]' of 'bmsWIDEDFFRSE' unit is dangling and will be cleaned.
W: Public-4008: Instance 'u_cam2/snap_dma_error_code_mem[31]' of 'bmsWIDEDFFRSE' unit is dangling and will be cleaned.
W: Public-4008: Instance 'u_cam2/snap_fifo_error_mem[1]' of 'bmsWIDEDFFRSE' unit is dangling and will be cleaned.
W: Public-4008: Instance 'u_cam2/snap_fifo_error_mem[3]' of 'bmsWIDEDFFRSE' unit is dangling and will be cleaned.
W: Public-4008: Instance 'u_cam2/snap_fifo_error_mem[4]' of 'bmsWIDEDFFRSE' unit is dangling and will be cleaned.
W: Public-4008: Instance 'u_cam2/snap_fifo_error_mem[5]' of 'bmsWIDEDFFRSE' unit is dangling and will be cleaned.
W: Public-4008: Instance 'u_cam2/snap_fifo_error_mem[6]' of 'bmsWIDEDFFRSE' unit is dangling and will be cleaned.
W: Public-4008: Instance 'u_cam2/snap_fifo_error_mem[7]' of 'bmsWIDEDFFRSE' unit is dangling and will be cleaned.
W: Public-4008: Instance 'u_cam2/snap_fifo_error_mem[8]' of 'bmsWIDEDFFRSE' unit is dangling and will be cleaned.
W: Public-4008: Instance 'u_cam2/snap_fifo_error_mem[9]' of 'bmsWIDEDFFRSE' unit is dangling and will be cleaned.
W: Public-4008: Instance 'u_cam2/snap_fifo_error_mem[10]' of 'bmsWIDEDFFRSE' unit is dangling and will be cleaned.
W: Public-4008: Instance 'u_cam2/snap_fifo_error_mem[11]' of 'bmsWIDEDFFRSE' unit is dangling and will be cleaned.
W: Public-4008: Instance 'u_cam2/snap_fifo_error_mem[12]' of 'bmsWIDEDFFRSE' unit is dangling and will be cleaned.
W: Public-4008: Instance 'u_cam2/snap_fifo_error_mem[13]' of 'bmsWIDEDFFRSE' unit is dangling and will be cleaned.
W: Public-4008: Instance 'u_cam2/snap_fifo_error_mem[14]' of 'bmsWIDEDFFRSE' unit is dangling and will be cleaned.
W: Public-4008: Instance 'u_cam2/snap_fifo_error_mem[15]' of 'bmsWIDEDFFRSE' unit is dangling and will be cleaned.
W: Public-4008: Instance 'u_cam2/snap_fifo_error_mem[16]' of 'bmsWIDEDFFRSE' unit is dangling and will be cleaned.
W: Public-4008: Instance 'u_cam2/snap_fifo_error_mem[17]' of 'bmsWIDEDFFRSE' unit is dangling and will be cleaned.
W: Public-4008: Instance 'u_cam2/snap_fifo_error_mem[18]' of 'bmsWIDEDFFRSE' unit is dangling and will be cleaned.
W: Public-4008: Instance 'u_cam2/snap_fifo_error_mem[19]' of 'bmsWIDEDFFRSE' unit is dangling and will be cleaned.
W: Public-4008: Instance 'u_cam2/snap_fifo_error_mem[20]' of 'bmsWIDEDFFRSE' unit is dangling and will be cleaned.
W: Public-4008: Instance 'u_cam2/snap_fifo_error_mem[21]' of 'bmsWIDEDFFRSE' unit is dangling and will be cleaned.
W: Public-4008: Instance 'u_cam2/snap_fifo_error_mem[22]' of 'bmsWIDEDFFRSE' unit is dangling and will be cleaned.
W: Public-4008: Instance 'u_cam2/snap_fifo_error_mem[23]' of 'bmsWIDEDFFRSE' unit is dangling and will be cleaned.
W: Public-4008: Instance 'u_cam2/snap_fifo_error_mem[24]' of 'bmsWIDEDFFRSE' unit is dangling and will be cleaned.
W: Public-4008: Instance 'u_cam2/snap_fifo_error_mem[25]' of 'bmsWIDEDFFRSE' unit is dangling and will be cleaned.
W: Public-4008: Instance 'u_cam2/snap_fifo_error_mem[26]' of 'bmsWIDEDFFRSE' unit is dangling and will be cleaned.
W: Public-4008: Instance 'u_cam2/snap_fifo_error_mem[27]' of 'bmsWIDEDFFRSE' unit is dangling and will be cleaned.
W: Public-4008: Instance 'u_cam2/snap_fifo_error_mem[28]' of 'bmsWIDEDFFRSE' unit is dangling and will be cleaned.
W: Public-4008: Instance 'u_cam2/snap_fifo_error_mem[29]' of 'bmsWIDEDFFRSE' unit is dangling and will be cleaned.
W: Public-4008: Instance 'u_cam2/snap_fifo_error_mem[30]' of 'bmsWIDEDFFRSE' unit is dangling and will be cleaned.
W: Public-4008: Instance 'u_cam2/snap_fifo_error_mem[31]' of 'bmsWIDEDFFRSE' unit is dangling and will be cleaned.
W: Public-4008: Instance 'u_cam2/snap_last_complete_buffer_mem[2]' of 'bmsWIDEDFFRSE' unit is dangling and will be cleaned.
W: Public-4008: Instance 'u_cam2/snap_last_complete_buffer_mem[3]' of 'bmsWIDEDFFRSE' unit is dangling and will be cleaned.
W: Public-4008: Instance 'u_cam2/snap_last_complete_buffer_mem[4]' of 'bmsWIDEDFFRSE' unit is dangling and will be cleaned.
W: Public-4008: Instance 'u_cam2/snap_last_complete_buffer_mem[5]' of 'bmsWIDEDFFRSE' unit is dangling and will be cleaned.
W: Public-4008: Instance 'u_cam2/snap_last_complete_buffer_mem[6]' of 'bmsWIDEDFFRSE' unit is dangling and will be cleaned.
W: Public-4008: Instance 'u_cam2/snap_last_complete_buffer_mem[7]' of 'bmsWIDEDFFRSE' unit is dangling and will be cleaned.
W: Public-4008: Instance 'u_cam2/snap_last_complete_buffer_mem[8]' of 'bmsWIDEDFFRSE' unit is dangling and will be cleaned.
W: Public-4008: Instance 'u_cam2/snap_last_complete_buffer_mem[9]' of 'bmsWIDEDFFRSE' unit is dangling and will be cleaned.
W: Public-4008: Instance 'u_cam2/snap_last_complete_buffer_mem[10]' of 'bmsWIDEDFFRSE' unit is dangling and will be cleaned.
W: Public-4008: Instance 'u_cam2/snap_last_complete_buffer_mem[11]' of 'bmsWIDEDFFRSE' unit is dangling and will be cleaned.
W: Public-4008: Instance 'u_cam2/snap_last_complete_buffer_mem[12]' of 'bmsWIDEDFFRSE' unit is dangling and will be cleaned.
W: Public-4008: Instance 'u_cam2/snap_last_complete_buffer_mem[13]' of 'bmsWIDEDFFRSE' unit is dangling and will be cleaned.
W: Public-4008: Instance 'u_cam2/snap_last_complete_buffer_mem[14]' of 'bmsWIDEDFFRSE' unit is dangling and will be cleaned.
W: Public-4008: Instance 'u_cam2/snap_last_complete_buffer_mem[15]' of 'bmsWIDEDFFRSE' unit is dangling and will be cleaned.
W: Public-4008: Instance 'u_cam2/snap_last_complete_buffer_mem[16]' of 'bmsWIDEDFFRSE' unit is dangling and will be cleaned.
W: Public-4008: Instance 'u_cam2/snap_last_complete_buffer_mem[17]' of 'bmsWIDEDFFRSE' unit is dangling and will be cleaned.
W: Public-4008: Instance 'u_cam2/snap_last_complete_buffer_mem[18]' of 'bmsWIDEDFFRSE' unit is dangling and will be cleaned.
W: Public-4008: Instance 'u_cam2/snap_last_complete_buffer_mem[19]' of 'bmsWIDEDFFRSE' unit is dangling and will be cleaned.
W: Public-4008: Instance 'u_cam2/snap_last_complete_buffer_mem[20]' of 'bmsWIDEDFFRSE' unit is dangling and will be cleaned.
W: Public-4008: Instance 'u_cam2/snap_last_complete_buffer_mem[21]' of 'bmsWIDEDFFRSE' unit is dangling and will be cleaned.
W: Public-4008: Instance 'u_cam2/snap_last_complete_buffer_mem[22]' of 'bmsWIDEDFFRSE' unit is dangling and will be cleaned.
W: Public-4008: Instance 'u_cam2/snap_last_complete_buffer_mem[23]' of 'bmsWIDEDFFRSE' unit is dangling and will be cleaned.
W: Public-4008: Instance 'u_cam2/snap_last_complete_buffer_mem[24]' of 'bmsWIDEDFFRSE' unit is dangling and will be cleaned.
W: Public-4008: Instance 'u_cam2/snap_last_complete_buffer_mem[25]' of 'bmsWIDEDFFRSE' unit is dangling and will be cleaned.
W: Public-4008: Instance 'u_cam2/snap_last_complete_buffer_mem[26]' of 'bmsWIDEDFFRSE' unit is dangling and will be cleaned.
W: Public-4008: Instance 'u_cam2/snap_last_complete_buffer_mem[27]' of 'bmsWIDEDFFRSE' unit is dangling and will be cleaned.
W: Public-4008: Instance 'u_cam2/snap_last_complete_buffer_mem[28]' of 'bmsWIDEDFFRSE' unit is dangling and will be cleaned.
W: Public-4008: Instance 'u_cam2/snap_last_complete_buffer_mem[29]' of 'bmsWIDEDFFRSE' unit is dangling and will be cleaned.
W: Public-4008: Instance 'u_cam2/snap_last_complete_buffer_mem[30]' of 'bmsWIDEDFFRSE' unit is dangling and will be cleaned.
W: Public-4008: Instance 'u_cam2/snap_last_complete_buffer_mem[31]' of 'bmsWIDEDFFRSE' unit is dangling and will be cleaned.
W: Public-4008: Instance 'u_cam2/snap_last_frame_addr_mem[1]' of 'bmsWIDEDFFRSE' unit is dangling and will be cleaned.
W: Public-4008: Instance 'u_cam2/snap_last_frame_addr_mem[2]' of 'bmsWIDEDFFRSE' unit is dangling and will be cleaned.
W: Public-4008: Instance 'u_cam2/snap_last_frame_addr_mem[3]' of 'bmsWIDEDFFRSE' unit is dangling and will be cleaned.
W: Public-4008: Instance 'u_cam2/snap_last_frame_addr_mem[4]' of 'bmsWIDEDFFRSE' unit is dangling and will be cleaned.
W: Public-4008: Instance 'u_cam2/snap_last_frame_addr_mem[5]' of 'bmsWIDEDFFRSE' unit is dangling and will be cleaned.
W: Public-4008: Instance 'u_cam2/snap_last_frame_addr_mem[6]' of 'bmsWIDEDFFRSE' unit is dangling and will be cleaned.
W: Public-4008: Instance 'u_cam2/snap_last_frame_addr_mem[7]' of 'bmsWIDEDFFRSE' unit is dangling and will be cleaned.
W: Public-4008: Instance 'u_cam2/snap_last_frame_addr_mem[8]' of 'bmsWIDEDFFRSE' unit is dangling and will be cleaned.
W: Public-4008: Instance 'u_cam2/snap_last_frame_addr_mem[9]' of 'bmsWIDEDFFRSE' unit is dangling and will be cleaned.
W: Public-4008: Instance 'u_cam2/snap_last_frame_addr_mem[10]' of 'bmsWIDEDFFRSE' unit is dangling and will be cleaned.
W: Public-4008: Instance 'u_cam2/snap_last_frame_addr_mem[11]' of 'bmsWIDEDFFRSE' unit is dangling and will be cleaned.
W: Public-4008: Instance 'u_cam2/snap_last_frame_addr_mem[12]' of 'bmsWIDEDFFRSE' unit is dangling and will be cleaned.
W: Public-4008: Instance 'u_cam2/snap_last_frame_addr_mem[13]' of 'bmsWIDEDFFRSE' unit is dangling and will be cleaned.
W: Public-4008: Instance 'u_cam2/snap_last_frame_addr_mem[14]' of 'bmsWIDEDFFRSE' unit is dangling and will be cleaned.
W: Public-4008: Instance 'u_cam2/snap_last_frame_addr_mem[15]' of 'bmsWIDEDFFRSE' unit is dangling and will be cleaned.
W: Public-4008: Instance 'u_cam2/snap_last_frame_addr_mem[16]' of 'bmsWIDEDFFRSE' unit is dangling and will be cleaned.
W: Public-4008: Instance 'u_cam2/snap_last_frame_addr_mem[17]' of 'bmsWIDEDFFRSE' unit is dangling and will be cleaned.
W: Public-4008: Instance 'u_cam2/snap_last_frame_addr_mem[18]' of 'bmsWIDEDFFRSE' unit is dangling and will be cleaned.
W: Public-4008: Instance 'u_cam2/snap_last_frame_addr_mem[19]' of 'bmsWIDEDFFRSE' unit is dangling and will be cleaned.
W: Public-4008: Instance 'u_cam2/snap_last_frame_addr_mem[21]' of 'bmsWIDEDFFRSE' unit is dangling and will be cleaned.
W: Public-4008: Instance 'u_cam2/snap_last_frame_addr_mem[22]' of 'bmsWIDEDFFRSE' unit is dangling and will be cleaned.
W: Public-4008: Instance 'u_cam2/snap_last_frame_addr_mem[23]' of 'bmsWIDEDFFRSE' unit is dangling and will be cleaned.
W: Public-4008: Instance 'u_cam2/snap_last_frame_addr_mem[24]' of 'bmsWIDEDFFRSE' unit is dangling and will be cleaned.
W: Public-4008: Instance 'u_cam2/snap_last_frame_addr_mem[25]' of 'bmsWIDEDFFRSE' unit is dangling and will be cleaned.
W: Public-4008: Instance 'u_cam2/snap_last_frame_addr_mem[26]' of 'bmsWIDEDFFRSE' unit is dangling and will be cleaned.
W: Public-4008: Instance 'u_cam2/snap_last_frame_addr_mem[27]' of 'bmsWIDEDFFRSE' unit is dangling and will be cleaned.
W: Public-4008: Instance 'u_cam2/snap_last_frame_addr_mem[28]' of 'bmsWIDEDFFRSE' unit is dangling and will be cleaned.
W: Public-4008: Instance 'u_cam2/snap_last_frame_addr_mem[29]' of 'bmsWIDEDFFRSE' unit is dangling and will be cleaned.
W: Public-4008: Instance 'u_cam2/snap_last_frame_addr_mem[30]' of 'bmsWIDEDFFRSE' unit is dangling and will be cleaned.
W: Public-4008: Instance 'u_cam2/snap_last_frame_addr_mem[31]' of 'bmsWIDEDFFRSE' unit is dangling and will be cleaned.
W: Public-4008: Instance 'u_cam2/snap_pixel_count_mem[20]' of 'bmsWIDEDFFRSE' unit is dangling and will be cleaned.
W: Public-4008: Instance 'u_cam2/snap_pixel_count_mem[21]' of 'bmsWIDEDFFRSE' unit is dangling and will be cleaned.
W: Public-4008: Instance 'u_cam2/snap_pixel_count_mem[22]' of 'bmsWIDEDFFRSE' unit is dangling and will be cleaned.
W: Public-4008: Instance 'u_cam2/snap_pixel_count_mem[23]' of 'bmsWIDEDFFRSE' unit is dangling and will be cleaned.
W: Public-4008: Instance 'u_cam2/snap_pixel_count_mem[24]' of 'bmsWIDEDFFRSE' unit is dangling and will be cleaned.
W: Public-4008: Instance 'u_cam2/snap_pixel_count_mem[25]' of 'bmsWIDEDFFRSE' unit is dangling and will be cleaned.
W: Public-4008: Instance 'u_cam2/snap_pixel_count_mem[26]' of 'bmsWIDEDFFRSE' unit is dangling and will be cleaned.
W: Public-4008: Instance 'u_cam2/snap_pixel_count_mem[27]' of 'bmsWIDEDFFRSE' unit is dangling and will be cleaned.
W: Public-4008: Instance 'u_cam2/snap_pixel_count_mem[28]' of 'bmsWIDEDFFRSE' unit is dangling and will be cleaned.
W: Public-4008: Instance 'u_cam2/snap_pixel_count_mem[29]' of 'bmsWIDEDFFRSE' unit is dangling and will be cleaned.
W: Public-4008: Instance 'u_cam2/snap_pixel_count_mem[30]' of 'bmsWIDEDFFRSE' unit is dangling and will be cleaned.
W: Public-4008: Instance 'u_cam2/snap_pixel_count_mem[31]' of 'bmsWIDEDFFRSE' unit is dangling and will be cleaned.
W: Public-4008: Instance 'u_cam2/snap_status_mem[13]' of 'bmsWIDEDFFRSE' unit is dangling and will be cleaned.
W: Public-4008: Instance 'u_cam2/snap_status_mem[15]' of 'bmsWIDEDFFRSE' unit is dangling and will be cleaned.
W: Public-4008: Instance 'u_cam2/snap_status_mem[16]' of 'bmsWIDEDFFRSE' unit is dangling and will be cleaned.
W: Public-4008: Instance 'u_cam2/snap_status_mem[17]' of 'bmsWIDEDFFRSE' unit is dangling and will be cleaned.
W: Public-4008: Instance 'u_cam2/snap_status_mem[18]' of 'bmsWIDEDFFRSE' unit is dangling and will be cleaned.
W: Public-4008: Instance 'u_cam2/snap_status_mem[19]' of 'bmsWIDEDFFRSE' unit is dangling and will be cleaned.
W: Public-4008: Instance 'u_cam2/snap_status_mem[20]' of 'bmsWIDEDFFRSE' unit is dangling and will be cleaned.
W: Public-4008: Instance 'u_cam2/snap_status_mem[21]' of 'bmsWIDEDFFRSE' unit is dangling and will be cleaned.
W: Public-4008: Instance 'u_cam2/snap_status_mem[22]' of 'bmsWIDEDFFRSE' unit is dangling and will be cleaned.
W: Public-4008: Instance 'u_cam2/snap_status_mem[23]' of 'bmsWIDEDFFRSE' unit is dangling and will be cleaned.
W: Public-4008: Instance 'u_cam2/snap_status_mem[24]' of 'bmsWIDEDFFRSE' unit is dangling and will be cleaned.
W: Public-4008: Instance 'u_cam2/snap_status_mem[25]' of 'bmsWIDEDFFRSE' unit is dangling and will be cleaned.
W: Public-4008: Instance 'u_cam2/snap_status_mem[26]' of 'bmsWIDEDFFRSE' unit is dangling and will be cleaned.
W: Public-4008: Instance 'u_cam2/snap_status_mem[27]' of 'bmsWIDEDFFRSE' unit is dangling and will be cleaned.
W: Public-4008: Instance 'u_cam2/snap_status_mem[28]' of 'bmsWIDEDFFRSE' unit is dangling and will be cleaned.
W: Public-4008: Instance 'u_cam2/snap_status_mem[29]' of 'bmsWIDEDFFRSE' unit is dangling and will be cleaned.
W: Public-4008: Instance 'u_cam2/snap_status_mem[30]' of 'bmsWIDEDFFRSE' unit is dangling and will be cleaned.
W: Public-4008: Instance 'u_cam2/snap_status_mem[31]' of 'bmsWIDEDFFRSE' unit is dangling and will be cleaned.
W: Public-4008: Instance 'u_cam2/snapshot_dvp_errors_mem[4]' of 'bmsWIDEDFFRSE' unit is dangling and will be cleaned.
W: Public-4008: Instance 'u_cam2/snapshot_dvp_errors_mem[5]' of 'bmsWIDEDFFRSE' unit is dangling and will be cleaned.
W: Public-4008: Instance 'u_cam2/snapshot_dvp_errors_mem[6]' of 'bmsWIDEDFFRSE' unit is dangling and will be cleaned.
W: Public-4008: Instance 'u_cam2/snapshot_dvp_errors_mem[7]' of 'bmsWIDEDFFRSE' unit is dangling and will be cleaned.
W: Public-4008: Instance 'u_cam2/snapshot_dvp_errors_mem[8]' of 'bmsWIDEDFFRSE' unit is dangling and will be cleaned.
W: Public-4008: Instance 'u_cam2/snapshot_dvp_errors_mem[9]' of 'bmsWIDEDFFRSE' unit is dangling and will be cleaned.
W: Public-4008: Instance 'u_cam2/snapshot_dvp_errors_mem[10]' of 'bmsWIDEDFFRSE' unit is dangling and will be cleaned.
W: Public-4008: Instance 'u_cam2/snapshot_dvp_errors_mem[11]' of 'bmsWIDEDFFRSE' unit is dangling and will be cleaned.
W: Public-4008: Instance 'u_cam2/snapshot_dvp_errors_mem[12]' of 'bmsWIDEDFFRSE' unit is dangling and will be cleaned.
W: Public-4008: Instance 'u_cam2/snapshot_dvp_errors_mem[13]' of 'bmsWIDEDFFRSE' unit is dangling and will be cleaned.
W: Public-4008: Instance 'u_cam2/snapshot_dvp_errors_mem[14]' of 'bmsWIDEDFFRSE' unit is dangling and will be cleaned.
W: Public-4008: Instance 'u_cam2/snapshot_dvp_errors_mem[15]' of 'bmsWIDEDFFRSE' unit is dangling and will be cleaned.
W: Public-4008: Instance 'u_cam2/snapshot_dvp_errors_mem[16]' of 'bmsWIDEDFFRSE' unit is dangling and will be cleaned.
W: Public-4008: Instance 'u_cam2/snapshot_dvp_errors_mem[17]' of 'bmsWIDEDFFRSE' unit is dangling and will be cleaned.
W: Public-4008: Instance 'u_cam2/snapshot_dvp_errors_mem[18]' of 'bmsWIDEDFFRSE' unit is dangling and will be cleaned.
W: Public-4008: Instance 'u_cam2/snapshot_dvp_errors_mem[19]' of 'bmsWIDEDFFRSE' unit is dangling and will be cleaned.
W: Public-4008: Instance 'u_cam2/snapshot_dvp_errors_mem[20]' of 'bmsWIDEDFFRSE' unit is dangling and will be cleaned.
W: Public-4008: Instance 'u_cam2/snapshot_dvp_errors_mem[21]' of 'bmsWIDEDFFRSE' unit is dangling and will be cleaned.
W: Public-4008: Instance 'u_cam2/snapshot_dvp_errors_mem[22]' of 'bmsWIDEDFFRSE' unit is dangling and will be cleaned.
W: Public-4008: Instance 'u_cam2/snapshot_dvp_errors_mem[23]' of 'bmsWIDEDFFRSE' unit is dangling and will be cleaned.
W: Public-4008: Instance 'u_cam2/snapshot_dvp_errors_mem[24]' of 'bmsWIDEDFFRSE' unit is dangling and will be cleaned.
W: Public-4008: Instance 'u_cam2/snapshot_dvp_errors_mem[25]' of 'bmsWIDEDFFRSE' unit is dangling and will be cleaned.
W: Public-4008: Instance 'u_cam2/snapshot_dvp_errors_mem[26]' of 'bmsWIDEDFFRSE' unit is dangling and will be cleaned.
W: Public-4008: Instance 'u_cam2/snapshot_dvp_errors_mem[27]' of 'bmsWIDEDFFRSE' unit is dangling and will be cleaned.
W: Public-4008: Instance 'u_cam2/snapshot_dvp_errors_mem[28]' of 'bmsWIDEDFFRSE' unit is dangling and will be cleaned.
W: Public-4008: Instance 'u_cam2/snapshot_dvp_errors_mem[29]' of 'bmsWIDEDFFRSE' unit is dangling and will be cleaned.
W: Public-4008: Instance 'u_cam2/snapshot_dvp_errors_mem[30]' of 'bmsWIDEDFFRSE' unit is dangling and will be cleaned.
W: Public-4008: Instance 'u_cam2/snapshot_dvp_errors_mem[31]' of 'bmsWIDEDFFRSE' unit is dangling and will be cleaned.
W: Public-4008: Instance 'u_flash_ddr_boot/u_flash_reader/tx_shift[0]' of 'bmsWIDEDFFCPE' unit is dangling and will be cleaned.
W: Public-4008: Instance 'u_flash_ddr_boot/u_flash_reader/tx_shift[1]' of 'bmsWIDEDFFCPE' unit is dangling and will be cleaned.
W: Public-4008: Instance 'u_flash_ddr_boot/u_flash_reader/tx_shift[2]' of 'bmsWIDEDFFCPE' unit is dangling and will be cleaned.
W: Public-4008: Instance 'u_flash_ddr_boot/u_flash_reader/tx_shift[3]' of 'bmsWIDEDFFCPE' unit is dangling and will be cleaned.
W: Public-4008: Instance 'u_flash_ddr_boot/u_flash_reader/tx_shift[4]' of 'bmsWIDEDFFCPE' unit is dangling and will be cleaned.
W: Public-4008: Instance 'u_flash_ddr_boot/u_flash_reader/tx_shift[5]' of 'bmsWIDEDFFCPE' unit is dangling and will be cleaned.
W: Public-4008: Instance 'u_flash_ddr_boot/u_flash_reader/tx_shift[6]' of 'bmsWIDEDFFCPE' unit is dangling and will be cleaned.
W: Public-4008: Instance 'u_flash_ddr_boot/u_flash_reader/tx_shift[7]' of 'bmsWIDEDFFCPE' unit is dangling and will be cleaned.
W: Public-4008: Instance 'u_flash_ddr_boot/u_flash_reader/tx_shift[8]' of 'bmsWIDEDFFCPE' unit is dangling and will be cleaned.
W: Public-4008: Instance 'u_flash_ddr_boot/u_flash_reader/tx_shift[9]' of 'bmsWIDEDFFCPE' unit is dangling and will be cleaned.
W: Public-4008: Instance 'u_flash_ddr_boot/u_flash_reader/tx_shift[10]' of 'bmsWIDEDFFCPE' unit is dangling and will be cleaned.
W: Public-4008: Instance 'u_flash_ddr_boot/u_flash_reader/tx_shift[11]' of 'bmsWIDEDFFCPE' unit is dangling and will be cleaned.
W: Public-4008: Instance 'u_flash_ddr_boot/u_flash_reader/tx_shift[12]' of 'bmsWIDEDFFCPE' unit is dangling and will be cleaned.
W: Public-4008: Instance 'u_flash_ddr_boot/u_flash_reader/tx_shift[13]' of 'bmsWIDEDFFCPE' unit is dangling and will be cleaned.
W: Public-4008: Instance 'u_flash_ddr_boot/u_flash_reader/tx_shift[14]' of 'bmsWIDEDFFCPE' unit is dangling and will be cleaned.
W: Public-4008: Instance 'u_flash_ddr_boot/u_flash_reader/tx_shift[15]' of 'bmsWIDEDFFCPE' unit is dangling and will be cleaned.
W: Public-4008: Instance 'u_flash_ddr_boot/u_flash_reader/tx_shift[16]' of 'bmsWIDEDFFCPE' unit is dangling and will be cleaned.
W: Public-4008: Instance 'u_flash_ddr_boot/u_flash_reader/tx_shift[17]' of 'bmsWIDEDFFCPE' unit is dangling and will be cleaned.
W: Public-4008: Instance 'u_flash_ddr_boot/u_flash_reader/tx_shift[18]' of 'bmsWIDEDFFCPE' unit is dangling and will be cleaned.
W: Public-4008: Instance 'u_flash_ddr_boot/u_flash_reader/tx_shift[19]' of 'bmsWIDEDFFCPE' unit is dangling and will be cleaned.
W: Public-4008: Instance 'u_flash_ddr_boot/u_flash_reader/tx_shift[20]' of 'bmsWIDEDFFCPE' unit is dangling and will be cleaned.
W: Public-4008: Instance 'u_flash_ddr_boot/u_flash_reader/tx_shift[31]' of 'bmsWIDEDFFCPE' unit is dangling and will be cleaned.
W: Public-4008: Instance 'u_cam2/cpu_byte_count[0]' of 'bmsWIDEDFFCPE' unit is dangling and will be cleaned.
W: Public-4008: Instance 'u_cam2/cpu_current_byte_count[0]' of 'bmsWIDEDFFCPE' unit is dangling and will be cleaned.
W: Public-4008: Instance 'u_cam2/cpu_current_pixel_count[20]' of 'bmsWIDEDFFCPE' unit is dangling and will be cleaned.
W: Public-4008: Instance 'u_cam2/cpu_current_pixel_count[21]' of 'bmsWIDEDFFCPE' unit is dangling and will be cleaned.
W: Public-4008: Instance 'u_cam2/cpu_current_pixel_count[22]' of 'bmsWIDEDFFCPE' unit is dangling and will be cleaned.
W: Public-4008: Instance 'u_cam2/cpu_current_pixel_count[23]' of 'bmsWIDEDFFCPE' unit is dangling and will be cleaned.
W: Public-4008: Instance 'u_cam2/cpu_current_pixel_count[24]' of 'bmsWIDEDFFCPE' unit is dangling and will be cleaned.
W: Public-4008: Instance 'u_cam2/cpu_current_pixel_count[25]' of 'bmsWIDEDFFCPE' unit is dangling and will be cleaned.
W: Public-4008: Instance 'u_cam2/cpu_current_pixel_count[26]' of 'bmsWIDEDFFCPE' unit is dangling and will be cleaned.
W: Public-4008: Instance 'u_cam2/cpu_current_pixel_count[27]' of 'bmsWIDEDFFCPE' unit is dangling and will be cleaned.
W: Public-4008: Instance 'u_cam2/cpu_current_pixel_count[28]' of 'bmsWIDEDFFCPE' unit is dangling and will be cleaned.
W: Public-4008: Instance 'u_cam2/cpu_current_pixel_count[29]' of 'bmsWIDEDFFCPE' unit is dangling and will be cleaned.
W: Public-4008: Instance 'u_cam2/cpu_current_pixel_count[30]' of 'bmsWIDEDFFCPE' unit is dangling and will be cleaned.
W: Public-4008: Instance 'u_cam2/cpu_current_pixel_count[31]' of 'bmsWIDEDFFCPE' unit is dangling and will be cleaned.
W: Public-4008: Instance 'u_cam2/cpu_current_write_buffer[2]' of 'bmsWIDEDFFCPE' unit is dangling and will be cleaned.
W: Public-4008: Instance 'u_cam2/cpu_current_write_buffer[3]' of 'bmsWIDEDFFCPE' unit is dangling and will be cleaned.
W: Public-4008: Instance 'u_cam2/cpu_current_write_buffer[4]' of 'bmsWIDEDFFCPE' unit is dangling and will be cleaned.
W: Public-4008: Instance 'u_cam2/cpu_current_write_buffer[5]' of 'bmsWIDEDFFCPE' unit is dangling and will be cleaned.
W: Public-4008: Instance 'u_cam2/cpu_current_write_buffer[6]' of 'bmsWIDEDFFCPE' unit is dangling and will be cleaned.
W: Public-4008: Instance 'u_cam2/cpu_current_write_buffer[7]' of 'bmsWIDEDFFCPE' unit is dangling and will be cleaned.
W: Public-4008: Instance 'u_cam2/cpu_current_write_buffer[8]' of 'bmsWIDEDFFCPE' unit is dangling and will be cleaned.
W: Public-4008: Instance 'u_cam2/cpu_current_write_buffer[9]' of 'bmsWIDEDFFCPE' unit is dangling and will be cleaned.
W: Public-4008: Instance 'u_cam2/cpu_current_write_buffer[10]' of 'bmsWIDEDFFCPE' unit is dangling and will be cleaned.
W: Public-4008: Instance 'u_cam2/cpu_current_write_buffer[11]' of 'bmsWIDEDFFCPE' unit is dangling and will be cleaned.
W: Public-4008: Instance 'u_cam2/cpu_current_write_buffer[12]' of 'bmsWIDEDFFCPE' unit is dangling and will be cleaned.
W: Public-4008: Instance 'u_cam2/cpu_current_write_buffer[13]' of 'bmsWIDEDFFCPE' unit is dangling and will be cleaned.
W: Public-4008: Instance 'u_cam2/cpu_current_write_buffer[14]' of 'bmsWIDEDFFCPE' unit is dangling and will be cleaned.
W: Public-4008: Instance 'u_cam2/cpu_current_write_buffer[15]' of 'bmsWIDEDFFCPE' unit is dangling and will be cleaned.
W: Public-4008: Instance 'u_cam2/cpu_current_write_buffer[16]' of 'bmsWIDEDFFCPE' unit is dangling and will be cleaned.
W: Public-4008: Instance 'u_cam2/cpu_current_write_buffer[17]' of 'bmsWIDEDFFCPE' unit is dangling and will be cleaned.
W: Public-4008: Instance 'u_cam2/cpu_current_write_buffer[18]' of 'bmsWIDEDFFCPE' unit is dangling and will be cleaned.
W: Public-4008: Instance 'u_cam2/cpu_current_write_buffer[19]' of 'bmsWIDEDFFCPE' unit is dangling and will be cleaned.
W: Public-4008: Instance 'u_cam2/cpu_current_write_buffer[20]' of 'bmsWIDEDFFCPE' unit is dangling and will be cleaned.
W: Public-4008: Instance 'u_cam2/cpu_current_write_buffer[21]' of 'bmsWIDEDFFCPE' unit is dangling and will be cleaned.
W: Public-4008: Instance 'u_cam2/cpu_current_write_buffer[22]' of 'bmsWIDEDFFCPE' unit is dangling and will be cleaned.
W: Public-4008: Instance 'u_cam2/cpu_current_write_buffer[23]' of 'bmsWIDEDFFCPE' unit is dangling and will be cleaned.
W: Public-4008: Instance 'u_cam2/cpu_current_write_buffer[24]' of 'bmsWIDEDFFCPE' unit is dangling and will be cleaned.
W: Public-4008: Instance 'u_cam2/cpu_current_write_buffer[25]' of 'bmsWIDEDFFCPE' unit is dangling and will be cleaned.
W: Public-4008: Instance 'u_cam2/cpu_current_write_buffer[26]' of 'bmsWIDEDFFCPE' unit is dangling and will be cleaned.
W: Public-4008: Instance 'u_cam2/cpu_current_write_buffer[27]' of 'bmsWIDEDFFCPE' unit is dangling and will be cleaned.
W: Public-4008: Instance 'u_cam2/cpu_current_write_buffer[28]' of 'bmsWIDEDFFCPE' unit is dangling and will be cleaned.
W: Public-4008: Instance 'u_cam2/cpu_current_write_buffer[29]' of 'bmsWIDEDFFCPE' unit is dangling and will be cleaned.
W: Public-4008: Instance 'u_cam2/cpu_current_write_buffer[30]' of 'bmsWIDEDFFCPE' unit is dangling and will be cleaned.
W: Public-4008: Instance 'u_cam2/cpu_current_write_buffer[31]' of 'bmsWIDEDFFCPE' unit is dangling and will be cleaned.
W: Public-4008: Instance 'u_cam2/cpu_dma_error_code[4]' of 'bmsWIDEDFFCPE' unit is dangling and will be cleaned.
W: Public-4008: Instance 'u_cam2/cpu_dma_error_code[5]' of 'bmsWIDEDFFCPE' unit is dangling and will be cleaned.
W: Public-4008: Instance 'u_cam2/cpu_dma_error_code[6]' of 'bmsWIDEDFFCPE' unit is dangling and will be cleaned.
W: Public-4008: Instance 'u_cam2/cpu_dma_error_code[7]' of 'bmsWIDEDFFCPE' unit is dangling and will be cleaned.
W: Public-4008: Instance 'u_cam2/cpu_dma_error_code[8]' of 'bmsWIDEDFFCPE' unit is dangling and will be cleaned.
W: Public-4008: Instance 'u_cam2/cpu_dma_error_code[9]' of 'bmsWIDEDFFCPE' unit is dangling and will be cleaned.
W: Public-4008: Instance 'u_cam2/cpu_dma_error_code[10]' of 'bmsWIDEDFFCPE' unit is dangling and will be cleaned.
W: Public-4008: Instance 'u_cam2/cpu_dma_error_code[11]' of 'bmsWIDEDFFCPE' unit is dangling and will be cleaned.
W: Public-4008: Instance 'u_cam2/cpu_dma_error_code[12]' of 'bmsWIDEDFFCPE' unit is dangling and will be cleaned.
W: Public-4008: Instance 'u_cam2/cpu_dma_error_code[13]' of 'bmsWIDEDFFCPE' unit is dangling and will be cleaned.
W: Public-4008: Instance 'u_cam2/cpu_dma_error_code[14]' of 'bmsWIDEDFFCPE' unit is dangling and will be cleaned.
W: Public-4008: Instance 'u_cam2/cpu_dma_error_code[15]' of 'bmsWIDEDFFCPE' unit is dangling and will be cleaned.
W: Public-4008: Instance 'u_cam2/cpu_dma_error_code[16]' of 'bmsWIDEDFFCPE' unit is dangling and will be cleaned.
W: Public-4008: Instance 'u_cam2/cpu_dma_error_code[17]' of 'bmsWIDEDFFCPE' unit is dangling and will be cleaned.
W: Public-4008: Instance 'u_cam2/cpu_dma_error_code[18]' of 'bmsWIDEDFFCPE' unit is dangling and will be cleaned.
W: Public-4008: Instance 'u_cam2/cpu_dma_error_code[19]' of 'bmsWIDEDFFCPE' unit is dangling and will be cleaned.
W: Public-4008: Instance 'u_cam2/cpu_dma_error_code[20]' of 'bmsWIDEDFFCPE' unit is dangling and will be cleaned.
W: Public-4008: Instance 'u_cam2/cpu_dma_error_code[21]' of 'bmsWIDEDFFCPE' unit is dangling and will be cleaned.
W: Public-4008: Instance 'u_cam2/cpu_dma_error_code[22]' of 'bmsWIDEDFFCPE' unit is dangling and will be cleaned.
W: Public-4008: Instance 'u_cam2/cpu_dma_error_code[23]' of 'bmsWIDEDFFCPE' unit is dangling and will be cleaned.
W: Public-4008: Instance 'u_cam2/cpu_dma_error_code[24]' of 'bmsWIDEDFFCPE' unit is dangling and will be cleaned.
W: Public-4008: Instance 'u_cam2/cpu_dma_error_code[25]' of 'bmsWIDEDFFCPE' unit is dangling and will be cleaned.
W: Public-4008: Instance 'u_cam2/cpu_dma_error_code[26]' of 'bmsWIDEDFFCPE' unit is dangling and will be cleaned.
W: Public-4008: Instance 'u_cam2/cpu_dma_error_code[27]' of 'bmsWIDEDFFCPE' unit is dangling and will be cleaned.
W: Public-4008: Instance 'u_cam2/cpu_dma_error_code[28]' of 'bmsWIDEDFFCPE' unit is dangling and will be cleaned.
W: Public-4008: Instance 'u_cam2/cpu_dma_error_code[29]' of 'bmsWIDEDFFCPE' unit is dangling and will be cleaned.
W: Public-4008: Instance 'u_cam2/cpu_dma_error_code[30]' of 'bmsWIDEDFFCPE' unit is dangling and will be cleaned.
W: Public-4008: Instance 'u_cam2/cpu_dma_error_code[31]' of 'bmsWIDEDFFCPE' unit is dangling and will be cleaned.
W: Public-4008: Instance 'u_cam2/cpu_dvp_error_flags[4]' of 'bmsWIDEDFFCPE' unit is dangling and will be cleaned.
W: Public-4008: Instance 'u_cam2/cpu_dvp_error_flags[5]' of 'bmsWIDEDFFCPE' unit is dangling and will be cleaned.
W: Public-4008: Instance 'u_cam2/cpu_dvp_error_flags[6]' of 'bmsWIDEDFFCPE' unit is dangling and will be cleaned.
W: Public-4008: Instance 'u_cam2/cpu_dvp_error_flags[7]' of 'bmsWIDEDFFCPE' unit is dangling and will be cleaned.
W: Public-4008: Instance 'u_cam2/cpu_dvp_error_flags[8]' of 'bmsWIDEDFFCPE' unit is dangling and will be cleaned.
W: Public-4008: Instance 'u_cam2/cpu_dvp_error_flags[9]' of 'bmsWIDEDFFCPE' unit is dangling and will be cleaned.
W: Public-4008: Instance 'u_cam2/cpu_dvp_error_flags[10]' of 'bmsWIDEDFFCPE' unit is dangling and will be cleaned.
W: Public-4008: Instance 'u_cam2/cpu_dvp_error_flags[11]' of 'bmsWIDEDFFCPE' unit is dangling and will be cleaned.
W: Public-4008: Instance 'u_cam2/cpu_dvp_error_flags[12]' of 'bmsWIDEDFFCPE' unit is dangling and will be cleaned.
W: Public-4008: Instance 'u_cam2/cpu_dvp_error_flags[13]' of 'bmsWIDEDFFCPE' unit is dangling and will be cleaned.
W: Public-4008: Instance 'u_cam2/cpu_dvp_error_flags[14]' of 'bmsWIDEDFFCPE' unit is dangling and will be cleaned.
W: Public-4008: Instance 'u_cam2/cpu_dvp_error_flags[15]' of 'bmsWIDEDFFCPE' unit is dangling and will be cleaned.
W: Public-4008: Instance 'u_cam2/cpu_dvp_error_flags[16]' of 'bmsWIDEDFFCPE' unit is dangling and will be cleaned.
W: Public-4008: Instance 'u_cam2/cpu_dvp_error_flags[17]' of 'bmsWIDEDFFCPE' unit is dangling and will be cleaned.
W: Public-4008: Instance 'u_cam2/cpu_dvp_error_flags[18]' of 'bmsWIDEDFFCPE' unit is dangling and will be cleaned.
W: Public-4008: Instance 'u_cam2/cpu_dvp_error_flags[19]' of 'bmsWIDEDFFCPE' unit is dangling and will be cleaned.
W: Public-4008: Instance 'u_cam2/cpu_dvp_error_flags[20]' of 'bmsWIDEDFFCPE' unit is dangling and will be cleaned.
W: Public-4008: Instance 'u_cam2/cpu_dvp_error_flags[21]' of 'bmsWIDEDFFCPE' unit is dangling and will be cleaned.
W: Public-4008: Instance 'u_cam2/cpu_dvp_error_flags[22]' of 'bmsWIDEDFFCPE' unit is dangling and will be cleaned.
W: Public-4008: Instance 'u_cam2/cpu_dvp_error_flags[23]' of 'bmsWIDEDFFCPE' unit is dangling and will be cleaned.
W: Public-4008: Instance 'u_cam2/cpu_dvp_error_flags[24]' of 'bmsWIDEDFFCPE' unit is dangling and will be cleaned.
W: Public-4008: Instance 'u_cam2/cpu_dvp_error_flags[25]' of 'bmsWIDEDFFCPE' unit is dangling and will be cleaned.
W: Public-4008: Instance 'u_cam2/cpu_dvp_error_flags[26]' of 'bmsWIDEDFFCPE' unit is dangling and will be cleaned.
W: Public-4008: Instance 'u_cam2/cpu_dvp_error_flags[27]' of 'bmsWIDEDFFCPE' unit is dangling and will be cleaned.
W: Public-4008: Instance 'u_cam2/cpu_dvp_error_flags[28]' of 'bmsWIDEDFFCPE' unit is dangling and will be cleaned.
W: Public-4008: Instance 'u_cam2/cpu_dvp_error_flags[29]' of 'bmsWIDEDFFCPE' unit is dangling and will be cleaned.
W: Public-4008: Instance 'u_cam2/cpu_dvp_error_flags[30]' of 'bmsWIDEDFFCPE' unit is dangling and will be cleaned.
W: Public-4008: Instance 'u_cam2/cpu_dvp_error_flags[31]' of 'bmsWIDEDFFCPE' unit is dangling and will be cleaned.
W: Public-4008: Instance 'u_cam2/cpu_fifo_error[1]' of 'bmsWIDEDFFCPE' unit is dangling and will be cleaned.
W: Public-4008: Instance 'u_cam2/cpu_fifo_error[3]' of 'bmsWIDEDFFCPE' unit is dangling and will be cleaned.
W: Public-4008: Instance 'u_cam2/cpu_fifo_error[4]' of 'bmsWIDEDFFCPE' unit is dangling and will be cleaned.
W: Public-4008: Instance 'u_cam2/cpu_fifo_error[5]' of 'bmsWIDEDFFCPE' unit is dangling and will be cleaned.
W: Public-4008: Instance 'u_cam2/cpu_fifo_error[6]' of 'bmsWIDEDFFCPE' unit is dangling and will be cleaned.
W: Public-4008: Instance 'u_cam2/cpu_fifo_error[7]' of 'bmsWIDEDFFCPE' unit is dangling and will be cleaned.
W: Public-4008: Instance 'u_cam2/cpu_fifo_error[8]' of 'bmsWIDEDFFCPE' unit is dangling and will be cleaned.
W: Public-4008: Instance 'u_cam2/cpu_fifo_error[9]' of 'bmsWIDEDFFCPE' unit is dangling and will be cleaned.
W: Public-4008: Instance 'u_cam2/cpu_fifo_error[10]' of 'bmsWIDEDFFCPE' unit is dangling and will be cleaned.
W: Public-4008: Instance 'u_cam2/cpu_fifo_error[11]' of 'bmsWIDEDFFCPE' unit is dangling and will be cleaned.
W: Public-4008: Instance 'u_cam2/cpu_fifo_error[12]' of 'bmsWIDEDFFCPE' unit is dangling and will be cleaned.
W: Public-4008: Instance 'u_cam2/cpu_fifo_error[13]' of 'bmsWIDEDFFCPE' unit is dangling and will be cleaned.
W: Public-4008: Instance 'u_cam2/cpu_fifo_error[14]' of 'bmsWIDEDFFCPE' unit is dangling and will be cleaned.
W: Public-4008: Instance 'u_cam2/cpu_fifo_error[15]' of 'bmsWIDEDFFCPE' unit is dangling and will be cleaned.
W: Public-4008: Instance 'u_cam2/cpu_fifo_error[16]' of 'bmsWIDEDFFCPE' unit is dangling and will be cleaned.
W: Public-4008: Instance 'u_cam2/cpu_fifo_error[17]' of 'bmsWIDEDFFCPE' unit is dangling and will be cleaned.
W: Public-4008: Instance 'u_cam2/cpu_fifo_error[18]' of 'bmsWIDEDFFCPE' unit is dangling and will be cleaned.
W: Public-4008: Instance 'u_cam2/cpu_fifo_error[19]' of 'bmsWIDEDFFCPE' unit is dangling and will be cleaned.
W: Public-4008: Instance 'u_cam2/cpu_fifo_error[20]' of 'bmsWIDEDFFCPE' unit is dangling and will be cleaned.
W: Public-4008: Instance 'u_cam2/cpu_fifo_error[21]' of 'bmsWIDEDFFCPE' unit is dangling and will be cleaned.
W: Public-4008: Instance 'u_cam2/cpu_fifo_error[22]' of 'bmsWIDEDFFCPE' unit is dangling and will be cleaned.
W: Public-4008: Instance 'u_cam2/cpu_fifo_error[23]' of 'bmsWIDEDFFCPE' unit is dangling and will be cleaned.
W: Public-4008: Instance 'u_cam2/cpu_fifo_error[24]' of 'bmsWIDEDFFCPE' unit is dangling and will be cleaned.
W: Public-4008: Instance 'u_cam2/cpu_fifo_error[25]' of 'bmsWIDEDFFCPE' unit is dangling and will be cleaned.
W: Public-4008: Instance 'u_cam2/cpu_fifo_error[26]' of 'bmsWIDEDFFCPE' unit is dangling and will be cleaned.
W: Public-4008: Instance 'u_cam2/cpu_fifo_error[27]' of 'bmsWIDEDFFCPE' unit is dangling and will be cleaned.
W: Public-4008: Instance 'u_cam2/cpu_fifo_error[28]' of 'bmsWIDEDFFCPE' unit is dangling and will be cleaned.
W: Public-4008: Instance 'u_cam2/cpu_fifo_error[29]' of 'bmsWIDEDFFCPE' unit is dangling and will be cleaned.
W: Public-4008: Instance 'u_cam2/cpu_fifo_error[30]' of 'bmsWIDEDFFCPE' unit is dangling and will be cleaned.
W: Public-4008: Instance 'u_cam2/cpu_fifo_error[31]' of 'bmsWIDEDFFCPE' unit is dangling and will be cleaned.
W: Public-4008: Instance 'u_cam2/cpu_fifo_level[11]' of 'bmsWIDEDFFCPE' unit is dangling and will be cleaned.
W: Public-4008: Instance 'u_cam2/cpu_fifo_level[12]' of 'bmsWIDEDFFCPE' unit is dangling and will be cleaned.
W: Public-4008: Instance 'u_cam2/cpu_fifo_level[13]' of 'bmsWIDEDFFCPE' unit is dangling and will be cleaned.
W: Public-4008: Instance 'u_cam2/cpu_fifo_level[14]' of 'bmsWIDEDFFCPE' unit is dangling and will be cleaned.
W: Public-4008: Instance 'u_cam2/cpu_fifo_level[15]' of 'bmsWIDEDFFCPE' unit is dangling and will be cleaned.
W: Public-4008: Instance 'u_cam2/cpu_fifo_level[16]' of 'bmsWIDEDFFCPE' unit is dangling and will be cleaned.
W: Public-4008: Instance 'u_cam2/cpu_fifo_level[17]' of 'bmsWIDEDFFCPE' unit is dangling and will be cleaned.
W: Public-4008: Instance 'u_cam2/cpu_fifo_level[18]' of 'bmsWIDEDFFCPE' unit is dangling and will be cleaned.
W: Public-4008: Instance 'u_cam2/cpu_fifo_level[19]' of 'bmsWIDEDFFCPE' unit is dangling and will be cleaned.
W: Public-4008: Instance 'u_cam2/cpu_fifo_level[20]' of 'bmsWIDEDFFCPE' unit is dangling and will be cleaned.
W: Public-4008: Instance 'u_cam2/cpu_fifo_level[21]' of 'bmsWIDEDFFCPE' unit is dangling and will be cleaned.
W: Public-4008: Instance 'u_cam2/cpu_fifo_level[22]' of 'bmsWIDEDFFCPE' unit is dangling and will be cleaned.
W: Public-4008: Instance 'u_cam2/cpu_fifo_level[23]' of 'bmsWIDEDFFCPE' unit is dangling and will be cleaned.
W: Public-4008: Instance 'u_cam2/cpu_fifo_level[24]' of 'bmsWIDEDFFCPE' unit is dangling and will be cleaned.
W: Public-4008: Instance 'u_cam2/cpu_fifo_level[25]' of 'bmsWIDEDFFCPE' unit is dangling and will be cleaned.
W: Public-4008: Instance 'u_cam2/cpu_fifo_level[26]' of 'bmsWIDEDFFCPE' unit is dangling and will be cleaned.
W: Public-4008: Instance 'u_cam2/cpu_fifo_level[27]' of 'bmsWIDEDFFCPE' unit is dangling and will be cleaned.
W: Public-4008: Instance 'u_cam2/cpu_fifo_level[28]' of 'bmsWIDEDFFCPE' unit is dangling and will be cleaned.
W: Public-4008: Instance 'u_cam2/cpu_fifo_level[29]' of 'bmsWIDEDFFCPE' unit is dangling and will be cleaned.
W: Public-4008: Instance 'u_cam2/cpu_fifo_level[30]' of 'bmsWIDEDFFCPE' unit is dangling and will be cleaned.
W: Public-4008: Instance 'u_cam2/cpu_fifo_level[31]' of 'bmsWIDEDFFCPE' unit is dangling and will be cleaned.
W: Public-4008: Instance 'u_cam2/cpu_fifo_max_level[11]' of 'bmsWIDEDFFCPE' unit is dangling and will be cleaned.
W: Public-4008: Instance 'u_cam2/cpu_fifo_max_level[12]' of 'bmsWIDEDFFCPE' unit is dangling and will be cleaned.
W: Public-4008: Instance 'u_cam2/cpu_fifo_max_level[13]' of 'bmsWIDEDFFCPE' unit is dangling and will be cleaned.
W: Public-4008: Instance 'u_cam2/cpu_fifo_max_level[14]' of 'bmsWIDEDFFCPE' unit is dangling and will be cleaned.
W: Public-4008: Instance 'u_cam2/cpu_fifo_max_level[15]' of 'bmsWIDEDFFCPE' unit is dangling and will be cleaned.
W: Public-4008: Instance 'u_cam2/cpu_fifo_max_level[16]' of 'bmsWIDEDFFCPE' unit is dangling and will be cleaned.
W: Public-4008: Instance 'u_cam2/cpu_fifo_max_level[17]' of 'bmsWIDEDFFCPE' unit is dangling and will be cleaned.
W: Public-4008: Instance 'u_cam2/cpu_fifo_max_level[18]' of 'bmsWIDEDFFCPE' unit is dangling and will be cleaned.
W: Public-4008: Instance 'u_cam2/cpu_fifo_max_level[19]' of 'bmsWIDEDFFCPE' unit is dangling and will be cleaned.
W: Public-4008: Instance 'u_cam2/cpu_fifo_max_level[20]' of 'bmsWIDEDFFCPE' unit is dangling and will be cleaned.
W: Public-4008: Instance 'u_cam2/cpu_fifo_max_level[21]' of 'bmsWIDEDFFCPE' unit is dangling and will be cleaned.
W: Public-4008: Instance 'u_cam2/cpu_fifo_max_level[22]' of 'bmsWIDEDFFCPE' unit is dangling and will be cleaned.
W: Public-4008: Instance 'u_cam2/cpu_fifo_max_level[23]' of 'bmsWIDEDFFCPE' unit is dangling and will be cleaned.
W: Public-4008: Instance 'u_cam2/cpu_fifo_max_level[24]' of 'bmsWIDEDFFCPE' unit is dangling and will be cleaned.
W: Public-4008: Instance 'u_cam2/cpu_fifo_max_level[25]' of 'bmsWIDEDFFCPE' unit is dangling and will be cleaned.
W: Public-4008: Instance 'u_cam2/cpu_fifo_max_level[26]' of 'bmsWIDEDFFCPE' unit is dangling and will be cleaned.
W: Public-4008: Instance 'u_cam2/cpu_fifo_max_level[27]' of 'bmsWIDEDFFCPE' unit is dangling and will be cleaned.
W: Public-4008: Instance 'u_cam2/cpu_fifo_max_level[28]' of 'bmsWIDEDFFCPE' unit is dangling and will be cleaned.
W: Public-4008: Instance 'u_cam2/cpu_fifo_max_level[29]' of 'bmsWIDEDFFCPE' unit is dangling and will be cleaned.
W: Public-4008: Instance 'u_cam2/cpu_fifo_max_level[30]' of 'bmsWIDEDFFCPE' unit is dangling and will be cleaned.
W: Public-4008: Instance 'u_cam2/cpu_fifo_max_level[31]' of 'bmsWIDEDFFCPE' unit is dangling and will be cleaned.
W: Public-4008: Instance 'u_cam2/cpu_last_complete_buffer[2]' of 'bmsWIDEDFFCPE' unit is dangling and will be cleaned.
W: Public-4008: Instance 'u_cam2/cpu_last_complete_buffer[3]' of 'bmsWIDEDFFCPE' unit is dangling and will be cleaned.
W: Public-4008: Instance 'u_cam2/cpu_last_complete_buffer[4]' of 'bmsWIDEDFFCPE' unit is dangling and will be cleaned.
W: Public-4008: Instance 'u_cam2/cpu_last_complete_buffer[5]' of 'bmsWIDEDFFCPE' unit is dangling and will be cleaned.
W: Public-4008: Instance 'u_cam2/cpu_last_complete_buffer[6]' of 'bmsWIDEDFFCPE' unit is dangling and will be cleaned.
W: Public-4008: Instance 'u_cam2/cpu_last_complete_buffer[7]' of 'bmsWIDEDFFCPE' unit is dangling and will be cleaned.
W: Public-4008: Instance 'u_cam2/cpu_last_complete_buffer[8]' of 'bmsWIDEDFFCPE' unit is dangling and will be cleaned.
W: Public-4008: Instance 'u_cam2/cpu_last_complete_buffer[9]' of 'bmsWIDEDFFCPE' unit is dangling and will be cleaned.
W: Public-4008: Instance 'u_cam2/cpu_last_complete_buffer[10]' of 'bmsWIDEDFFCPE' unit is dangling and will be cleaned.
W: Public-4008: Instance 'u_cam2/cpu_last_complete_buffer[11]' of 'bmsWIDEDFFCPE' unit is dangling and will be cleaned.
W: Public-4008: Instance 'u_cam2/cpu_last_complete_buffer[12]' of 'bmsWIDEDFFCPE' unit is dangling and will be cleaned.
W: Public-4008: Instance 'u_cam2/cpu_last_complete_buffer[13]' of 'bmsWIDEDFFCPE' unit is dangling and will be cleaned.
W: Public-4008: Instance 'u_cam2/cpu_last_complete_buffer[14]' of 'bmsWIDEDFFCPE' unit is dangling and will be cleaned.
W: Public-4008: Instance 'u_cam2/cpu_last_complete_buffer[15]' of 'bmsWIDEDFFCPE' unit is dangling and will be cleaned.
W: Public-4008: Instance 'u_cam2/cpu_last_complete_buffer[16]' of 'bmsWIDEDFFCPE' unit is dangling and will be cleaned.
W: Public-4008: Instance 'u_cam2/cpu_last_complete_buffer[17]' of 'bmsWIDEDFFCPE' unit is dangling and will be cleaned.
W: Public-4008: Instance 'u_cam2/cpu_last_complete_buffer[18]' of 'bmsWIDEDFFCPE' unit is dangling and will be cleaned.
W: Public-4008: Instance 'u_cam2/cpu_last_complete_buffer[19]' of 'bmsWIDEDFFCPE' unit is dangling and will be cleaned.
W: Public-4008: Instance 'u_cam2/cpu_last_complete_buffer[20]' of 'bmsWIDEDFFCPE' unit is dangling and will be cleaned.
W: Public-4008: Instance 'u_cam2/cpu_last_complete_buffer[21]' of 'bmsWIDEDFFCPE' unit is dangling and will be cleaned.
W: Public-4008: Instance 'u_cam2/cpu_last_complete_buffer[22]' of 'bmsWIDEDFFCPE' unit is dangling and will be cleaned.
W: Public-4008: Instance 'u_cam2/cpu_last_complete_buffer[23]' of 'bmsWIDEDFFCPE' unit is dangling and will be cleaned.
W: Public-4008: Instance 'u_cam2/cpu_last_complete_buffer[24]' of 'bmsWIDEDFFCPE' unit is dangling and will be cleaned.
W: Public-4008: Instance 'u_cam2/cpu_last_complete_buffer[25]' of 'bmsWIDEDFFCPE' unit is dangling and will be cleaned.
W: Public-4008: Instance 'u_cam2/cpu_last_complete_buffer[26]' of 'bmsWIDEDFFCPE' unit is dangling and will be cleaned.
W: Public-4008: Instance 'u_cam2/cpu_last_complete_buffer[27]' of 'bmsWIDEDFFCPE' unit is dangling and will be cleaned.
W: Public-4008: Instance 'u_cam2/cpu_last_complete_buffer[28]' of 'bmsWIDEDFFCPE' unit is dangling and will be cleaned.
W: Public-4008: Instance 'u_cam2/cpu_last_complete_buffer[29]' of 'bmsWIDEDFFCPE' unit is dangling and will be cleaned.
W: Public-4008: Instance 'u_cam2/cpu_last_complete_buffer[30]' of 'bmsWIDEDFFCPE' unit is dangling and will be cleaned.
W: Public-4008: Instance 'u_cam2/cpu_last_complete_buffer[31]' of 'bmsWIDEDFFCPE' unit is dangling and will be cleaned.
W: Public-4008: Instance 'u_cam2/cpu_last_frame_addr[1]' of 'bmsWIDEDFFCPE' unit is dangling and will be cleaned.
W: Public-4008: Instance 'u_cam2/cpu_last_frame_addr[2]' of 'bmsWIDEDFFCPE' unit is dangling and will be cleaned.
W: Public-4008: Instance 'u_cam2/cpu_last_frame_addr[3]' of 'bmsWIDEDFFCPE' unit is dangling and will be cleaned.
W: Public-4008: Instance 'u_cam2/cpu_last_frame_addr[4]' of 'bmsWIDEDFFCPE' unit is dangling and will be cleaned.
W: Public-4008: Instance 'u_cam2/cpu_last_frame_addr[5]' of 'bmsWIDEDFFCPE' unit is dangling and will be cleaned.
W: Public-4008: Instance 'u_cam2/cpu_last_frame_addr[6]' of 'bmsWIDEDFFCPE' unit is dangling and will be cleaned.
W: Public-4008: Instance 'u_cam2/cpu_last_frame_addr[7]' of 'bmsWIDEDFFCPE' unit is dangling and will be cleaned.
W: Public-4008: Instance 'u_cam2/cpu_last_frame_addr[8]' of 'bmsWIDEDFFCPE' unit is dangling and will be cleaned.
W: Public-4008: Instance 'u_cam2/cpu_last_frame_addr[9]' of 'bmsWIDEDFFCPE' unit is dangling and will be cleaned.
W: Public-4008: Instance 'u_cam2/cpu_last_frame_addr[10]' of 'bmsWIDEDFFCPE' unit is dangling and will be cleaned.
W: Public-4008: Instance 'u_cam2/cpu_last_frame_addr[11]' of 'bmsWIDEDFFCPE' unit is dangling and will be cleaned.
W: Public-4008: Instance 'u_cam2/cpu_last_frame_addr[12]' of 'bmsWIDEDFFCPE' unit is dangling and will be cleaned.
W: Public-4008: Instance 'u_cam2/cpu_last_frame_addr[13]' of 'bmsWIDEDFFCPE' unit is dangling and will be cleaned.
W: Public-4008: Instance 'u_cam2/cpu_last_frame_addr[14]' of 'bmsWIDEDFFCPE' unit is dangling and will be cleaned.
W: Public-4008: Instance 'u_cam2/cpu_last_frame_addr[15]' of 'bmsWIDEDFFCPE' unit is dangling and will be cleaned.
W: Public-4008: Instance 'u_cam2/cpu_last_frame_addr[16]' of 'bmsWIDEDFFCPE' unit is dangling and will be cleaned.
W: Public-4008: Instance 'u_cam2/cpu_last_frame_addr[17]' of 'bmsWIDEDFFCPE' unit is dangling and will be cleaned.
W: Public-4008: Instance 'u_cam2/cpu_last_frame_addr[18]' of 'bmsWIDEDFFCPE' unit is dangling and will be cleaned.
W: Public-4008: Instance 'u_cam2/cpu_last_frame_addr[19]' of 'bmsWIDEDFFCPE' unit is dangling and will be cleaned.
W: Public-4008: Instance 'u_cam2/cpu_last_frame_addr[21]' of 'bmsWIDEDFFCPE' unit is dangling and will be cleaned.
W: Public-4008: Instance 'u_cam2/cpu_last_frame_addr[22]' of 'bmsWIDEDFFCPE' unit is dangling and will be cleaned.
W: Public-4008: Instance 'u_cam2/cpu_last_frame_addr[23]' of 'bmsWIDEDFFCPE' unit is dangling and will be cleaned.
W: Public-4008: Instance 'u_cam2/cpu_last_frame_addr[24]' of 'bmsWIDEDFFCPE' unit is dangling and will be cleaned.
W: Public-4008: Instance 'u_cam2/cpu_last_frame_addr[25]' of 'bmsWIDEDFFCPE' unit is dangling and will be cleaned.
W: Public-4008: Instance 'u_cam2/cpu_last_frame_addr[26]' of 'bmsWIDEDFFCPE' unit is dangling and will be cleaned.
W: Public-4008: Instance 'u_cam2/cpu_last_frame_addr[27]' of 'bmsWIDEDFFCPE' unit is dangling and will be cleaned.
W: Public-4008: Instance 'u_cam2/cpu_last_frame_addr[28]' of 'bmsWIDEDFFCPE' unit is dangling and will be cleaned.
W: Public-4008: Instance 'u_cam2/cpu_last_frame_addr[29]' of 'bmsWIDEDFFCPE' unit is dangling and will be cleaned.
W: Public-4008: Instance 'u_cam2/cpu_last_frame_addr[30]' of 'bmsWIDEDFFCPE' unit is dangling and will be cleaned.
W: Public-4008: Instance 'u_cam2/cpu_last_frame_addr[31]' of 'bmsWIDEDFFCPE' unit is dangling and will be cleaned.
W: Public-4008: Instance 'u_cam2/cpu_pixel_count[20]' of 'bmsWIDEDFFCPE' unit is dangling and will be cleaned.
W: Public-4008: Instance 'u_cam2/cpu_pixel_count[21]' of 'bmsWIDEDFFCPE' unit is dangling and will be cleaned.
W: Public-4008: Instance 'u_cam2/cpu_pixel_count[22]' of 'bmsWIDEDFFCPE' unit is dangling and will be cleaned.
W: Public-4008: Instance 'u_cam2/cpu_pixel_count[23]' of 'bmsWIDEDFFCPE' unit is dangling and will be cleaned.
W: Public-4008: Instance 'u_cam2/cpu_pixel_count[24]' of 'bmsWIDEDFFCPE' unit is dangling and will be cleaned.
W: Public-4008: Instance 'u_cam2/cpu_pixel_count[25]' of 'bmsWIDEDFFCPE' unit is dangling and will be cleaned.
W: Public-4008: Instance 'u_cam2/cpu_pixel_count[26]' of 'bmsWIDEDFFCPE' unit is dangling and will be cleaned.
W: Public-4008: Instance 'u_cam2/cpu_pixel_count[27]' of 'bmsWIDEDFFCPE' unit is dangling and will be cleaned.
W: Public-4008: Instance 'u_cam2/cpu_pixel_count[28]' of 'bmsWIDEDFFCPE' unit is dangling and will be cleaned.
W: Public-4008: Instance 'u_cam2/cpu_pixel_count[29]' of 'bmsWIDEDFFCPE' unit is dangling and will be cleaned.
W: Public-4008: Instance 'u_cam2/cpu_pixel_count[30]' of 'bmsWIDEDFFCPE' unit is dangling and will be cleaned.
W: Public-4008: Instance 'u_cam2/cpu_pixel_count[31]' of 'bmsWIDEDFFCPE' unit is dangling and will be cleaned.
W: Public-4008: Instance 'u_cam2/cpu_status[13]' of 'bmsWIDEDFFCPE' unit is dangling and will be cleaned.
W: Public-4008: Instance 'u_cam2/cpu_status[15]' of 'bmsWIDEDFFCPE' unit is dangling and will be cleaned.
W: Public-4008: Instance 'u_cam2/cpu_status[16]' of 'bmsWIDEDFFCPE' unit is dangling and will be cleaned.
W: Public-4008: Instance 'u_cam2/cpu_status[17]' of 'bmsWIDEDFFCPE' unit is dangling and will be cleaned.
W: Public-4008: Instance 'u_cam2/cpu_status[18]' of 'bmsWIDEDFFCPE' unit is dangling and will be cleaned.
W: Public-4008: Instance 'u_cam2/cpu_status[19]' of 'bmsWIDEDFFCPE' unit is dangling and will be cleaned.
W: Public-4008: Instance 'u_cam2/cpu_status[20]' of 'bmsWIDEDFFCPE' unit is dangling and will be cleaned.
W: Public-4008: Instance 'u_cam2/cpu_status[21]' of 'bmsWIDEDFFCPE' unit is dangling and will be cleaned.
W: Public-4008: Instance 'u_cam2/cpu_status[22]' of 'bmsWIDEDFFCPE' unit is dangling and will be cleaned.
W: Public-4008: Instance 'u_cam2/cpu_status[23]' of 'bmsWIDEDFFCPE' unit is dangling and will be cleaned.
W: Public-4008: Instance 'u_cam2/cpu_status[24]' of 'bmsWIDEDFFCPE' unit is dangling and will be cleaned.
W: Public-4008: Instance 'u_cam2/cpu_status[25]' of 'bmsWIDEDFFCPE' unit is dangling and will be cleaned.
W: Public-4008: Instance 'u_cam2/cpu_status[26]' of 'bmsWIDEDFFCPE' unit is dangling and will be cleaned.
W: Public-4008: Instance 'u_cam2/cpu_status[27]' of 'bmsWIDEDFFCPE' unit is dangling and will be cleaned.
W: Public-4008: Instance 'u_cam2/cpu_status[28]' of 'bmsWIDEDFFCPE' unit is dangling and will be cleaned.
W: Public-4008: Instance 'u_cam2/cpu_status[29]' of 'bmsWIDEDFFCPE' unit is dangling and will be cleaned.
W: Public-4008: Instance 'u_cam2/cpu_status[30]' of 'bmsWIDEDFFCPE' unit is dangling and will be cleaned.
W: Public-4008: Instance 'u_cam2/cpu_status[31]' of 'bmsWIDEDFFCPE' unit is dangling and will be cleaned.
W: Public-4008: Instance 'u_cam2/u_dma/current_byte_count[0]' of 'bmsWIDEDFFCPE' unit is dangling and will be cleaned.
W: Public-4008: Instance 'u_cam2/u_dma/current_pixel_count[20]' of 'bmsWIDEDFFCPE' unit is dangling and will be cleaned.
W: Public-4008: Instance 'u_cam2/u_dma/current_pixel_count[21]' of 'bmsWIDEDFFCPE' unit is dangling and will be cleaned.
W: Public-4008: Instance 'u_cam2/u_dma/current_pixel_count[22]' of 'bmsWIDEDFFCPE' unit is dangling and will be cleaned.
W: Public-4008: Instance 'u_cam2/u_dma/current_pixel_count[23]' of 'bmsWIDEDFFCPE' unit is dangling and will be cleaned.
W: Public-4008: Instance 'u_cam2/u_dma/current_pixel_count[24]' of 'bmsWIDEDFFCPE' unit is dangling and will be cleaned.
W: Public-4008: Instance 'u_cam2/u_dma/current_pixel_count[25]' of 'bmsWIDEDFFCPE' unit is dangling and will be cleaned.
W: Public-4008: Instance 'u_cam2/u_dma/current_pixel_count[26]' of 'bmsWIDEDFFCPE' unit is dangling and will be cleaned.
W: Public-4008: Instance 'u_cam2/u_dma/current_pixel_count[27]' of 'bmsWIDEDFFCPE' unit is dangling and will be cleaned.
W: Public-4008: Instance 'u_cam2/u_dma/current_pixel_count[28]' of 'bmsWIDEDFFCPE' unit is dangling and will be cleaned.
W: Public-4008: Instance 'u_cam2/u_dma/current_pixel_count[29]' of 'bmsWIDEDFFCPE' unit is dangling and will be cleaned.
W: Public-4008: Instance 'u_cam2/u_dma/current_pixel_count[30]' of 'bmsWIDEDFFCPE' unit is dangling and will be cleaned.
W: Public-4008: Instance 'u_cam2/u_dma/current_pixel_count[31]' of 'bmsWIDEDFFCPE' unit is dangling and will be cleaned.
W: Public-4008: Instance 'u_cam2/u_dma/current_write_buffer[2]' of 'bmsWIDEDFFCPE' unit is dangling and will be cleaned.
W: Public-4008: Instance 'u_cam2/u_dma/current_write_buffer[3]' of 'bmsWIDEDFFCPE' unit is dangling and will be cleaned.
W: Public-4008: Instance 'u_cam2/u_dma/current_write_buffer[4]' of 'bmsWIDEDFFCPE' unit is dangling and will be cleaned.
W: Public-4008: Instance 'u_cam2/u_dma/current_write_buffer[5]' of 'bmsWIDEDFFCPE' unit is dangling and will be cleaned.
W: Public-4008: Instance 'u_cam2/u_dma/current_write_buffer[6]' of 'bmsWIDEDFFCPE' unit is dangling and will be cleaned.
W: Public-4008: Instance 'u_cam2/u_dma/current_write_buffer[7]' of 'bmsWIDEDFFCPE' unit is dangling and will be cleaned.
W: Public-4008: Instance 'u_cam2/u_dma/current_write_buffer[8]' of 'bmsWIDEDFFCPE' unit is dangling and will be cleaned.
W: Public-4008: Instance 'u_cam2/u_dma/current_write_buffer[9]' of 'bmsWIDEDFFCPE' unit is dangling and will be cleaned.
W: Public-4008: Instance 'u_cam2/u_dma/current_write_buffer[10]' of 'bmsWIDEDFFCPE' unit is dangling and will be cleaned.
W: Public-4008: Instance 'u_cam2/u_dma/current_write_buffer[11]' of 'bmsWIDEDFFCPE' unit is dangling and will be cleaned.
W: Public-4008: Instance 'u_cam2/u_dma/current_write_buffer[12]' of 'bmsWIDEDFFCPE' unit is dangling and will be cleaned.
W: Public-4008: Instance 'u_cam2/u_dma/current_write_buffer[13]' of 'bmsWIDEDFFCPE' unit is dangling and will be cleaned.
W: Public-4008: Instance 'u_cam2/u_dma/current_write_buffer[14]' of 'bmsWIDEDFFCPE' unit is dangling and will be cleaned.
W: Public-4008: Instance 'u_cam2/u_dma/current_write_buffer[15]' of 'bmsWIDEDFFCPE' unit is dangling and will be cleaned.
W: Public-4008: Instance 'u_cam2/u_dma/current_write_buffer[16]' of 'bmsWIDEDFFCPE' unit is dangling and will be cleaned.
W: Public-4008: Instance 'u_cam2/u_dma/current_write_buffer[17]' of 'bmsWIDEDFFCPE' unit is dangling and will be cleaned.
W: Public-4008: Instance 'u_cam2/u_dma/current_write_buffer[18]' of 'bmsWIDEDFFCPE' unit is dangling and will be cleaned.
W: Public-4008: Instance 'u_cam2/u_dma/current_write_buffer[19]' of 'bmsWIDEDFFCPE' unit is dangling and will be cleaned.
W: Public-4008: Instance 'u_cam2/u_dma/current_write_buffer[20]' of 'bmsWIDEDFFCPE' unit is dangling and will be cleaned.
W: Public-4008: Instance 'u_cam2/u_dma/current_write_buffer[21]' of 'bmsWIDEDFFCPE' unit is dangling and will be cleaned.
W: Public-4008: Instance 'u_cam2/u_dma/current_write_buffer[22]' of 'bmsWIDEDFFCPE' unit is dangling and will be cleaned.
W: Public-4008: Instance 'u_cam2/u_dma/current_write_buffer[23]' of 'bmsWIDEDFFCPE' unit is dangling and will be cleaned.
W: Public-4008: Instance 'u_cam2/u_dma/current_write_buffer[24]' of 'bmsWIDEDFFCPE' unit is dangling and will be cleaned.
W: Public-4008: Instance 'u_cam2/u_dma/current_write_buffer[25]' of 'bmsWIDEDFFCPE' unit is dangling and will be cleaned.
W: Public-4008: Instance 'u_cam2/u_dma/current_write_buffer[26]' of 'bmsWIDEDFFCPE' unit is dangling and will be cleaned.
W: Public-4008: Instance 'u_cam2/u_dma/current_write_buffer[27]' of 'bmsWIDEDFFCPE' unit is dangling and will be cleaned.
W: Public-4008: Instance 'u_cam2/u_dma/current_write_buffer[28]' of 'bmsWIDEDFFCPE' unit is dangling and will be cleaned.
W: Public-4008: Instance 'u_cam2/u_dma/current_write_buffer[29]' of 'bmsWIDEDFFCPE' unit is dangling and will be cleaned.
W: Public-4008: Instance 'u_cam2/u_dma/current_write_buffer[30]' of 'bmsWIDEDFFCPE' unit is dangling and will be cleaned.
W: Public-4008: Instance 'u_cam2/u_dma/current_write_buffer[31]' of 'bmsWIDEDFFCPE' unit is dangling and will be cleaned.
W: Public-4008: Instance 'u_cam2/u_dma/last_byte_count[0]' of 'bmsWIDEDFFCPE' unit is dangling and will be cleaned.
W: Public-4008: Instance 'u_cam2/u_dma/last_complete_buffer[2]' of 'bmsWIDEDFFCPE' unit is dangling and will be cleaned.
W: Public-4008: Instance 'u_cam2/u_dma/last_complete_buffer[3]' of 'bmsWIDEDFFCPE' unit is dangling and will be cleaned.
W: Public-4008: Instance 'u_cam2/u_dma/last_complete_buffer[4]' of 'bmsWIDEDFFCPE' unit is dangling and will be cleaned.
W: Public-4008: Instance 'u_cam2/u_dma/last_complete_buffer[5]' of 'bmsWIDEDFFCPE' unit is dangling and will be cleaned.
W: Public-4008: Instance 'u_cam2/u_dma/last_complete_buffer[6]' of 'bmsWIDEDFFCPE' unit is dangling and will be cleaned.
W: Public-4008: Instance 'u_cam2/u_dma/last_complete_buffer[7]' of 'bmsWIDEDFFCPE' unit is dangling and will be cleaned.
W: Public-4008: Instance 'u_cam2/u_dma/last_complete_buffer[8]' of 'bmsWIDEDFFCPE' unit is dangling and will be cleaned.
W: Public-4008: Instance 'u_cam2/u_dma/last_complete_buffer[9]' of 'bmsWIDEDFFCPE' unit is dangling and will be cleaned.
W: Public-4008: Instance 'u_cam2/u_dma/last_complete_buffer[10]' of 'bmsWIDEDFFCPE' unit is dangling and will be cleaned.
W: Public-4008: Instance 'u_cam2/u_dma/last_complete_buffer[11]' of 'bmsWIDEDFFCPE' unit is dangling and will be cleaned.
W: Public-4008: Instance 'u_cam2/u_dma/last_complete_buffer[12]' of 'bmsWIDEDFFCPE' unit is dangling and will be cleaned.
W: Public-4008: Instance 'u_cam2/u_dma/last_complete_buffer[13]' of 'bmsWIDEDFFCPE' unit is dangling and will be cleaned.
W: Public-4008: Instance 'u_cam2/u_dma/last_complete_buffer[14]' of 'bmsWIDEDFFCPE' unit is dangling and will be cleaned.
W: Public-4008: Instance 'u_cam2/u_dma/last_complete_buffer[15]' of 'bmsWIDEDFFCPE' unit is dangling and will be cleaned.
W: Public-4008: Instance 'u_cam2/u_dma/last_complete_buffer[16]' of 'bmsWIDEDFFCPE' unit is dangling and will be cleaned.
W: Public-4008: Instance 'u_cam2/u_dma/last_complete_buffer[17]' of 'bmsWIDEDFFCPE' unit is dangling and will be cleaned.
W: Public-4008: Instance 'u_cam2/u_dma/last_complete_buffer[18]' of 'bmsWIDEDFFCPE' unit is dangling and will be cleaned.
W: Public-4008: Instance 'u_cam2/u_dma/last_complete_buffer[19]' of 'bmsWIDEDFFCPE' unit is dangling and will be cleaned.
W: Public-4008: Instance 'u_cam2/u_dma/last_complete_buffer[20]' of 'bmsWIDEDFFCPE' unit is dangling and will be cleaned.
W: Public-4008: Instance 'u_cam2/u_dma/last_complete_buffer[21]' of 'bmsWIDEDFFCPE' unit is dangling and will be cleaned.
W: Public-4008: Instance 'u_cam2/u_dma/last_complete_buffer[22]' of 'bmsWIDEDFFCPE' unit is dangling and will be cleaned.
W: Public-4008: Instance 'u_cam2/u_dma/last_complete_buffer[23]' of 'bmsWIDEDFFCPE' unit is dangling and will be cleaned.
W: Public-4008: Instance 'u_cam2/u_dma/last_complete_buffer[24]' of 'bmsWIDEDFFCPE' unit is dangling and will be cleaned.
W: Public-4008: Instance 'u_cam2/u_dma/last_complete_buffer[25]' of 'bmsWIDEDFFCPE' unit is dangling and will be cleaned.
W: Public-4008: Instance 'u_cam2/u_dma/last_complete_buffer[26]' of 'bmsWIDEDFFCPE' unit is dangling and will be cleaned.
W: Public-4008: Instance 'u_cam2/u_dma/last_complete_buffer[27]' of 'bmsWIDEDFFCPE' unit is dangling and will be cleaned.
W: Public-4008: Instance 'u_cam2/u_dma/last_complete_buffer[28]' of 'bmsWIDEDFFCPE' unit is dangling and will be cleaned.
W: Public-4008: Instance 'u_cam2/u_dma/last_complete_buffer[29]' of 'bmsWIDEDFFCPE' unit is dangling and will be cleaned.
W: Public-4008: Instance 'u_cam2/u_dma/last_complete_buffer[30]' of 'bmsWIDEDFFCPE' unit is dangling and will be cleaned.
W: Public-4008: Instance 'u_cam2/u_dma/last_complete_buffer[31]' of 'bmsWIDEDFFCPE' unit is dangling and will be cleaned.
W: Public-4008: Instance 'u_cam2/u_dma/last_frame_addr[1]' of 'bmsWIDEDFFCPE' unit is dangling and will be cleaned.
W: Public-4008: Instance 'u_cam2/u_dma/last_frame_addr[2]' of 'bmsWIDEDFFCPE' unit is dangling and will be cleaned.
W: Public-4008: Instance 'u_cam2/u_dma/last_frame_addr[3]' of 'bmsWIDEDFFCPE' unit is dangling and will be cleaned.
W: Public-4008: Instance 'u_cam2/u_dma/last_frame_addr[4]' of 'bmsWIDEDFFCPE' unit is dangling and will be cleaned.
W: Public-4008: Instance 'u_cam2/u_dma/last_frame_addr[5]' of 'bmsWIDEDFFCPE' unit is dangling and will be cleaned.
W: Public-4008: Instance 'u_cam2/u_dma/last_frame_addr[6]' of 'bmsWIDEDFFCPE' unit is dangling and will be cleaned.
W: Public-4008: Instance 'u_cam2/u_dma/last_frame_addr[7]' of 'bmsWIDEDFFCPE' unit is dangling and will be cleaned.
W: Public-4008: Instance 'u_cam2/u_dma/last_frame_addr[8]' of 'bmsWIDEDFFCPE' unit is dangling and will be cleaned.
W: Public-4008: Instance 'u_cam2/u_dma/last_frame_addr[9]' of 'bmsWIDEDFFCPE' unit is dangling and will be cleaned.
W: Public-4008: Instance 'u_cam2/u_dma/last_frame_addr[10]' of 'bmsWIDEDFFCPE' unit is dangling and will be cleaned.
W: Public-4008: Instance 'u_cam2/u_dma/last_frame_addr[11]' of 'bmsWIDEDFFCPE' unit is dangling and will be cleaned.
W: Public-4008: Instance 'u_cam2/u_dma/last_frame_addr[12]' of 'bmsWIDEDFFCPE' unit is dangling and will be cleaned.
W: Public-4008: Instance 'u_cam2/u_dma/last_frame_addr[13]' of 'bmsWIDEDFFCPE' unit is dangling and will be cleaned.
W: Public-4008: Instance 'u_cam2/u_dma/last_frame_addr[14]' of 'bmsWIDEDFFCPE' unit is dangling and will be cleaned.
W: Public-4008: Instance 'u_cam2/u_dma/last_frame_addr[15]' of 'bmsWIDEDFFCPE' unit is dangling and will be cleaned.
W: Public-4008: Instance 'u_cam2/u_dma/last_frame_addr[16]' of 'bmsWIDEDFFCPE' unit is dangling and will be cleaned.
W: Public-4008: Instance 'u_cam2/u_dma/last_frame_addr[17]' of 'bmsWIDEDFFCPE' unit is dangling and will be cleaned.
W: Public-4008: Instance 'u_cam2/u_dma/last_frame_addr[18]' of 'bmsWIDEDFFCPE' unit is dangling and will be cleaned.
W: Public-4008: Instance 'u_cam2/u_dma/last_frame_addr[19]' of 'bmsWIDEDFFCPE' unit is dangling and will be cleaned.
W: Public-4008: Instance 'u_cam2/u_dma/last_frame_addr[21]' of 'bmsWIDEDFFCPE' unit is dangling and will be cleaned.
W: Public-4008: Instance 'u_cam2/u_dma/last_frame_addr[22]' of 'bmsWIDEDFFCPE' unit is dangling and will be cleaned.
W: Public-4008: Instance 'u_cam2/u_dma/last_frame_addr[23]' of 'bmsWIDEDFFCPE' unit is dangling and will be cleaned.
W: Public-4008: Instance 'u_cam2/u_dma/last_frame_addr[24]' of 'bmsWIDEDFFCPE' unit is dangling and will be cleaned.
W: Public-4008: Instance 'u_cam2/u_dma/last_frame_addr[25]' of 'bmsWIDEDFFCPE' unit is dangling and will be cleaned.
W: Public-4008: Instance 'u_cam2/u_dma/last_frame_addr[26]' of 'bmsWIDEDFFCPE' unit is dangling and will be cleaned.
W: Public-4008: Instance 'u_cam2/u_dma/last_frame_addr[27]' of 'bmsWIDEDFFCPE' unit is dangling and will be cleaned.
W: Public-4008: Instance 'u_cam2/u_dma/last_frame_addr[28]' of 'bmsWIDEDFFCPE' unit is dangling and will be cleaned.
W: Public-4008: Instance 'u_cam2/u_dma/last_frame_addr[29]' of 'bmsWIDEDFFCPE' unit is dangling and will be cleaned.
W: Public-4008: Instance 'u_cam2/u_dma/last_frame_addr[30]' of 'bmsWIDEDFFCPE' unit is dangling and will be cleaned.
W: Public-4008: Instance 'u_cam2/u_dma/last_frame_addr[31]' of 'bmsWIDEDFFCPE' unit is dangling and will be cleaned.
W: Public-4008: Instance 'u_cam2/u_dma/last_pixel_count[20]' of 'bmsWIDEDFFCPE' unit is dangling and will be cleaned.
W: Public-4008: Instance 'u_cam2/u_dma/last_pixel_count[21]' of 'bmsWIDEDFFCPE' unit is dangling and will be cleaned.
W: Public-4008: Instance 'u_cam2/u_dma/last_pixel_count[22]' of 'bmsWIDEDFFCPE' unit is dangling and will be cleaned.
W: Public-4008: Instance 'u_cam2/u_dma/last_pixel_count[23]' of 'bmsWIDEDFFCPE' unit is dangling and will be cleaned.
W: Public-4008: Instance 'u_cam2/u_dma/last_pixel_count[24]' of 'bmsWIDEDFFCPE' unit is dangling and will be cleaned.
W: Public-4008: Instance 'u_cam2/u_dma/last_pixel_count[25]' of 'bmsWIDEDFFCPE' unit is dangling and will be cleaned.
W: Public-4008: Instance 'u_cam2/u_dma/last_pixel_count[26]' of 'bmsWIDEDFFCPE' unit is dangling and will be cleaned.
W: Public-4008: Instance 'u_cam2/u_dma/last_pixel_count[27]' of 'bmsWIDEDFFCPE' unit is dangling and will be cleaned.
W: Public-4008: Instance 'u_cam2/u_dma/last_pixel_count[28]' of 'bmsWIDEDFFCPE' unit is dangling and will be cleaned.
W: Public-4008: Instance 'u_cam2/u_dma/last_pixel_count[29]' of 'bmsWIDEDFFCPE' unit is dangling and will be cleaned.
W: Public-4008: Instance 'u_cam2/u_dma/last_pixel_count[30]' of 'bmsWIDEDFFCPE' unit is dangling and will be cleaned.
W: Public-4008: Instance 'u_cam2/u_dma/last_pixel_count[31]' of 'bmsWIDEDFFCPE' unit is dangling and will be cleaned.
W: Public-4008: Instance 'u_cam2/u_dma/pack_count[4]' of 'bmsWIDEDFFCPE' unit is dangling and will be cleaned.
W: Public-4008: Instance 'u_cam2/u_dma/selected_buffer[1]' of 'bmsWIDEDFFCPE' unit is dangling and will be cleaned.
W: Public-4008: Instance 'u_cam2/u_dma/selected_buffer[2]' of 'bmsWIDEDFFCPE' unit is dangling and will be cleaned.
W: Public-4008: Instance 'u_cam2/u_dma/selected_buffer[3]' of 'bmsWIDEDFFCPE' unit is dangling and will be cleaned.
W: Public-4008: Instance 'u_cam2/u_dma/selected_buffer[4]' of 'bmsWIDEDFFCPE' unit is dangling and will be cleaned.
W: Public-4008: Instance 'u_cam2/u_dma/selected_buffer[5]' of 'bmsWIDEDFFCPE' unit is dangling and will be cleaned.
W: Public-4008: Instance 'u_cam2/u_dma/selected_buffer[6]' of 'bmsWIDEDFFCPE' unit is dangling and will be cleaned.
W: Public-4008: Instance 'u_cam2/u_dma/selected_buffer[7]' of 'bmsWIDEDFFCPE' unit is dangling and will be cleaned.
W: Public-4008: Instance 'u_cam2/u_dma/selected_buffer[8]' of 'bmsWIDEDFFCPE' unit is dangling and will be cleaned.
W: Public-4008: Instance 'u_cam2/u_dma/selected_buffer[9]' of 'bmsWIDEDFFCPE' unit is dangling and will be cleaned.
W: Public-4008: Instance 'u_cam2/u_dma/selected_buffer[10]' of 'bmsWIDEDFFCPE' unit is dangling and will be cleaned.
W: Public-4008: Instance 'u_cam2/u_dma/selected_buffer[11]' of 'bmsWIDEDFFCPE' unit is dangling and will be cleaned.
W: Public-4008: Instance 'u_cam2/u_dma/selected_buffer[12]' of 'bmsWIDEDFFCPE' unit is dangling and will be cleaned.
W: Public-4008: Instance 'u_cam2/u_dma/selected_buffer[13]' of 'bmsWIDEDFFCPE' unit is dangling and will be cleaned.
W: Public-4008: Instance 'u_cam2/u_dma/selected_buffer[14]' of 'bmsWIDEDFFCPE' unit is dangling and will be cleaned.
W: Public-4008: Instance 'u_cam2/u_dma/selected_buffer[15]' of 'bmsWIDEDFFCPE' unit is dangling and will be cleaned.
W: Public-4008: Instance 'u_cam2/u_dma/selected_buffer[16]' of 'bmsWIDEDFFCPE' unit is dangling and will be cleaned.
W: Public-4008: Instance 'u_cam2/u_dma/selected_buffer[17]' of 'bmsWIDEDFFCPE' unit is dangling and will be cleaned.
W: Public-4008: Instance 'u_cam2/u_dma/selected_buffer[18]' of 'bmsWIDEDFFCPE' unit is dangling and will be cleaned.
W: Public-4008: Instance 'u_cam2/u_dma/selected_buffer[19]' of 'bmsWIDEDFFCPE' unit is dangling and will be cleaned.
W: Public-4008: Instance 'u_cam2/u_dma/selected_buffer[21]' of 'bmsWIDEDFFCPE' unit is dangling and will be cleaned.
W: Public-4008: Instance 'u_cam2/u_dma/selected_buffer[22]' of 'bmsWIDEDFFCPE' unit is dangling and will be cleaned.
W: Public-4008: Instance 'u_cam2/u_dma/selected_buffer[23]' of 'bmsWIDEDFFCPE' unit is dangling and will be cleaned.
W: Public-4008: Instance 'u_cam2/u_dma/selected_buffer[24]' of 'bmsWIDEDFFCPE' unit is dangling and will be cleaned.
W: Public-4008: Instance 'u_cam2/u_dma/selected_buffer[25]' of 'bmsWIDEDFFCPE' unit is dangling and will be cleaned.
W: Public-4008: Instance 'u_cam2/u_dma/selected_buffer[26]' of 'bmsWIDEDFFCPE' unit is dangling and will be cleaned.
W: Public-4008: Instance 'u_cam2/u_dma/selected_buffer[27]' of 'bmsWIDEDFFCPE' unit is dangling and will be cleaned.
W: Public-4008: Instance 'u_cam2/u_dma/selected_buffer[28]' of 'bmsWIDEDFFCPE' unit is dangling and will be cleaned.
W: Public-4008: Instance 'u_cam2/u_dma/selected_buffer[29]' of 'bmsWIDEDFFCPE' unit is dangling and will be cleaned.
W: Public-4008: Instance 'u_cam2/u_dma/selected_buffer[30]' of 'bmsWIDEDFFCPE' unit is dangling and will be cleaned.
W: Public-4008: Instance 'u_cam2/u_dma/selected_buffer[31]' of 'bmsWIDEDFFCPE' unit is dangling and will be cleaned.
W: Public-4008: Instance 'u_cam2/u_dma/write_offset[0]' of 'bmsWIDEDFFCPE' unit is dangling and will be cleaned.
W: Public-4008: Instance 'u_cam2/u_dma/write_offset[1]' of 'bmsWIDEDFFCPE' unit is dangling and will be cleaned.
W: Public-4008: Instance 'u_cam2/u_dma/write_offset[2]' of 'bmsWIDEDFFCPE' unit is dangling and will be cleaned.
W: Public-4008: Instance 'u_cam2/u_dma/write_offset[3]' of 'bmsWIDEDFFCPE' unit is dangling and will be cleaned.
W: Public-4008: Instance 'u_cam2/u_dma/write_offset[4]' of 'bmsWIDEDFFCPE' unit is dangling and will be cleaned.
W: Public-4008: Instance 'u_cam2/u_dma/write_offset[30]' of 'bmsWIDEDFFCPE' unit is dangling and will be cleaned.
W: Public-4008: Instance 'u_cam2/u_dma/write_offset[31]' of 'bmsWIDEDFFCPE' unit is dangling and will be cleaned.
W: Public-4008: Instance 'u_cam2/u_dma/write_strobe_reg[1]' of 'bmsWIDEDFFCPE' unit is dangling and will be cleaned.
W: Public-4008: Instance 'u_cam2/u_dma/write_strobe_reg[3]' of 'bmsWIDEDFFCPE' unit is dangling and will be cleaned.
W: Public-4008: Instance 'u_cam2/u_dma/write_strobe_reg[5]' of 'bmsWIDEDFFCPE' unit is dangling and will be cleaned.
W: Public-4008: Instance 'u_cam2/u_dma/write_strobe_reg[7]' of 'bmsWIDEDFFCPE' unit is dangling and will be cleaned.
W: Public-4008: Instance 'u_cam2/u_dma/write_strobe_reg[9]' of 'bmsWIDEDFFCPE' unit is dangling and will be cleaned.
W: Public-4008: Instance 'u_cam2/u_dma/write_strobe_reg[11]' of 'bmsWIDEDFFCPE' unit is dangling and will be cleaned.
W: Public-4008: Instance 'u_cam2/u_dma/write_strobe_reg[13]' of 'bmsWIDEDFFCPE' unit is dangling and will be cleaned.
W: Public-4008: Instance 'u_cam2/u_dma/write_strobe_reg[15]' of 'bmsWIDEDFFCPE' unit is dangling and will be cleaned.
W: Public-4008: Instance 'u_cam2/u_dma/write_strobe_reg[17]' of 'bmsWIDEDFFCPE' unit is dangling and will be cleaned.
W: Public-4008: Instance 'u_cam2/u_dma/write_strobe_reg[19]' of 'bmsWIDEDFFCPE' unit is dangling and will be cleaned.
W: Public-4008: Instance 'u_cam2/u_dma/write_strobe_reg[21]' of 'bmsWIDEDFFCPE' unit is dangling and will be cleaned.
W: Public-4008: Instance 'u_cam2/u_dma/write_strobe_reg[23]' of 'bmsWIDEDFFCPE' unit is dangling and will be cleaned.
W: Public-4008: Instance 'u_cam2/u_dma/write_strobe_reg[25]' of 'bmsWIDEDFFCPE' unit is dangling and will be cleaned.
W: Public-4008: Instance 'u_cam2/u_dma/write_strobe_reg[27]' of 'bmsWIDEDFFCPE' unit is dangling and will be cleaned.
W: Public-4008: Instance 'u_cam2/u_dma/write_strobe_reg[29]' of 'bmsWIDEDFFCPE' unit is dangling and will be cleaned.
W: Public-4008: Instance 'u_cam2/u_dma/write_strobe_reg[31]' of 'bmsWIDEDFFCPE' unit is dangling and will be cleaned.
W: Public-4008: Instance 'u_cam2/u_dma/error_code_reg[0]' of 'bmsWIDEDFFCPE' unit is dangling and will be cleaned.
W: Public-4008: Instance 'u_cam2/u_dvp_rx/snapshot_seen_flags[4]' of 'bmsWIDEDFFCPE' unit is dangling and will be cleaned.
W: Public-4008: Instance 'u_cam2/u_dvp_rx/snapshot_error_flags[4]' of 'bmsWIDEDFFCPE' unit is dangling and will be cleaned.
W: Public-4008: Instance 'u_cam2/u_dvp_rx/snapshot_error_flags[5]' of 'bmsWIDEDFFCPE' unit is dangling and will be cleaned.
W: Public-4008: Instance 'u_cam2/u_dvp_rx/snapshot_error_flags[6]' of 'bmsWIDEDFFCPE' unit is dangling and will be cleaned.
W: Public-4008: Instance 'u_cam2/u_dvp_rx/snapshot_error_flags[7]' of 'bmsWIDEDFFCPE' unit is dangling and will be cleaned.
W: Public-4008: Instance 'u_cam2/u_dvp_rx/snapshot_error_flags[8]' of 'bmsWIDEDFFCPE' unit is dangling and will be cleaned.
W: Public-4008: Instance 'u_cam2/u_dvp_rx/snapshot_error_flags[9]' of 'bmsWIDEDFFCPE' unit is dangling and will be cleaned.
W: Public-4008: Instance 'u_cam2/u_dvp_rx/snapshot_error_flags[10]' of 'bmsWIDEDFFCPE' unit is dangling and will be cleaned.
W: Public-4008: Instance 'u_cam2/u_dvp_rx/snapshot_error_flags[11]' of 'bmsWIDEDFFCPE' unit is dangling and will be cleaned.
W: Public-4008: Instance 'u_cam2/u_dvp_rx/snapshot_error_flags[12]' of 'bmsWIDEDFFCPE' unit is dangling and will be cleaned.
W: Public-4008: Instance 'u_cam2/u_dvp_rx/snapshot_error_flags[13]' of 'bmsWIDEDFFCPE' unit is dangling and will be cleaned.
W: Public-4008: Instance 'u_cam2/u_dvp_rx/snapshot_error_flags[14]' of 'bmsWIDEDFFCPE' unit is dangling and will be cleaned.
W: Public-4008: Instance 'u_cam2/u_dvp_rx/snapshot_error_flags[15]' of 'bmsWIDEDFFCPE' unit is dangling and will be cleaned.
W: Public-4008: Instance 'u_cam2/u_dvp_rx/snapshot_error_flags[16]' of 'bmsWIDEDFFCPE' unit is dangling and will be cleaned.
W: Public-4008: Instance 'u_cam2/u_dvp_rx/snapshot_error_flags[17]' of 'bmsWIDEDFFCPE' unit is dangling and will be cleaned.
W: Public-4008: Instance 'u_cam2/u_dvp_rx/snapshot_error_flags[18]' of 'bmsWIDEDFFCPE' unit is dangling and will be cleaned.
W: Public-4008: Instance 'u_cam2/u_dvp_rx/snapshot_error_flags[19]' of 'bmsWIDEDFFCPE' unit is dangling and will be cleaned.
W: Public-4008: Instance 'u_cam2/u_dvp_rx/snapshot_error_flags[20]' of 'bmsWIDEDFFCPE' unit is dangling and will be cleaned.
W: Public-4008: Instance 'u_cam2/u_dvp_rx/snapshot_error_flags[21]' of 'bmsWIDEDFFCPE' unit is dangling and will be cleaned.
W: Public-4008: Instance 'u_cam2/u_dvp_rx/snapshot_error_flags[22]' of 'bmsWIDEDFFCPE' unit is dangling and will be cleaned.
W: Public-4008: Instance 'u_cam2/u_dvp_rx/snapshot_error_flags[23]' of 'bmsWIDEDFFCPE' unit is dangling and will be cleaned.
W: Public-4008: Instance 'u_cam2/u_dvp_rx/snapshot_error_flags[24]' of 'bmsWIDEDFFCPE' unit is dangling and will be cleaned.
W: Public-4008: Instance 'u_cam2/u_dvp_rx/snapshot_error_flags[25]' of 'bmsWIDEDFFCPE' unit is dangling and will be cleaned.
W: Public-4008: Instance 'u_cam2/u_dvp_rx/snapshot_error_flags[26]' of 'bmsWIDEDFFCPE' unit is dangling and will be cleaned.
W: Public-4008: Instance 'u_cam2/u_dvp_rx/snapshot_error_flags[27]' of 'bmsWIDEDFFCPE' unit is dangling and will be cleaned.
W: Public-4008: Instance 'u_cam2/u_dvp_rx/snapshot_error_flags[28]' of 'bmsWIDEDFFCPE' unit is dangling and will be cleaned.
W: Public-4008: Instance 'u_cam2/u_dvp_rx/snapshot_error_flags[29]' of 'bmsWIDEDFFCPE' unit is dangling and will be cleaned.
W: Public-4008: Instance 'u_cam2/u_dvp_rx/snapshot_error_flags[30]' of 'bmsWIDEDFFCPE' unit is dangling and will be cleaned.
W: Public-4008: Instance 'u_cam2/u_dvp_rx/snapshot_error_flags[31]' of 'bmsWIDEDFFCPE' unit is dangling and will be cleaned.
W: Public-4008: Instance 'u_camera_ddr_arbiter/read_size[1]' of 'bmsWIDEDFFCPE' unit is dangling and will be cleaned.
W: Public-4008: Instance 'u_camera_ddr_arbiter/read_size[2]' of 'bmsWIDEDFFCPE' unit is dangling and will be cleaned.
W: Public-4008: Instance 'u_camera_ddr_arbiter/write_addr[1]' of 'bmsWIDEDFFCPE' unit is dangling and will be cleaned.
W: Public-4008: Instance 'u_camera_ddr_arbiter/write_addr[2]' of 'bmsWIDEDFFCPE' unit is dangling and will be cleaned.
W: Public-4008: Instance 'u_camera_ddr_arbiter/write_addr[3]' of 'bmsWIDEDFFCPE' unit is dangling and will be cleaned.
W: Public-4008: Instance 'u_camera_ddr_arbiter/write_addr[4]' of 'bmsWIDEDFFCPE' unit is dangling and will be cleaned.
W: Public-4008: Instance 'u_camera_ddr_arbiter/write_id[1]' of 'bmsWIDEDFFCPE' unit is dangling and will be cleaned.
W: Public-4008: Instance 'u_camera_ddr_arbiter/write_id[2]' of 'bmsWIDEDFFCPE' unit is dangling and will be cleaned.
W: Public-4008: Instance 'u_camera_ddr_arbiter/write_id[3]' of 'bmsWIDEDFFCPE' unit is dangling and will be cleaned.
W: Public-4008: Instance 'u_camera_ddr_arbiter/write_id[4]' of 'bmsWIDEDFFCPE' unit is dangling and will be cleaned.
W: Public-4008: Instance 'u_camera_ddr_arbiter/write_id[5]' of 'bmsWIDEDFFCPE' unit is dangling and will be cleaned.
W: Public-4008: Instance 'u_camera_ddr_arbiter/write_id[7]' of 'bmsWIDEDFFCPE' unit is dangling and will be cleaned.
W: Public-4008: Instance 'u_camera_ddr_arbiter/write_size[1]' of 'bmsWIDEDFFCPE' unit is dangling and will be cleaned.
W: Public-4008: Instance 'u_camera_ddr_arbiter/write_size[2]' of 'bmsWIDEDFFCPE' unit is dangling and will be cleaned.
W: Public-4008: Instance 'u_camera_ddr_arbiter/read_addr[0]' of 'bmsWIDEDFFCPE' unit is dangling and will be cleaned.
W: Public-4008: Instance 'u_camera_ddr_arbiter/read_addr[1]' of 'bmsWIDEDFFCPE' unit is dangling and will be cleaned.
W: Public-4008: Instance 'u_camera_ddr_arbiter/read_addr[2]' of 'bmsWIDEDFFCPE' unit is dangling and will be cleaned.
W: Public-4008: Instance 'u_camera_ddr_arbiter/read_addr[3]' of 'bmsWIDEDFFCPE' unit is dangling and will be cleaned.
W: Public-4008: Instance 'u_camera_ddr_arbiter/read_addr[4]' of 'bmsWIDEDFFCPE' unit is dangling and will be cleaned.
W: Public-4008: Instance 'u_stereo_merge/write_addr[1]' of 'bmsWIDEDFFCPE' unit is dangling and will be cleaned.
W: Public-4008: Instance 'u_stereo_merge/write_addr[2]' of 'bmsWIDEDFFCPE' unit is dangling and will be cleaned.
W: Public-4008: Instance 'u_stereo_merge/write_addr[3]' of 'bmsWIDEDFFCPE' unit is dangling and will be cleaned.
W: Public-4008: Instance 'u_stereo_merge/write_addr[4]' of 'bmsWIDEDFFCPE' unit is dangling and will be cleaned.
W: Public-4008: Instance 'u_ddr3_ctrl/u_ips_ddrc_top/mcdq_mac_top/mcdq_dcp_top/mcdq_dcp_back_ctrl/TRC_LOOP[7].trc_timing/timing_cnt[1]' of 'bmsWIDEDFFCPE' unit is dangling and will be cleaned.
W: Public-4008: Instance 'u_mem/ar_id_reg[1]' of 'bmsWIDEDFFCPE' unit is dangling and will be cleaned.
W: Public-4008: Instance 'u_mem/ar_id_reg[2]' of 'bmsWIDEDFFCPE' unit is dangling and will be cleaned.
W: Public-4008: Instance 'u_mem/ar_id_reg[3]' of 'bmsWIDEDFFCPE' unit is dangling and will be cleaned.
W: Public-4008: Instance 'u_mem/ar_len_reg[1]' of 'bmsWIDEDFFCPE' unit is dangling and will be cleaned.
W: Public-4008: Instance 'u_mem/ar_len_reg[2]' of 'bmsWIDEDFFCPE' unit is dangling and will be cleaned.
W: Public-4008: Instance 'u_mem/ar_len_reg[3]' of 'bmsWIDEDFFCPE' unit is dangling and will be cleaned.
W: Public-4008: Instance 'u_mem/ar_len_reg[4]' of 'bmsWIDEDFFCPE' unit is dangling and will be cleaned.
W: Public-4008: Instance 'u_mem/ar_len_reg[5]' of 'bmsWIDEDFFCPE' unit is dangling and will be cleaned.
W: Public-4008: Instance 'u_mem/ar_len_reg[6]' of 'bmsWIDEDFFCPE' unit is dangling and will be cleaned.
W: Public-4008: Instance 'u_mem/ar_len_reg[7]' of 'bmsWIDEDFFCPE' unit is dangling and will be cleaned.
W: Public-4008: Instance 'u_mem/aw_base_reg[0]' of 'bmsWIDEDFFCPE' unit is dangling and will be cleaned.
W: Public-4008: Instance 'u_mem/aw_base_reg[1]' of 'bmsWIDEDFFCPE' unit is dangling and will be cleaned.
W: Public-4008: Instance 'u_mem/aw_len_reg[1]' of 'bmsWIDEDFFCPE' unit is dangling and will be cleaned.
W: Public-4008: Instance 'u_mem/aw_len_reg[2]' of 'bmsWIDEDFFCPE' unit is dangling and will be cleaned.
W: Public-4008: Instance 'u_mem/aw_len_reg[3]' of 'bmsWIDEDFFCPE' unit is dangling and will be cleaned.
W: Public-4008: Instance 'u_mem/aw_len_reg[4]' of 'bmsWIDEDFFCPE' unit is dangling and will be cleaned.
W: Public-4008: Instance 'u_mem/aw_len_reg[5]' of 'bmsWIDEDFFCPE' unit is dangling and will be cleaned.
W: Public-4008: Instance 'u_mem/aw_len_reg[6]' of 'bmsWIDEDFFCPE' unit is dangling and will be cleaned.
W: Public-4008: Instance 'u_mem/aw_len_reg[7]' of 'bmsWIDEDFFCPE' unit is dangling and will be cleaned.
W: Public-4008: Instance 'u_mem/read_pending_id[1]' of 'bmsWIDEDFFCPE' unit is dangling and will be cleaned.
W: Public-4008: Instance 'u_mem/read_pending_id[2]' of 'bmsWIDEDFFCPE' unit is dangling and will be cleaned.
W: Public-4008: Instance 'u_mem/read_pending_id[3]' of 'bmsWIDEDFFCPE' unit is dangling and will be cleaned.
W: Public-4008: Instance 'u_mem/read_pending_len[1]' of 'bmsWIDEDFFCPE' unit is dangling and will be cleaned.
W: Public-4008: Instance 'u_mem/read_pending_len[2]' of 'bmsWIDEDFFCPE' unit is dangling and will be cleaned.
W: Public-4008: Instance 'u_mem/read_pending_len[3]' of 'bmsWIDEDFFCPE' unit is dangling and will be cleaned.
W: Public-4008: Instance 'u_mem/read_pending_len[4]' of 'bmsWIDEDFFCPE' unit is dangling and will be cleaned.
W: Public-4008: Instance 'u_mem/read_pending_len[5]' of 'bmsWIDEDFFCPE' unit is dangling and will be cleaned.
W: Public-4008: Instance 'u_mem/read_pending_len[6]' of 'bmsWIDEDFFCPE' unit is dangling and will be cleaned.
W: Public-4008: Instance 'u_mem/read_pending_len[7]' of 'bmsWIDEDFFCPE' unit is dangling and will be cleaned.
W: Public-4008: Instance 'u_mem/jtag_addr_reg[0]' of 'bmsWIDEDFFCPE' unit is dangling and will be cleaned.
W: Public-4008: Instance 'u_mem/jtag_addr_reg[1]' of 'bmsWIDEDFFCPE' unit is dangling and will be cleaned.
W: Public-4008: Instance 'u_mem/jtag_addr_reg[30]' of 'bmsWIDEDFFCPE' unit is dangling and will be cleaned.
W: Public-4008: Instance 'u_mem/jtag_addr_reg[31]' of 'bmsWIDEDFFCPE' unit is dangling and will be cleaned.
W: Public-4008: Instance 'u_stereo_merge/write_id[1]' of 'bmsWIDEDFFCPE' unit is dangling and will be cleaned.
W: Public-4008: Instance 'u_stereo_merge/write_id[2]' of 'bmsWIDEDFFCPE' unit is dangling and will be cleaned.
W: Public-4008: Instance 'u_stereo_merge/write_id[3]' of 'bmsWIDEDFFCPE' unit is dangling and will be cleaned.
W: Public-4008: Instance 'u_stereo_merge/write_id[4]' of 'bmsWIDEDFFCPE' unit is dangling and will be cleaned.
W: Public-4008: Instance 'u_stereo_merge/write_id[5]' of 'bmsWIDEDFFCPE' unit is dangling and will be cleaned.
W: Public-4008: Instance 'u_stereo_merge/write_id[7]' of 'bmsWIDEDFFCPE' unit is dangling and will be cleaned.
W: Public-4008: Instance 'u_mem/jtag_wmask_reg[1]' of 'bmsWIDEDFFCPE' unit is dangling and will be cleaned.
W: Public-4008: Instance 'u_mem/jtag_wmask_reg[2]' of 'bmsWIDEDFFCPE' unit is dangling and will be cleaned.
W: Public-4008: Instance 'u_mem/jtag_wmask_reg[3]' of 'bmsWIDEDFFCPE' unit is dangling and will be cleaned.
W: Public-4008: Instance 'u_cpu/u_axi_bridge/awaddr[0]' of 'bmsWIDEDFFRSE' unit is dangling and will be cleaned.
W: Public-4008: Instance 'u_cpu/u_axi_bridge/awaddr[1]' of 'bmsWIDEDFFRSE' unit is dangling and will be cleaned.
W: Public-4008: Instance 'u_cpu/u_axi_bridge/write_buffer_data[96]' of 'bmsWIDEDFFRSE' unit is dangling and will be cleaned.
W: Public-4008: Instance 'u_cpu/u_axi_bridge/write_buffer_data[97]' of 'bmsWIDEDFFRSE' unit is dangling and will be cleaned.
W: Public-4008: Instance 'u_cpu/u_axi_bridge/write_buffer_data[98]' of 'bmsWIDEDFFRSE' unit is dangling and will be cleaned.
W: Public-4008: Instance 'u_cpu/u_axi_bridge/write_buffer_data[99]' of 'bmsWIDEDFFRSE' unit is dangling and will be cleaned.
W: Public-4008: Instance 'u_cpu/u_axi_bridge/write_buffer_data[100]' of 'bmsWIDEDFFRSE' unit is dangling and will be cleaned.
W: Public-4008: Instance 'u_cpu/u_axi_bridge/write_buffer_data[101]' of 'bmsWIDEDFFRSE' unit is dangling and will be cleaned.
W: Public-4008: Instance 'u_cpu/u_axi_bridge/write_buffer_data[102]' of 'bmsWIDEDFFRSE' unit is dangling and will be cleaned.
W: Public-4008: Instance 'u_cpu/u_axi_bridge/write_buffer_data[103]' of 'bmsWIDEDFFRSE' unit is dangling and will be cleaned.
W: Public-4008: Instance 'u_cpu/u_axi_bridge/write_buffer_data[104]' of 'bmsWIDEDFFRSE' unit is dangling and will be cleaned.
W: Public-4008: Instance 'u_cpu/u_axi_bridge/write_buffer_data[105]' of 'bmsWIDEDFFRSE' unit is dangling and will be cleaned.
W: Public-4008: Instance 'u_cpu/u_axi_bridge/write_buffer_data[106]' of 'bmsWIDEDFFRSE' unit is dangling and will be cleaned.
W: Public-4008: Instance 'u_cpu/u_axi_bridge/write_buffer_data[107]' of 'bmsWIDEDFFRSE' unit is dangling and will be cleaned.
W: Public-4008: Instance 'u_cpu/u_axi_bridge/write_buffer_data[108]' of 'bmsWIDEDFFRSE' unit is dangling and will be cleaned.
W: Public-4008: Instance 'u_cpu/u_axi_bridge/write_buffer_data[109]' of 'bmsWIDEDFFRSE' unit is dangling and will be cleaned.
W: Public-4008: Instance 'u_cpu/u_axi_bridge/write_buffer_data[110]' of 'bmsWIDEDFFRSE' unit is dangling and will be cleaned.
W: Public-4008: Instance 'u_cpu/u_axi_bridge/write_buffer_data[111]' of 'bmsWIDEDFFRSE' unit is dangling and will be cleaned.
W: Public-4008: Instance 'u_cpu/u_axi_bridge/write_buffer_data[112]' of 'bmsWIDEDFFRSE' unit is dangling and will be cleaned.
W: Public-4008: Instance 'u_cpu/u_axi_bridge/write_buffer_data[113]' of 'bmsWIDEDFFRSE' unit is dangling and will be cleaned.
W: Public-4008: Instance 'u_cpu/u_axi_bridge/write_buffer_data[114]' of 'bmsWIDEDFFRSE' unit is dangling and will be cleaned.
W: Public-4008: Instance 'u_cpu/u_axi_bridge/write_buffer_data[115]' of 'bmsWIDEDFFRSE' unit is dangling and will be cleaned.
W: Public-4008: Instance 'u_cpu/u_axi_bridge/write_buffer_data[116]' of 'bmsWIDEDFFRSE' unit is dangling and will be cleaned.
W: Public-4008: Instance 'u_cpu/u_axi_bridge/write_buffer_data[117]' of 'bmsWIDEDFFRSE' unit is dangling and will be cleaned.
W: Public-4008: Instance 'u_cpu/u_axi_bridge/write_buffer_data[118]' of 'bmsWIDEDFFRSE' unit is dangling and will be cleaned.
W: Public-4008: Instance 'u_cpu/u_axi_bridge/write_buffer_data[119]' of 'bmsWIDEDFFRSE' unit is dangling and will be cleaned.
W: Public-4008: Instance 'u_cpu/u_axi_bridge/write_buffer_data[120]' of 'bmsWIDEDFFRSE' unit is dangling and will be cleaned.
W: Public-4008: Instance 'u_cpu/u_axi_bridge/write_buffer_data[121]' of 'bmsWIDEDFFRSE' unit is dangling and will be cleaned.
W: Public-4008: Instance 'u_cpu/u_axi_bridge/write_buffer_data[122]' of 'bmsWIDEDFFRSE' unit is dangling and will be cleaned.
W: Public-4008: Instance 'u_cpu/u_axi_bridge/write_buffer_data[123]' of 'bmsWIDEDFFRSE' unit is dangling and will be cleaned.
W: Public-4008: Instance 'u_cpu/u_axi_bridge/write_buffer_data[124]' of 'bmsWIDEDFFRSE' unit is dangling and will be cleaned.
W: Public-4008: Instance 'u_cpu/u_axi_bridge/write_buffer_data[125]' of 'bmsWIDEDFFRSE' unit is dangling and will be cleaned.
W: Public-4008: Instance 'u_cpu/u_axi_bridge/write_buffer_data[126]' of 'bmsWIDEDFFRSE' unit is dangling and will be cleaned.
W: Public-4008: Instance 'u_cpu/u_axi_bridge/write_buffer_data[127]' of 'bmsWIDEDFFRSE' unit is dangling and will be cleaned.
W: Public-4008: Instance 'u_cpu/u_axi_bridge/arid[1]' of 'bmsWIDEDFFRSE' unit is dangling and will be cleaned.
W: Public-4008: Instance 'u_cpu/u_axi_bridge/arid[2]' of 'bmsWIDEDFFRSE' unit is dangling and will be cleaned.
W: Public-4008: Instance 'u_cpu/u_axi_bridge/arid[3]' of 'bmsWIDEDFFRSE' unit is dangling and will be cleaned.
W: Public-4008: Instance 'u_cpu/u_axi_bridge/awlen[1]' of 'bmsWIDEDFFRSE' unit is dangling and will be cleaned.
W: Public-4008: Instance 'u_cpu/u_axi_bridge/awlen[2]' of 'bmsWIDEDFFRSE' unit is dangling and will be cleaned.
W: Public-4008: Instance 'u_cpu/u_axi_bridge/awlen[3]' of 'bmsWIDEDFFRSE' unit is dangling and will be cleaned.
W: Public-4008: Instance 'u_cpu/u_axi_bridge/awlen[4]' of 'bmsWIDEDFFRSE' unit is dangling and will be cleaned.
W: Public-4008: Instance 'u_cpu/u_axi_bridge/awlen[5]' of 'bmsWIDEDFFRSE' unit is dangling and will be cleaned.
W: Public-4008: Instance 'u_cpu/u_axi_bridge/awlen[6]' of 'bmsWIDEDFFRSE' unit is dangling and will be cleaned.
W: Public-4008: Instance 'u_cpu/u_axi_bridge/awlen[7]' of 'bmsWIDEDFFRSE' unit is dangling and will be cleaned.
W: Public-4008: Instance 'u_flash_ddr_boot/u_loader/ddr_req_addr[0]' of 'bmsWIDEDFFCPE' unit is dangling and will be cleaned.
W: Public-4008: Instance 'u_flash_ddr_boot/u_loader/ddr_req_addr[1]' of 'bmsWIDEDFFCPE' unit is dangling and will be cleaned.
W: Public-4008: Instance 'u_flash_ddr_boot/u_loader/ddr_req_addr[30]' of 'bmsWIDEDFFCPE' unit is dangling and will be cleaned.
W: Public-4008: Instance 'u_flash_ddr_boot/u_loader/ddr_req_addr[31]' of 'bmsWIDEDFFCPE' unit is dangling and will be cleaned.
W: Public-4008: Instance 'u_cpu/u_dcache/request_buffer_offset[0]' of 'bmsWIDEDFFRSE' unit is dangling and will be cleaned.
W: Public-4008: Instance 'u_cpu/u_dcache/request_buffer_offset[1]' of 'bmsWIDEDFFRSE' unit is dangling and will be cleaned.
W: Public-4008: Instance 'u_cpu/u_dcache/write_buffer_offset[0]' of 'bmsWIDEDFFRSE' unit is dangling and will be cleaned.
W: Public-4008: Instance 'u_cpu/u_dcache/write_buffer_offset[1]' of 'bmsWIDEDFFRSE' unit is dangling and will be cleaned.
W: Public-4008: Instance 'u_cpu/u_exu/u_mul/product_q[64]' of 'bmsWIDEDFFRSE' unit is dangling and will be cleaned.
W: Public-4008: Instance 'u_cpu/u_exu/u_mul/product_q[65]' of 'bmsWIDEDFFRSE' unit is dangling and will be cleaned.
W: Public-4008: Instance 'u_cpu/u_exu/ex_ins[7]' of 'bmsWIDEDFFRSE' unit is dangling and will be cleaned.
W: Public-4008: Instance 'u_cpu/u_exu/ex_ins[8]' of 'bmsWIDEDFFRSE' unit is dangling and will be cleaned.
W: Public-4008: Instance 'u_cpu/u_exu/ex_ins[9]' of 'bmsWIDEDFFRSE' unit is dangling and will be cleaned.
W: Public-4008: Instance 'u_cpu/u_exu/ex_ins[10]' of 'bmsWIDEDFFRSE' unit is dangling and will be cleaned.
W: Public-4008: Instance 'u_cpu/u_exu/ex_ins[11]' of 'bmsWIDEDFFRSE' unit is dangling and will be cleaned.
W: Public-4008: Instance 'u_cpu/u_exu/ex_ins[12]' of 'bmsWIDEDFFRSE' unit is dangling and will be cleaned.
W: Public-4008: Instance 'u_cpu/u_exu/ex_ins[13]' of 'bmsWIDEDFFRSE' unit is dangling and will be cleaned.
W: Public-4008: Instance 'u_cpu/u_exu/ex_ins[14]' of 'bmsWIDEDFFRSE' unit is dangling and will be cleaned.
W: Public-4008: Instance 'u_cpu/u_exu/ex_ins[15]' of 'bmsWIDEDFFRSE' unit is dangling and will be cleaned.
W: Public-4008: Instance 'u_cpu/u_exu/ex_ins[16]' of 'bmsWIDEDFFRSE' unit is dangling and will be cleaned.
W: Public-4008: Instance 'u_cpu/u_exu/ex_ins[17]' of 'bmsWIDEDFFRSE' unit is dangling and will be cleaned.
W: Public-4008: Instance 'u_cpu/u_exu/ex_ins[18]' of 'bmsWIDEDFFRSE' unit is dangling and will be cleaned.
W: Public-4008: Instance 'u_cpu/u_exu/ex_ins[19]' of 'bmsWIDEDFFRSE' unit is dangling and will be cleaned.
W: Public-4008: Instance 'u_cpu/u_exu/ex_ins[20]' of 'bmsWIDEDFFRSE' unit is dangling and will be cleaned.
W: Public-4008: Instance 'u_cpu/u_exu/ex_ins[21]' of 'bmsWIDEDFFRSE' unit is dangling and will be cleaned.
W: Public-4008: Instance 'u_cpu/u_exu/ex_ins[22]' of 'bmsWIDEDFFRSE' unit is dangling and will be cleaned.
W: Public-4008: Instance 'u_cpu/u_exu/ex_ins[23]' of 'bmsWIDEDFFRSE' unit is dangling and will be cleaned.
W: Public-4008: Instance 'u_cpu/u_exu/ex_ins[24]' of 'bmsWIDEDFFRSE' unit is dangling and will be cleaned.
W: Public-4008: Instance 'u_cpu/u_exu/ex_ins[25]' of 'bmsWIDEDFFRSE' unit is dangling and will be cleaned.
W: Public-4008: Instance 'u_cpu/u_exu/ex_ins[26]' of 'bmsWIDEDFFRSE' unit is dangling and will be cleaned.
W: Public-4008: Instance 'u_cpu/u_exu/ex_ins[27]' of 'bmsWIDEDFFRSE' unit is dangling and will be cleaned.
W: Public-4008: Instance 'u_cpu/u_exu/ex_ins[28]' of 'bmsWIDEDFFRSE' unit is dangling and will be cleaned.
W: Public-4008: Instance 'u_cpu/u_exu/ex_ins[29]' of 'bmsWIDEDFFRSE' unit is dangling and will be cleaned.
W: Public-4008: Instance 'u_cpu/u_exu/ex_ins[30]' of 'bmsWIDEDFFRSE' unit is dangling and will be cleaned.
W: Public-4008: Instance 'u_cpu/u_exu/ex_ins[31]' of 'bmsWIDEDFFRSE' unit is dangling and will be cleaned.
W: Public-4008: Instance 'u_cpu/u_exu/u_csr/csr_mtvec[0]' of 'bmsWIDEDFFRSE' unit is dangling and will be cleaned.
W: Public-4008: Instance 'u_cpu/u_exu/u_csr/csr_mtvec[1]' of 'bmsWIDEDFFRSE' unit is dangling and will be cleaned.
W: Public-4008: Instance 'u_cpu/u_exu/u_csr/csr_mepc[0]' of 'bmsWIDEDFFRSE' unit is dangling and will be cleaned.
W: Public-4008: Instance 'u_cpu/u_exu/u_csr/csr_mepc[1]' of 'bmsWIDEDFFRSE' unit is dangling and will be cleaned.
W: Public-4008: Instance 'u_cpu/u_exu/u_csr/csr_mie[0]' of 'bmsWIDEDFFRSE' unit is dangling and will be cleaned.
W: Public-4008: Instance 'u_cpu/u_exu/u_csr/csr_mie[1]' of 'bmsWIDEDFFRSE' unit is dangling and will be cleaned.
W: Public-4008: Instance 'u_cpu/u_exu/u_csr/csr_mie[2]' of 'bmsWIDEDFFRSE' unit is dangling and will be cleaned.
W: Public-4008: Instance 'u_cpu/u_exu/u_csr/csr_mie[3]' of 'bmsWIDEDFFRSE' unit is dangling and will be cleaned.
W: Public-4008: Instance 'u_cpu/u_exu/u_csr/csr_mie[4]' of 'bmsWIDEDFFRSE' unit is dangling and will be cleaned.
W: Public-4008: Instance 'u_cpu/u_exu/u_csr/csr_mie[5]' of 'bmsWIDEDFFRSE' unit is dangling and will be cleaned.
W: Public-4008: Instance 'u_cpu/u_exu/u_csr/csr_mie[6]' of 'bmsWIDEDFFRSE' unit is dangling and will be cleaned.
W: Public-4008: Instance 'u_cpu/u_exu/u_csr/csr_mie[8]' of 'bmsWIDEDFFRSE' unit is dangling and will be cleaned.
W: Public-4008: Instance 'u_cpu/u_exu/u_csr/csr_mie[9]' of 'bmsWIDEDFFRSE' unit is dangling and will be cleaned.
W: Public-4008: Instance 'u_cpu/u_exu/u_csr/csr_mie[10]' of 'bmsWIDEDFFRSE' unit is dangling and will be cleaned.
W: Public-4008: Instance 'u_cpu/u_exu/u_csr/csr_mie[12]' of 'bmsWIDEDFFRSE' unit is dangling and will be cleaned.
W: Public-4008: Instance 'u_cpu/u_exu/u_csr/csr_mie[13]' of 'bmsWIDEDFFRSE' unit is dangling and will be cleaned.
W: Public-4008: Instance 'u_cpu/u_exu/u_csr/csr_mie[14]' of 'bmsWIDEDFFRSE' unit is dangling and will be cleaned.
W: Public-4008: Instance 'u_cpu/u_exu/u_csr/csr_mie[15]' of 'bmsWIDEDFFRSE' unit is dangling and will be cleaned.
W: Public-4008: Instance 'u_cpu/u_exu/u_csr/csr_mie[16]' of 'bmsWIDEDFFRSE' unit is dangling and will be cleaned.
W: Public-4008: Instance 'u_cpu/u_exu/u_csr/csr_mie[17]' of 'bmsWIDEDFFRSE' unit is dangling and will be cleaned.
W: Public-4008: Instance 'u_cpu/u_exu/u_csr/csr_mie[18]' of 'bmsWIDEDFFRSE' unit is dangling and will be cleaned.
W: Public-4008: Instance 'u_cpu/u_exu/u_csr/csr_mie[19]' of 'bmsWIDEDFFRSE' unit is dangling and will be cleaned.
W: Public-4008: Instance 'u_cpu/u_exu/u_csr/csr_mie[20]' of 'bmsWIDEDFFRSE' unit is dangling and will be cleaned.
W: Public-4008: Instance 'u_cpu/u_exu/u_csr/csr_mie[21]' of 'bmsWIDEDFFRSE' unit is dangling and will be cleaned.
W: Public-4008: Instance 'u_cpu/u_exu/u_csr/csr_mie[22]' of 'bmsWIDEDFFRSE' unit is dangling and will be cleaned.
W: Public-4008: Instance 'u_cpu/u_exu/u_csr/csr_mie[23]' of 'bmsWIDEDFFRSE' unit is dangling and will be cleaned.
W: Public-4008: Instance 'u_cpu/u_exu/u_csr/csr_mie[24]' of 'bmsWIDEDFFRSE' unit is dangling and will be cleaned.
W: Public-4008: Instance 'u_cpu/u_exu/u_csr/csr_mie[25]' of 'bmsWIDEDFFRSE' unit is dangling and will be cleaned.
W: Public-4008: Instance 'u_cpu/u_exu/u_csr/csr_mie[26]' of 'bmsWIDEDFFRSE' unit is dangling and will be cleaned.
W: Public-4008: Instance 'u_cpu/u_exu/u_csr/csr_mie[27]' of 'bmsWIDEDFFRSE' unit is dangling and will be cleaned.
W: Public-4008: Instance 'u_cpu/u_exu/u_csr/csr_mie[28]' of 'bmsWIDEDFFRSE' unit is dangling and will be cleaned.
W: Public-4008: Instance 'u_cpu/u_exu/u_csr/csr_mie[29]' of 'bmsWIDEDFFRSE' unit is dangling and will be cleaned.
W: Public-4008: Instance 'u_cpu/u_exu/u_csr/csr_mie[30]' of 'bmsWIDEDFFRSE' unit is dangling and will be cleaned.
W: Public-4008: Instance 'u_cpu/u_exu/u_csr/csr_mie[31]' of 'bmsWIDEDFFRSE' unit is dangling and will be cleaned.
W: Public-4008: Instance 'u_cpu/u_exu/u_csr/csr_mstatus[0]' of 'bmsWIDEDFFRSE' unit is dangling and will be cleaned.
W: Public-4008: Instance 'u_cpu/u_exu/u_csr/csr_mstatus[1]' of 'bmsWIDEDFFRSE' unit is dangling and will be cleaned.
W: Public-4008: Instance 'u_cpu/u_exu/u_csr/csr_mstatus[2]' of 'bmsWIDEDFFRSE' unit is dangling and will be cleaned.
W: Public-4008: Instance 'u_cpu/u_exu/u_csr/csr_mstatus[4]' of 'bmsWIDEDFFRSE' unit is dangling and will be cleaned.
W: Public-4008: Instance 'u_cpu/u_exu/u_csr/csr_mstatus[5]' of 'bmsWIDEDFFRSE' unit is dangling and will be cleaned.
W: Public-4008: Instance 'u_cpu/u_exu/u_csr/csr_mstatus[6]' of 'bmsWIDEDFFRSE' unit is dangling and will be cleaned.
W: Public-4008: Instance 'u_cpu/u_exu/u_csr/csr_mstatus[8]' of 'bmsWIDEDFFRSE' unit is dangling and will be cleaned.
W: Public-4008: Instance 'u_cpu/u_exu/u_csr/csr_mstatus[9]' of 'bmsWIDEDFFRSE' unit is dangling and will be cleaned.
W: Public-4008: Instance 'u_cpu/u_exu/u_csr/csr_mstatus[10]' of 'bmsWIDEDFFRSE' unit is dangling and will be cleaned.
W: Public-4008: Instance 'u_cpu/u_exu/u_csr/csr_mstatus[11]' of 'bmsWIDEDFFRSE' unit is dangling and will be cleaned.
W: Public-4008: Instance 'u_cpu/u_exu/u_csr/csr_mstatus[12]' of 'bmsWIDEDFFRSE' unit is dangling and will be cleaned.
W: Public-4008: Instance 'u_cpu/u_exu/u_csr/csr_mstatus[13]' of 'bmsWIDEDFFRSE' unit is dangling and will be cleaned.
W: Public-4008: Instance 'u_cpu/u_exu/u_csr/csr_mstatus[14]' of 'bmsWIDEDFFRSE' unit is dangling and will be cleaned.
W: Public-4008: Instance 'u_cpu/u_exu/u_csr/csr_mstatus[15]' of 'bmsWIDEDFFRSE' unit is dangling and will be cleaned.
W: Public-4008: Instance 'u_cpu/u_exu/u_csr/csr_mstatus[16]' of 'bmsWIDEDFFRSE' unit is dangling and will be cleaned.
W: Public-4008: Instance 'u_cpu/u_exu/u_csr/csr_mstatus[17]' of 'bmsWIDEDFFRSE' unit is dangling and will be cleaned.
W: Public-4008: Instance 'u_cpu/u_exu/u_csr/csr_mstatus[18]' of 'bmsWIDEDFFRSE' unit is dangling and will be cleaned.
W: Public-4008: Instance 'u_cpu/u_exu/u_csr/csr_mstatus[19]' of 'bmsWIDEDFFRSE' unit is dangling and will be cleaned.
W: Public-4008: Instance 'u_cpu/u_exu/u_csr/csr_mstatus[20]' of 'bmsWIDEDFFRSE' unit is dangling and will be cleaned.
W: Public-4008: Instance 'u_cpu/u_exu/u_csr/csr_mstatus[21]' of 'bmsWIDEDFFRSE' unit is dangling and will be cleaned.
W: Public-4008: Instance 'u_cpu/u_exu/u_csr/csr_mstatus[22]' of 'bmsWIDEDFFRSE' unit is dangling and will be cleaned.
W: Public-4008: Instance 'u_cpu/u_exu/u_csr/csr_mstatus[23]' of 'bmsWIDEDFFRSE' unit is dangling and will be cleaned.
W: Public-4008: Instance 'u_cpu/u_exu/u_csr/csr_mstatus[24]' of 'bmsWIDEDFFRSE' unit is dangling and will be cleaned.
W: Public-4008: Instance 'u_cpu/u_exu/u_csr/csr_mstatus[25]' of 'bmsWIDEDFFRSE' unit is dangling and will be cleaned.
W: Public-4008: Instance 'u_cpu/u_exu/u_csr/csr_mstatus[26]' of 'bmsWIDEDFFRSE' unit is dangling and will be cleaned.
W: Public-4008: Instance 'u_cpu/u_exu/u_csr/csr_mstatus[27]' of 'bmsWIDEDFFRSE' unit is dangling and will be cleaned.
W: Public-4008: Instance 'u_cpu/u_exu/u_csr/csr_mstatus[28]' of 'bmsWIDEDFFRSE' unit is dangling and will be cleaned.
W: Public-4008: Instance 'u_cpu/u_exu/u_csr/csr_mstatus[29]' of 'bmsWIDEDFFRSE' unit is dangling and will be cleaned.
W: Public-4008: Instance 'u_cpu/u_exu/u_csr/csr_mstatus[30]' of 'bmsWIDEDFFRSE' unit is dangling and will be cleaned.
W: Public-4008: Instance 'u_cpu/u_exu/u_csr/csr_mstatus[31]' of 'bmsWIDEDFFRSE' unit is dangling and will be cleaned.
W: Public-4008: Instance 'u_cpu/u_exu/u_div/count[5]' of 'bmsWIDEDFFRSE' unit is dangling and will be cleaned.
W: Public-4008: Instance 'u_cpu/u_exu/u_div/quotient_work[31]' of 'bmsWIDEDFFRSE' unit is dangling and will be cleaned.
W: Public-4008: Instance 'u_cpu/u_icache/hold_pc[0]' of 'bmsWIDEDFFRSE' unit is dangling and will be cleaned.
W: Public-4008: Instance 'u_cpu/u_icache/hold_pc[1]' of 'bmsWIDEDFFRSE' unit is dangling and will be cleaned.
W: Public-4008: Instance 'u_cpu/u_icache/hold_pc[2]' of 'bmsWIDEDFFRSE' unit is dangling and will be cleaned.
W: Public-4008: Instance 'u_cpu/u_icache/hold_pc[3]' of 'bmsWIDEDFFRSE' unit is dangling and will be cleaned.
W: Public-4008: Instance 'u_ddr3_ctrl/u_ips_ddrc_top/mcdq_mac_top/mcdq_dcp_top/mcdq_dcp_back_ctrl/tfaw_timing/TFAW_LOOP[1].mcdq_tfaw/timing_cnt[0]' of 'bmsWIDEDFFCPE' unit is dangling and will be cleaned.
W: Public-4008: Instance 'u_stereo_merge/write_size[1]' of 'bmsWIDEDFFCPE' unit is dangling and will be cleaned.
W: Public-4008: Instance 'u_stereo_merge/write_size[2]' of 'bmsWIDEDFFCPE' unit is dangling and will be cleaned.
W: Public-4008: Instance 'u_ddr3_ctrl/u_ips_ddrc_top/mcdq_axi_mc/axi0_in_bid[1]' of 'bmsWIDEDFFCPE' unit is dangling and will be cleaned.
W: Public-4008: Instance 'u_ddr3_ctrl/u_ips_ddrc_top/mcdq_axi_mc/axi0_in_bid[2]' of 'bmsWIDEDFFCPE' unit is dangling and will be cleaned.
W: Public-4008: Instance 'u_ddr3_ctrl/u_ips_ddrc_top/mcdq_axi_mc/axi0_in_bid[3]' of 'bmsWIDEDFFCPE' unit is dangling and will be cleaned.
W: Public-4008: Instance 'u_ddr3_ctrl/u_ips_ddrc_top/mcdq_axi_mc/axi0_in_bid[4]' of 'bmsWIDEDFFCPE' unit is dangling and will be cleaned.
W: Public-4008: Instance 'u_ddr3_ctrl/u_ips_ddrc_top/mcdq_axi_mc/axi0_in_bid[5]' of 'bmsWIDEDFFCPE' unit is dangling and will be cleaned.
W: Public-4008: Instance 'u_ddr3_ctrl/u_ips_ddrc_top/mcdq_axi_mc/axi0_in_bid[7]' of 'bmsWIDEDFFCPE' unit is dangling and will be cleaned.
W: Public-4008: Instance 'u_ddr3_ctrl/u_ips_ddrc_top/mcdq_axi_mc/axi0_in_bresp[1]' of 'bmsWIDEDFFCPE' unit is dangling and will be cleaned.
W: Public-4008: Instance 'u_ddr3_ctrl/u_ips_ddrc_top/mcdq_axi_mc/mcdq_axi_channel0/mcdq_axi_wdata_align/axi_align_awdata[0]' of 'bmsWIDEDFFRSE' unit is dangling and will be cleaned.
W: Public-4008: Instance 'u_ddr3_ctrl/u_ips_ddrc_top/mcdq_axi_mc/mcdq_axi_channel0/mcdq_axi_wdata_align/axi_align_awdata[1]' of 'bmsWIDEDFFRSE' unit is dangling and will be cleaned.
W: Public-4008: Instance 'u_ddr3_ctrl/u_ips_ddrc_top/mcdq_axi_mc/mcdq_axi_channel0/mcdq_axi_wdata_align/axi_align_awdata[2]' of 'bmsWIDEDFFRSE' unit is dangling and will be cleaned.
W: Public-4008: Instance 'u_ddr3_ctrl/u_ips_ddrc_top/mcdq_axi_mc/mcdq_axi_channel0/mcdq_axi_wdata_align/axi_align_awdata[29]' of 'bmsWIDEDFFRSE' unit is dangling and will be cleaned.
W: Public-4008: Instance 'u_ddr3_ctrl/u_ips_ddrc_top/mcdq_axi_mc/mcdq_axi_channel0/mcdq_axi_wdata_align/axi_align_awdata[30]' of 'bmsWIDEDFFRSE' unit is dangling and will be cleaned.
W: Public-4008: Instance 'u_ddr3_ctrl/u_ips_ddrc_top/mcdq_axi_mc/mcdq_axi_channel0/mcdq_axi_wdata_align/axi_align_awdata[31]' of 'bmsWIDEDFFRSE' unit is dangling and will be cleaned.
W: Public-4008: Instance 'u_ddr3_ctrl/u_ips_ddrc_top/mcdq_axi_mc/mcdq_axi_channel0/mcdq_axi_wdata_align/axi_align_awdata[32]' of 'bmsWIDEDFFRSE' unit is dangling and will be cleaned.
W: Public-4008: Instance 'u_ddr3_ctrl/u_ips_ddrc_top/mcdq_axi_mc/mcdq_axi_channel0/mcdq_axi_wdata_align/axi_align_awdata[33]' of 'bmsWIDEDFFRSE' unit is dangling and will be cleaned.
W: Public-4008: Instance 'u_ddr3_ctrl/u_ips_ddrc_top/mcdq_axi_mc/mcdq_axi_channel0/mcdq_axi_wdata_align/axi_align_awdata[35]' of 'bmsWIDEDFFRSE' unit is dangling and will be cleaned.
W: Public-4008: Instance 'u_ddr3_ctrl/u_ips_ddrc_top/mcdq_axi_mc/mcdq_axi_channel0/mcdq_axi_wdata_align/genblk3.axi_wlen_align[8]' of 'bmsWIDEDFFCPE' unit is dangling and will be cleaned.
W: Public-4008: Instance 'u_ddr3_ctrl/u_ips_ddrc_top/mcdq_axi_mc/mcdq_axi_channel0/mcdq_axi_wdata_align/trans_end_addr[5]' of 'bmsWIDEDFFCPE' unit is dangling and will be cleaned.
W: Public-4008: Instance 'u_ddr3_ctrl/u_ips_ddrc_top/mcdq_axi_mc/mcdq_axi_channel0/mcdq_axi_wdata_align/trans_end_addr[6]' of 'bmsWIDEDFFCPE' unit is dangling and will be cleaned.
W: Public-4008: Instance 'u_ddr3_ctrl/u_ips_ddrc_top/mcdq_axi_mc/mcdq_axi_channel0/mcdq_axi_wdata_align/trans_start_addr[5]' of 'bmsWIDEDFFCPE' unit is dangling and will be cleaned.
W: Public-4008: Instance 'u_ddr3_ctrl/u_ips_ddrc_top/mcdq_axi_mc/mcdq_axi_channel0/mcdq_axi_wdata_align/trans_start_addr[6]' of 'bmsWIDEDFFCPE' unit is dangling and will be cleaned.
W: Public-4008: Instance 'u_ddr3_ctrl/u_ips_ddrc_top/mcdq_axi_mc/mcdq_axi_channel0/mcdq_axi_wdata_align/u_axi_wrcmd_align_fifo/data_out[0]' of 'bmsWIDEDFFRSE' unit is dangling and will be cleaned.
W: Public-4008: Instance 'u_ddr3_ctrl/u_ips_ddrc_top/mcdq_axi_mc/mcdq_axi_channel0/mcdq_axi_wdata_align/u_axi_wrcmd_align_fifo/data_out[1]' of 'bmsWIDEDFFRSE' unit is dangling and will be cleaned.
W: Public-4008: Instance 'u_ddr3_ctrl/u_ips_ddrc_top/mcdq_axi_mc/mcdq_axi_channel0/mcdq_axi_wdata_align/u_axi_wrcmd_align_fifo/data_out[2]' of 'bmsWIDEDFFRSE' unit is dangling and will be cleaned.
W: Public-4008: Instance 'u_ddr3_ctrl/u_ips_ddrc_top/mcdq_axi_mc/mcdq_axi_channel0/mcdq_axi_wdata_align/u_axi_wrcmd_align_fifo/data_out[29]' of 'bmsWIDEDFFRSE' unit is dangling and will be cleaned.
W: Public-4008: Instance 'u_ddr3_ctrl/u_ips_ddrc_top/mcdq_axi_mc/mcdq_axi_channel0/mcdq_axi_wdata_align/u_axi_wrcmd_align_fifo/data_out[30]' of 'bmsWIDEDFFRSE' unit is dangling and will be cleaned.
W: Public-4008: Instance 'u_ddr3_ctrl/u_ips_ddrc_top/mcdq_axi_mc/mcdq_axi_channel0/mcdq_axi_wdata_align/u_axi_wrcmd_align_fifo/data_out[31]' of 'bmsWIDEDFFRSE' unit is dangling and will be cleaned.
W: Public-4008: Instance 'u_ddr3_ctrl/u_ips_ddrc_top/mcdq_axi_mc/mcdq_axi_channel0/mcdq_axi_wdata_align/u_axi_wrcmd_align_fifo/data_out[32]' of 'bmsWIDEDFFRSE' unit is dangling and will be cleaned.
W: Public-4008: Instance 'u_ddr3_ctrl/u_ips_ddrc_top/mcdq_axi_mc/mcdq_axi_channel0/mcdq_axi_wdata_align/u_axi_wrcmd_align_fifo/data_out[33]' of 'bmsWIDEDFFRSE' unit is dangling and will be cleaned.
W: Public-4008: Instance 'u_ddr3_ctrl/u_ips_ddrc_top/mcdq_axi_mc/mcdq_axi_channel0/mcdq_axi_wdata_align/u_axi_wrcmd_align_fifo/data_out[35]' of 'bmsWIDEDFFRSE' unit is dangling and will be cleaned.
W: Public-4008: Instance 'u_ddr3_ctrl/u_ips_ddrc_top/mcdq_axi_mc/mcdq_axi_cmd_arb/arb_cmddata_out[0]' of 'bmsWIDEDFFRSE' unit is dangling and will be cleaned.
W: Public-4008: Instance 'u_ddr3_ctrl/u_ips_ddrc_top/mcdq_axi_mc/mcdq_axi_cmd_arb/arb_cmddata_out[1]' of 'bmsWIDEDFFRSE' unit is dangling and will be cleaned.
W: Public-4008: Instance 'u_ddr3_ctrl/u_ips_ddrc_top/mcdq_axi_mc/mcdq_axi_cmd_arb/arb_cmddata_out[29]' of 'bmsWIDEDFFRSE' unit is dangling and will be cleaned.
W: Public-4008: Instance 'u_ddr3_ctrl/u_ips_ddrc_top/mcdq_axi_mc/mcdq_axi_cmd_arb/arb_cmddata_out[30]' of 'bmsWIDEDFFRSE' unit is dangling and will be cleaned.
W: Public-4008: Instance 'u_ddr3_ctrl/u_ips_ddrc_top/mcdq_axi_mc/mcdq_axi_cmd_arb/arb_cmddata_out[31]' of 'bmsWIDEDFFRSE' unit is dangling and will be cleaned.
W: Public-4008: Instance 'u_ddr3_ctrl/u_ips_ddrc_top/mcdq_axi_mc/mcdq_axi_cmd_arb/arb_cmddata_out[32]' of 'bmsWIDEDFFRSE' unit is dangling and will be cleaned.
W: Public-4008: Instance 'u_ddr3_ctrl/u_ips_ddrc_top/mcdq_axi_mc/mcdq_axi_cmd_arb/arb_cmddata_out[33]' of 'bmsWIDEDFFRSE' unit is dangling and will be cleaned.
W: Public-4008: Instance 'u_ddr3_ctrl/u_ips_ddrc_top/mcdq_axi_mc/mcdq_axi_cmd_arb/arb_cmddata_out[35]' of 'bmsWIDEDFFRSE' unit is dangling and will be cleaned.
W: Public-4008: Instance 'u_ddr3_ctrl/u_ips_ddrc_top/mcdq_axi_mc/mcdq_axi_cmd_arb/arb_cmddata_out[42]' of 'bmsWIDEDFFRSE' unit is dangling and will be cleaned.
W: Public-4008: Instance 'u_ddr3_ctrl/u_ips_ddrc_top/mcdq_axi_mc/mcdq_axi_cmd_arb/arb_cmddata_out[43]' of 'bmsWIDEDFFRSE' unit is dangling and will be cleaned.
W: Public-4008: Instance 'u_ddr3_ctrl/u_ips_ddrc_top/mcdq_axi_mc/mcdq_axi_cmd_arb/axi_bid[1]' of 'bmsWIDEDFFCPE' unit is dangling and will be cleaned.
W: Public-4008: Instance 'u_ddr3_ctrl/u_ips_ddrc_top/mcdq_axi_mc/mcdq_axi_cmd_arb/axi_bid[2]' of 'bmsWIDEDFFCPE' unit is dangling and will be cleaned.
W: Public-4008: Instance 'u_ddr3_ctrl/u_ips_ddrc_top/mcdq_axi_mc/mcdq_axi_cmd_arb/axi_bid[3]' of 'bmsWIDEDFFCPE' unit is dangling and will be cleaned.
W: Public-4008: Instance 'u_ddr3_ctrl/u_ips_ddrc_top/mcdq_axi_mc/mcdq_axi_cmd_arb/axi_bid[4]' of 'bmsWIDEDFFCPE' unit is dangling and will be cleaned.
W: Public-4008: Instance 'u_ddr3_ctrl/u_ips_ddrc_top/mcdq_axi_mc/mcdq_axi_cmd_arb/axi_bid[5]' of 'bmsWIDEDFFCPE' unit is dangling and will be cleaned.
W: Public-4008: Instance 'u_ddr3_ctrl/u_ips_ddrc_top/mcdq_axi_mc/mcdq_axi_cmd_arb/axi_bid[7]' of 'bmsWIDEDFFCPE' unit is dangling and will be cleaned.
W: Public-4008: Instance 'u_ddr3_ctrl/u_ips_ddrc_top/mcdq_axi_mc/mcdq_axi_cmd_arb/axi_bresp[1]' of 'bmsWIDEDFFCPE' unit is dangling and will be cleaned.
W: Public-4008: Instance 'u_ddr3_ctrl/u_ips_ddrc_top/mcdq_axi_mc/mcdq_axi_cmd_arb/mcdq_axi_dec/pre_addr[0]' of 'bmsWIDEDFFCPE' unit is dangling and will be cleaned.
W: Public-4008: Instance 'u_ddr3_ctrl/u_ips_ddrc_top/mcdq_axi_mc/mcdq_axi_cmd_arb/mcdq_axi_dec/pre_addr[1]' of 'bmsWIDEDFFCPE' unit is dangling and will be cleaned.
W: Public-4008: Instance 'u_ddr3_ctrl/u_ips_ddrc_top/mcdq_axi_mc/mcdq_axi_cmd_arb/mcdq_axi_dec/pre_id[1]' of 'bmsWIDEDFFCPE' unit is dangling and will be cleaned.
W: Public-4008: Instance 'u_ddr3_ctrl/u_ips_ddrc_top/mcdq_axi_mc/mcdq_axi_cmd_arb/mcdq_axi_dec/pre_id[2]' of 'bmsWIDEDFFCPE' unit is dangling and will be cleaned.
W: Public-4008: Instance 'u_ddr3_ctrl/u_ips_ddrc_top/mcdq_axi_mc/mcdq_axi_cmd_arb/mcdq_axi_dec/pre_id[3]' of 'bmsWIDEDFFCPE' unit is dangling and will be cleaned.
W: Public-4008: Instance 'u_ddr3_ctrl/u_ips_ddrc_top/mcdq_axi_mc/mcdq_axi_cmd_arb/mcdq_axi_dec/pre_id[4]' of 'bmsWIDEDFFCPE' unit is dangling and will be cleaned.
W: Public-4008: Instance 'u_ddr3_ctrl/u_ips_ddrc_top/mcdq_axi_mc/mcdq_axi_cmd_arb/mcdq_axi_dec/pre_id[5]' of 'bmsWIDEDFFCPE' unit is dangling and will be cleaned.
W: Public-4008: Instance 'u_ddr3_ctrl/u_ips_ddrc_top/mcdq_axi_mc/mcdq_axi_cmd_arb/mcdq_axi_dec/pre_id[7]' of 'bmsWIDEDFFCPE' unit is dangling and will be cleaned.
W: Public-4008: Instance 'u_ddr3_ctrl/u_ips_ddrc_top/mcdq_axi_mc/mcdq_axi_cmd_arb/mcdq_axi_dec/u_user_cmd_fifo/data_0[0]' of 'bmsWIDEDFFCPE' unit is dangling and will be cleaned.
W: Public-4008: Instance 'u_ddr3_ctrl/u_ips_ddrc_top/mcdq_axi_mc/mcdq_axi_cmd_arb/mcdq_axi_dec/u_user_cmd_fifo/data_0[1]' of 'bmsWIDEDFFCPE' unit is dangling and will be cleaned.
W: Public-4008: Instance 'u_ddr3_ctrl/u_ips_ddrc_top/mcdq_axi_mc/mcdq_axi_cmd_arb/mcdq_axi_dec/u_user_cmd_fifo/data_0[29]' of 'bmsWIDEDFFCPE' unit is dangling and will be cleaned.
W: Public-4008: Instance 'u_ddr3_ctrl/u_ips_ddrc_top/mcdq_axi_mc/mcdq_axi_cmd_arb/mcdq_axi_dec/u_user_cmd_fifo/data_0[30]' of 'bmsWIDEDFFCPE' unit is dangling and will be cleaned.
W: Public-4008: Instance 'u_ddr3_ctrl/u_ips_ddrc_top/mcdq_axi_mc/mcdq_axi_cmd_arb/mcdq_axi_dec/u_user_cmd_fifo/data_0[31]' of 'bmsWIDEDFFCPE' unit is dangling and will be cleaned.
W: Public-4008: Instance 'u_ddr3_ctrl/u_ips_ddrc_top/mcdq_axi_mc/mcdq_axi_cmd_arb/mcdq_axi_dec/u_user_cmd_fifo/data_0[32]' of 'bmsWIDEDFFCPE' unit is dangling and will be cleaned.
W: Public-4008: Instance 'u_ddr3_ctrl/u_ips_ddrc_top/mcdq_axi_mc/mcdq_axi_cmd_arb/mcdq_axi_dec/u_user_cmd_fifo/data_0[33]' of 'bmsWIDEDFFCPE' unit is dangling and will be cleaned.
W: Public-4008: Instance 'u_ddr3_ctrl/u_ips_ddrc_top/mcdq_axi_mc/mcdq_axi_cmd_arb/mcdq_axi_dec/u_user_cmd_fifo/data_0[35]' of 'bmsWIDEDFFCPE' unit is dangling and will be cleaned.
W: Public-4008: Instance 'u_ddr3_ctrl/u_ips_ddrc_top/mcdq_axi_mc/mcdq_axi_cmd_arb/mcdq_axi_dec/u_user_cmd_fifo/data_0[42]' of 'bmsWIDEDFFCPE' unit is dangling and will be cleaned.
W: Public-4008: Instance 'u_ddr3_ctrl/u_ips_ddrc_top/mcdq_axi_mc/mcdq_axi_cmd_arb/mcdq_axi_dec/u_user_cmd_fifo/data_0[43]' of 'bmsWIDEDFFCPE' unit is dangling and will be cleaned.
W: Public-4008: Instance 'u_ddr3_ctrl/u_ips_ddrc_top/mcdq_axi_mc/mcdq_axi_cmd_arb/mcdq_axi_dec/u_user_cmd_fifo/data_1[0]' of 'bmsWIDEDFFCPE' unit is dangling and will be cleaned.
W: Public-4008: Instance 'u_ddr3_ctrl/u_ips_ddrc_top/mcdq_axi_mc/mcdq_axi_cmd_arb/mcdq_axi_dec/u_user_cmd_fifo/data_1[1]' of 'bmsWIDEDFFCPE' unit is dangling and will be cleaned.
W: Public-4008: Instance 'u_ddr3_ctrl/u_ips_ddrc_top/mcdq_axi_mc/mcdq_axi_cmd_arb/mcdq_axi_dec/u_user_cmd_fifo/data_1[29]' of 'bmsWIDEDFFCPE' unit is dangling and will be cleaned.
W: Public-4008: Instance 'u_ddr3_ctrl/u_ips_ddrc_top/mcdq_axi_mc/mcdq_axi_cmd_arb/mcdq_axi_dec/u_user_cmd_fifo/data_1[30]' of 'bmsWIDEDFFCPE' unit is dangling and will be cleaned.
W: Public-4008: Instance 'u_ddr3_ctrl/u_ips_ddrc_top/mcdq_axi_mc/mcdq_axi_cmd_arb/mcdq_axi_dec/u_user_cmd_fifo/data_1[31]' of 'bmsWIDEDFFCPE' unit is dangling and will be cleaned.
W: Public-4008: Instance 'u_ddr3_ctrl/u_ips_ddrc_top/mcdq_axi_mc/mcdq_axi_cmd_arb/mcdq_axi_dec/u_user_cmd_fifo/data_1[32]' of 'bmsWIDEDFFCPE' unit is dangling and will be cleaned.
W: Public-4008: Instance 'u_ddr3_ctrl/u_ips_ddrc_top/mcdq_axi_mc/mcdq_axi_cmd_arb/mcdq_axi_dec/u_user_cmd_fifo/data_1[33]' of 'bmsWIDEDFFCPE' unit is dangling and will be cleaned.
W: Public-4008: Instance 'u_ddr3_ctrl/u_ips_ddrc_top/mcdq_axi_mc/mcdq_axi_cmd_arb/mcdq_axi_dec/u_user_cmd_fifo/data_1[35]' of 'bmsWIDEDFFCPE' unit is dangling and will be cleaned.
W: Public-4008: Instance 'u_ddr3_ctrl/u_ips_ddrc_top/mcdq_axi_mc/mcdq_axi_cmd_arb/mcdq_axi_dec/u_user_cmd_fifo/data_1[42]' of 'bmsWIDEDFFCPE' unit is dangling and will be cleaned.
W: Public-4008: Instance 'u_ddr3_ctrl/u_ips_ddrc_top/mcdq_axi_mc/mcdq_axi_cmd_arb/mcdq_axi_dec/u_user_cmd_fifo/data_1[43]' of 'bmsWIDEDFFCPE' unit is dangling and will be cleaned.
W: Public-4008: Instance 'u_ddr3_ctrl/u_ips_ddrc_top/mcdq_axi_mc/mcdq_axi_channel0/mcdq_axi_bresp_buf/u_axi_bresp_fifo/data_out[1]' of 'bmsWIDEDFFRSE' unit is dangling and will be cleaned.
W: Public-4008: Instance 'u_ddr3_ctrl/u_ips_ddrc_top/mcdq_axi_mc/mcdq_axi_channel0/mcdq_axi_bresp_buf/u_axi_bresp_fifo/data_out[3]' of 'bmsWIDEDFFRSE' unit is dangling and will be cleaned.
W: Public-4008: Instance 'u_ddr3_ctrl/u_ips_ddrc_top/mcdq_axi_mc/mcdq_axi_channel0/mcdq_axi_bresp_buf/u_axi_bresp_fifo/data_out[4]' of 'bmsWIDEDFFRSE' unit is dangling and will be cleaned.
W: Public-4008: Instance 'u_ddr3_ctrl/u_ips_ddrc_top/mcdq_axi_mc/mcdq_axi_channel0/mcdq_axi_bresp_buf/u_axi_bresp_fifo/data_out[5]' of 'bmsWIDEDFFRSE' unit is dangling and will be cleaned.
W: Public-4008: Instance 'u_ddr3_ctrl/u_ips_ddrc_top/mcdq_axi_mc/mcdq_axi_channel0/mcdq_axi_bresp_buf/u_axi_bresp_fifo/data_out[6]' of 'bmsWIDEDFFRSE' unit is dangling and will be cleaned.
W: Public-4008: Instance 'u_ddr3_ctrl/u_ips_ddrc_top/mcdq_axi_mc/mcdq_axi_channel0/mcdq_axi_bresp_buf/u_axi_bresp_fifo/data_out[7]' of 'bmsWIDEDFFRSE' unit is dangling and will be cleaned.
W: Public-4008: Instance 'u_ddr3_ctrl/u_ips_ddrc_top/mcdq_axi_mc/mcdq_axi_channel0/mcdq_axi_bresp_buf/u_axi_bresp_fifo/data_out[9]' of 'bmsWIDEDFFRSE' unit is dangling and will be cleaned.
W: Public-4008: Instance 'u_ddr3_ctrl/u_ips_ddrc_top/mcdq_axi_mc/mcdq_axi_channel0/mcdq_axi_buf/axi_ardata[0]' of 'bmsWIDEDFFRSE' unit is dangling and will be cleaned.
W: Public-4008: Instance 'u_ddr3_ctrl/u_ips_ddrc_top/mcdq_axi_mc/mcdq_axi_channel0/mcdq_axi_buf/axi_ardata[1]' of 'bmsWIDEDFFRSE' unit is dangling and will be cleaned.
W: Public-4008: Instance 'u_ddr3_ctrl/u_ips_ddrc_top/mcdq_axi_mc/mcdq_axi_channel0/mcdq_axi_buf/axi_ardata[2]' of 'bmsWIDEDFFRSE' unit is dangling and will be cleaned.
W: Public-4008: Instance 'u_ddr3_ctrl/u_ips_ddrc_top/mcdq_axi_mc/mcdq_axi_channel0/mcdq_axi_buf/axi_ardata[3]' of 'bmsWIDEDFFRSE' unit is dangling and will be cleaned.
W: Public-4008: Instance 'u_ddr3_ctrl/u_ips_ddrc_top/mcdq_axi_mc/mcdq_axi_channel0/mcdq_axi_buf/axi_ardata[4]' of 'bmsWIDEDFFRSE' unit is dangling and will be cleaned.
W: Public-4008: Instance 'u_ddr3_ctrl/u_ips_ddrc_top/mcdq_axi_mc/mcdq_axi_channel0/mcdq_axi_buf/axi_ardata[30]' of 'bmsWIDEDFFRSE' unit is dangling and will be cleaned.
W: Public-4008: Instance 'u_ddr3_ctrl/u_ips_ddrc_top/mcdq_axi_mc/mcdq_axi_channel0/mcdq_axi_buf/axi_ardata[31]' of 'bmsWIDEDFFRSE' unit is dangling and will be cleaned.
W: Public-4008: Instance 'u_ddr3_ctrl/u_ips_ddrc_top/mcdq_axi_mc/mcdq_axi_channel0/mcdq_axi_buf/axi_ardata[32]' of 'bmsWIDEDFFRSE' unit is dangling and will be cleaned.
W: Public-4008: Instance 'u_ddr3_ctrl/u_ips_ddrc_top/mcdq_axi_mc/mcdq_axi_channel0/mcdq_axi_buf/axi_ardata[33]' of 'bmsWIDEDFFRSE' unit is dangling and will be cleaned.
W: Public-4008: Instance 'u_ddr3_ctrl/u_ips_ddrc_top/mcdq_axi_mc/mcdq_axi_channel0/mcdq_axi_buf/axi_ardata[34]' of 'bmsWIDEDFFRSE' unit is dangling and will be cleaned.
W: Public-4008: Instance 'u_ddr3_ctrl/u_ips_ddrc_top/mcdq_axi_mc/mcdq_axi_channel0/mcdq_axi_buf/axi_ardata[35]' of 'bmsWIDEDFFRSE' unit is dangling and will be cleaned.
W: Public-4008: Instance 'u_ddr3_ctrl/u_ips_ddrc_top/mcdq_axi_mc/mcdq_axi_channel0/mcdq_axi_buf/axi_ardata[36]' of 'bmsWIDEDFFRSE' unit is dangling and will be cleaned.
W: Public-4008: Instance 'u_ddr3_ctrl/u_ips_ddrc_top/mcdq_axi_mc/mcdq_axi_channel0/mcdq_axi_buf/axi_ardata[37]' of 'bmsWIDEDFFRSE' unit is dangling and will be cleaned.
W: Public-4008: Instance 'u_ddr3_ctrl/u_ips_ddrc_top/mcdq_axi_mc/mcdq_axi_channel0/mcdq_axi_buf/axi_ardata[38]' of 'bmsWIDEDFFRSE' unit is dangling and will be cleaned.
W: Public-4008: Instance 'u_ddr3_ctrl/u_ips_ddrc_top/mcdq_axi_mc/mcdq_axi_channel0/mcdq_axi_buf/axi_ardata[39]' of 'bmsWIDEDFFRSE' unit is dangling and will be cleaned.
W: Public-4008: Instance 'u_ddr3_ctrl/u_ips_ddrc_top/mcdq_axi_mc/mcdq_axi_channel0/mcdq_axi_buf/axi_ardata[40]' of 'bmsWIDEDFFRSE' unit is dangling and will be cleaned.
W: Public-4008: Instance 'u_ddr3_ctrl/u_ips_ddrc_top/mcdq_axi_mc/mcdq_axi_channel0/mcdq_axi_buf/axi_ardata[41]' of 'bmsWIDEDFFRSE' unit is dangling and will be cleaned.
W: Public-4008: Instance 'u_ddr3_ctrl/u_ips_ddrc_top/mcdq_axi_mc/mcdq_axi_channel0/mcdq_axi_buf/axi_ardata[42]' of 'bmsWIDEDFFRSE' unit is dangling and will be cleaned.
W: Public-4008: Instance 'u_ddr3_ctrl/u_ips_ddrc_top/mcdq_axi_mc/mcdq_axi_channel0/mcdq_axi_buf/axi_ardata[43]' of 'bmsWIDEDFFRSE' unit is dangling and will be cleaned.
W: Public-4008: Instance 'u_ddr3_ctrl/u_ips_ddrc_top/mcdq_axi_mc/mcdq_axi_channel0/mcdq_axi_buf/axi_ardata[44]' of 'bmsWIDEDFFRSE' unit is dangling and will be cleaned.
W: Public-4008: Instance 'u_ddr3_ctrl/u_ips_ddrc_top/mcdq_axi_mc/mcdq_axi_channel0/mcdq_axi_buf/axi_ardata[45]' of 'bmsWIDEDFFRSE' unit is dangling and will be cleaned.
W: Public-4008: Instance 'u_ddr3_ctrl/u_ips_ddrc_top/mcdq_axi_mc/mcdq_axi_channel0/mcdq_axi_buf/axi_ardata[47]' of 'bmsWIDEDFFRSE' unit is dangling and will be cleaned.
W: Public-4008: Instance 'u_ddr3_ctrl/u_ips_ddrc_top/mcdq_axi_mc/mcdq_axi_channel0/mcdq_axi_buf/axi_ardata[48]' of 'bmsWIDEDFFRSE' unit is dangling and will be cleaned.
W: Public-4008: Instance 'u_ddr3_ctrl/u_ips_ddrc_top/mcdq_axi_mc/mcdq_axi_channel0/mcdq_axi_buf/axi_ardata[49]' of 'bmsWIDEDFFRSE' unit is dangling and will be cleaned.
W: Public-4008: Instance 'u_ddr3_ctrl/u_ips_ddrc_top/mcdq_axi_mc/mcdq_axi_channel0/mcdq_axi_buf/axi_ardata[50]' of 'bmsWIDEDFFRSE' unit is dangling and will be cleaned.
W: Public-4008: Instance 'u_ddr3_ctrl/u_ips_ddrc_top/mcdq_axi_mc/mcdq_axi_channel0/mcdq_axi_buf/axi_awdata[1]' of 'bmsWIDEDFFRSE' unit is dangling and will be cleaned.
W: Public-4008: Instance 'u_ddr3_ctrl/u_ips_ddrc_top/mcdq_axi_mc/mcdq_axi_channel0/mcdq_axi_buf/axi_awdata[2]' of 'bmsWIDEDFFRSE' unit is dangling and will be cleaned.
W: Public-4008: Instance 'u_ddr3_ctrl/u_ips_ddrc_top/mcdq_axi_mc/mcdq_axi_channel0/mcdq_axi_buf/axi_awdata[3]' of 'bmsWIDEDFFRSE' unit is dangling and will be cleaned.
W: Public-4008: Instance 'u_ddr3_ctrl/u_ips_ddrc_top/mcdq_axi_mc/mcdq_axi_channel0/mcdq_axi_buf/axi_awdata[4]' of 'bmsWIDEDFFRSE' unit is dangling and will be cleaned.
W: Public-4008: Instance 'u_ddr3_ctrl/u_ips_ddrc_top/mcdq_axi_mc/mcdq_axi_channel0/mcdq_axi_buf/axi_awdata[31]' of 'bmsWIDEDFFRSE' unit is dangling and will be cleaned.
W: Public-4008: Instance 'u_ddr3_ctrl/u_ips_ddrc_top/mcdq_axi_mc/mcdq_axi_channel0/mcdq_axi_buf/axi_awdata[32]' of 'bmsWIDEDFFRSE' unit is dangling and will be cleaned.
W: Public-4008: Instance 'u_ddr3_ctrl/u_ips_ddrc_top/mcdq_axi_mc/mcdq_axi_channel0/mcdq_axi_buf/axi_awdata[33]' of 'bmsWIDEDFFRSE' unit is dangling and will be cleaned.
W: Public-4008: Instance 'u_ddr3_ctrl/u_ips_ddrc_top/mcdq_axi_mc/mcdq_axi_channel0/mcdq_axi_buf/axi_awdata[34]' of 'bmsWIDEDFFRSE' unit is dangling and will be cleaned.
W: Public-4008: Instance 'u_ddr3_ctrl/u_ips_ddrc_top/mcdq_axi_mc/mcdq_axi_channel0/mcdq_axi_buf/axi_awdata[35]' of 'bmsWIDEDFFRSE' unit is dangling and will be cleaned.
W: Public-4008: Instance 'u_ddr3_ctrl/u_ips_ddrc_top/mcdq_axi_mc/mcdq_axi_channel0/mcdq_axi_buf/axi_awdata[37]' of 'bmsWIDEDFFRSE' unit is dangling and will be cleaned.
W: Public-4008: Instance 'u_ddr3_ctrl/u_ips_ddrc_top/mcdq_axi_mc/mcdq_axi_channel0/mcdq_axi_buf/axi_awdata[38]' of 'bmsWIDEDFFRSE' unit is dangling and will be cleaned.
W: Public-4008: Instance 'u_ddr3_ctrl/u_ips_ddrc_top/mcdq_axi_mc/mcdq_axi_channel0/mcdq_axi_buf/axi_awdata[39]' of 'bmsWIDEDFFRSE' unit is dangling and will be cleaned.
W: Public-4008: Instance 'u_ddr3_ctrl/u_ips_ddrc_top/mcdq_axi_mc/mcdq_axi_channel0/mcdq_axi_buf/axi_awdata[40]' of 'bmsWIDEDFFRSE' unit is dangling and will be cleaned.
W: Public-4008: Instance 'u_ddr3_ctrl/u_ips_ddrc_top/mcdq_axi_mc/mcdq_axi_channel0/mcdq_axi_buf/axi_awdata[41]' of 'bmsWIDEDFFRSE' unit is dangling and will be cleaned.
W: Public-4008: Instance 'u_ddr3_ctrl/u_ips_ddrc_top/mcdq_axi_mc/mcdq_axi_channel0/mcdq_axi_buf/axi_awdata[42]' of 'bmsWIDEDFFRSE' unit is dangling and will be cleaned.
W: Public-4008: Instance 'u_ddr3_ctrl/u_ips_ddrc_top/mcdq_axi_mc/mcdq_axi_channel0/mcdq_axi_buf/axi_awdata[43]' of 'bmsWIDEDFFRSE' unit is dangling and will be cleaned.
W: Public-4008: Instance 'u_ddr3_ctrl/u_ips_ddrc_top/mcdq_axi_mc/mcdq_axi_channel0/mcdq_axi_buf/axi_awdata[44]' of 'bmsWIDEDFFRSE' unit is dangling and will be cleaned.
W: Public-4008: Instance 'u_ddr3_ctrl/u_ips_ddrc_top/mcdq_axi_mc/mcdq_axi_channel0/mcdq_axi_buf/axi_awdata[45]' of 'bmsWIDEDFFRSE' unit is dangling and will be cleaned.
W: Public-4008: Instance 'u_ddr3_ctrl/u_ips_ddrc_top/mcdq_axi_mc/mcdq_axi_channel0/mcdq_axi_buf/axi_awdata[47]' of 'bmsWIDEDFFRSE' unit is dangling and will be cleaned.
W: Public-4008: Instance 'u_ddr3_ctrl/u_ips_ddrc_top/mcdq_axi_mc/mcdq_axi_channel0/mcdq_axi_buf/axi_awdata[48]' of 'bmsWIDEDFFRSE' unit is dangling and will be cleaned.
W: Public-4008: Instance 'u_ddr3_ctrl/u_ips_ddrc_top/mcdq_axi_mc/mcdq_axi_channel0/mcdq_axi_buf/axi_awdata[49]' of 'bmsWIDEDFFRSE' unit is dangling and will be cleaned.
W: Public-4008: Instance 'u_ddr3_ctrl/u_ips_ddrc_top/mcdq_axi_mc/mcdq_axi_channel0/mcdq_axi_buf/axi_awdata[50]' of 'bmsWIDEDFFRSE' unit is dangling and will be cleaned.
W: Public-4008: Instance 'u_ddr3_ctrl/u_ips_ddrc_top/mcdq_axi_mc/mcdq_axi_channel0/mcdq_axi_buf/axi_wdata_all[0]' of 'bmsWIDEDFFRSE' unit is dangling and will be cleaned.
W: Public-4008: Instance 'u_ddr3_ctrl/u_ips_ddrc_top/mcdq_axi_mc/mcdq_axi_channel0/mcdq_axi_buf/u_axi_rdcmd_fifo/data_out[0]' of 'bmsWIDEDFFRSE' unit is dangling and will be cleaned.
W: Public-4008: Instance 'u_ddr3_ctrl/u_ips_ddrc_top/mcdq_axi_mc/mcdq_axi_channel0/mcdq_axi_buf/u_axi_rdcmd_fifo/data_out[1]' of 'bmsWIDEDFFRSE' unit is dangling and will be cleaned.
W: Public-4008: Instance 'u_ddr3_ctrl/u_ips_ddrc_top/mcdq_axi_mc/mcdq_axi_channel0/mcdq_axi_buf/u_axi_rdcmd_fifo/data_out[2]' of 'bmsWIDEDFFRSE' unit is dangling and will be cleaned.
W: Public-4008: Instance 'u_ddr3_ctrl/u_ips_ddrc_top/mcdq_axi_mc/mcdq_axi_channel0/mcdq_axi_buf/u_axi_rdcmd_fifo/data_out[3]' of 'bmsWIDEDFFRSE' unit is dangling and will be cleaned.
W: Public-4008: Instance 'u_ddr3_ctrl/u_ips_ddrc_top/mcdq_axi_mc/mcdq_axi_channel0/mcdq_axi_buf/u_axi_rdcmd_fifo/data_out[4]' of 'bmsWIDEDFFRSE' unit is dangling and will be cleaned.
W: Public-4008: Instance 'u_ddr3_ctrl/u_ips_ddrc_top/mcdq_axi_mc/mcdq_axi_channel0/mcdq_axi_buf/u_axi_rdcmd_fifo/data_out[30]' of 'bmsWIDEDFFRSE' unit is dangling and will be cleaned.
W: Public-4008: Instance 'u_ddr3_ctrl/u_ips_ddrc_top/mcdq_axi_mc/mcdq_axi_channel0/mcdq_axi_buf/u_axi_rdcmd_fifo/data_out[31]' of 'bmsWIDEDFFRSE' unit is dangling and will be cleaned.
W: Public-4008: Instance 'u_ddr3_ctrl/u_ips_ddrc_top/mcdq_axi_mc/mcdq_axi_channel0/mcdq_axi_buf/u_axi_rdcmd_fifo/data_out[32]' of 'bmsWIDEDFFRSE' unit is dangling and will be cleaned.
W: Public-4008: Instance 'u_ddr3_ctrl/u_ips_ddrc_top/mcdq_axi_mc/mcdq_axi_channel0/mcdq_axi_buf/u_axi_rdcmd_fifo/data_out[33]' of 'bmsWIDEDFFRSE' unit is dangling and will be cleaned.
W: Public-4008: Instance 'u_ddr3_ctrl/u_ips_ddrc_top/mcdq_axi_mc/mcdq_axi_channel0/mcdq_axi_buf/u_axi_rdcmd_fifo/data_out[34]' of 'bmsWIDEDFFRSE' unit is dangling and will be cleaned.
W: Public-4008: Instance 'u_ddr3_ctrl/u_ips_ddrc_top/mcdq_axi_mc/mcdq_axi_channel0/mcdq_axi_buf/u_axi_rdcmd_fifo/data_out[35]' of 'bmsWIDEDFFRSE' unit is dangling and will be cleaned.
W: Public-4008: Instance 'u_ddr3_ctrl/u_ips_ddrc_top/mcdq_axi_mc/mcdq_axi_channel0/mcdq_axi_buf/u_axi_rdcmd_fifo/data_out[36]' of 'bmsWIDEDFFRSE' unit is dangling and will be cleaned.
W: Public-4008: Instance 'u_ddr3_ctrl/u_ips_ddrc_top/mcdq_axi_mc/mcdq_axi_channel0/mcdq_axi_buf/u_axi_rdcmd_fifo/data_out[37]' of 'bmsWIDEDFFRSE' unit is dangling and will be cleaned.
W: Public-4008: Instance 'u_ddr3_ctrl/u_ips_ddrc_top/mcdq_axi_mc/mcdq_axi_channel0/mcdq_axi_buf/u_axi_rdcmd_fifo/data_out[38]' of 'bmsWIDEDFFRSE' unit is dangling and will be cleaned.
W: Public-4008: Instance 'u_ddr3_ctrl/u_ips_ddrc_top/mcdq_axi_mc/mcdq_axi_channel0/mcdq_axi_buf/u_axi_rdcmd_fifo/data_out[39]' of 'bmsWIDEDFFRSE' unit is dangling and will be cleaned.
W: Public-4008: Instance 'u_ddr3_ctrl/u_ips_ddrc_top/mcdq_axi_mc/mcdq_axi_channel0/mcdq_axi_buf/u_axi_rdcmd_fifo/data_out[40]' of 'bmsWIDEDFFRSE' unit is dangling and will be cleaned.
W: Public-4008: Instance 'u_ddr3_ctrl/u_ips_ddrc_top/mcdq_axi_mc/mcdq_axi_channel0/mcdq_axi_buf/u_axi_rdcmd_fifo/data_out[41]' of 'bmsWIDEDFFRSE' unit is dangling and will be cleaned.
W: Public-4008: Instance 'u_ddr3_ctrl/u_ips_ddrc_top/mcdq_axi_mc/mcdq_axi_channel0/mcdq_axi_buf/u_axi_rdcmd_fifo/data_out[42]' of 'bmsWIDEDFFRSE' unit is dangling and will be cleaned.
W: Public-4008: Instance 'u_ddr3_ctrl/u_ips_ddrc_top/mcdq_axi_mc/mcdq_axi_channel0/mcdq_axi_buf/u_axi_rdcmd_fifo/data_out[43]' of 'bmsWIDEDFFRSE' unit is dangling and will be cleaned.
W: Public-4008: Instance 'u_ddr3_ctrl/u_ips_ddrc_top/mcdq_axi_mc/mcdq_axi_channel0/mcdq_axi_buf/u_axi_rdcmd_fifo/data_out[44]' of 'bmsWIDEDFFRSE' unit is dangling and will be cleaned.
W: Public-4008: Instance 'u_ddr3_ctrl/u_ips_ddrc_top/mcdq_axi_mc/mcdq_axi_channel0/mcdq_axi_buf/u_axi_rdcmd_fifo/data_out[45]' of 'bmsWIDEDFFRSE' unit is dangling and will be cleaned.
W: Public-4008: Instance 'u_ddr3_ctrl/u_ips_ddrc_top/mcdq_axi_mc/mcdq_axi_channel0/mcdq_axi_buf/u_axi_rdcmd_fifo/data_out[47]' of 'bmsWIDEDFFRSE' unit is dangling and will be cleaned.
W: Public-4008: Instance 'u_ddr3_ctrl/u_ips_ddrc_top/mcdq_axi_mc/mcdq_axi_channel0/mcdq_axi_buf/u_axi_rdcmd_fifo/data_out[48]' of 'bmsWIDEDFFRSE' unit is dangling and will be cleaned.
W: Public-4008: Instance 'u_ddr3_ctrl/u_ips_ddrc_top/mcdq_axi_mc/mcdq_axi_channel0/mcdq_axi_buf/u_axi_rdcmd_fifo/data_out[49]' of 'bmsWIDEDFFRSE' unit is dangling and will be cleaned.
W: Public-4008: Instance 'u_ddr3_ctrl/u_ips_ddrc_top/mcdq_axi_mc/mcdq_axi_channel0/mcdq_axi_buf/u_axi_rdcmd_fifo/data_out[50]' of 'bmsWIDEDFFRSE' unit is dangling and will be cleaned.
W: Public-4008: Instance 'u_ddr3_ctrl/u_ips_ddrc_top/mcdq_axi_mc/mcdq_axi_channel0/mcdq_axi_buf/u_axi_wrcmd_fifo/data_out[2]' of 'bmsWIDEDFFRSE' unit is dangling and will be cleaned.
W: Public-4008: Instance 'u_ddr3_ctrl/u_ips_ddrc_top/mcdq_axi_mc/mcdq_axi_channel0/mcdq_axi_buf/u_axi_wrcmd_fifo/data_out[3]' of 'bmsWIDEDFFRSE' unit is dangling and will be cleaned.
W: Public-4008: Instance 'u_ddr3_ctrl/u_ips_ddrc_top/mcdq_axi_mc/mcdq_axi_channel0/mcdq_axi_buf/u_axi_wrcmd_fifo/data_out[31]' of 'bmsWIDEDFFRSE' unit is dangling and will be cleaned.
W: Public-4008: Instance 'u_ddr3_ctrl/u_ips_ddrc_top/mcdq_axi_mc/mcdq_axi_channel0/mcdq_axi_buf/u_axi_wrcmd_fifo/data_out[32]' of 'bmsWIDEDFFRSE' unit is dangling and will be cleaned.
W: Public-4008: Instance 'u_ddr3_ctrl/u_ips_ddrc_top/mcdq_axi_mc/mcdq_axi_channel0/mcdq_axi_buf/u_axi_wrcmd_fifo/data_out[33]' of 'bmsWIDEDFFRSE' unit is dangling and will be cleaned.
W: Public-4008: Instance 'u_ddr3_ctrl/u_ips_ddrc_top/mcdq_axi_mc/mcdq_axi_channel0/mcdq_axi_buf/u_axi_wrcmd_fifo/data_out[34]' of 'bmsWIDEDFFRSE' unit is dangling and will be cleaned.
W: Public-4008: Instance 'u_ddr3_ctrl/u_ips_ddrc_top/mcdq_axi_mc/mcdq_axi_channel0/mcdq_axi_buf/u_axi_wrcmd_fifo/data_out[35]' of 'bmsWIDEDFFRSE' unit is dangling and will be cleaned.
W: Public-4008: Instance 'u_ddr3_ctrl/u_ips_ddrc_top/mcdq_axi_mc/mcdq_axi_channel0/mcdq_axi_buf/u_axi_wrcmd_fifo/data_out[37]' of 'bmsWIDEDFFRSE' unit is dangling and will be cleaned.
W: Public-4008: Instance 'u_ddr3_ctrl/u_ips_ddrc_top/mcdq_axi_mc/mcdq_axi_channel0/mcdq_axi_buf/u_axi_wrcmd_fifo/data_out[38]' of 'bmsWIDEDFFRSE' unit is dangling and will be cleaned.
W: Public-4008: Instance 'u_ddr3_ctrl/u_ips_ddrc_top/mcdq_axi_mc/mcdq_axi_channel0/mcdq_axi_buf/u_axi_wrcmd_fifo/data_out[39]' of 'bmsWIDEDFFRSE' unit is dangling and will be cleaned.
W: Public-4008: Instance 'u_ddr3_ctrl/u_ips_ddrc_top/mcdq_axi_mc/mcdq_axi_channel0/mcdq_axi_buf/u_axi_wrcmd_fifo/data_out[40]' of 'bmsWIDEDFFRSE' unit is dangling and will be cleaned.
W: Public-4008: Instance 'u_ddr3_ctrl/u_ips_ddrc_top/mcdq_axi_mc/mcdq_axi_channel0/mcdq_axi_buf/u_axi_wrcmd_fifo/data_out[41]' of 'bmsWIDEDFFRSE' unit is dangling and will be cleaned.
W: Public-4008: Instance 'u_ddr3_ctrl/u_ips_ddrc_top/mcdq_axi_mc/mcdq_axi_channel0/mcdq_axi_buf/u_axi_wrcmd_fifo/data_out[42]' of 'bmsWIDEDFFRSE' unit is dangling and will be cleaned.
W: Public-4008: Instance 'u_ddr3_ctrl/u_ips_ddrc_top/mcdq_axi_mc/mcdq_axi_channel0/mcdq_axi_buf/u_axi_wrcmd_fifo/data_out[43]' of 'bmsWIDEDFFRSE' unit is dangling and will be cleaned.
W: Public-4008: Instance 'u_ddr3_ctrl/u_ips_ddrc_top/mcdq_axi_mc/mcdq_axi_channel0/mcdq_axi_buf/u_axi_wrcmd_fifo/data_out[44]' of 'bmsWIDEDFFRSE' unit is dangling and will be cleaned.
W: Public-4008: Instance 'u_ddr3_ctrl/u_ips_ddrc_top/mcdq_axi_mc/mcdq_axi_channel0/mcdq_axi_buf/u_axi_wrcmd_fifo/data_out[45]' of 'bmsWIDEDFFRSE' unit is dangling and will be cleaned.
W: Public-4008: Instance 'u_ddr3_ctrl/u_ips_ddrc_top/mcdq_axi_mc/mcdq_axi_channel0/mcdq_axi_buf/u_axi_wrcmd_fifo/data_out[47]' of 'bmsWIDEDFFRSE' unit is dangling and will be cleaned.
W: Public-4008: Instance 'u_ddr3_ctrl/u_ips_ddrc_top/mcdq_axi_mc/mcdq_axi_channel0/mcdq_axi_buf/u_axi_wrcmd_fifo/data_out[48]' of 'bmsWIDEDFFRSE' unit is dangling and will be cleaned.
W: Public-4008: Instance 'u_ddr3_ctrl/u_ips_ddrc_top/mcdq_axi_mc/mcdq_axi_channel0/mcdq_axi_buf/u_axi_wrcmd_fifo/data_out[49]' of 'bmsWIDEDFFRSE' unit is dangling and will be cleaned.
W: Public-4008: Instance 'u_ddr3_ctrl/u_ips_ddrc_top/mcdq_axi_mc/mcdq_axi_channel0/mcdq_axi_buf/u_axi_wrcmd_fifo/data_out[50]' of 'bmsWIDEDFFRSE' unit is dangling and will be cleaned.
W: Public-4008: Instance 'u_ddr3_ctrl/u_ips_ddrc_top/mcdq_axi_mc/mcdq_axi_channel0/mcdq_axi_rdata_align/axi_back_ardata_in_pre[1]' of 'bmsWIDEDFFRSE' unit is dangling and will be cleaned.
W: Public-4008: Instance 'u_ddr3_ctrl/u_ips_ddrc_top/mcdq_axi_mc/mcdq_axi_channel0/mcdq_axi_rdata_align/axi_back_ardata_in_pre[2]' of 'bmsWIDEDFFRSE' unit is dangling and will be cleaned.
W: Public-4008: Instance 'u_ddr3_ctrl/u_ips_ddrc_top/mcdq_axi_mc/mcdq_axi_channel0/mcdq_axi_rdata_align/axi_back_ardata_in_pre[3]' of 'bmsWIDEDFFRSE' unit is dangling and will be cleaned.
W: Public-4008: Instance 'u_ddr3_ctrl/u_ips_ddrc_top/mcdq_axi_mc/mcdq_axi_channel0/mcdq_axi_rdata_align/axi_back_ardata_in_pre[4]' of 'bmsWIDEDFFRSE' unit is dangling and will be cleaned.
W: Public-4008: Instance 'u_ddr3_ctrl/u_ips_ddrc_top/mcdq_axi_mc/mcdq_axi_channel0/mcdq_axi_rdata_align/axi_back_ardata_in_pre[5]' of 'bmsWIDEDFFRSE' unit is dangling and will be cleaned.
W: Public-4008: Instance 'u_ddr3_ctrl/u_ips_ddrc_top/mcdq_axi_mc/mcdq_axi_channel0/mcdq_axi_rdata_align/axi_back_ardata_in_pre[6]' of 'bmsWIDEDFFRSE' unit is dangling and will be cleaned.
W: Public-4008: Instance 'u_ddr3_ctrl/u_ips_ddrc_top/mcdq_axi_mc/mcdq_axi_channel0/mcdq_axi_rdata_align/axi_back_ardata_in_pre[8]' of 'bmsWIDEDFFRSE' unit is dangling and will be cleaned.
W: Public-4008: Instance 'u_ddr3_ctrl/u_ips_ddrc_top/mcdq_axi_mc/mcdq_axi_channel0/mcdq_axi_rdata_align/axi_back_ardata_in_pre[9]' of 'bmsWIDEDFFRSE' unit is dangling and will be cleaned.
W: Public-4008: Instance 'u_ddr3_ctrl/u_ips_ddrc_top/mcdq_axi_mc/mcdq_axi_channel0/mcdq_axi_rdata_align/axi_back_ardata_in_pre[10]' of 'bmsWIDEDFFRSE' unit is dangling and will be cleaned.
W: Public-4008: Instance 'u_ddr3_ctrl/u_ips_ddrc_top/mcdq_axi_mc/mcdq_axi_channel0/mcdq_axi_rdata_align/axi_back_ardata_in_pre[11]' of 'bmsWIDEDFFRSE' unit is dangling and will be cleaned.
W: Public-4008: Instance 'u_ddr3_ctrl/u_ips_ddrc_top/mcdq_axi_mc/mcdq_axi_channel0/mcdq_axi_rdata_align/axi_back_ardata_in_pre[12]' of 'bmsWIDEDFFRSE' unit is dangling and will be cleaned.
W: Public-4008: Instance 'u_ddr3_ctrl/u_ips_ddrc_top/mcdq_axi_mc/mcdq_axi_channel0/mcdq_axi_rdata_align/axi_back_ardata_in_pre[13]' of 'bmsWIDEDFFRSE' unit is dangling and will be cleaned.
W: Public-4008: Instance 'u_ddr3_ctrl/u_ips_ddrc_top/mcdq_axi_mc/mcdq_axi_channel0/mcdq_axi_rdata_align/axi_back_ardata_in_pre[14]' of 'bmsWIDEDFFRSE' unit is dangling and will be cleaned.
W: Public-4008: Instance 'u_ddr3_ctrl/u_ips_ddrc_top/mcdq_axi_mc/mcdq_axi_channel0/mcdq_axi_rdata_align/axi_back_ardata_in_pre[15]' of 'bmsWIDEDFFRSE' unit is dangling and will be cleaned.
W: Public-4008: Instance 'u_ddr3_ctrl/u_ips_ddrc_top/mcdq_axi_mc/mcdq_axi_channel0/mcdq_axi_rdata_align/axi_back_ardata_in_pre[16]' of 'bmsWIDEDFFRSE' unit is dangling and will be cleaned.
W: Public-4008: Instance 'u_ddr3_ctrl/u_ips_ddrc_top/mcdq_axi_mc/mcdq_axi_channel0/mcdq_axi_rdata_align/axi_back_ardata_in_pre[17]' of 'bmsWIDEDFFRSE' unit is dangling and will be cleaned.
W: Public-4008: Instance 'u_ddr3_ctrl/u_ips_ddrc_top/mcdq_axi_mc/mcdq_axi_channel0/mcdq_axi_rdata_align/axi_back_ardata_in_pre[18]' of 'bmsWIDEDFFRSE' unit is dangling and will be cleaned.
W: Public-4008: Instance 'u_ddr3_ctrl/u_ips_ddrc_top/mcdq_axi_mc/mcdq_axi_channel0/mcdq_axi_rdata_align/axi_back_ardata_in_pre[19]' of 'bmsWIDEDFFRSE' unit is dangling and will be cleaned.
W: Public-4008: Instance 'u_ddr3_ctrl/u_ips_ddrc_top/mcdq_axi_mc/mcdq_axi_channel0/mcdq_axi_rdata_align/axi_back_ardata_in_pre[20]' of 'bmsWIDEDFFRSE' unit is dangling and will be cleaned.
W: Public-4008: Instance 'u_ddr3_ctrl/u_ips_ddrc_top/mcdq_axi_mc/mcdq_axi_channel0/mcdq_axi_rdata_align/axi_back_ardata_in_pre[21]' of 'bmsWIDEDFFRSE' unit is dangling and will be cleaned.
W: Public-4008: Instance 'u_ddr3_ctrl/u_ips_ddrc_top/mcdq_axi_mc/mcdq_axi_channel0/mcdq_axi_rdata_align/axi_back_ardata_in_pre[22]' of 'bmsWIDEDFFRSE' unit is dangling and will be cleaned.
W: Public-4008: Instance 'u_ddr3_ctrl/u_ips_ddrc_top/mcdq_axi_mc/mcdq_axi_channel0/mcdq_axi_rdata_align/axi_back_ardata_in_pre[23]' of 'bmsWIDEDFFRSE' unit is dangling and will be cleaned.
W: Public-4008: Instance 'u_ddr3_ctrl/u_ips_ddrc_top/mcdq_axi_mc/mcdq_axi_channel0/mcdq_axi_rdata_align/axi_back_ardata_in_pre[24]' of 'bmsWIDEDFFRSE' unit is dangling and will be cleaned.
W: Public-4008: Instance 'u_ddr3_ctrl/u_ips_ddrc_top/mcdq_axi_mc/mcdq_axi_channel0/mcdq_axi_rdata_align/axi_back_ardata_in_pre[25]' of 'bmsWIDEDFFRSE' unit is dangling and will be cleaned.
W: Public-4008: Instance 'u_ddr3_ctrl/u_ips_ddrc_top/mcdq_axi_mc/mcdq_axi_channel0/mcdq_axi_rdata_align/axi_back_ardata_in_pre[26]' of 'bmsWIDEDFFRSE' unit is dangling and will be cleaned.
W: Public-4008: Instance 'u_ddr3_ctrl/u_ips_ddrc_top/mcdq_axi_mc/mcdq_axi_channel0/mcdq_axi_rdata_align/axi_back_ardata_in_pre[27]' of 'bmsWIDEDFFRSE' unit is dangling and will be cleaned.
W: Public-4008: Instance 'u_ddr3_ctrl/u_ips_ddrc_top/mcdq_axi_mc/mcdq_axi_channel0/mcdq_axi_rdata_align/axi_back_ardata_in_pre[28]' of 'bmsWIDEDFFRSE' unit is dangling and will be cleaned.
W: Public-4008: Instance 'u_ddr3_ctrl/u_ips_ddrc_top/mcdq_axi_mc/mcdq_axi_channel0/mcdq_axi_rdata_align/axi_back_ardata_in_pre[29]' of 'bmsWIDEDFFRSE' unit is dangling and will be cleaned.
W: Public-4008: Instance 'u_ddr3_ctrl/u_ips_ddrc_top/mcdq_axi_mc/mcdq_axi_channel0/mcdq_axi_rdata_align/axi_back_ardata_in_pre[30]' of 'bmsWIDEDFFRSE' unit is dangling and will be cleaned.
W: Public-4008: Instance 'u_ddr3_ctrl/u_ips_ddrc_top/mcdq_axi_mc/mcdq_axi_channel0/mcdq_axi_rdata_align/axi_back_ardata_in_pre[31]' of 'bmsWIDEDFFRSE' unit is dangling and will be cleaned.
W: Public-4008: Instance 'u_ddr3_ctrl/u_ips_ddrc_top/mcdq_axi_mc/mcdq_axi_channel0/mcdq_axi_rdata_align/mac_trans_axi_araddr[0]' of 'bmsWIDEDFFRSE' unit is dangling and will be cleaned.
W: Public-4008: Instance 'u_ddr3_ctrl/u_ips_ddrc_top/mcdq_axi_mc/mcdq_axi_channel0/mcdq_axi_rdata_align/mac_trans_axi_araddr[1]' of 'bmsWIDEDFFRSE' unit is dangling and will be cleaned.
W: Public-4008: Instance 'u_ddr3_ctrl/u_ips_ddrc_top/mcdq_axi_mc/mcdq_axi_channel0/mcdq_axi_rdata_align/mac_trans_axi_araddr[2]' of 'bmsWIDEDFFRSE' unit is dangling and will be cleaned.
W: Public-4008: Instance 'u_ddr3_ctrl/u_ips_ddrc_top/mcdq_axi_mc/mcdq_axi_channel0/mcdq_axi_rdata_align/u_mcdq_axi_rdata_arrange/axi_rdata_in[256]' of 'bmsWIDEDFFCPE' unit is dangling and will be cleaned.
W: Public-4008: Instance 'u_ddr3_ctrl/u_ips_ddrc_top/mcdq_axi_mc/mcdq_axi_channel0/mcdq_axi_rdata_align/u_mcdq_axi_rdata_arrange/axi_rdata_in[257]' of 'bmsWIDEDFFCPE' unit is dangling and will be cleaned.
W: Public-4008: Instance 'u_ddr3_ctrl/u_ips_ddrc_top/mcdq_axi_mc/mcdq_axi_channel0/mcdq_axi_rdata_align/u_mcdq_axi_rdata_arrange/axi_rdata_in[259]' of 'bmsWIDEDFFCPE' unit is dangling and will be cleaned.
W: Public-4008: Instance 'u_ddr3_ctrl/u_ips_ddrc_top/mcdq_axi_mc/mcdq_axi_channel0/mcdq_axi_rdata_align/u_mcdq_axi_rdata_arrange/axi_rdata_in[260]' of 'bmsWIDEDFFCPE' unit is dangling and will be cleaned.
W: Public-4008: Instance 'u_ddr3_ctrl/u_ips_ddrc_top/mcdq_axi_mc/mcdq_axi_channel0/mcdq_axi_rdata_align/u_mcdq_axi_rdata_arrange/axi_rdata_in[261]' of 'bmsWIDEDFFCPE' unit is dangling and will be cleaned.
W: Public-4008: Instance 'u_ddr3_ctrl/u_ips_ddrc_top/mcdq_axi_mc/mcdq_axi_channel0/mcdq_axi_rdata_align/u_mcdq_axi_rdata_arrange/axi_rdata_in[262]' of 'bmsWIDEDFFCPE' unit is dangling and will be cleaned.
W: Public-4008: Instance 'u_ddr3_ctrl/u_ips_ddrc_top/mcdq_axi_mc/mcdq_axi_channel0/mcdq_axi_rdata_align/u_mcdq_axi_rdata_arrange/axi_rdata_in[263]' of 'bmsWIDEDFFCPE' unit is dangling and will be cleaned.
W: Public-4008: Instance 'u_ddr3_ctrl/u_ips_ddrc_top/mcdq_axi_mc/mcdq_axi_channel0/mcdq_axi_rdata_align/u_mcdq_axi_rdata_arrange/axi_rdata_in[264]' of 'bmsWIDEDFFCPE' unit is dangling and will be cleaned.
W: Public-4008: Instance 'u_ddr3_ctrl/u_ips_ddrc_top/mcdq_axi_mc/mcdq_axi_channel0/mcdq_axi_rdata_align/u_mcdq_axi_rdata_arrange/axi_rdata_in[265]' of 'bmsWIDEDFFCPE' unit is dangling and will be cleaned.
W: Public-4008: Instance 'u_ddr3_ctrl/u_ips_ddrc_top/mcdq_axi_mc/mcdq_axi_channel0/mcdq_axi_rdata_align/u_mcdq_axi_rdata_arrange/axi_rdata_in[266]' of 'bmsWIDEDFFCPE' unit is dangling and will be cleaned.
W: Public-4008: Instance 'u_ddr3_ctrl/u_ips_ddrc_top/mcdq_axi_mc/mcdq_axi_channel0/mcdq_axi_rdata_align/u_mcdq_axi_rdata_arrange/trans_end_addr[5]' of 'bmsWIDEDFFCPE' unit is dangling and will be cleaned.
W: Public-4008: Instance 'u_ddr3_ctrl/u_ips_ddrc_top/mcdq_axi_mc/mcdq_axi_channel0/mcdq_axi_rdata_align/u_mcdq_axi_rdata_arrange/trans_end_addr[6]' of 'bmsWIDEDFFCPE' unit is dangling and will be cleaned.
W: Public-4008: Instance 'u_ddr3_ctrl/u_ips_ddrc_top/mcdq_axi_mc/mcdq_axi_channel0/mcdq_axi_rdata_align/u_mcdq_axi_rdata_arrange/u_axi_rdata_fifo/data_out[256]' of 'bmsWIDEDFFRSE' unit is dangling and will be cleaned.
W: Public-4008: Instance 'u_ddr3_ctrl/u_ips_ddrc_top/mcdq_axi_mc/mcdq_axi_channel0/mcdq_axi_rdata_align/u_mcdq_axi_rdata_arrange/u_axi_rdata_fifo/data_out[257]' of 'bmsWIDEDFFRSE' unit is dangling and will be cleaned.
W: Public-4008: Instance 'u_ddr3_ctrl/u_ips_ddrc_top/mcdq_axi_mc/mcdq_axi_channel0/mcdq_axi_rdata_align/u_mcdq_axi_rdata_arrange/u_axi_rdata_fifo/data_out[259]' of 'bmsWIDEDFFRSE' unit is dangling and will be cleaned.
W: Public-4008: Instance 'u_ddr3_ctrl/u_ips_ddrc_top/mcdq_axi_mc/mcdq_axi_channel0/mcdq_axi_rdata_align/u_mcdq_axi_rdata_arrange/u_axi_rdata_fifo/data_out[260]' of 'bmsWIDEDFFRSE' unit is dangling and will be cleaned.
W: Public-4008: Instance 'u_ddr3_ctrl/u_ips_ddrc_top/mcdq_axi_mc/mcdq_axi_channel0/mcdq_axi_rdata_align/u_mcdq_axi_rdata_arrange/u_axi_rdata_fifo/data_out[261]' of 'bmsWIDEDFFRSE' unit is dangling and will be cleaned.
W: Public-4008: Instance 'u_ddr3_ctrl/u_ips_ddrc_top/mcdq_axi_mc/mcdq_axi_channel0/mcdq_axi_rdata_align/u_mcdq_axi_rdata_arrange/u_axi_rdata_fifo/data_out[262]' of 'bmsWIDEDFFRSE' unit is dangling and will be cleaned.
W: Public-4008: Instance 'u_ddr3_ctrl/u_ips_ddrc_top/mcdq_axi_mc/mcdq_axi_channel0/mcdq_axi_rdata_align/u_mcdq_axi_rdata_arrange/u_axi_rdata_fifo/data_out[263]' of 'bmsWIDEDFFRSE' unit is dangling and will be cleaned.
W: Public-4008: Instance 'u_ddr3_ctrl/u_ips_ddrc_top/mcdq_axi_mc/mcdq_axi_channel0/mcdq_axi_rdata_align/u_mcdq_axi_rdata_arrange/u_axi_rdata_fifo/data_out[264]' of 'bmsWIDEDFFRSE' unit is dangling and will be cleaned.
W: Public-4008: Instance 'u_ddr3_ctrl/u_ips_ddrc_top/mcdq_axi_mc/mcdq_axi_channel0/mcdq_axi_rdata_align/u_mcdq_axi_rdata_arrange/u_axi_rdata_fifo/data_out[265]' of 'bmsWIDEDFFRSE' unit is dangling and will be cleaned.
W: Public-4008: Instance 'u_ddr3_ctrl/u_ips_ddrc_top/mcdq_axi_mc/mcdq_axi_channel0/mcdq_axi_rdata_align/u_mcdq_axi_rdata_arrange/u_axi_rdata_fifo/data_out[266]' of 'bmsWIDEDFFRSE' unit is dangling and will be cleaned.
W: Public-4008: Instance 'u_ddr3_ctrl/u_ips_ddrc_top/mcdq_axi_mc/mcdq_axi_channel0/mcdq_axi_rdata_align/u_axi_rdcmd_align_fifo/data_out[0]' of 'bmsWIDEDFFRSE' unit is dangling and will be cleaned.
W: Public-4008: Instance 'u_ddr3_ctrl/u_ips_ddrc_top/mcdq_axi_mc/mcdq_axi_channel0/mcdq_axi_rdata_align/u_axi_rdcmd_align_fifo/data_out[1]' of 'bmsWIDEDFFRSE' unit is dangling and will be cleaned.
W: Public-4008: Instance 'u_ddr3_ctrl/u_ips_ddrc_top/mcdq_axi_mc/mcdq_axi_channel0/mcdq_axi_rdata_align/u_axi_rdcmd_align_fifo/data_out[28]' of 'bmsWIDEDFFRSE' unit is dangling and will be cleaned.
W: Public-4008: Instance 'u_ddr3_ctrl/u_ips_ddrc_top/mcdq_axi_mc/mcdq_axi_channel0/mcdq_axi_rdata_align/u_axi_rdcmd_align_fifo/data_out[29]' of 'bmsWIDEDFFRSE' unit is dangling and will be cleaned.
W: Public-4008: Instance 'u_ddr3_ctrl/u_ips_ddrc_top/mcdq_axi_mc/mcdq_axi_channel0/mcdq_axi_rdata_align/u_axi_rdcmd_align_fifo/data_out[30]' of 'bmsWIDEDFFRSE' unit is dangling and will be cleaned.
W: Public-4008: Instance 'u_ddr3_ctrl/u_ips_ddrc_top/mcdq_axi_mc/mcdq_axi_channel0/mcdq_axi_rdata_align/u_axi_rdcmd_align_fifo/data_out[31]' of 'bmsWIDEDFFRSE' unit is dangling and will be cleaned.
W: Public-4008: Instance 'u_ddr3_ctrl/u_ips_ddrc_top/mcdq_axi_mc/mcdq_axi_channel0/mcdq_axi_rdata_align/u_axi_rdcmd_align_fifo/data_out[32]' of 'bmsWIDEDFFRSE' unit is dangling and will be cleaned.
W: Public-4008: Instance 'u_ddr3_ctrl/u_ips_ddrc_top/mcdq_axi_mc/mcdq_axi_channel0/mcdq_axi_rdata_align/u_axi_rdcmd_align_fifo/data_out[33]' of 'bmsWIDEDFFRSE' unit is dangling and will be cleaned.
W: Public-4008: Instance 'u_ddr3_ctrl/u_ips_ddrc_top/mcdq_axi_mc/mcdq_axi_channel0/mcdq_axi_rdata_align/u_axi_rdcmd_align_fifo/data_out[34]' of 'bmsWIDEDFFRSE' unit is dangling and will be cleaned.
W: Public-4008: Instance 'u_ddr3_ctrl/u_ips_ddrc_top/mcdq_axi_mc/mcdq_axi_channel0/mcdq_axi_rdata_align/u_axi_rdcmd_align_fifo/data_out[35]' of 'bmsWIDEDFFRSE' unit is dangling and will be cleaned.
W: Public-4008: Instance 'u_ddr3_ctrl/u_ips_ddrc_top/mcdq_axi_mc/mcdq_axi_channel0/mcdq_axi_rdata_align/u_axi_rdcmd_align_fifo/data_out[40]' of 'bmsWIDEDFFRSE' unit is dangling and will be cleaned.
W: Public-4008: Instance 'u_ddr3_ctrl/u_ips_ddrc_top/mcdq_axi_mc/mcdq_axi_channel0/mcdq_axi_rdata_align/u_axi_rdcmd_back_fifo/data_out[2]' of 'bmsWIDEDFFRSE' unit is dangling and will be cleaned.
W: Public-4008: Instance 'u_ddr3_ctrl/u_ips_ddrc_top/mcdq_axi_mc/mcdq_axi_channel0/mcdq_axi_rdata_align/u_axi_rdcmd_back_fifo/data_out[3]' of 'bmsWIDEDFFRSE' unit is dangling and will be cleaned.
W: Public-4008: Instance 'u_ddr3_ctrl/u_ips_ddrc_top/mcdq_axi_mc/mcdq_axi_channel0/mcdq_axi_rdata_align/u_axi_rdcmd_back_fifo/data_out[4]' of 'bmsWIDEDFFRSE' unit is dangling and will be cleaned.
W: Public-4008: Instance 'u_ddr3_ctrl/u_ips_ddrc_top/mcdq_axi_mc/mcdq_axi_channel0/mcdq_axi_rdata_align/u_axi_rdcmd_back_fifo/data_out[5]' of 'bmsWIDEDFFRSE' unit is dangling and will be cleaned.
W: Public-4008: Instance 'u_ddr3_ctrl/u_ips_ddrc_top/mcdq_axi_mc/mcdq_axi_channel0/mcdq_axi_rdata_align/u_axi_rdcmd_back_fifo/data_out[6]' of 'bmsWIDEDFFRSE' unit is dangling and will be cleaned.
W: Public-4008: Instance 'u_ddr3_ctrl/u_ips_ddrc_top/mcdq_axi_mc/mcdq_axi_channel0/mcdq_axi_rdata_align/u_axi_rdcmd_back_fifo/data_out[7]' of 'bmsWIDEDFFRSE' unit is dangling and will be cleaned.
W: Public-4008: Instance 'u_ddr3_ctrl/u_ips_ddrc_top/mcdq_axi_mc/mcdq_axi_channel0/mcdq_axi_rdata_align/u_axi_rdcmd_back_fifo/data_out[9]' of 'bmsWIDEDFFRSE' unit is dangling and will be cleaned.
W: Public-4008: Instance 'u_ddr3_ctrl/u_ips_ddrc_top/mcdq_axi_mc/mcdq_axi_channel0/mcdq_axi_rdata_align/u_axi_rdcmd_back_fifo/data_out[10]' of 'bmsWIDEDFFRSE' unit is dangling and will be cleaned.
W: Public-4008: Instance 'u_ddr3_ctrl/u_ips_ddrc_top/mcdq_axi_mc/mcdq_axi_channel0/mcdq_axi_rdata_align/u_axi_rdcmd_back_fifo/data_out[11]' of 'bmsWIDEDFFRSE' unit is dangling and will be cleaned.
W: Public-4008: Instance 'u_ddr3_ctrl/u_ips_ddrc_top/mcdq_axi_mc/mcdq_axi_channel0/mcdq_axi_rdata_align/u_axi_rdcmd_back_fifo/data_out[12]' of 'bmsWIDEDFFRSE' unit is dangling and will be cleaned.
W: Public-4008: Instance 'u_ddr3_ctrl/u_ips_ddrc_top/mcdq_axi_mc/mcdq_axi_channel0/mcdq_axi_rdata_align/u_axi_rdcmd_back_fifo/data_out[13]' of 'bmsWIDEDFFRSE' unit is dangling and will be cleaned.
W: Public-4008: Instance 'u_ddr3_ctrl/u_ips_ddrc_top/mcdq_axi_mc/mcdq_axi_channel0/mcdq_axi_rdata_align/u_axi_rdcmd_back_fifo/data_out[14]' of 'bmsWIDEDFFRSE' unit is dangling and will be cleaned.
W: Public-4008: Instance 'u_ddr3_ctrl/u_ips_ddrc_top/mcdq_axi_mc/mcdq_axi_channel0/mcdq_axi_rdata_align/u_axi_rdcmd_back_fifo/data_out[16]' of 'bmsWIDEDFFRSE' unit is dangling and will be cleaned.
W: Public-4008: Instance 'u_ddr3_ctrl/u_ips_ddrc_top/mcdq_axi_mc/mcdq_axi_channel0/mcdq_axi_rdata_align/u_axi_rdcmd_back_fifo/data_out[17]' of 'bmsWIDEDFFRSE' unit is dangling and will be cleaned.
W: Public-4008: Instance 'u_ddr3_ctrl/u_ips_ddrc_top/mcdq_axi_mc/mcdq_axi_channel0/mcdq_axi_rdata_align/u_axi_rdcmd_back_fifo/data_out[18]' of 'bmsWIDEDFFRSE' unit is dangling and will be cleaned.
W: Public-4008: Instance 'u_ddr3_ctrl/u_ips_ddrc_top/mcdq_axi_mc/mcdq_axi_channel0/mcdq_axi_rdata_align/u_axi_rdcmd_back_fifo/data_out[19]' of 'bmsWIDEDFFRSE' unit is dangling and will be cleaned.
W: Public-4008: Instance 'u_ddr3_ctrl/u_ips_ddrc_top/mcdq_axi_mc/mcdq_axi_channel0/mcdq_axi_rdata_align/u_axi_rdcmd_back_fifo/data_out[20]' of 'bmsWIDEDFFRSE' unit is dangling and will be cleaned.
W: Public-4008: Instance 'u_ddr3_ctrl/u_ips_ddrc_top/mcdq_axi_mc/mcdq_axi_channel0/mcdq_axi_rdata_align/u_axi_rdcmd_back_fifo/data_out[21]' of 'bmsWIDEDFFRSE' unit is dangling and will be cleaned.
W: Public-4008: Instance 'u_ddr3_ctrl/u_ips_ddrc_top/mcdq_axi_mc/mcdq_axi_channel0/mcdq_axi_rdata_align/u_axi_rdcmd_back_fifo/data_out[22]' of 'bmsWIDEDFFRSE' unit is dangling and will be cleaned.
W: Public-4008: Instance 'u_ddr3_ctrl/u_ips_ddrc_top/mcdq_axi_mc/mcdq_axi_channel0/mcdq_axi_rdata_align/u_axi_rdcmd_back_fifo/data_out[23]' of 'bmsWIDEDFFRSE' unit is dangling and will be cleaned.
W: Public-4008: Instance 'u_ddr3_ctrl/u_ips_ddrc_top/mcdq_axi_mc/mcdq_axi_channel0/mcdq_axi_rdata_align/u_axi_rdcmd_back_fifo/data_out[24]' of 'bmsWIDEDFFRSE' unit is dangling and will be cleaned.
W: Public-4008: Instance 'u_ddr3_ctrl/u_ips_ddrc_top/mcdq_axi_mc/mcdq_axi_channel0/mcdq_axi_rdata_align/u_axi_rdcmd_back_fifo/data_out[25]' of 'bmsWIDEDFFRSE' unit is dangling and will be cleaned.
W: Public-4008: Instance 'u_ddr3_ctrl/u_ips_ddrc_top/mcdq_axi_mc/mcdq_axi_channel0/mcdq_axi_rdata_align/u_axi_rdcmd_back_fifo/data_out[26]' of 'bmsWIDEDFFRSE' unit is dangling and will be cleaned.
W: Public-4008: Instance 'u_ddr3_ctrl/u_ips_ddrc_top/mcdq_axi_mc/mcdq_axi_channel0/mcdq_axi_rdata_align/u_axi_rdcmd_back_fifo/data_out[27]' of 'bmsWIDEDFFRSE' unit is dangling and will be cleaned.
W: Public-4008: Instance 'u_ddr3_ctrl/u_ips_ddrc_top/mcdq_axi_mc/mcdq_axi_channel0/mcdq_axi_rdata_align/u_axi_rdcmd_back_fifo/data_out[28]' of 'bmsWIDEDFFRSE' unit is dangling and will be cleaned.
W: Public-4008: Instance 'u_ddr3_ctrl/u_ips_ddrc_top/mcdq_axi_mc/mcdq_axi_channel0/mcdq_axi_rdata_align/u_axi_rdcmd_back_fifo/data_out[29]' of 'bmsWIDEDFFRSE' unit is dangling and will be cleaned.
W: Public-4008: Instance 'u_ddr3_ctrl/u_ips_ddrc_top/mcdq_axi_mc/mcdq_axi_channel0/mcdq_axi_rdata_align/u_axi_rdcmd_back_fifo/data_out[30]' of 'bmsWIDEDFFRSE' unit is dangling and will be cleaned.
W: Public-4008: Instance 'u_ddr3_ctrl/u_ips_ddrc_top/mcdq_axi_mc/mcdq_axi_channel0/mcdq_axi_rdata_align/u_axi_rdcmd_back_fifo/data_out[31]' of 'bmsWIDEDFFRSE' unit is dangling and will be cleaned.
W: Public-4008: Instance 'u_ddr3_ctrl/u_ips_ddrc_top/mcdq_axi_mc/mcdq_axi_channel0/mcdq_axi_rdata_align/u_axi_rdcmd_back_fifo/data_out[32]' of 'bmsWIDEDFFRSE' unit is dangling and will be cleaned.
W: Public-4008: Instance 'u_ddr3_ctrl/u_ddrphy_top/ddrphy_calib_top/ddrphy_rdcal/rdcal_address[0]' of 'bmsWIDEDFFCPE' unit is dangling and will be cleaned.
W: Public-4008: Instance 'u_ddr3_ctrl/u_ddrphy_top/ddrphy_calib_top/ddrphy_rdcal/rdcal_address[1]' of 'bmsWIDEDFFCPE' unit is dangling and will be cleaned.
W: Public-4008: Instance 'u_ddr3_ctrl/u_ddrphy_top/ddrphy_calib_top/ddrphy_rdcal/rdcal_address[5]' of 'bmsWIDEDFFCPE' unit is dangling and will be cleaned.
W: Public-4008: Instance 'u_ddr3_ctrl/u_ddrphy_top/ddrphy_calib_top/ddrphy_rdcal/rdcal_address[6]' of 'bmsWIDEDFFCPE' unit is dangling and will be cleaned.
W: Public-4008: Instance 'u_ddr3_ctrl/u_ddrphy_top/ddrphy_calib_top/ddrphy_rdcal/rdcal_address[7]' of 'bmsWIDEDFFCPE' unit is dangling and will be cleaned.
W: Public-4008: Instance 'u_ddr3_ctrl/u_ddrphy_top/ddrphy_calib_top/ddrphy_rdcal/rdcal_address[8]' of 'bmsWIDEDFFCPE' unit is dangling and will be cleaned.
W: Public-4008: Instance 'u_ddr3_ctrl/u_ddrphy_top/ddrphy_calib_top/ddrphy_rdcal/rdcal_address[9]' of 'bmsWIDEDFFCPE' unit is dangling and will be cleaned.
W: Public-4008: Instance 'u_ddr3_ctrl/u_ddrphy_top/ddrphy_calib_top/ddrphy_rdcal/rdcal_address[11]' of 'bmsWIDEDFFCPE' unit is dangling and will be cleaned.
W: Public-4008: Instance 'u_ddr3_ctrl/u_ddrphy_top/ddrphy_calib_top/ddrphy_rdcal/rdcal_address[12]' of 'bmsWIDEDFFCPE' unit is dangling and will be cleaned.
W: Public-4008: Instance 'u_ddr3_ctrl/u_ddrphy_top/ddrphy_calib_top/ddrphy_rdcal/rdcal_address[13]' of 'bmsWIDEDFFCPE' unit is dangling and will be cleaned.
W: Public-4008: Instance 'u_ddr3_ctrl/u_ddrphy_top/ddrphy_calib_top/ddrphy_rdcal/rdcal_address[14]' of 'bmsWIDEDFFCPE' unit is dangling and will be cleaned.
W: Public-4008: Instance 'u_ddr3_ctrl/u_ddrphy_top/ddrphy_calib_top/ddrphy_rdcal/rdcal_ba[1]' of 'bmsWIDEDFFCPE' unit is dangling and will be cleaned.
W: Public-4008: Instance 'u_ddr3_ctrl/u_ddrphy_top/ddrphy_calib_top/ddrphy_rdcal/rdcal_ba[2]' of 'bmsWIDEDFFCPE' unit is dangling and will be cleaned.
W: Public-4008: Instance 'u_ddr3_ctrl/u_ddrphy_top/ddrphy_calib_top/ddrphy_rdcal/rdcal_wrdata[1]' of 'bmsWIDEDFFCPE' unit is dangling and will be cleaned.
W: Public-4008: Instance 'u_ddr3_ctrl/u_ddrphy_top/ddrphy_calib_top/ddrphy_rdcal/rdcal_wrdata[2]' of 'bmsWIDEDFFCPE' unit is dangling and will be cleaned.
W: Public-4008: Instance 'u_ddr3_ctrl/u_ddrphy_top/ddrphy_calib_top/ddrphy_rdcal/rdcal_wrdata[3]' of 'bmsWIDEDFFCPE' unit is dangling and will be cleaned.
W: Public-4008: Instance 'u_ddr3_ctrl/u_ddrphy_top/ddrphy_calib_top/ddrphy_rdcal/rdcal_wrdata[4]' of 'bmsWIDEDFFCPE' unit is dangling and will be cleaned.
W: Public-4008: Instance 'u_ddr3_ctrl/u_ddrphy_top/ddrphy_calib_top/ddrphy_rdcal/rdcal_wrdata[5]' of 'bmsWIDEDFFCPE' unit is dangling and will be cleaned.
W: Public-4008: Instance 'u_ddr3_ctrl/u_ddrphy_top/ddrphy_calib_top/ddrphy_rdcal/rdcal_wrdata[6]' of 'bmsWIDEDFFCPE' unit is dangling and will be cleaned.
W: Public-4008: Instance 'u_ddr3_ctrl/u_ddrphy_top/ddrphy_calib_top/ddrphy_rdcal/rdcal_wrdata[7]' of 'bmsWIDEDFFCPE' unit is dangling and will be cleaned.
W: Public-4008: Instance 'u_ddr3_ctrl/u_ddrphy_top/ddrphy_calib_top/ddrphy_rdcal/rdcal_wrdata[8]' of 'bmsWIDEDFFCPE' unit is dangling and will be cleaned.
W: Public-4008: Instance 'u_ddr3_ctrl/u_ddrphy_top/ddrphy_calib_top/ddrphy_rdcal/rdcal_wrdata[9]' of 'bmsWIDEDFFCPE' unit is dangling and will be cleaned.
W: Public-4008: Instance 'u_ddr3_ctrl/u_ddrphy_top/ddrphy_calib_top/ddrphy_rdcal/rdcal_wrdata[10]' of 'bmsWIDEDFFCPE' unit is dangling and will be cleaned.
W: Public-4008: Instance 'u_ddr3_ctrl/u_ddrphy_top/ddrphy_calib_top/ddrphy_rdcal/rdcal_wrdata[11]' of 'bmsWIDEDFFCPE' unit is dangling and will be cleaned.
W: Public-4008: Instance 'u_ddr3_ctrl/u_ddrphy_top/ddrphy_calib_top/ddrphy_rdcal/rdcal_wrdata[12]' of 'bmsWIDEDFFCPE' unit is dangling and will be cleaned.
W: Public-4008: Instance 'u_ddr3_ctrl/u_ddrphy_top/ddrphy_calib_top/ddrphy_rdcal/rdcal_wrdata[13]' of 'bmsWIDEDFFCPE' unit is dangling and will be cleaned.
W: Public-4008: Instance 'u_ddr3_ctrl/u_ddrphy_top/ddrphy_calib_top/ddrphy_rdcal/rdcal_wrdata[14]' of 'bmsWIDEDFFCPE' unit is dangling and will be cleaned.
W: Public-4008: Instance 'u_ddr3_ctrl/u_ddrphy_top/ddrphy_calib_top/ddrphy_rdcal/rdcal_wrdata[15]' of 'bmsWIDEDFFCPE' unit is dangling and will be cleaned.
W: Public-4008: Instance 'u_ddr3_ctrl/u_ddrphy_top/ddrphy_calib_top/ddrphy_rdcal/rdcal_wrdata[16]' of 'bmsWIDEDFFCPE' unit is dangling and will be cleaned.
W: Public-4008: Instance 'u_ddr3_ctrl/u_ddrphy_top/ddrphy_calib_top/ddrphy_rdcal/rdcal_wrdata[17]' of 'bmsWIDEDFFCPE' unit is dangling and will be cleaned.
W: Public-4008: Instance 'u_ddr3_ctrl/u_ddrphy_top/ddrphy_calib_top/ddrphy_rdcal/rdcal_wrdata[18]' of 'bmsWIDEDFFCPE' unit is dangling and will be cleaned.
W: Public-4008: Instance 'u_ddr3_ctrl/u_ddrphy_top/ddrphy_calib_top/ddrphy_rdcal/rdcal_wrdata[19]' of 'bmsWIDEDFFCPE' unit is dangling and will be cleaned.
W: Public-4008: Instance 'u_ddr3_ctrl/u_ddrphy_top/ddrphy_calib_top/ddrphy_rdcal/rdcal_wrdata[20]' of 'bmsWIDEDFFCPE' unit is dangling and will be cleaned.
W: Public-4008: Instance 'u_ddr3_ctrl/u_ddrphy_top/ddrphy_calib_top/ddrphy_rdcal/rdcal_wrdata[21]' of 'bmsWIDEDFFCPE' unit is dangling and will be cleaned.
W: Public-4008: Instance 'u_ddr3_ctrl/u_ddrphy_top/ddrphy_calib_top/ddrphy_rdcal/rdcal_wrdata[22]' of 'bmsWIDEDFFCPE' unit is dangling and will be cleaned.
W: Public-4008: Instance 'u_ddr3_ctrl/u_ddrphy_top/ddrphy_calib_top/ddrphy_rdcal/rdcal_wrdata[23]' of 'bmsWIDEDFFCPE' unit is dangling and will be cleaned.
W: Public-4008: Instance 'u_ddr3_ctrl/u_ddrphy_top/ddrphy_calib_top/ddrphy_rdcal/rdcal_wrdata[24]' of 'bmsWIDEDFFCPE' unit is dangling and will be cleaned.
W: Public-4008: Instance 'u_ddr3_ctrl/u_ddrphy_top/ddrphy_calib_top/ddrphy_rdcal/rdcal_wrdata[25]' of 'bmsWIDEDFFCPE' unit is dangling and will be cleaned.
W: Public-4008: Instance 'u_ddr3_ctrl/u_ddrphy_top/ddrphy_calib_top/ddrphy_rdcal/rdcal_wrdata[26]' of 'bmsWIDEDFFCPE' unit is dangling and will be cleaned.
W: Public-4008: Instance 'u_ddr3_ctrl/u_ddrphy_top/ddrphy_calib_top/ddrphy_rdcal/rdcal_wrdata[27]' of 'bmsWIDEDFFCPE' unit is dangling and will be cleaned.
W: Public-4008: Instance 'u_ddr3_ctrl/u_ddrphy_top/ddrphy_calib_top/ddrphy_rdcal/rdcal_wrdata[28]' of 'bmsWIDEDFFCPE' unit is dangling and will be cleaned.
W: Public-4008: Instance 'u_ddr3_ctrl/u_ddrphy_top/ddrphy_calib_top/ddrphy_rdcal/rdcal_wrdata[29]' of 'bmsWIDEDFFCPE' unit is dangling and will be cleaned.
W: Public-4008: Instance 'u_ddr3_ctrl/u_ddrphy_top/ddrphy_calib_top/ddrphy_rdcal/rdcal_wrdata[30]' of 'bmsWIDEDFFCPE' unit is dangling and will be cleaned.
W: Public-4008: Instance 'u_ddr3_ctrl/u_ddrphy_top/ddrphy_calib_top/ddrphy_rdcal/rdcal_wrdata[31]' of 'bmsWIDEDFFCPE' unit is dangling and will be cleaned.
W: Public-4008: Instance 'u_ddr3_ctrl/u_ddrphy_top/ddrphy_calib_top/ddrphy_rdcal/rdcal_wrdata[33]' of 'bmsWIDEDFFCPE' unit is dangling and will be cleaned.
W: Public-4008: Instance 'u_ddr3_ctrl/u_ddrphy_top/ddrphy_calib_top/ddrphy_rdcal/rdcal_wrdata[34]' of 'bmsWIDEDFFCPE' unit is dangling and will be cleaned.
W: Public-4008: Instance 'u_ddr3_ctrl/u_ddrphy_top/ddrphy_calib_top/ddrphy_rdcal/rdcal_wrdata[35]' of 'bmsWIDEDFFCPE' unit is dangling and will be cleaned.
W: Public-4008: Instance 'u_ddr3_ctrl/u_ddrphy_top/ddrphy_calib_top/ddrphy_rdcal/rdcal_wrdata[36]' of 'bmsWIDEDFFCPE' unit is dangling and will be cleaned.
W: Public-4008: Instance 'u_ddr3_ctrl/u_ddrphy_top/ddrphy_calib_top/ddrphy_rdcal/rdcal_wrdata[37]' of 'bmsWIDEDFFCPE' unit is dangling and will be cleaned.
W: Public-4008: Instance 'u_ddr3_ctrl/u_ddrphy_top/ddrphy_calib_top/ddrphy_rdcal/rdcal_wrdata[38]' of 'bmsWIDEDFFCPE' unit is dangling and will be cleaned.
W: Public-4008: Instance 'u_ddr3_ctrl/u_ddrphy_top/ddrphy_calib_top/ddrphy_rdcal/rdcal_wrdata[39]' of 'bmsWIDEDFFCPE' unit is dangling and will be cleaned.
W: Public-4008: Instance 'u_ddr3_ctrl/u_ddrphy_top/ddrphy_calib_top/ddrphy_rdcal/rdcal_wrdata[40]' of 'bmsWIDEDFFCPE' unit is dangling and will be cleaned.
W: Public-4008: Instance 'u_ddr3_ctrl/u_ddrphy_top/ddrphy_calib_top/ddrphy_rdcal/rdcal_wrdata[41]' of 'bmsWIDEDFFCPE' unit is dangling and will be cleaned.
W: Public-4008: Instance 'u_ddr3_ctrl/u_ddrphy_top/ddrphy_calib_top/ddrphy_rdcal/rdcal_wrdata[42]' of 'bmsWIDEDFFCPE' unit is dangling and will be cleaned.
W: Public-4008: Instance 'u_ddr3_ctrl/u_ddrphy_top/ddrphy_calib_top/ddrphy_rdcal/rdcal_wrdata[43]' of 'bmsWIDEDFFCPE' unit is dangling and will be cleaned.
W: Public-4008: Instance 'u_ddr3_ctrl/u_ddrphy_top/ddrphy_calib_top/ddrphy_rdcal/rdcal_wrdata[44]' of 'bmsWIDEDFFCPE' unit is dangling and will be cleaned.
W: Public-4008: Instance 'u_ddr3_ctrl/u_ddrphy_top/ddrphy_calib_top/ddrphy_rdcal/rdcal_wrdata[45]' of 'bmsWIDEDFFCPE' unit is dangling and will be cleaned.
W: Public-4008: Instance 'u_ddr3_ctrl/u_ddrphy_top/ddrphy_calib_top/ddrphy_rdcal/rdcal_wrdata[46]' of 'bmsWIDEDFFCPE' unit is dangling and will be cleaned.
W: Public-4008: Instance 'u_ddr3_ctrl/u_ddrphy_top/ddrphy_calib_top/ddrphy_rdcal/rdcal_wrdata[47]' of 'bmsWIDEDFFCPE' unit is dangling and will be cleaned.
W: Public-4008: Instance 'u_ddr3_ctrl/u_ddrphy_top/ddrphy_calib_top/ddrphy_rdcal/rdcal_wrdata[48]' of 'bmsWIDEDFFCPE' unit is dangling and will be cleaned.
W: Public-4008: Instance 'u_ddr3_ctrl/u_ddrphy_top/ddrphy_calib_top/ddrphy_rdcal/rdcal_wrdata[49]' of 'bmsWIDEDFFCPE' unit is dangling and will be cleaned.
W: Public-4008: Instance 'u_ddr3_ctrl/u_ddrphy_top/ddrphy_calib_top/ddrphy_rdcal/rdcal_wrdata[50]' of 'bmsWIDEDFFCPE' unit is dangling and will be cleaned.
W: Public-4008: Instance 'u_ddr3_ctrl/u_ddrphy_top/ddrphy_calib_top/ddrphy_rdcal/rdcal_wrdata[51]' of 'bmsWIDEDFFCPE' unit is dangling and will be cleaned.
W: Public-4008: Instance 'u_ddr3_ctrl/u_ddrphy_top/ddrphy_calib_top/ddrphy_rdcal/rdcal_wrdata[52]' of 'bmsWIDEDFFCPE' unit is dangling and will be cleaned.
W: Public-4008: Instance 'u_ddr3_ctrl/u_ddrphy_top/ddrphy_calib_top/ddrphy_rdcal/rdcal_wrdata[53]' of 'bmsWIDEDFFCPE' unit is dangling and will be cleaned.
W: Public-4008: Instance 'u_ddr3_ctrl/u_ddrphy_top/ddrphy_calib_top/ddrphy_rdcal/rdcal_wrdata[54]' of 'bmsWIDEDFFCPE' unit is dangling and will be cleaned.
W: Public-4008: Instance 'u_ddr3_ctrl/u_ddrphy_top/ddrphy_calib_top/ddrphy_rdcal/rdcal_wrdata[55]' of 'bmsWIDEDFFCPE' unit is dangling and will be cleaned.
W: Public-4008: Instance 'u_ddr3_ctrl/u_ddrphy_top/ddrphy_calib_top/ddrphy_rdcal/rdcal_wrdata[56]' of 'bmsWIDEDFFCPE' unit is dangling and will be cleaned.
W: Public-4008: Instance 'u_ddr3_ctrl/u_ddrphy_top/ddrphy_calib_top/ddrphy_rdcal/rdcal_wrdata[57]' of 'bmsWIDEDFFCPE' unit is dangling and will be cleaned.
W: Public-4008: Instance 'u_ddr3_ctrl/u_ddrphy_top/ddrphy_calib_top/ddrphy_rdcal/rdcal_wrdata[58]' of 'bmsWIDEDFFCPE' unit is dangling and will be cleaned.
W: Public-4008: Instance 'u_ddr3_ctrl/u_ddrphy_top/ddrphy_calib_top/ddrphy_rdcal/rdcal_wrdata[59]' of 'bmsWIDEDFFCPE' unit is dangling and will be cleaned.
W: Public-4008: Instance 'u_ddr3_ctrl/u_ddrphy_top/ddrphy_calib_top/ddrphy_rdcal/rdcal_wrdata[60]' of 'bmsWIDEDFFCPE' unit is dangling and will be cleaned.
W: Public-4008: Instance 'u_ddr3_ctrl/u_ddrphy_top/ddrphy_calib_top/ddrphy_rdcal/rdcal_wrdata[61]' of 'bmsWIDEDFFCPE' unit is dangling and will be cleaned.
W: Public-4008: Instance 'u_ddr3_ctrl/u_ddrphy_top/ddrphy_calib_top/ddrphy_rdcal/rdcal_wrdata[62]' of 'bmsWIDEDFFCPE' unit is dangling and will be cleaned.
W: Public-4008: Instance 'u_ddr3_ctrl/u_ddrphy_top/ddrphy_calib_top/ddrphy_rdcal/rdcal_wrdata[63]' of 'bmsWIDEDFFCPE' unit is dangling and will be cleaned.
W: Public-4008: Instance 'u_ddr3_ctrl/u_ddrphy_top/ddrphy_calib_top/ddrphy_rdcal/rdcal_wrdata[65]' of 'bmsWIDEDFFCPE' unit is dangling and will be cleaned.
W: Public-4008: Instance 'u_ddr3_ctrl/u_ddrphy_top/ddrphy_calib_top/ddrphy_rdcal/rdcal_wrdata[66]' of 'bmsWIDEDFFCPE' unit is dangling and will be cleaned.
W: Public-4008: Instance 'u_ddr3_ctrl/u_ddrphy_top/ddrphy_calib_top/ddrphy_rdcal/rdcal_wrdata[67]' of 'bmsWIDEDFFCPE' unit is dangling and will be cleaned.
W: Public-4008: Instance 'u_ddr3_ctrl/u_ddrphy_top/ddrphy_calib_top/ddrphy_rdcal/rdcal_wrdata[68]' of 'bmsWIDEDFFCPE' unit is dangling and will be cleaned.
W: Public-4008: Instance 'u_ddr3_ctrl/u_ddrphy_top/ddrphy_calib_top/ddrphy_rdcal/rdcal_wrdata[69]' of 'bmsWIDEDFFCPE' unit is dangling and will be cleaned.
W: Public-4008: Instance 'u_ddr3_ctrl/u_ddrphy_top/ddrphy_calib_top/ddrphy_rdcal/rdcal_wrdata[70]' of 'bmsWIDEDFFCPE' unit is dangling and will be cleaned.
W: Public-4008: Instance 'u_ddr3_ctrl/u_ddrphy_top/ddrphy_calib_top/ddrphy_rdcal/rdcal_wrdata[71]' of 'bmsWIDEDFFCPE' unit is dangling and will be cleaned.
W: Public-4008: Instance 'u_ddr3_ctrl/u_ddrphy_top/ddrphy_calib_top/ddrphy_rdcal/rdcal_wrdata[72]' of 'bmsWIDEDFFCPE' unit is dangling and will be cleaned.
W: Public-4008: Instance 'u_ddr3_ctrl/u_ddrphy_top/ddrphy_calib_top/ddrphy_rdcal/rdcal_wrdata[73]' of 'bmsWIDEDFFCPE' unit is dangling and will be cleaned.
W: Public-4008: Instance 'u_ddr3_ctrl/u_ddrphy_top/ddrphy_calib_top/ddrphy_rdcal/rdcal_wrdata[74]' of 'bmsWIDEDFFCPE' unit is dangling and will be cleaned.
W: Public-4008: Instance 'u_ddr3_ctrl/u_ddrphy_top/ddrphy_calib_top/ddrphy_rdcal/rdcal_wrdata[75]' of 'bmsWIDEDFFCPE' unit is dangling and will be cleaned.
W: Public-4008: Instance 'u_ddr3_ctrl/u_ddrphy_top/ddrphy_calib_top/ddrphy_rdcal/rdcal_wrdata[76]' of 'bmsWIDEDFFCPE' unit is dangling and will be cleaned.
W: Public-4008: Instance 'u_ddr3_ctrl/u_ddrphy_top/ddrphy_calib_top/ddrphy_rdcal/rdcal_wrdata[77]' of 'bmsWIDEDFFCPE' unit is dangling and will be cleaned.
W: Public-4008: Instance 'u_ddr3_ctrl/u_ddrphy_top/ddrphy_calib_top/ddrphy_rdcal/rdcal_wrdata[78]' of 'bmsWIDEDFFCPE' unit is dangling and will be cleaned.
W: Public-4008: Instance 'u_ddr3_ctrl/u_ddrphy_top/ddrphy_calib_top/ddrphy_rdcal/rdcal_wrdata[79]' of 'bmsWIDEDFFCPE' unit is dangling and will be cleaned.
W: Public-4008: Instance 'u_ddr3_ctrl/u_ddrphy_top/ddrphy_calib_top/ddrphy_rdcal/rdcal_wrdata[80]' of 'bmsWIDEDFFCPE' unit is dangling and will be cleaned.
W: Public-4008: Instance 'u_ddr3_ctrl/u_ddrphy_top/ddrphy_calib_top/ddrphy_rdcal/rdcal_wrdata[81]' of 'bmsWIDEDFFCPE' unit is dangling and will be cleaned.
W: Public-4008: Instance 'u_ddr3_ctrl/u_ddrphy_top/ddrphy_calib_top/ddrphy_rdcal/rdcal_wrdata[82]' of 'bmsWIDEDFFCPE' unit is dangling and will be cleaned.
W: Public-4008: Instance 'u_ddr3_ctrl/u_ddrphy_top/ddrphy_calib_top/ddrphy_rdcal/rdcal_wrdata[83]' of 'bmsWIDEDFFCPE' unit is dangling and will be cleaned.
W: Public-4008: Instance 'u_ddr3_ctrl/u_ddrphy_top/ddrphy_calib_top/ddrphy_rdcal/rdcal_wrdata[84]' of 'bmsWIDEDFFCPE' unit is dangling and will be cleaned.
W: Public-4008: Instance 'u_ddr3_ctrl/u_ddrphy_top/ddrphy_calib_top/ddrphy_rdcal/rdcal_wrdata[85]' of 'bmsWIDEDFFCPE' unit is dangling and will be cleaned.
W: Public-4008: Instance 'u_ddr3_ctrl/u_ddrphy_top/ddrphy_calib_top/ddrphy_rdcal/rdcal_wrdata[86]' of 'bmsWIDEDFFCPE' unit is dangling and will be cleaned.
W: Public-4008: Instance 'u_ddr3_ctrl/u_ddrphy_top/ddrphy_calib_top/ddrphy_rdcal/rdcal_wrdata[87]' of 'bmsWIDEDFFCPE' unit is dangling and will be cleaned.
W: Public-4008: Instance 'u_ddr3_ctrl/u_ddrphy_top/ddrphy_calib_top/ddrphy_rdcal/rdcal_wrdata[88]' of 'bmsWIDEDFFCPE' unit is dangling and will be cleaned.
W: Public-4008: Instance 'u_ddr3_ctrl/u_ddrphy_top/ddrphy_calib_top/ddrphy_rdcal/rdcal_wrdata[89]' of 'bmsWIDEDFFCPE' unit is dangling and will be cleaned.
W: Public-4008: Instance 'u_ddr3_ctrl/u_ddrphy_top/ddrphy_calib_top/ddrphy_rdcal/rdcal_wrdata[90]' of 'bmsWIDEDFFCPE' unit is dangling and will be cleaned.
W: Public-4008: Instance 'u_ddr3_ctrl/u_ddrphy_top/ddrphy_calib_top/ddrphy_rdcal/rdcal_wrdata[91]' of 'bmsWIDEDFFCPE' unit is dangling and will be cleaned.
W: Public-4008: Instance 'u_ddr3_ctrl/u_ddrphy_top/ddrphy_calib_top/ddrphy_rdcal/rdcal_wrdata[92]' of 'bmsWIDEDFFCPE' unit is dangling and will be cleaned.
W: Public-4008: Instance 'u_ddr3_ctrl/u_ddrphy_top/ddrphy_calib_top/ddrphy_rdcal/rdcal_wrdata[93]' of 'bmsWIDEDFFCPE' unit is dangling and will be cleaned.
W: Public-4008: Instance 'u_ddr3_ctrl/u_ddrphy_top/ddrphy_calib_top/ddrphy_rdcal/rdcal_wrdata[94]' of 'bmsWIDEDFFCPE' unit is dangling and will be cleaned.
W: Public-4008: Instance 'u_ddr3_ctrl/u_ddrphy_top/ddrphy_calib_top/ddrphy_rdcal/rdcal_wrdata[95]' of 'bmsWIDEDFFCPE' unit is dangling and will be cleaned.
W: Public-4008: Instance 'u_ddr3_ctrl/u_ddrphy_top/ddrphy_calib_top/ddrphy_rdcal/rdcal_wrdata[97]' of 'bmsWIDEDFFCPE' unit is dangling and will be cleaned.
W: Public-4008: Instance 'u_ddr3_ctrl/u_ddrphy_top/ddrphy_calib_top/ddrphy_rdcal/rdcal_wrdata[98]' of 'bmsWIDEDFFCPE' unit is dangling and will be cleaned.
W: Public-4008: Instance 'u_ddr3_ctrl/u_ddrphy_top/ddrphy_calib_top/ddrphy_rdcal/rdcal_wrdata[99]' of 'bmsWIDEDFFCPE' unit is dangling and will be cleaned.
W: Public-4008: Instance 'u_ddr3_ctrl/u_ddrphy_top/ddrphy_calib_top/ddrphy_rdcal/rdcal_wrdata[100]' of 'bmsWIDEDFFCPE' unit is dangling and will be cleaned.
W: Public-4008: Instance 'u_ddr3_ctrl/u_ddrphy_top/ddrphy_calib_top/ddrphy_rdcal/rdcal_wrdata[101]' of 'bmsWIDEDFFCPE' unit is dangling and will be cleaned.
W: Public-4008: Instance 'u_ddr3_ctrl/u_ddrphy_top/ddrphy_calib_top/ddrphy_rdcal/rdcal_wrdata[102]' of 'bmsWIDEDFFCPE' unit is dangling and will be cleaned.
W: Public-4008: Instance 'u_ddr3_ctrl/u_ddrphy_top/ddrphy_calib_top/ddrphy_rdcal/rdcal_wrdata[103]' of 'bmsWIDEDFFCPE' unit is dangling and will be cleaned.
W: Public-4008: Instance 'u_ddr3_ctrl/u_ddrphy_top/ddrphy_calib_top/ddrphy_rdcal/rdcal_wrdata[104]' of 'bmsWIDEDFFCPE' unit is dangling and will be cleaned.
W: Public-4008: Instance 'u_ddr3_ctrl/u_ddrphy_top/ddrphy_calib_top/ddrphy_rdcal/rdcal_wrdata[105]' of 'bmsWIDEDFFCPE' unit is dangling and will be cleaned.
W: Public-4008: Instance 'u_ddr3_ctrl/u_ddrphy_top/ddrphy_calib_top/ddrphy_rdcal/rdcal_wrdata[106]' of 'bmsWIDEDFFCPE' unit is dangling and will be cleaned.
W: Public-4008: Instance 'u_ddr3_ctrl/u_ddrphy_top/ddrphy_calib_top/ddrphy_rdcal/rdcal_wrdata[107]' of 'bmsWIDEDFFCPE' unit is dangling and will be cleaned.
W: Public-4008: Instance 'u_ddr3_ctrl/u_ddrphy_top/ddrphy_calib_top/ddrphy_rdcal/rdcal_wrdata[108]' of 'bmsWIDEDFFCPE' unit is dangling and will be cleaned.
W: Public-4008: Instance 'u_ddr3_ctrl/u_ddrphy_top/ddrphy_calib_top/ddrphy_rdcal/rdcal_wrdata[109]' of 'bmsWIDEDFFCPE' unit is dangling and will be cleaned.
W: Public-4008: Instance 'u_ddr3_ctrl/u_ddrphy_top/ddrphy_calib_top/ddrphy_rdcal/rdcal_wrdata[110]' of 'bmsWIDEDFFCPE' unit is dangling and will be cleaned.
W: Public-4008: Instance 'u_ddr3_ctrl/u_ddrphy_top/ddrphy_calib_top/ddrphy_rdcal/rdcal_wrdata[111]' of 'bmsWIDEDFFCPE' unit is dangling and will be cleaned.
W: Public-4008: Instance 'u_ddr3_ctrl/u_ddrphy_top/ddrphy_calib_top/ddrphy_rdcal/rdcal_wrdata[112]' of 'bmsWIDEDFFCPE' unit is dangling and will be cleaned.
W: Public-4008: Instance 'u_ddr3_ctrl/u_ddrphy_top/ddrphy_calib_top/ddrphy_rdcal/rdcal_wrdata[113]' of 'bmsWIDEDFFCPE' unit is dangling and will be cleaned.
W: Public-4008: Instance 'u_ddr3_ctrl/u_ddrphy_top/ddrphy_calib_top/ddrphy_rdcal/rdcal_wrdata[114]' of 'bmsWIDEDFFCPE' unit is dangling and will be cleaned.
W: Public-4008: Instance 'u_ddr3_ctrl/u_ddrphy_top/ddrphy_calib_top/ddrphy_rdcal/rdcal_wrdata[115]' of 'bmsWIDEDFFCPE' unit is dangling and will be cleaned.
W: Public-4008: Instance 'u_ddr3_ctrl/u_ddrphy_top/ddrphy_calib_top/ddrphy_rdcal/rdcal_wrdata[116]' of 'bmsWIDEDFFCPE' unit is dangling and will be cleaned.
W: Public-4008: Instance 'u_ddr3_ctrl/u_ddrphy_top/ddrphy_calib_top/ddrphy_rdcal/rdcal_wrdata[117]' of 'bmsWIDEDFFCPE' unit is dangling and will be cleaned.
W: Public-4008: Instance 'u_ddr3_ctrl/u_ddrphy_top/ddrphy_calib_top/ddrphy_rdcal/rdcal_wrdata[118]' of 'bmsWIDEDFFCPE' unit is dangling and will be cleaned.
W: Public-4008: Instance 'u_ddr3_ctrl/u_ddrphy_top/ddrphy_calib_top/ddrphy_rdcal/rdcal_wrdata[119]' of 'bmsWIDEDFFCPE' unit is dangling and will be cleaned.
W: Public-4008: Instance 'u_ddr3_ctrl/u_ddrphy_top/ddrphy_calib_top/ddrphy_rdcal/rdcal_wrdata[120]' of 'bmsWIDEDFFCPE' unit is dangling and will be cleaned.
W: Public-4008: Instance 'u_ddr3_ctrl/u_ddrphy_top/ddrphy_calib_top/ddrphy_rdcal/rdcal_wrdata[121]' of 'bmsWIDEDFFCPE' unit is dangling and will be cleaned.
W: Public-4008: Instance 'u_ddr3_ctrl/u_ddrphy_top/ddrphy_calib_top/ddrphy_rdcal/rdcal_wrdata[122]' of 'bmsWIDEDFFCPE' unit is dangling and will be cleaned.
W: Public-4008: Instance 'u_ddr3_ctrl/u_ddrphy_top/ddrphy_calib_top/ddrphy_rdcal/rdcal_wrdata[123]' of 'bmsWIDEDFFCPE' unit is dangling and will be cleaned.
W: Public-4008: Instance 'u_ddr3_ctrl/u_ddrphy_top/ddrphy_calib_top/ddrphy_rdcal/rdcal_wrdata[124]' of 'bmsWIDEDFFCPE' unit is dangling and will be cleaned.
W: Public-4008: Instance 'u_ddr3_ctrl/u_ddrphy_top/ddrphy_calib_top/ddrphy_rdcal/rdcal_wrdata[125]' of 'bmsWIDEDFFCPE' unit is dangling and will be cleaned.
W: Public-4008: Instance 'u_ddr3_ctrl/u_ddrphy_top/ddrphy_calib_top/ddrphy_rdcal/rdcal_wrdata[126]' of 'bmsWIDEDFFCPE' unit is dangling and will be cleaned.
W: Public-4008: Instance 'u_ddr3_ctrl/u_ddrphy_top/ddrphy_calib_top/ddrphy_rdcal/rdcal_wrdata[127]' of 'bmsWIDEDFFCPE' unit is dangling and will be cleaned.
W: Public-4008: Instance 'u_ddr3_ctrl/u_ddrphy_top/ddrphy_calib_top/ddrphy_rdcal/rdcal_wrdata[129]' of 'bmsWIDEDFFCPE' unit is dangling and will be cleaned.
W: Public-4008: Instance 'u_ddr3_ctrl/u_ddrphy_top/ddrphy_calib_top/ddrphy_rdcal/rdcal_wrdata[130]' of 'bmsWIDEDFFCPE' unit is dangling and will be cleaned.
W: Public-4008: Instance 'u_ddr3_ctrl/u_ddrphy_top/ddrphy_calib_top/ddrphy_rdcal/rdcal_wrdata[131]' of 'bmsWIDEDFFCPE' unit is dangling and will be cleaned.
W: Public-4008: Instance 'u_ddr3_ctrl/u_ddrphy_top/ddrphy_calib_top/ddrphy_rdcal/rdcal_wrdata[132]' of 'bmsWIDEDFFCPE' unit is dangling and will be cleaned.
W: Public-4008: Instance 'u_ddr3_ctrl/u_ddrphy_top/ddrphy_calib_top/ddrphy_rdcal/rdcal_wrdata[133]' of 'bmsWIDEDFFCPE' unit is dangling and will be cleaned.
W: Public-4008: Instance 'u_ddr3_ctrl/u_ddrphy_top/ddrphy_calib_top/ddrphy_rdcal/rdcal_wrdata[134]' of 'bmsWIDEDFFCPE' unit is dangling and will be cleaned.
W: Public-4008: Instance 'u_ddr3_ctrl/u_ddrphy_top/ddrphy_calib_top/ddrphy_rdcal/rdcal_wrdata[135]' of 'bmsWIDEDFFCPE' unit is dangling and will be cleaned.
W: Public-4008: Instance 'u_ddr3_ctrl/u_ddrphy_top/ddrphy_calib_top/ddrphy_rdcal/rdcal_wrdata[136]' of 'bmsWIDEDFFCPE' unit is dangling and will be cleaned.
W: Public-4008: Instance 'u_ddr3_ctrl/u_ddrphy_top/ddrphy_calib_top/ddrphy_rdcal/rdcal_wrdata[137]' of 'bmsWIDEDFFCPE' unit is dangling and will be cleaned.
W: Public-4008: Instance 'u_ddr3_ctrl/u_ddrphy_top/ddrphy_calib_top/ddrphy_rdcal/rdcal_wrdata[138]' of 'bmsWIDEDFFCPE' unit is dangling and will be cleaned.
W: Public-4008: Instance 'u_ddr3_ctrl/u_ddrphy_top/ddrphy_calib_top/ddrphy_rdcal/rdcal_wrdata[139]' of 'bmsWIDEDFFCPE' unit is dangling and will be cleaned.
W: Public-4008: Instance 'u_ddr3_ctrl/u_ddrphy_top/ddrphy_calib_top/ddrphy_rdcal/rdcal_wrdata[140]' of 'bmsWIDEDFFCPE' unit is dangling and will be cleaned.
W: Public-4008: Instance 'u_ddr3_ctrl/u_ddrphy_top/ddrphy_calib_top/ddrphy_rdcal/rdcal_wrdata[141]' of 'bmsWIDEDFFCPE' unit is dangling and will be cleaned.
W: Public-4008: Instance 'u_ddr3_ctrl/u_ddrphy_top/ddrphy_calib_top/ddrphy_rdcal/rdcal_wrdata[142]' of 'bmsWIDEDFFCPE' unit is dangling and will be cleaned.
W: Public-4008: Instance 'u_ddr3_ctrl/u_ddrphy_top/ddrphy_calib_top/ddrphy_rdcal/rdcal_wrdata[143]' of 'bmsWIDEDFFCPE' unit is dangling and will be cleaned.
W: Public-4008: Instance 'u_ddr3_ctrl/u_ddrphy_top/ddrphy_calib_top/ddrphy_rdcal/rdcal_wrdata[144]' of 'bmsWIDEDFFCPE' unit is dangling and will be cleaned.
W: Public-4008: Instance 'u_ddr3_ctrl/u_ddrphy_top/ddrphy_calib_top/ddrphy_rdcal/rdcal_wrdata[145]' of 'bmsWIDEDFFCPE' unit is dangling and will be cleaned.
W: Public-4008: Instance 'u_ddr3_ctrl/u_ddrphy_top/ddrphy_calib_top/ddrphy_rdcal/rdcal_wrdata[146]' of 'bmsWIDEDFFCPE' unit is dangling and will be cleaned.
W: Public-4008: Instance 'u_ddr3_ctrl/u_ddrphy_top/ddrphy_calib_top/ddrphy_rdcal/rdcal_wrdata[147]' of 'bmsWIDEDFFCPE' unit is dangling and will be cleaned.
W: Public-4008: Instance 'u_ddr3_ctrl/u_ddrphy_top/ddrphy_calib_top/ddrphy_rdcal/rdcal_wrdata[148]' of 'bmsWIDEDFFCPE' unit is dangling and will be cleaned.
W: Public-4008: Instance 'u_ddr3_ctrl/u_ddrphy_top/ddrphy_calib_top/ddrphy_rdcal/rdcal_wrdata[149]' of 'bmsWIDEDFFCPE' unit is dangling and will be cleaned.
W: Public-4008: Instance 'u_ddr3_ctrl/u_ddrphy_top/ddrphy_calib_top/ddrphy_rdcal/rdcal_wrdata[150]' of 'bmsWIDEDFFCPE' unit is dangling and will be cleaned.
W: Public-4008: Instance 'u_ddr3_ctrl/u_ddrphy_top/ddrphy_calib_top/ddrphy_rdcal/rdcal_wrdata[151]' of 'bmsWIDEDFFCPE' unit is dangling and will be cleaned.
W: Public-4008: Instance 'u_ddr3_ctrl/u_ddrphy_top/ddrphy_calib_top/ddrphy_rdcal/rdcal_wrdata[152]' of 'bmsWIDEDFFCPE' unit is dangling and will be cleaned.
W: Public-4008: Instance 'u_ddr3_ctrl/u_ddrphy_top/ddrphy_calib_top/ddrphy_rdcal/rdcal_wrdata[153]' of 'bmsWIDEDFFCPE' unit is dangling and will be cleaned.
W: Public-4008: Instance 'u_ddr3_ctrl/u_ddrphy_top/ddrphy_calib_top/ddrphy_rdcal/rdcal_wrdata[154]' of 'bmsWIDEDFFCPE' unit is dangling and will be cleaned.
W: Public-4008: Instance 'u_ddr3_ctrl/u_ddrphy_top/ddrphy_calib_top/ddrphy_rdcal/rdcal_wrdata[155]' of 'bmsWIDEDFFCPE' unit is dangling and will be cleaned.
W: Public-4008: Instance 'u_ddr3_ctrl/u_ddrphy_top/ddrphy_calib_top/ddrphy_rdcal/rdcal_wrdata[156]' of 'bmsWIDEDFFCPE' unit is dangling and will be cleaned.
W: Public-4008: Instance 'u_ddr3_ctrl/u_ddrphy_top/ddrphy_calib_top/ddrphy_rdcal/rdcal_wrdata[157]' of 'bmsWIDEDFFCPE' unit is dangling and will be cleaned.
W: Public-4008: Instance 'u_ddr3_ctrl/u_ddrphy_top/ddrphy_calib_top/ddrphy_rdcal/rdcal_wrdata[158]' of 'bmsWIDEDFFCPE' unit is dangling and will be cleaned.
W: Public-4008: Instance 'u_ddr3_ctrl/u_ddrphy_top/ddrphy_calib_top/ddrphy_rdcal/rdcal_wrdata[159]' of 'bmsWIDEDFFCPE' unit is dangling and will be cleaned.
W: Public-4008: Instance 'u_ddr3_ctrl/u_ddrphy_top/ddrphy_calib_top/ddrphy_rdcal/rdcal_wrdata[160]' of 'bmsWIDEDFFCPE' unit is dangling and will be cleaned.
W: Public-4008: Instance 'u_ddr3_ctrl/u_ddrphy_top/ddrphy_calib_top/ddrphy_rdcal/rdcal_wrdata[161]' of 'bmsWIDEDFFCPE' unit is dangling and will be cleaned.
W: Public-4008: Instance 'u_ddr3_ctrl/u_ddrphy_top/ddrphy_calib_top/ddrphy_rdcal/rdcal_wrdata[162]' of 'bmsWIDEDFFCPE' unit is dangling and will be cleaned.
W: Public-4008: Instance 'u_ddr3_ctrl/u_ddrphy_top/ddrphy_calib_top/ddrphy_rdcal/rdcal_wrdata[163]' of 'bmsWIDEDFFCPE' unit is dangling and will be cleaned.
W: Public-4008: Instance 'u_ddr3_ctrl/u_ddrphy_top/ddrphy_calib_top/ddrphy_rdcal/rdcal_wrdata[164]' of 'bmsWIDEDFFCPE' unit is dangling and will be cleaned.
W: Public-4008: Instance 'u_ddr3_ctrl/u_ddrphy_top/ddrphy_calib_top/ddrphy_rdcal/rdcal_wrdata[165]' of 'bmsWIDEDFFCPE' unit is dangling and will be cleaned.
W: Public-4008: Instance 'u_ddr3_ctrl/u_ddrphy_top/ddrphy_calib_top/ddrphy_rdcal/rdcal_wrdata[166]' of 'bmsWIDEDFFCPE' unit is dangling and will be cleaned.
W: Public-4008: Instance 'u_ddr3_ctrl/u_ddrphy_top/ddrphy_calib_top/ddrphy_rdcal/rdcal_wrdata[167]' of 'bmsWIDEDFFCPE' unit is dangling and will be cleaned.
W: Public-4008: Instance 'u_ddr3_ctrl/u_ddrphy_top/ddrphy_calib_top/ddrphy_rdcal/rdcal_wrdata[168]' of 'bmsWIDEDFFCPE' unit is dangling and will be cleaned.
W: Public-4008: Instance 'u_ddr3_ctrl/u_ddrphy_top/ddrphy_calib_top/ddrphy_rdcal/rdcal_wrdata[169]' of 'bmsWIDEDFFCPE' unit is dangling and will be cleaned.
W: Public-4008: Instance 'u_ddr3_ctrl/u_ddrphy_top/ddrphy_calib_top/ddrphy_rdcal/rdcal_wrdata[170]' of 'bmsWIDEDFFCPE' unit is dangling and will be cleaned.
W: Public-4008: Instance 'u_ddr3_ctrl/u_ddrphy_top/ddrphy_calib_top/ddrphy_rdcal/rdcal_wrdata[171]' of 'bmsWIDEDFFCPE' unit is dangling and will be cleaned.
W: Public-4008: Instance 'u_ddr3_ctrl/u_ddrphy_top/ddrphy_calib_top/ddrphy_rdcal/rdcal_wrdata[172]' of 'bmsWIDEDFFCPE' unit is dangling and will be cleaned.
W: Public-4008: Instance 'u_ddr3_ctrl/u_ddrphy_top/ddrphy_calib_top/ddrphy_rdcal/rdcal_wrdata[173]' of 'bmsWIDEDFFCPE' unit is dangling and will be cleaned.
W: Public-4008: Instance 'u_ddr3_ctrl/u_ddrphy_top/ddrphy_calib_top/ddrphy_rdcal/rdcal_wrdata[174]' of 'bmsWIDEDFFCPE' unit is dangling and will be cleaned.
W: Public-4008: Instance 'u_ddr3_ctrl/u_ddrphy_top/ddrphy_calib_top/ddrphy_rdcal/rdcal_wrdata[175]' of 'bmsWIDEDFFCPE' unit is dangling and will be cleaned.
W: Public-4008: Instance 'u_ddr3_ctrl/u_ddrphy_top/ddrphy_calib_top/ddrphy_rdcal/rdcal_wrdata[176]' of 'bmsWIDEDFFCPE' unit is dangling and will be cleaned.
W: Public-4008: Instance 'u_ddr3_ctrl/u_ddrphy_top/ddrphy_calib_top/ddrphy_rdcal/rdcal_wrdata[177]' of 'bmsWIDEDFFCPE' unit is dangling and will be cleaned.
W: Public-4008: Instance 'u_ddr3_ctrl/u_ddrphy_top/ddrphy_calib_top/ddrphy_rdcal/rdcal_wrdata[178]' of 'bmsWIDEDFFCPE' unit is dangling and will be cleaned.
W: Public-4008: Instance 'u_ddr3_ctrl/u_ddrphy_top/ddrphy_calib_top/ddrphy_rdcal/rdcal_wrdata[179]' of 'bmsWIDEDFFCPE' unit is dangling and will be cleaned.
W: Public-4008: Instance 'u_ddr3_ctrl/u_ddrphy_top/ddrphy_calib_top/ddrphy_rdcal/rdcal_wrdata[180]' of 'bmsWIDEDFFCPE' unit is dangling and will be cleaned.
W: Public-4008: Instance 'u_ddr3_ctrl/u_ddrphy_top/ddrphy_calib_top/ddrphy_rdcal/rdcal_wrdata[181]' of 'bmsWIDEDFFCPE' unit is dangling and will be cleaned.
W: Public-4008: Instance 'u_ddr3_ctrl/u_ddrphy_top/ddrphy_calib_top/ddrphy_rdcal/rdcal_wrdata[182]' of 'bmsWIDEDFFCPE' unit is dangling and will be cleaned.
W: Public-4008: Instance 'u_ddr3_ctrl/u_ddrphy_top/ddrphy_calib_top/ddrphy_rdcal/rdcal_wrdata[183]' of 'bmsWIDEDFFCPE' unit is dangling and will be cleaned.
W: Public-4008: Instance 'u_ddr3_ctrl/u_ddrphy_top/ddrphy_calib_top/ddrphy_rdcal/rdcal_wrdata[184]' of 'bmsWIDEDFFCPE' unit is dangling and will be cleaned.
W: Public-4008: Instance 'u_ddr3_ctrl/u_ddrphy_top/ddrphy_calib_top/ddrphy_rdcal/rdcal_wrdata[185]' of 'bmsWIDEDFFCPE' unit is dangling and will be cleaned.
W: Public-4008: Instance 'u_ddr3_ctrl/u_ddrphy_top/ddrphy_calib_top/ddrphy_rdcal/rdcal_wrdata[186]' of 'bmsWIDEDFFCPE' unit is dangling and will be cleaned.
W: Public-4008: Instance 'u_ddr3_ctrl/u_ddrphy_top/ddrphy_calib_top/ddrphy_rdcal/rdcal_wrdata[187]' of 'bmsWIDEDFFCPE' unit is dangling and will be cleaned.
W: Public-4008: Instance 'u_ddr3_ctrl/u_ddrphy_top/ddrphy_calib_top/ddrphy_rdcal/rdcal_wrdata[188]' of 'bmsWIDEDFFCPE' unit is dangling and will be cleaned.
W: Public-4008: Instance 'u_ddr3_ctrl/u_ddrphy_top/ddrphy_calib_top/ddrphy_rdcal/rdcal_wrdata[189]' of 'bmsWIDEDFFCPE' unit is dangling and will be cleaned.
W: Public-4008: Instance 'u_ddr3_ctrl/u_ddrphy_top/ddrphy_calib_top/ddrphy_rdcal/rdcal_wrdata[190]' of 'bmsWIDEDFFCPE' unit is dangling and will be cleaned.
W: Public-4008: Instance 'u_ddr3_ctrl/u_ddrphy_top/ddrphy_calib_top/ddrphy_rdcal/rdcal_wrdata[191]' of 'bmsWIDEDFFCPE' unit is dangling and will be cleaned.
W: Public-4008: Instance 'u_ddr3_ctrl/u_ddrphy_top/ddrphy_calib_top/ddrphy_rdcal/rdcal_wrdata[193]' of 'bmsWIDEDFFCPE' unit is dangling and will be cleaned.
W: Public-4008: Instance 'u_ddr3_ctrl/u_ddrphy_top/ddrphy_calib_top/ddrphy_rdcal/rdcal_wrdata[194]' of 'bmsWIDEDFFCPE' unit is dangling and will be cleaned.
W: Public-4008: Instance 'u_ddr3_ctrl/u_ddrphy_top/ddrphy_calib_top/ddrphy_rdcal/rdcal_wrdata[195]' of 'bmsWIDEDFFCPE' unit is dangling and will be cleaned.
W: Public-4008: Instance 'u_ddr3_ctrl/u_ddrphy_top/ddrphy_calib_top/ddrphy_rdcal/rdcal_wrdata[196]' of 'bmsWIDEDFFCPE' unit is dangling and will be cleaned.
W: Public-4008: Instance 'u_ddr3_ctrl/u_ddrphy_top/ddrphy_calib_top/ddrphy_rdcal/rdcal_wrdata[197]' of 'bmsWIDEDFFCPE' unit is dangling and will be cleaned.
W: Public-4008: Instance 'u_ddr3_ctrl/u_ddrphy_top/ddrphy_calib_top/ddrphy_rdcal/rdcal_wrdata[198]' of 'bmsWIDEDFFCPE' unit is dangling and will be cleaned.
W: Public-4008: Instance 'u_ddr3_ctrl/u_ddrphy_top/ddrphy_calib_top/ddrphy_rdcal/rdcal_wrdata[199]' of 'bmsWIDEDFFCPE' unit is dangling and will be cleaned.
W: Public-4008: Instance 'u_ddr3_ctrl/u_ddrphy_top/ddrphy_calib_top/ddrphy_rdcal/rdcal_wrdata[200]' of 'bmsWIDEDFFCPE' unit is dangling and will be cleaned.
W: Public-4008: Instance 'u_ddr3_ctrl/u_ddrphy_top/ddrphy_calib_top/ddrphy_rdcal/rdcal_wrdata[201]' of 'bmsWIDEDFFCPE' unit is dangling and will be cleaned.
W: Public-4008: Instance 'u_ddr3_ctrl/u_ddrphy_top/ddrphy_calib_top/ddrphy_rdcal/rdcal_wrdata[202]' of 'bmsWIDEDFFCPE' unit is dangling and will be cleaned.
W: Public-4008: Instance 'u_ddr3_ctrl/u_ddrphy_top/ddrphy_calib_top/ddrphy_rdcal/rdcal_wrdata[203]' of 'bmsWIDEDFFCPE' unit is dangling and will be cleaned.
W: Public-4008: Instance 'u_ddr3_ctrl/u_ddrphy_top/ddrphy_calib_top/ddrphy_rdcal/rdcal_wrdata[204]' of 'bmsWIDEDFFCPE' unit is dangling and will be cleaned.
W: Public-4008: Instance 'u_ddr3_ctrl/u_ddrphy_top/ddrphy_calib_top/ddrphy_rdcal/rdcal_wrdata[205]' of 'bmsWIDEDFFCPE' unit is dangling and will be cleaned.
W: Public-4008: Instance 'u_ddr3_ctrl/u_ddrphy_top/ddrphy_calib_top/ddrphy_rdcal/rdcal_wrdata[206]' of 'bmsWIDEDFFCPE' unit is dangling and will be cleaned.
W: Public-4008: Instance 'u_ddr3_ctrl/u_ddrphy_top/ddrphy_calib_top/ddrphy_rdcal/rdcal_wrdata[207]' of 'bmsWIDEDFFCPE' unit is dangling and will be cleaned.
W: Public-4008: Instance 'u_ddr3_ctrl/u_ddrphy_top/ddrphy_calib_top/ddrphy_rdcal/rdcal_wrdata[208]' of 'bmsWIDEDFFCPE' unit is dangling and will be cleaned.
W: Public-4008: Instance 'u_ddr3_ctrl/u_ddrphy_top/ddrphy_calib_top/ddrphy_rdcal/rdcal_wrdata[209]' of 'bmsWIDEDFFCPE' unit is dangling and will be cleaned.
W: Public-4008: Instance 'u_ddr3_ctrl/u_ddrphy_top/ddrphy_calib_top/ddrphy_rdcal/rdcal_wrdata[210]' of 'bmsWIDEDFFCPE' unit is dangling and will be cleaned.
W: Public-4008: Instance 'u_ddr3_ctrl/u_ddrphy_top/ddrphy_calib_top/ddrphy_rdcal/rdcal_wrdata[211]' of 'bmsWIDEDFFCPE' unit is dangling and will be cleaned.
W: Public-4008: Instance 'u_ddr3_ctrl/u_ddrphy_top/ddrphy_calib_top/ddrphy_rdcal/rdcal_wrdata[212]' of 'bmsWIDEDFFCPE' unit is dangling and will be cleaned.
W: Public-4008: Instance 'u_ddr3_ctrl/u_ddrphy_top/ddrphy_calib_top/ddrphy_rdcal/rdcal_wrdata[213]' of 'bmsWIDEDFFCPE' unit is dangling and will be cleaned.
W: Public-4008: Instance 'u_ddr3_ctrl/u_ddrphy_top/ddrphy_calib_top/ddrphy_rdcal/rdcal_wrdata[214]' of 'bmsWIDEDFFCPE' unit is dangling and will be cleaned.
W: Public-4008: Instance 'u_ddr3_ctrl/u_ddrphy_top/ddrphy_calib_top/ddrphy_rdcal/rdcal_wrdata[215]' of 'bmsWIDEDFFCPE' unit is dangling and will be cleaned.
W: Public-4008: Instance 'u_ddr3_ctrl/u_ddrphy_top/ddrphy_calib_top/ddrphy_rdcal/rdcal_wrdata[216]' of 'bmsWIDEDFFCPE' unit is dangling and will be cleaned.
W: Public-4008: Instance 'u_ddr3_ctrl/u_ddrphy_top/ddrphy_calib_top/ddrphy_rdcal/rdcal_wrdata[217]' of 'bmsWIDEDFFCPE' unit is dangling and will be cleaned.
W: Public-4008: Instance 'u_ddr3_ctrl/u_ddrphy_top/ddrphy_calib_top/ddrphy_rdcal/rdcal_wrdata[218]' of 'bmsWIDEDFFCPE' unit is dangling and will be cleaned.
W: Public-4008: Instance 'u_ddr3_ctrl/u_ddrphy_top/ddrphy_calib_top/ddrphy_rdcal/rdcal_wrdata[219]' of 'bmsWIDEDFFCPE' unit is dangling and will be cleaned.
W: Public-4008: Instance 'u_ddr3_ctrl/u_ddrphy_top/ddrphy_calib_top/ddrphy_rdcal/rdcal_wrdata[220]' of 'bmsWIDEDFFCPE' unit is dangling and will be cleaned.
W: Public-4008: Instance 'u_ddr3_ctrl/u_ddrphy_top/ddrphy_calib_top/ddrphy_rdcal/rdcal_wrdata[221]' of 'bmsWIDEDFFCPE' unit is dangling and will be cleaned.
W: Public-4008: Instance 'u_ddr3_ctrl/u_ddrphy_top/ddrphy_calib_top/ddrphy_rdcal/rdcal_wrdata[222]' of 'bmsWIDEDFFCPE' unit is dangling and will be cleaned.
W: Public-4008: Instance 'u_ddr3_ctrl/u_ddrphy_top/ddrphy_calib_top/ddrphy_rdcal/rdcal_wrdata[223]' of 'bmsWIDEDFFCPE' unit is dangling and will be cleaned.
W: Public-4008: Instance 'u_ddr3_ctrl/u_ddrphy_top/ddrphy_calib_top/ddrphy_rdcal/rdcal_wrdata[224]' of 'bmsWIDEDFFCPE' unit is dangling and will be cleaned.
W: Public-4008: Instance 'u_ddr3_ctrl/u_ddrphy_top/ddrphy_calib_top/ddrphy_rdcal/rdcal_wrdata[225]' of 'bmsWIDEDFFCPE' unit is dangling and will be cleaned.
W: Public-4008: Instance 'u_ddr3_ctrl/u_ddrphy_top/ddrphy_calib_top/ddrphy_rdcal/rdcal_wrdata[226]' of 'bmsWIDEDFFCPE' unit is dangling and will be cleaned.
W: Public-4008: Instance 'u_ddr3_ctrl/u_ddrphy_top/ddrphy_calib_top/ddrphy_rdcal/rdcal_wrdata[227]' of 'bmsWIDEDFFCPE' unit is dangling and will be cleaned.
W: Public-4008: Instance 'u_ddr3_ctrl/u_ddrphy_top/ddrphy_calib_top/ddrphy_rdcal/rdcal_wrdata[228]' of 'bmsWIDEDFFCPE' unit is dangling and will be cleaned.
W: Public-4008: Instance 'u_ddr3_ctrl/u_ddrphy_top/ddrphy_calib_top/ddrphy_rdcal/rdcal_wrdata[229]' of 'bmsWIDEDFFCPE' unit is dangling and will be cleaned.
W: Public-4008: Instance 'u_ddr3_ctrl/u_ddrphy_top/ddrphy_calib_top/ddrphy_rdcal/rdcal_wrdata[230]' of 'bmsWIDEDFFCPE' unit is dangling and will be cleaned.
W: Public-4008: Instance 'u_ddr3_ctrl/u_ddrphy_top/ddrphy_calib_top/ddrphy_rdcal/rdcal_wrdata[231]' of 'bmsWIDEDFFCPE' unit is dangling and will be cleaned.
W: Public-4008: Instance 'u_ddr3_ctrl/u_ddrphy_top/ddrphy_calib_top/ddrphy_rdcal/rdcal_wrdata[232]' of 'bmsWIDEDFFCPE' unit is dangling and will be cleaned.
W: Public-4008: Instance 'u_ddr3_ctrl/u_ddrphy_top/ddrphy_calib_top/ddrphy_rdcal/rdcal_wrdata[233]' of 'bmsWIDEDFFCPE' unit is dangling and will be cleaned.
W: Public-4008: Instance 'u_ddr3_ctrl/u_ddrphy_top/ddrphy_calib_top/ddrphy_rdcal/rdcal_wrdata[234]' of 'bmsWIDEDFFCPE' unit is dangling and will be cleaned.
W: Public-4008: Instance 'u_ddr3_ctrl/u_ddrphy_top/ddrphy_calib_top/ddrphy_rdcal/rdcal_wrdata[235]' of 'bmsWIDEDFFCPE' unit is dangling and will be cleaned.
W: Public-4008: Instance 'u_ddr3_ctrl/u_ddrphy_top/ddrphy_calib_top/ddrphy_rdcal/rdcal_wrdata[236]' of 'bmsWIDEDFFCPE' unit is dangling and will be cleaned.
W: Public-4008: Instance 'u_ddr3_ctrl/u_ddrphy_top/ddrphy_calib_top/ddrphy_rdcal/rdcal_wrdata[237]' of 'bmsWIDEDFFCPE' unit is dangling and will be cleaned.
W: Public-4008: Instance 'u_ddr3_ctrl/u_ddrphy_top/ddrphy_calib_top/ddrphy_rdcal/rdcal_wrdata[238]' of 'bmsWIDEDFFCPE' unit is dangling and will be cleaned.
W: Public-4008: Instance 'u_ddr3_ctrl/u_ddrphy_top/ddrphy_calib_top/ddrphy_rdcal/rdcal_wrdata[239]' of 'bmsWIDEDFFCPE' unit is dangling and will be cleaned.
W: Public-4008: Instance 'u_ddr3_ctrl/u_ddrphy_top/ddrphy_calib_top/ddrphy_rdcal/rdcal_wrdata[240]' of 'bmsWIDEDFFCPE' unit is dangling and will be cleaned.
W: Public-4008: Instance 'u_ddr3_ctrl/u_ddrphy_top/ddrphy_calib_top/ddrphy_rdcal/rdcal_wrdata[241]' of 'bmsWIDEDFFCPE' unit is dangling and will be cleaned.
W: Public-4008: Instance 'u_ddr3_ctrl/u_ddrphy_top/ddrphy_calib_top/ddrphy_rdcal/rdcal_wrdata[242]' of 'bmsWIDEDFFCPE' unit is dangling and will be cleaned.
W: Public-4008: Instance 'u_ddr3_ctrl/u_ddrphy_top/ddrphy_calib_top/ddrphy_rdcal/rdcal_wrdata[243]' of 'bmsWIDEDFFCPE' unit is dangling and will be cleaned.
W: Public-4008: Instance 'u_ddr3_ctrl/u_ddrphy_top/ddrphy_calib_top/ddrphy_rdcal/rdcal_wrdata[244]' of 'bmsWIDEDFFCPE' unit is dangling and will be cleaned.
W: Public-4008: Instance 'u_ddr3_ctrl/u_ddrphy_top/ddrphy_calib_top/ddrphy_rdcal/rdcal_wrdata[245]' of 'bmsWIDEDFFCPE' unit is dangling and will be cleaned.
W: Public-4008: Instance 'u_ddr3_ctrl/u_ddrphy_top/ddrphy_calib_top/ddrphy_rdcal/rdcal_wrdata[246]' of 'bmsWIDEDFFCPE' unit is dangling and will be cleaned.
W: Public-4008: Instance 'u_ddr3_ctrl/u_ddrphy_top/ddrphy_calib_top/ddrphy_rdcal/rdcal_wrdata[247]' of 'bmsWIDEDFFCPE' unit is dangling and will be cleaned.
W: Public-4008: Instance 'u_ddr3_ctrl/u_ddrphy_top/ddrphy_calib_top/ddrphy_rdcal/rdcal_wrdata[248]' of 'bmsWIDEDFFCPE' unit is dangling and will be cleaned.
W: Public-4008: Instance 'u_ddr3_ctrl/u_ddrphy_top/ddrphy_calib_top/ddrphy_rdcal/rdcal_wrdata[249]' of 'bmsWIDEDFFCPE' unit is dangling and will be cleaned.
W: Public-4008: Instance 'u_ddr3_ctrl/u_ddrphy_top/ddrphy_calib_top/ddrphy_rdcal/rdcal_wrdata[250]' of 'bmsWIDEDFFCPE' unit is dangling and will be cleaned.
W: Public-4008: Instance 'u_ddr3_ctrl/u_ddrphy_top/ddrphy_calib_top/ddrphy_rdcal/rdcal_wrdata[251]' of 'bmsWIDEDFFCPE' unit is dangling and will be cleaned.
W: Public-4008: Instance 'u_ddr3_ctrl/u_ddrphy_top/ddrphy_calib_top/ddrphy_rdcal/rdcal_wrdata[252]' of 'bmsWIDEDFFCPE' unit is dangling and will be cleaned.
W: Public-4008: Instance 'u_ddr3_ctrl/u_ddrphy_top/ddrphy_calib_top/ddrphy_rdcal/rdcal_wrdata[253]' of 'bmsWIDEDFFCPE' unit is dangling and will be cleaned.
W: Public-4008: Instance 'u_ddr3_ctrl/u_ddrphy_top/ddrphy_calib_top/ddrphy_rdcal/rdcal_wrdata[254]' of 'bmsWIDEDFFCPE' unit is dangling and will be cleaned.
W: Public-4008: Instance 'u_ddr3_ctrl/u_ddrphy_top/ddrphy_calib_top/ddrphy_rdcal/rdcal_wrdata[255]' of 'bmsWIDEDFFCPE' unit is dangling and will be cleaned.
W: Public-4008: Instance 'u_ddr3_ctrl/u_ddrphy_top/ddrphy_calib_top/ddrphy_wrlvl/wrlvl_address[13]' of 'bmsWIDEDFFCPE' unit is dangling and will be cleaned.
W: Public-4008: Instance 'u_ddr3_ctrl/u_ddrphy_top/ddrphy_calib_top/ddrphy_wrlvl/wrlvl_address[14]' of 'bmsWIDEDFFCPE' unit is dangling and will be cleaned.
W: Public-4008: Instance 'u_ddr3_ctrl/u_ddrphy_top/ddrphy_calib_top/ddrphy_wrlvl/wrlvl_ba[1]' of 'bmsWIDEDFFCPE' unit is dangling and will be cleaned.
W: Public-4008: Instance 'u_ddr3_ctrl/u_ddrphy_top/ddrphy_calib_top/ddrphy_wrlvl/wrlvl_ba[2]' of 'bmsWIDEDFFCPE' unit is dangling and will be cleaned.
W: Public-4008: Instance 'u_ddr3_ctrl/u_ddrphy_top/ddrphy_calib_top/ddrphy_calib_mux/calib_ba[2]' of 'bmsWIDEDFFCPE' unit is dangling and will be cleaned.
W: Public-4008: Instance 'u_ddr3_ctrl/u_ddrphy_top/ddrphy_calib_top/ddrphy_eyecal/eyecal_address[0]' of 'bmsWIDEDFFCPE' unit is dangling and will be cleaned.
W: Public-4008: Instance 'u_ddr3_ctrl/u_ddrphy_top/ddrphy_calib_top/ddrphy_eyecal/eyecal_address[1]' of 'bmsWIDEDFFCPE' unit is dangling and will be cleaned.
W: Public-4008: Instance 'u_ddr3_ctrl/u_ddrphy_top/ddrphy_calib_top/ddrphy_eyecal/eyecal_address[2]' of 'bmsWIDEDFFCPE' unit is dangling and will be cleaned.
W: Public-4008: Instance 'u_ddr3_ctrl/u_ddrphy_top/ddrphy_calib_top/ddrphy_eyecal/eyecal_address[5]' of 'bmsWIDEDFFCPE' unit is dangling and will be cleaned.
W: Public-4008: Instance 'u_ddr3_ctrl/u_ddrphy_top/ddrphy_calib_top/ddrphy_eyecal/eyecal_address[6]' of 'bmsWIDEDFFCPE' unit is dangling and will be cleaned.
W: Public-4008: Instance 'u_ddr3_ctrl/u_ddrphy_top/ddrphy_calib_top/ddrphy_eyecal/eyecal_address[7]' of 'bmsWIDEDFFCPE' unit is dangling and will be cleaned.
W: Public-4008: Instance 'u_ddr3_ctrl/u_ddrphy_top/ddrphy_calib_top/ddrphy_eyecal/eyecal_address[8]' of 'bmsWIDEDFFCPE' unit is dangling and will be cleaned.
W: Public-4008: Instance 'u_ddr3_ctrl/u_ddrphy_top/ddrphy_calib_top/ddrphy_eyecal/eyecal_address[9]' of 'bmsWIDEDFFCPE' unit is dangling and will be cleaned.
W: Public-4008: Instance 'u_ddr3_ctrl/u_ddrphy_top/ddrphy_calib_top/ddrphy_eyecal/eyecal_address[11]' of 'bmsWIDEDFFCPE' unit is dangling and will be cleaned.
W: Public-4008: Instance 'u_ddr3_ctrl/u_ddrphy_top/ddrphy_calib_top/ddrphy_eyecal/eyecal_address[12]' of 'bmsWIDEDFFCPE' unit is dangling and will be cleaned.
W: Public-4008: Instance 'u_ddr3_ctrl/u_ddrphy_top/ddrphy_calib_top/ddrphy_eyecal/eyecal_address[13]' of 'bmsWIDEDFFCPE' unit is dangling and will be cleaned.
W: Public-4008: Instance 'u_ddr3_ctrl/u_ddrphy_top/ddrphy_calib_top/ddrphy_eyecal/eyecal_address[14]' of 'bmsWIDEDFFCPE' unit is dangling and will be cleaned.
W: Public-4008: Instance 'u_ddr3_ctrl/u_ddrphy_top/ddrphy_calib_top/ddrphy_upcal/cnt[5]' of 'bmsWIDEDFFCPE' unit is dangling and will be cleaned.
W: Public-4008: Instance 'u_ddr3_ctrl/u_ddrphy_top/ddrphy_calib_top/ddrphy_upcal/cnt[6]' of 'bmsWIDEDFFCPE' unit is dangling and will be cleaned.
W: Public-4008: Instance 'u_ddr3_ctrl/u_ddrphy_top/ddrphy_calib_top/ddrphy_upcal/cnt[7]' of 'bmsWIDEDFFCPE' unit is dangling and will be cleaned.
W: Public-4008: Instance 'u_ddr3_ctrl/u_ddrphy_top/ddrphy_calib_top/ddrphy_upcal/comp_val[1]' of 'bmsWIDEDFFCPE' unit is dangling and will be cleaned.
W: Public-4008: Instance 'u_ddr3_ctrl/u_ddrphy_top/ddrphy_calib_top/ddrphy_upcal/comp_val[3]' of 'bmsWIDEDFFCPE' unit is dangling and will be cleaned.
W: Public-4008: Instance 'u_ddr3_ctrl/u_ddrphy_top/ddrphy_calib_top/ddrphy_upcal/comp_val[5]' of 'bmsWIDEDFFCPE' unit is dangling and will be cleaned.
W: Public-4008: Instance 'u_ddr3_ctrl/u_ddrphy_top/ddrphy_calib_top/ddrphy_upcal/comp_val[7]' of 'bmsWIDEDFFCPE' unit is dangling and will be cleaned.
W: Public-4008: Instance 'u_ddr3_ctrl/u_ddrphy_top/ddrphy_calib_top/ddrphy_wrcal/wrcal_address[0]' of 'bmsWIDEDFFCPE' unit is dangling and will be cleaned.
W: Public-4008: Instance 'u_ddr3_ctrl/u_ddrphy_top/ddrphy_calib_top/ddrphy_wrcal/wrcal_address[1]' of 'bmsWIDEDFFCPE' unit is dangling and will be cleaned.
W: Public-4008: Instance 'u_ddr3_ctrl/u_ddrphy_top/ddrphy_calib_top/ddrphy_wrcal/wrcal_address[2]' of 'bmsWIDEDFFCPE' unit is dangling and will be cleaned.
W: Public-4008: Instance 'u_ddr3_ctrl/u_ddrphy_top/ddrphy_calib_top/ddrphy_wrcal/wrcal_address[5]' of 'bmsWIDEDFFCPE' unit is dangling and will be cleaned.
W: Public-4008: Instance 'u_ddr3_ctrl/u_ddrphy_top/ddrphy_calib_top/ddrphy_wrcal/wrcal_address[6]' of 'bmsWIDEDFFCPE' unit is dangling and will be cleaned.
W: Public-4008: Instance 'u_ddr3_ctrl/u_ddrphy_top/ddrphy_calib_top/ddrphy_wrcal/wrcal_address[7]' of 'bmsWIDEDFFCPE' unit is dangling and will be cleaned.
W: Public-4008: Instance 'u_ddr3_ctrl/u_ddrphy_top/ddrphy_calib_top/ddrphy_wrcal/wrcal_address[8]' of 'bmsWIDEDFFCPE' unit is dangling and will be cleaned.
W: Public-4008: Instance 'u_ddr3_ctrl/u_ddrphy_top/ddrphy_calib_top/ddrphy_wrcal/wrcal_address[9]' of 'bmsWIDEDFFCPE' unit is dangling and will be cleaned.
W: Public-4008: Instance 'u_ddr3_ctrl/u_ddrphy_top/ddrphy_calib_top/ddrphy_wrcal/wrcal_address[11]' of 'bmsWIDEDFFCPE' unit is dangling and will be cleaned.
W: Public-4008: Instance 'u_ddr3_ctrl/u_ddrphy_top/ddrphy_calib_top/ddrphy_wrcal/wrcal_address[12]' of 'bmsWIDEDFFCPE' unit is dangling and will be cleaned.
W: Public-4008: Instance 'u_ddr3_ctrl/u_ddrphy_top/ddrphy_calib_top/ddrphy_wrcal/wrcal_address[13]' of 'bmsWIDEDFFCPE' unit is dangling and will be cleaned.
W: Public-4008: Instance 'u_ddr3_ctrl/u_ddrphy_top/ddrphy_calib_top/ddrphy_wrcal/wrcal_address[14]' of 'bmsWIDEDFFCPE' unit is dangling and will be cleaned.
W: Public-4008: Instance 'u_ddr3_ctrl/u_ddrphy_top/ddrphy_calib_top/ddrphy_wrcal/wrcal_wrdata[2]' of 'bmsWIDEDFFCPE' unit is dangling and will be cleaned.
W: Public-4008: Instance 'u_ddr3_ctrl/u_ddrphy_top/ddrphy_calib_top/ddrphy_wrcal/wrcal_wrdata[3]' of 'bmsWIDEDFFCPE' unit is dangling and will be cleaned.
W: Public-4008: Instance 'u_ddr3_ctrl/u_ddrphy_top/ddrphy_calib_top/ddrphy_wrcal/wrcal_wrdata[6]' of 'bmsWIDEDFFCPE' unit is dangling and will be cleaned.
W: Public-4008: Instance 'u_ddr3_ctrl/u_ddrphy_top/ddrphy_calib_top/ddrphy_wrcal/wrcal_wrdata[7]' of 'bmsWIDEDFFCPE' unit is dangling and will be cleaned.
W: Public-4008: Instance 'u_ddr3_ctrl/u_ddrphy_top/ddrphy_calib_top/ddrphy_wrcal/wrcal_wrdata[8]' of 'bmsWIDEDFFCPE' unit is dangling and will be cleaned.
W: Public-4008: Instance 'u_ddr3_ctrl/u_ddrphy_top/ddrphy_calib_top/ddrphy_wrcal/wrcal_wrdata[9]' of 'bmsWIDEDFFCPE' unit is dangling and will be cleaned.
W: Public-4008: Instance 'u_ddr3_ctrl/u_ddrphy_top/ddrphy_calib_top/ddrphy_wrcal/wrcal_wrdata[10]' of 'bmsWIDEDFFCPE' unit is dangling and will be cleaned.
W: Public-4008: Instance 'u_ddr3_ctrl/u_ddrphy_top/ddrphy_calib_top/ddrphy_wrcal/wrcal_wrdata[11]' of 'bmsWIDEDFFCPE' unit is dangling and will be cleaned.
W: Public-4008: Instance 'u_ddr3_ctrl/u_ddrphy_top/ddrphy_calib_top/ddrphy_wrcal/wrcal_wrdata[12]' of 'bmsWIDEDFFCPE' unit is dangling and will be cleaned.
W: Public-4008: Instance 'u_ddr3_ctrl/u_ddrphy_top/ddrphy_calib_top/ddrphy_wrcal/wrcal_wrdata[13]' of 'bmsWIDEDFFCPE' unit is dangling and will be cleaned.
W: Public-4008: Instance 'u_ddr3_ctrl/u_ddrphy_top/ddrphy_calib_top/ddrphy_wrcal/wrcal_wrdata[14]' of 'bmsWIDEDFFCPE' unit is dangling and will be cleaned.
W: Public-4008: Instance 'u_ddr3_ctrl/u_ddrphy_top/ddrphy_calib_top/ddrphy_wrcal/wrcal_wrdata[15]' of 'bmsWIDEDFFCPE' unit is dangling and will be cleaned.
W: Public-4008: Instance 'u_ddr3_ctrl/u_ddrphy_top/ddrphy_calib_top/ddrphy_wrcal/wrcal_wrdata[16]' of 'bmsWIDEDFFCPE' unit is dangling and will be cleaned.
W: Public-4008: Instance 'u_ddr3_ctrl/u_ddrphy_top/ddrphy_calib_top/ddrphy_wrcal/wrcal_wrdata[17]' of 'bmsWIDEDFFCPE' unit is dangling and will be cleaned.
W: Public-4008: Instance 'u_ddr3_ctrl/u_ddrphy_top/ddrphy_calib_top/ddrphy_wrcal/wrcal_wrdata[18]' of 'bmsWIDEDFFCPE' unit is dangling and will be cleaned.
W: Public-4008: Instance 'u_ddr3_ctrl/u_ddrphy_top/ddrphy_calib_top/ddrphy_wrcal/wrcal_wrdata[19]' of 'bmsWIDEDFFCPE' unit is dangling and will be cleaned.
W: Public-4008: Instance 'u_ddr3_ctrl/u_ddrphy_top/ddrphy_calib_top/ddrphy_wrcal/wrcal_wrdata[20]' of 'bmsWIDEDFFCPE' unit is dangling and will be cleaned.
W: Public-4008: Instance 'u_ddr3_ctrl/u_ddrphy_top/ddrphy_calib_top/ddrphy_wrcal/wrcal_wrdata[21]' of 'bmsWIDEDFFCPE' unit is dangling and will be cleaned.
W: Public-4008: Instance 'u_ddr3_ctrl/u_ddrphy_top/ddrphy_calib_top/ddrphy_wrcal/wrcal_wrdata[22]' of 'bmsWIDEDFFCPE' unit is dangling and will be cleaned.
W: Public-4008: Instance 'u_ddr3_ctrl/u_ddrphy_top/ddrphy_calib_top/ddrphy_wrcal/wrcal_wrdata[23]' of 'bmsWIDEDFFCPE' unit is dangling and will be cleaned.
W: Public-4008: Instance 'u_ddr3_ctrl/u_ddrphy_top/ddrphy_calib_top/ddrphy_wrcal/wrcal_wrdata[24]' of 'bmsWIDEDFFCPE' unit is dangling and will be cleaned.
W: Public-4008: Instance 'u_ddr3_ctrl/u_ddrphy_top/ddrphy_calib_top/ddrphy_wrcal/wrcal_wrdata[25]' of 'bmsWIDEDFFCPE' unit is dangling and will be cleaned.
W: Public-4008: Instance 'u_ddr3_ctrl/u_ddrphy_top/ddrphy_calib_top/ddrphy_wrcal/wrcal_wrdata[26]' of 'bmsWIDEDFFCPE' unit is dangling and will be cleaned.
W: Public-4008: Instance 'u_ddr3_ctrl/u_ddrphy_top/ddrphy_calib_top/ddrphy_wrcal/wrcal_wrdata[27]' of 'bmsWIDEDFFCPE' unit is dangling and will be cleaned.
W: Public-4008: Instance 'u_ddr3_ctrl/u_ddrphy_top/ddrphy_calib_top/ddrphy_wrcal/wrcal_wrdata[28]' of 'bmsWIDEDFFCPE' unit is dangling and will be cleaned.
W: Public-4008: Instance 'u_ddr3_ctrl/u_ddrphy_top/ddrphy_calib_top/ddrphy_wrcal/wrcal_wrdata[29]' of 'bmsWIDEDFFCPE' unit is dangling and will be cleaned.
W: Public-4008: Instance 'u_ddr3_ctrl/u_ddrphy_top/ddrphy_calib_top/ddrphy_wrcal/wrcal_wrdata[30]' of 'bmsWIDEDFFCPE' unit is dangling and will be cleaned.
W: Public-4008: Instance 'u_ddr3_ctrl/u_ddrphy_top/ddrphy_calib_top/ddrphy_wrcal/wrcal_wrdata[31]' of 'bmsWIDEDFFCPE' unit is dangling and will be cleaned.
W: Public-4008: Instance 'u_ddr3_ctrl/u_ddrphy_top/ddrphy_calib_top/ddrphy_wrcal/wrcal_wrdata[34]' of 'bmsWIDEDFFCPE' unit is dangling and will be cleaned.
W: Public-4008: Instance 'u_ddr3_ctrl/u_ddrphy_top/ddrphy_calib_top/ddrphy_wrcal/wrcal_wrdata[35]' of 'bmsWIDEDFFCPE' unit is dangling and will be cleaned.
W: Public-4008: Instance 'u_ddr3_ctrl/u_ddrphy_top/ddrphy_calib_top/ddrphy_wrcal/wrcal_wrdata[38]' of 'bmsWIDEDFFCPE' unit is dangling and will be cleaned.
W: Public-4008: Instance 'u_ddr3_ctrl/u_ddrphy_top/ddrphy_calib_top/ddrphy_wrcal/wrcal_wrdata[39]' of 'bmsWIDEDFFCPE' unit is dangling and will be cleaned.
W: Public-4008: Instance 'u_ddr3_ctrl/u_ddrphy_top/ddrphy_calib_top/ddrphy_wrcal/wrcal_wrdata[40]' of 'bmsWIDEDFFCPE' unit is dangling and will be cleaned.
W: Public-4008: Instance 'u_ddr3_ctrl/u_ddrphy_top/ddrphy_calib_top/ddrphy_wrcal/wrcal_wrdata[41]' of 'bmsWIDEDFFCPE' unit is dangling and will be cleaned.
W: Public-4008: Instance 'u_ddr3_ctrl/u_ddrphy_top/ddrphy_calib_top/ddrphy_wrcal/wrcal_wrdata[42]' of 'bmsWIDEDFFCPE' unit is dangling and will be cleaned.
W: Public-4008: Instance 'u_ddr3_ctrl/u_ddrphy_top/ddrphy_calib_top/ddrphy_wrcal/wrcal_wrdata[43]' of 'bmsWIDEDFFCPE' unit is dangling and will be cleaned.
W: Public-4008: Instance 'u_ddr3_ctrl/u_ddrphy_top/ddrphy_calib_top/ddrphy_wrcal/wrcal_wrdata[44]' of 'bmsWIDEDFFCPE' unit is dangling and will be cleaned.
W: Public-4008: Instance 'u_ddr3_ctrl/u_ddrphy_top/ddrphy_calib_top/ddrphy_wrcal/wrcal_wrdata[45]' of 'bmsWIDEDFFCPE' unit is dangling and will be cleaned.
W: Public-4008: Instance 'u_ddr3_ctrl/u_ddrphy_top/ddrphy_calib_top/ddrphy_wrcal/wrcal_wrdata[46]' of 'bmsWIDEDFFCPE' unit is dangling and will be cleaned.
W: Public-4008: Instance 'u_ddr3_ctrl/u_ddrphy_top/ddrphy_calib_top/ddrphy_wrcal/wrcal_wrdata[47]' of 'bmsWIDEDFFCPE' unit is dangling and will be cleaned.
W: Public-4008: Instance 'u_ddr3_ctrl/u_ddrphy_top/ddrphy_calib_top/ddrphy_wrcal/wrcal_wrdata[48]' of 'bmsWIDEDFFCPE' unit is dangling and will be cleaned.
W: Public-4008: Instance 'u_ddr3_ctrl/u_ddrphy_top/ddrphy_calib_top/ddrphy_wrcal/wrcal_wrdata[49]' of 'bmsWIDEDFFCPE' unit is dangling and will be cleaned.
W: Public-4008: Instance 'u_ddr3_ctrl/u_ddrphy_top/ddrphy_calib_top/ddrphy_wrcal/wrcal_wrdata[50]' of 'bmsWIDEDFFCPE' unit is dangling and will be cleaned.
W: Public-4008: Instance 'u_ddr3_ctrl/u_ddrphy_top/ddrphy_calib_top/ddrphy_wrcal/wrcal_wrdata[51]' of 'bmsWIDEDFFCPE' unit is dangling and will be cleaned.
W: Public-4008: Instance 'u_ddr3_ctrl/u_ddrphy_top/ddrphy_calib_top/ddrphy_wrcal/wrcal_wrdata[52]' of 'bmsWIDEDFFCPE' unit is dangling and will be cleaned.
W: Public-4008: Instance 'u_ddr3_ctrl/u_ddrphy_top/ddrphy_calib_top/ddrphy_wrcal/wrcal_wrdata[53]' of 'bmsWIDEDFFCPE' unit is dangling and will be cleaned.
W: Public-4008: Instance 'u_ddr3_ctrl/u_ddrphy_top/ddrphy_calib_top/ddrphy_wrcal/wrcal_wrdata[54]' of 'bmsWIDEDFFCPE' unit is dangling and will be cleaned.
W: Public-4008: Instance 'u_ddr3_ctrl/u_ddrphy_top/ddrphy_calib_top/ddrphy_wrcal/wrcal_wrdata[55]' of 'bmsWIDEDFFCPE' unit is dangling and will be cleaned.
W: Public-4008: Instance 'u_ddr3_ctrl/u_ddrphy_top/ddrphy_calib_top/ddrphy_wrcal/wrcal_wrdata[56]' of 'bmsWIDEDFFCPE' unit is dangling and will be cleaned.
W: Public-4008: Instance 'u_ddr3_ctrl/u_ddrphy_top/ddrphy_calib_top/ddrphy_wrcal/wrcal_wrdata[57]' of 'bmsWIDEDFFCPE' unit is dangling and will be cleaned.
W: Public-4008: Instance 'u_ddr3_ctrl/u_ddrphy_top/ddrphy_calib_top/ddrphy_wrcal/wrcal_wrdata[58]' of 'bmsWIDEDFFCPE' unit is dangling and will be cleaned.
W: Public-4008: Instance 'u_ddr3_ctrl/u_ddrphy_top/ddrphy_calib_top/ddrphy_wrcal/wrcal_wrdata[59]' of 'bmsWIDEDFFCPE' unit is dangling and will be cleaned.
W: Public-4008: Instance 'u_ddr3_ctrl/u_ddrphy_top/ddrphy_calib_top/ddrphy_wrcal/wrcal_wrdata[60]' of 'bmsWIDEDFFCPE' unit is dangling and will be cleaned.
W: Public-4008: Instance 'u_ddr3_ctrl/u_ddrphy_top/ddrphy_calib_top/ddrphy_wrcal/wrcal_wrdata[61]' of 'bmsWIDEDFFCPE' unit is dangling and will be cleaned.
W: Public-4008: Instance 'u_ddr3_ctrl/u_ddrphy_top/ddrphy_calib_top/ddrphy_wrcal/wrcal_wrdata[62]' of 'bmsWIDEDFFCPE' unit is dangling and will be cleaned.
W: Public-4008: Instance 'u_ddr3_ctrl/u_ddrphy_top/ddrphy_calib_top/ddrphy_wrcal/wrcal_wrdata[63]' of 'bmsWIDEDFFCPE' unit is dangling and will be cleaned.
W: Public-4008: Instance 'u_ddr3_ctrl/u_ddrphy_top/ddrphy_calib_top/ddrphy_wrcal/wrcal_wrdata[66]' of 'bmsWIDEDFFCPE' unit is dangling and will be cleaned.
W: Public-4008: Instance 'u_ddr3_ctrl/u_ddrphy_top/ddrphy_calib_top/ddrphy_wrcal/wrcal_wrdata[67]' of 'bmsWIDEDFFCPE' unit is dangling and will be cleaned.
W: Public-4008: Instance 'u_ddr3_ctrl/u_ddrphy_top/ddrphy_calib_top/ddrphy_wrcal/wrcal_wrdata[70]' of 'bmsWIDEDFFCPE' unit is dangling and will be cleaned.
W: Public-4008: Instance 'u_ddr3_ctrl/u_ddrphy_top/ddrphy_calib_top/ddrphy_wrcal/wrcal_wrdata[71]' of 'bmsWIDEDFFCPE' unit is dangling and will be cleaned.
W: Public-4008: Instance 'u_ddr3_ctrl/u_ddrphy_top/ddrphy_calib_top/ddrphy_wrcal/wrcal_wrdata[72]' of 'bmsWIDEDFFCPE' unit is dangling and will be cleaned.
W: Public-4008: Instance 'u_ddr3_ctrl/u_ddrphy_top/ddrphy_calib_top/ddrphy_wrcal/wrcal_wrdata[73]' of 'bmsWIDEDFFCPE' unit is dangling and will be cleaned.
W: Public-4008: Instance 'u_ddr3_ctrl/u_ddrphy_top/ddrphy_calib_top/ddrphy_wrcal/wrcal_wrdata[74]' of 'bmsWIDEDFFCPE' unit is dangling and will be cleaned.
W: Public-4008: Instance 'u_ddr3_ctrl/u_ddrphy_top/ddrphy_calib_top/ddrphy_wrcal/wrcal_wrdata[75]' of 'bmsWIDEDFFCPE' unit is dangling and will be cleaned.
W: Public-4008: Instance 'u_ddr3_ctrl/u_ddrphy_top/ddrphy_calib_top/ddrphy_wrcal/wrcal_wrdata[76]' of 'bmsWIDEDFFCPE' unit is dangling and will be cleaned.
W: Public-4008: Instance 'u_ddr3_ctrl/u_ddrphy_top/ddrphy_calib_top/ddrphy_wrcal/wrcal_wrdata[77]' of 'bmsWIDEDFFCPE' unit is dangling and will be cleaned.
W: Public-4008: Instance 'u_ddr3_ctrl/u_ddrphy_top/ddrphy_calib_top/ddrphy_wrcal/wrcal_wrdata[78]' of 'bmsWIDEDFFCPE' unit is dangling and will be cleaned.
W: Public-4008: Instance 'u_ddr3_ctrl/u_ddrphy_top/ddrphy_calib_top/ddrphy_wrcal/wrcal_wrdata[79]' of 'bmsWIDEDFFCPE' unit is dangling and will be cleaned.
W: Public-4008: Instance 'u_ddr3_ctrl/u_ddrphy_top/ddrphy_calib_top/ddrphy_wrcal/wrcal_wrdata[80]' of 'bmsWIDEDFFCPE' unit is dangling and will be cleaned.
W: Public-4008: Instance 'u_ddr3_ctrl/u_ddrphy_top/ddrphy_calib_top/ddrphy_wrcal/wrcal_wrdata[81]' of 'bmsWIDEDFFCPE' unit is dangling and will be cleaned.
W: Public-4008: Instance 'u_ddr3_ctrl/u_ddrphy_top/ddrphy_calib_top/ddrphy_wrcal/wrcal_wrdata[82]' of 'bmsWIDEDFFCPE' unit is dangling and will be cleaned.
W: Public-4008: Instance 'u_ddr3_ctrl/u_ddrphy_top/ddrphy_calib_top/ddrphy_wrcal/wrcal_wrdata[83]' of 'bmsWIDEDFFCPE' unit is dangling and will be cleaned.
W: Public-4008: Instance 'u_ddr3_ctrl/u_ddrphy_top/ddrphy_calib_top/ddrphy_wrcal/wrcal_wrdata[84]' of 'bmsWIDEDFFCPE' unit is dangling and will be cleaned.
W: Public-4008: Instance 'u_ddr3_ctrl/u_ddrphy_top/ddrphy_calib_top/ddrphy_wrcal/wrcal_wrdata[85]' of 'bmsWIDEDFFCPE' unit is dangling and will be cleaned.
W: Public-4008: Instance 'u_ddr3_ctrl/u_ddrphy_top/ddrphy_calib_top/ddrphy_wrcal/wrcal_wrdata[86]' of 'bmsWIDEDFFCPE' unit is dangling and will be cleaned.
W: Public-4008: Instance 'u_ddr3_ctrl/u_ddrphy_top/ddrphy_calib_top/ddrphy_wrcal/wrcal_wrdata[87]' of 'bmsWIDEDFFCPE' unit is dangling and will be cleaned.
W: Public-4008: Instance 'u_ddr3_ctrl/u_ddrphy_top/ddrphy_calib_top/ddrphy_wrcal/wrcal_wrdata[88]' of 'bmsWIDEDFFCPE' unit is dangling and will be cleaned.
W: Public-4008: Instance 'u_ddr3_ctrl/u_ddrphy_top/ddrphy_calib_top/ddrphy_wrcal/wrcal_wrdata[89]' of 'bmsWIDEDFFCPE' unit is dangling and will be cleaned.
W: Public-4008: Instance 'u_ddr3_ctrl/u_ddrphy_top/ddrphy_calib_top/ddrphy_wrcal/wrcal_wrdata[90]' of 'bmsWIDEDFFCPE' unit is dangling and will be cleaned.
W: Public-4008: Instance 'u_ddr3_ctrl/u_ddrphy_top/ddrphy_calib_top/ddrphy_wrcal/wrcal_wrdata[91]' of 'bmsWIDEDFFCPE' unit is dangling and will be cleaned.
W: Public-4008: Instance 'u_ddr3_ctrl/u_ddrphy_top/ddrphy_calib_top/ddrphy_wrcal/wrcal_wrdata[92]' of 'bmsWIDEDFFCPE' unit is dangling and will be cleaned.
W: Public-4008: Instance 'u_ddr3_ctrl/u_ddrphy_top/ddrphy_calib_top/ddrphy_wrcal/wrcal_wrdata[93]' of 'bmsWIDEDFFCPE' unit is dangling and will be cleaned.
W: Public-4008: Instance 'u_ddr3_ctrl/u_ddrphy_top/ddrphy_calib_top/ddrphy_wrcal/wrcal_wrdata[94]' of 'bmsWIDEDFFCPE' unit is dangling and will be cleaned.
W: Public-4008: Instance 'u_ddr3_ctrl/u_ddrphy_top/ddrphy_calib_top/ddrphy_wrcal/wrcal_wrdata[95]' of 'bmsWIDEDFFCPE' unit is dangling and will be cleaned.
W: Public-4008: Instance 'u_ddr3_ctrl/u_ddrphy_top/ddrphy_calib_top/ddrphy_wrcal/wrcal_wrdata[98]' of 'bmsWIDEDFFCPE' unit is dangling and will be cleaned.
W: Public-4008: Instance 'u_ddr3_ctrl/u_ddrphy_top/ddrphy_calib_top/ddrphy_wrcal/wrcal_wrdata[99]' of 'bmsWIDEDFFCPE' unit is dangling and will be cleaned.
W: Public-4008: Instance 'u_ddr3_ctrl/u_ddrphy_top/ddrphy_calib_top/ddrphy_wrcal/wrcal_wrdata[102]' of 'bmsWIDEDFFCPE' unit is dangling and will be cleaned.
W: Public-4008: Instance 'u_ddr3_ctrl/u_ddrphy_top/ddrphy_calib_top/ddrphy_wrcal/wrcal_wrdata[103]' of 'bmsWIDEDFFCPE' unit is dangling and will be cleaned.
W: Public-4008: Instance 'u_ddr3_ctrl/u_ddrphy_top/ddrphy_calib_top/ddrphy_wrcal/wrcal_wrdata[104]' of 'bmsWIDEDFFCPE' unit is dangling and will be cleaned.
W: Public-4008: Instance 'u_ddr3_ctrl/u_ddrphy_top/ddrphy_calib_top/ddrphy_wrcal/wrcal_wrdata[105]' of 'bmsWIDEDFFCPE' unit is dangling and will be cleaned.
W: Public-4008: Instance 'u_ddr3_ctrl/u_ddrphy_top/ddrphy_calib_top/ddrphy_wrcal/wrcal_wrdata[106]' of 'bmsWIDEDFFCPE' unit is dangling and will be cleaned.
W: Public-4008: Instance 'u_ddr3_ctrl/u_ddrphy_top/ddrphy_calib_top/ddrphy_wrcal/wrcal_wrdata[107]' of 'bmsWIDEDFFCPE' unit is dangling and will be cleaned.
W: Public-4008: Instance 'u_ddr3_ctrl/u_ddrphy_top/ddrphy_calib_top/ddrphy_wrcal/wrcal_wrdata[108]' of 'bmsWIDEDFFCPE' unit is dangling and will be cleaned.
W: Public-4008: Instance 'u_ddr3_ctrl/u_ddrphy_top/ddrphy_calib_top/ddrphy_wrcal/wrcal_wrdata[109]' of 'bmsWIDEDFFCPE' unit is dangling and will be cleaned.
W: Public-4008: Instance 'u_ddr3_ctrl/u_ddrphy_top/ddrphy_calib_top/ddrphy_wrcal/wrcal_wrdata[110]' of 'bmsWIDEDFFCPE' unit is dangling and will be cleaned.
W: Public-4008: Instance 'u_ddr3_ctrl/u_ddrphy_top/ddrphy_calib_top/ddrphy_wrcal/wrcal_wrdata[111]' of 'bmsWIDEDFFCPE' unit is dangling and will be cleaned.
W: Public-4008: Instance 'u_ddr3_ctrl/u_ddrphy_top/ddrphy_calib_top/ddrphy_wrcal/wrcal_wrdata[112]' of 'bmsWIDEDFFCPE' unit is dangling and will be cleaned.
W: Public-4008: Instance 'u_ddr3_ctrl/u_ddrphy_top/ddrphy_calib_top/ddrphy_wrcal/wrcal_wrdata[113]' of 'bmsWIDEDFFCPE' unit is dangling and will be cleaned.
W: Public-4008: Instance 'u_ddr3_ctrl/u_ddrphy_top/ddrphy_calib_top/ddrphy_wrcal/wrcal_wrdata[114]' of 'bmsWIDEDFFCPE' unit is dangling and will be cleaned.
W: Public-4008: Instance 'u_ddr3_ctrl/u_ddrphy_top/ddrphy_calib_top/ddrphy_wrcal/wrcal_wrdata[115]' of 'bmsWIDEDFFCPE' unit is dangling and will be cleaned.
W: Public-4008: Instance 'u_ddr3_ctrl/u_ddrphy_top/ddrphy_calib_top/ddrphy_wrcal/wrcal_wrdata[116]' of 'bmsWIDEDFFCPE' unit is dangling and will be cleaned.
W: Public-4008: Instance 'u_ddr3_ctrl/u_ddrphy_top/ddrphy_calib_top/ddrphy_wrcal/wrcal_wrdata[117]' of 'bmsWIDEDFFCPE' unit is dangling and will be cleaned.
W: Public-4008: Instance 'u_ddr3_ctrl/u_ddrphy_top/ddrphy_calib_top/ddrphy_wrcal/wrcal_wrdata[118]' of 'bmsWIDEDFFCPE' unit is dangling and will be cleaned.
W: Public-4008: Instance 'u_ddr3_ctrl/u_ddrphy_top/ddrphy_calib_top/ddrphy_wrcal/wrcal_wrdata[119]' of 'bmsWIDEDFFCPE' unit is dangling and will be cleaned.
W: Public-4008: Instance 'u_ddr3_ctrl/u_ddrphy_top/ddrphy_calib_top/ddrphy_wrcal/wrcal_wrdata[120]' of 'bmsWIDEDFFCPE' unit is dangling and will be cleaned.
W: Public-4008: Instance 'u_ddr3_ctrl/u_ddrphy_top/ddrphy_calib_top/ddrphy_wrcal/wrcal_wrdata[121]' of 'bmsWIDEDFFCPE' unit is dangling and will be cleaned.
W: Public-4008: Instance 'u_ddr3_ctrl/u_ddrphy_top/ddrphy_calib_top/ddrphy_wrcal/wrcal_wrdata[122]' of 'bmsWIDEDFFCPE' unit is dangling and will be cleaned.
W: Public-4008: Instance 'u_ddr3_ctrl/u_ddrphy_top/ddrphy_calib_top/ddrphy_wrcal/wrcal_wrdata[123]' of 'bmsWIDEDFFCPE' unit is dangling and will be cleaned.
W: Public-4008: Instance 'u_ddr3_ctrl/u_ddrphy_top/ddrphy_calib_top/ddrphy_wrcal/wrcal_wrdata[124]' of 'bmsWIDEDFFCPE' unit is dangling and will be cleaned.
W: Public-4008: Instance 'u_ddr3_ctrl/u_ddrphy_top/ddrphy_calib_top/ddrphy_wrcal/wrcal_wrdata[125]' of 'bmsWIDEDFFCPE' unit is dangling and will be cleaned.
W: Public-4008: Instance 'u_ddr3_ctrl/u_ddrphy_top/ddrphy_calib_top/ddrphy_wrcal/wrcal_wrdata[126]' of 'bmsWIDEDFFCPE' unit is dangling and will be cleaned.
W: Public-4008: Instance 'u_ddr3_ctrl/u_ddrphy_top/ddrphy_calib_top/ddrphy_wrcal/wrcal_wrdata[127]' of 'bmsWIDEDFFCPE' unit is dangling and will be cleaned.
W: Public-4008: Instance 'u_ddr3_ctrl/u_ddrphy_top/ddrphy_calib_top/ddrphy_wrcal/wrcal_wrdata[130]' of 'bmsWIDEDFFCPE' unit is dangling and will be cleaned.
W: Public-4008: Instance 'u_ddr3_ctrl/u_ddrphy_top/ddrphy_calib_top/ddrphy_wrcal/wrcal_wrdata[131]' of 'bmsWIDEDFFCPE' unit is dangling and will be cleaned.
W: Public-4008: Instance 'u_ddr3_ctrl/u_ddrphy_top/ddrphy_calib_top/ddrphy_wrcal/wrcal_wrdata[134]' of 'bmsWIDEDFFCPE' unit is dangling and will be cleaned.
W: Public-4008: Instance 'u_ddr3_ctrl/u_ddrphy_top/ddrphy_calib_top/ddrphy_wrcal/wrcal_wrdata[135]' of 'bmsWIDEDFFCPE' unit is dangling and will be cleaned.
W: Public-4008: Instance 'u_ddr3_ctrl/u_ddrphy_top/ddrphy_calib_top/ddrphy_wrcal/wrcal_wrdata[136]' of 'bmsWIDEDFFCPE' unit is dangling and will be cleaned.
W: Public-4008: Instance 'u_ddr3_ctrl/u_ddrphy_top/ddrphy_calib_top/ddrphy_wrcal/wrcal_wrdata[137]' of 'bmsWIDEDFFCPE' unit is dangling and will be cleaned.
W: Public-4008: Instance 'u_ddr3_ctrl/u_ddrphy_top/ddrphy_calib_top/ddrphy_wrcal/wrcal_wrdata[138]' of 'bmsWIDEDFFCPE' unit is dangling and will be cleaned.
W: Public-4008: Instance 'u_ddr3_ctrl/u_ddrphy_top/ddrphy_calib_top/ddrphy_wrcal/wrcal_wrdata[139]' of 'bmsWIDEDFFCPE' unit is dangling and will be cleaned.
W: Public-4008: Instance 'u_ddr3_ctrl/u_ddrphy_top/ddrphy_calib_top/ddrphy_wrcal/wrcal_wrdata[140]' of 'bmsWIDEDFFCPE' unit is dangling and will be cleaned.
W: Public-4008: Instance 'u_ddr3_ctrl/u_ddrphy_top/ddrphy_calib_top/ddrphy_wrcal/wrcal_wrdata[141]' of 'bmsWIDEDFFCPE' unit is dangling and will be cleaned.
W: Public-4008: Instance 'u_ddr3_ctrl/u_ddrphy_top/ddrphy_calib_top/ddrphy_wrcal/wrcal_wrdata[142]' of 'bmsWIDEDFFCPE' unit is dangling and will be cleaned.
W: Public-4008: Instance 'u_ddr3_ctrl/u_ddrphy_top/ddrphy_calib_top/ddrphy_wrcal/wrcal_wrdata[143]' of 'bmsWIDEDFFCPE' unit is dangling and will be cleaned.
W: Public-4008: Instance 'u_ddr3_ctrl/u_ddrphy_top/ddrphy_calib_top/ddrphy_wrcal/wrcal_wrdata[144]' of 'bmsWIDEDFFCPE' unit is dangling and will be cleaned.
W: Public-4008: Instance 'u_ddr3_ctrl/u_ddrphy_top/ddrphy_calib_top/ddrphy_wrcal/wrcal_wrdata[145]' of 'bmsWIDEDFFCPE' unit is dangling and will be cleaned.
W: Public-4008: Instance 'u_ddr3_ctrl/u_ddrphy_top/ddrphy_calib_top/ddrphy_wrcal/wrcal_wrdata[146]' of 'bmsWIDEDFFCPE' unit is dangling and will be cleaned.
W: Public-4008: Instance 'u_ddr3_ctrl/u_ddrphy_top/ddrphy_calib_top/ddrphy_wrcal/wrcal_wrdata[147]' of 'bmsWIDEDFFCPE' unit is dangling and will be cleaned.
W: Public-4008: Instance 'u_ddr3_ctrl/u_ddrphy_top/ddrphy_calib_top/ddrphy_wrcal/wrcal_wrdata[148]' of 'bmsWIDEDFFCPE' unit is dangling and will be cleaned.
W: Public-4008: Instance 'u_ddr3_ctrl/u_ddrphy_top/ddrphy_calib_top/ddrphy_wrcal/wrcal_wrdata[149]' of 'bmsWIDEDFFCPE' unit is dangling and will be cleaned.
W: Public-4008: Instance 'u_ddr3_ctrl/u_ddrphy_top/ddrphy_calib_top/ddrphy_wrcal/wrcal_wrdata[150]' of 'bmsWIDEDFFCPE' unit is dangling and will be cleaned.
W: Public-4008: Instance 'u_ddr3_ctrl/u_ddrphy_top/ddrphy_calib_top/ddrphy_wrcal/wrcal_wrdata[151]' of 'bmsWIDEDFFCPE' unit is dangling and will be cleaned.
W: Public-4008: Instance 'u_ddr3_ctrl/u_ddrphy_top/ddrphy_calib_top/ddrphy_wrcal/wrcal_wrdata[152]' of 'bmsWIDEDFFCPE' unit is dangling and will be cleaned.
W: Public-4008: Instance 'u_ddr3_ctrl/u_ddrphy_top/ddrphy_calib_top/ddrphy_wrcal/wrcal_wrdata[153]' of 'bmsWIDEDFFCPE' unit is dangling and will be cleaned.
W: Public-4008: Instance 'u_ddr3_ctrl/u_ddrphy_top/ddrphy_calib_top/ddrphy_wrcal/wrcal_wrdata[154]' of 'bmsWIDEDFFCPE' unit is dangling and will be cleaned.
W: Public-4008: Instance 'u_ddr3_ctrl/u_ddrphy_top/ddrphy_calib_top/ddrphy_wrcal/wrcal_wrdata[155]' of 'bmsWIDEDFFCPE' unit is dangling and will be cleaned.
W: Public-4008: Instance 'u_ddr3_ctrl/u_ddrphy_top/ddrphy_calib_top/ddrphy_wrcal/wrcal_wrdata[156]' of 'bmsWIDEDFFCPE' unit is dangling and will be cleaned.
W: Public-4008: Instance 'u_ddr3_ctrl/u_ddrphy_top/ddrphy_calib_top/ddrphy_wrcal/wrcal_wrdata[157]' of 'bmsWIDEDFFCPE' unit is dangling and will be cleaned.
W: Public-4008: Instance 'u_ddr3_ctrl/u_ddrphy_top/ddrphy_calib_top/ddrphy_wrcal/wrcal_wrdata[158]' of 'bmsWIDEDFFCPE' unit is dangling and will be cleaned.
W: Public-4008: Instance 'u_ddr3_ctrl/u_ddrphy_top/ddrphy_calib_top/ddrphy_wrcal/wrcal_wrdata[159]' of 'bmsWIDEDFFCPE' unit is dangling and will be cleaned.
W: Public-4008: Instance 'u_ddr3_ctrl/u_ddrphy_top/ddrphy_calib_top/ddrphy_wrcal/wrcal_wrdata[162]' of 'bmsWIDEDFFCPE' unit is dangling and will be cleaned.
W: Public-4008: Instance 'u_ddr3_ctrl/u_ddrphy_top/ddrphy_calib_top/ddrphy_wrcal/wrcal_wrdata[163]' of 'bmsWIDEDFFCPE' unit is dangling and will be cleaned.
W: Public-4008: Instance 'u_ddr3_ctrl/u_ddrphy_top/ddrphy_calib_top/ddrphy_wrcal/wrcal_wrdata[166]' of 'bmsWIDEDFFCPE' unit is dangling and will be cleaned.
W: Public-4008: Instance 'u_ddr3_ctrl/u_ddrphy_top/ddrphy_calib_top/ddrphy_wrcal/wrcal_wrdata[167]' of 'bmsWIDEDFFCPE' unit is dangling and will be cleaned.
W: Public-4008: Instance 'u_ddr3_ctrl/u_ddrphy_top/ddrphy_calib_top/ddrphy_wrcal/wrcal_wrdata[168]' of 'bmsWIDEDFFCPE' unit is dangling and will be cleaned.
W: Public-4008: Instance 'u_ddr3_ctrl/u_ddrphy_top/ddrphy_calib_top/ddrphy_wrcal/wrcal_wrdata[169]' of 'bmsWIDEDFFCPE' unit is dangling and will be cleaned.
W: Public-4008: Instance 'u_ddr3_ctrl/u_ddrphy_top/ddrphy_calib_top/ddrphy_wrcal/wrcal_wrdata[170]' of 'bmsWIDEDFFCPE' unit is dangling and will be cleaned.
W: Public-4008: Instance 'u_ddr3_ctrl/u_ddrphy_top/ddrphy_calib_top/ddrphy_wrcal/wrcal_wrdata[171]' of 'bmsWIDEDFFCPE' unit is dangling and will be cleaned.
W: Public-4008: Instance 'u_ddr3_ctrl/u_ddrphy_top/ddrphy_calib_top/ddrphy_wrcal/wrcal_wrdata[172]' of 'bmsWIDEDFFCPE' unit is dangling and will be cleaned.
W: Public-4008: Instance 'u_ddr3_ctrl/u_ddrphy_top/ddrphy_calib_top/ddrphy_wrcal/wrcal_wrdata[173]' of 'bmsWIDEDFFCPE' unit is dangling and will be cleaned.
W: Public-4008: Instance 'u_ddr3_ctrl/u_ddrphy_top/ddrphy_calib_top/ddrphy_wrcal/wrcal_wrdata[174]' of 'bmsWIDEDFFCPE' unit is dangling and will be cleaned.
W: Public-4008: Instance 'u_ddr3_ctrl/u_ddrphy_top/ddrphy_calib_top/ddrphy_wrcal/wrcal_wrdata[175]' of 'bmsWIDEDFFCPE' unit is dangling and will be cleaned.
W: Public-4008: Instance 'u_ddr3_ctrl/u_ddrphy_top/ddrphy_calib_top/ddrphy_wrcal/wrcal_wrdata[176]' of 'bmsWIDEDFFCPE' unit is dangling and will be cleaned.
W: Public-4008: Instance 'u_ddr3_ctrl/u_ddrphy_top/ddrphy_calib_top/ddrphy_wrcal/wrcal_wrdata[177]' of 'bmsWIDEDFFCPE' unit is dangling and will be cleaned.
W: Public-4008: Instance 'u_ddr3_ctrl/u_ddrphy_top/ddrphy_calib_top/ddrphy_wrcal/wrcal_wrdata[178]' of 'bmsWIDEDFFCPE' unit is dangling and will be cleaned.
W: Public-4008: Instance 'u_ddr3_ctrl/u_ddrphy_top/ddrphy_calib_top/ddrphy_wrcal/wrcal_wrdata[179]' of 'bmsWIDEDFFCPE' unit is dangling and will be cleaned.
W: Public-4008: Instance 'u_ddr3_ctrl/u_ddrphy_top/ddrphy_calib_top/ddrphy_wrcal/wrcal_wrdata[180]' of 'bmsWIDEDFFCPE' unit is dangling and will be cleaned.
W: Public-4008: Instance 'u_ddr3_ctrl/u_ddrphy_top/ddrphy_calib_top/ddrphy_wrcal/wrcal_wrdata[181]' of 'bmsWIDEDFFCPE' unit is dangling and will be cleaned.
W: Public-4008: Instance 'u_ddr3_ctrl/u_ddrphy_top/ddrphy_calib_top/ddrphy_wrcal/wrcal_wrdata[182]' of 'bmsWIDEDFFCPE' unit is dangling and will be cleaned.
W: Public-4008: Instance 'u_ddr3_ctrl/u_ddrphy_top/ddrphy_calib_top/ddrphy_wrcal/wrcal_wrdata[183]' of 'bmsWIDEDFFCPE' unit is dangling and will be cleaned.
W: Public-4008: Instance 'u_ddr3_ctrl/u_ddrphy_top/ddrphy_calib_top/ddrphy_wrcal/wrcal_wrdata[184]' of 'bmsWIDEDFFCPE' unit is dangling and will be cleaned.
W: Public-4008: Instance 'u_ddr3_ctrl/u_ddrphy_top/ddrphy_calib_top/ddrphy_wrcal/wrcal_wrdata[185]' of 'bmsWIDEDFFCPE' unit is dangling and will be cleaned.
W: Public-4008: Instance 'u_ddr3_ctrl/u_ddrphy_top/ddrphy_calib_top/ddrphy_wrcal/wrcal_wrdata[186]' of 'bmsWIDEDFFCPE' unit is dangling and will be cleaned.
W: Public-4008: Instance 'u_ddr3_ctrl/u_ddrphy_top/ddrphy_calib_top/ddrphy_wrcal/wrcal_wrdata[187]' of 'bmsWIDEDFFCPE' unit is dangling and will be cleaned.
W: Public-4008: Instance 'u_ddr3_ctrl/u_ddrphy_top/ddrphy_calib_top/ddrphy_wrcal/wrcal_wrdata[188]' of 'bmsWIDEDFFCPE' unit is dangling and will be cleaned.
W: Public-4008: Instance 'u_ddr3_ctrl/u_ddrphy_top/ddrphy_calib_top/ddrphy_wrcal/wrcal_wrdata[189]' of 'bmsWIDEDFFCPE' unit is dangling and will be cleaned.
W: Public-4008: Instance 'u_ddr3_ctrl/u_ddrphy_top/ddrphy_calib_top/ddrphy_wrcal/wrcal_wrdata[190]' of 'bmsWIDEDFFCPE' unit is dangling and will be cleaned.
W: Public-4008: Instance 'u_ddr3_ctrl/u_ddrphy_top/ddrphy_calib_top/ddrphy_wrcal/wrcal_wrdata[191]' of 'bmsWIDEDFFCPE' unit is dangling and will be cleaned.
W: Public-4008: Instance 'u_ddr3_ctrl/u_ddrphy_top/ddrphy_calib_top/ddrphy_wrcal/wrcal_wrdata[194]' of 'bmsWIDEDFFCPE' unit is dangling and will be cleaned.
W: Public-4008: Instance 'u_ddr3_ctrl/u_ddrphy_top/ddrphy_calib_top/ddrphy_wrcal/wrcal_wrdata[195]' of 'bmsWIDEDFFCPE' unit is dangling and will be cleaned.
W: Public-4008: Instance 'u_ddr3_ctrl/u_ddrphy_top/ddrphy_calib_top/ddrphy_wrcal/wrcal_wrdata[198]' of 'bmsWIDEDFFCPE' unit is dangling and will be cleaned.
W: Public-4008: Instance 'u_ddr3_ctrl/u_ddrphy_top/ddrphy_calib_top/ddrphy_wrcal/wrcal_wrdata[199]' of 'bmsWIDEDFFCPE' unit is dangling and will be cleaned.
W: Public-4008: Instance 'u_ddr3_ctrl/u_ddrphy_top/ddrphy_calib_top/ddrphy_wrcal/wrcal_wrdata[200]' of 'bmsWIDEDFFCPE' unit is dangling and will be cleaned.
W: Public-4008: Instance 'u_ddr3_ctrl/u_ddrphy_top/ddrphy_calib_top/ddrphy_wrcal/wrcal_wrdata[201]' of 'bmsWIDEDFFCPE' unit is dangling and will be cleaned.
W: Public-4008: Instance 'u_ddr3_ctrl/u_ddrphy_top/ddrphy_calib_top/ddrphy_wrcal/wrcal_wrdata[202]' of 'bmsWIDEDFFCPE' unit is dangling and will be cleaned.
W: Public-4008: Instance 'u_ddr3_ctrl/u_ddrphy_top/ddrphy_calib_top/ddrphy_wrcal/wrcal_wrdata[203]' of 'bmsWIDEDFFCPE' unit is dangling and will be cleaned.
W: Public-4008: Instance 'u_ddr3_ctrl/u_ddrphy_top/ddrphy_calib_top/ddrphy_wrcal/wrcal_wrdata[204]' of 'bmsWIDEDFFCPE' unit is dangling and will be cleaned.
W: Public-4008: Instance 'u_ddr3_ctrl/u_ddrphy_top/ddrphy_calib_top/ddrphy_wrcal/wrcal_wrdata[205]' of 'bmsWIDEDFFCPE' unit is dangling and will be cleaned.
W: Public-4008: Instance 'u_ddr3_ctrl/u_ddrphy_top/ddrphy_calib_top/ddrphy_wrcal/wrcal_wrdata[206]' of 'bmsWIDEDFFCPE' unit is dangling and will be cleaned.
W: Public-4008: Instance 'u_ddr3_ctrl/u_ddrphy_top/ddrphy_calib_top/ddrphy_wrcal/wrcal_wrdata[207]' of 'bmsWIDEDFFCPE' unit is dangling and will be cleaned.
W: Public-4008: Instance 'u_ddr3_ctrl/u_ddrphy_top/ddrphy_calib_top/ddrphy_wrcal/wrcal_wrdata[208]' of 'bmsWIDEDFFCPE' unit is dangling and will be cleaned.
W: Public-4008: Instance 'u_ddr3_ctrl/u_ddrphy_top/ddrphy_calib_top/ddrphy_wrcal/wrcal_wrdata[209]' of 'bmsWIDEDFFCPE' unit is dangling and will be cleaned.
W: Public-4008: Instance 'u_ddr3_ctrl/u_ddrphy_top/ddrphy_calib_top/ddrphy_wrcal/wrcal_wrdata[210]' of 'bmsWIDEDFFCPE' unit is dangling and will be cleaned.
W: Public-4008: Instance 'u_ddr3_ctrl/u_ddrphy_top/ddrphy_calib_top/ddrphy_wrcal/wrcal_wrdata[211]' of 'bmsWIDEDFFCPE' unit is dangling and will be cleaned.
W: Public-4008: Instance 'u_ddr3_ctrl/u_ddrphy_top/ddrphy_calib_top/ddrphy_wrcal/wrcal_wrdata[212]' of 'bmsWIDEDFFCPE' unit is dangling and will be cleaned.
W: Public-4008: Instance 'u_ddr3_ctrl/u_ddrphy_top/ddrphy_calib_top/ddrphy_wrcal/wrcal_wrdata[213]' of 'bmsWIDEDFFCPE' unit is dangling and will be cleaned.
W: Public-4008: Instance 'u_ddr3_ctrl/u_ddrphy_top/ddrphy_calib_top/ddrphy_wrcal/wrcal_wrdata[214]' of 'bmsWIDEDFFCPE' unit is dangling and will be cleaned.
W: Public-4008: Instance 'u_ddr3_ctrl/u_ddrphy_top/ddrphy_calib_top/ddrphy_wrcal/wrcal_wrdata[215]' of 'bmsWIDEDFFCPE' unit is dangling and will be cleaned.
W: Public-4008: Instance 'u_ddr3_ctrl/u_ddrphy_top/ddrphy_calib_top/ddrphy_wrcal/wrcal_wrdata[216]' of 'bmsWIDEDFFCPE' unit is dangling and will be cleaned.
W: Public-4008: Instance 'u_ddr3_ctrl/u_ddrphy_top/ddrphy_calib_top/ddrphy_wrcal/wrcal_wrdata[217]' of 'bmsWIDEDFFCPE' unit is dangling and will be cleaned.
W: Public-4008: Instance 'u_ddr3_ctrl/u_ddrphy_top/ddrphy_calib_top/ddrphy_wrcal/wrcal_wrdata[218]' of 'bmsWIDEDFFCPE' unit is dangling and will be cleaned.
W: Public-4008: Instance 'u_ddr3_ctrl/u_ddrphy_top/ddrphy_calib_top/ddrphy_wrcal/wrcal_wrdata[219]' of 'bmsWIDEDFFCPE' unit is dangling and will be cleaned.
W: Public-4008: Instance 'u_ddr3_ctrl/u_ddrphy_top/ddrphy_calib_top/ddrphy_wrcal/wrcal_wrdata[220]' of 'bmsWIDEDFFCPE' unit is dangling and will be cleaned.
W: Public-4008: Instance 'u_ddr3_ctrl/u_ddrphy_top/ddrphy_calib_top/ddrphy_wrcal/wrcal_wrdata[221]' of 'bmsWIDEDFFCPE' unit is dangling and will be cleaned.
W: Public-4008: Instance 'u_ddr3_ctrl/u_ddrphy_top/ddrphy_calib_top/ddrphy_wrcal/wrcal_wrdata[222]' of 'bmsWIDEDFFCPE' unit is dangling and will be cleaned.
W: Public-4008: Instance 'u_ddr3_ctrl/u_ddrphy_top/ddrphy_calib_top/ddrphy_wrcal/wrcal_wrdata[223]' of 'bmsWIDEDFFCPE' unit is dangling and will be cleaned.
W: Public-4008: Instance 'u_ddr3_ctrl/u_ddrphy_top/ddrphy_calib_top/ddrphy_wrcal/wrcal_wrdata[226]' of 'bmsWIDEDFFCPE' unit is dangling and will be cleaned.
W: Public-4008: Instance 'u_ddr3_ctrl/u_ddrphy_top/ddrphy_calib_top/ddrphy_wrcal/wrcal_wrdata[227]' of 'bmsWIDEDFFCPE' unit is dangling and will be cleaned.
W: Public-4008: Instance 'u_ddr3_ctrl/u_ddrphy_top/ddrphy_calib_top/ddrphy_wrcal/wrcal_wrdata[230]' of 'bmsWIDEDFFCPE' unit is dangling and will be cleaned.
W: Public-4008: Instance 'u_ddr3_ctrl/u_ddrphy_top/ddrphy_calib_top/ddrphy_wrcal/wrcal_wrdata[231]' of 'bmsWIDEDFFCPE' unit is dangling and will be cleaned.
W: Public-4008: Instance 'u_ddr3_ctrl/u_ddrphy_top/ddrphy_calib_top/ddrphy_wrcal/wrcal_wrdata[232]' of 'bmsWIDEDFFCPE' unit is dangling and will be cleaned.
W: Public-4008: Instance 'u_ddr3_ctrl/u_ddrphy_top/ddrphy_calib_top/ddrphy_wrcal/wrcal_wrdata[233]' of 'bmsWIDEDFFCPE' unit is dangling and will be cleaned.
W: Public-4008: Instance 'u_ddr3_ctrl/u_ddrphy_top/ddrphy_calib_top/ddrphy_wrcal/wrcal_wrdata[234]' of 'bmsWIDEDFFCPE' unit is dangling and will be cleaned.
W: Public-4008: Instance 'u_ddr3_ctrl/u_ddrphy_top/ddrphy_calib_top/ddrphy_wrcal/wrcal_wrdata[235]' of 'bmsWIDEDFFCPE' unit is dangling and will be cleaned.
W: Public-4008: Instance 'u_ddr3_ctrl/u_ddrphy_top/ddrphy_calib_top/ddrphy_wrcal/wrcal_wrdata[236]' of 'bmsWIDEDFFCPE' unit is dangling and will be cleaned.
W: Public-4008: Instance 'u_ddr3_ctrl/u_ddrphy_top/ddrphy_calib_top/ddrphy_wrcal/wrcal_wrdata[237]' of 'bmsWIDEDFFCPE' unit is dangling and will be cleaned.
W: Public-4008: Instance 'u_ddr3_ctrl/u_ddrphy_top/ddrphy_calib_top/ddrphy_wrcal/wrcal_wrdata[238]' of 'bmsWIDEDFFCPE' unit is dangling and will be cleaned.
W: Public-4008: Instance 'u_ddr3_ctrl/u_ddrphy_top/ddrphy_calib_top/ddrphy_wrcal/wrcal_wrdata[239]' of 'bmsWIDEDFFCPE' unit is dangling and will be cleaned.
W: Public-4008: Instance 'u_ddr3_ctrl/u_ddrphy_top/ddrphy_calib_top/ddrphy_wrcal/wrcal_wrdata[240]' of 'bmsWIDEDFFCPE' unit is dangling and will be cleaned.
W: Public-4008: Instance 'u_ddr3_ctrl/u_ddrphy_top/ddrphy_calib_top/ddrphy_wrcal/wrcal_wrdata[241]' of 'bmsWIDEDFFCPE' unit is dangling and will be cleaned.
W: Public-4008: Instance 'u_ddr3_ctrl/u_ddrphy_top/ddrphy_calib_top/ddrphy_wrcal/wrcal_wrdata[242]' of 'bmsWIDEDFFCPE' unit is dangling and will be cleaned.
W: Public-4008: Instance 'u_ddr3_ctrl/u_ddrphy_top/ddrphy_calib_top/ddrphy_wrcal/wrcal_wrdata[243]' of 'bmsWIDEDFFCPE' unit is dangling and will be cleaned.
W: Public-4008: Instance 'u_ddr3_ctrl/u_ddrphy_top/ddrphy_calib_top/ddrphy_wrcal/wrcal_wrdata[244]' of 'bmsWIDEDFFCPE' unit is dangling and will be cleaned.
W: Public-4008: Instance 'u_ddr3_ctrl/u_ddrphy_top/ddrphy_calib_top/ddrphy_wrcal/wrcal_wrdata[245]' of 'bmsWIDEDFFCPE' unit is dangling and will be cleaned.
W: Public-4008: Instance 'u_ddr3_ctrl/u_ddrphy_top/ddrphy_calib_top/ddrphy_wrcal/wrcal_wrdata[246]' of 'bmsWIDEDFFCPE' unit is dangling and will be cleaned.
W: Public-4008: Instance 'u_ddr3_ctrl/u_ddrphy_top/ddrphy_calib_top/ddrphy_wrcal/wrcal_wrdata[247]' of 'bmsWIDEDFFCPE' unit is dangling and will be cleaned.
W: Public-4008: Instance 'u_ddr3_ctrl/u_ddrphy_top/ddrphy_calib_top/ddrphy_wrcal/wrcal_wrdata[248]' of 'bmsWIDEDFFCPE' unit is dangling and will be cleaned.
W: Public-4008: Instance 'u_ddr3_ctrl/u_ddrphy_top/ddrphy_calib_top/ddrphy_wrcal/wrcal_wrdata[249]' of 'bmsWIDEDFFCPE' unit is dangling and will be cleaned.
W: Public-4008: Instance 'u_ddr3_ctrl/u_ddrphy_top/ddrphy_calib_top/ddrphy_wrcal/wrcal_wrdata[250]' of 'bmsWIDEDFFCPE' unit is dangling and will be cleaned.
W: Public-4008: Instance 'u_ddr3_ctrl/u_ddrphy_top/ddrphy_calib_top/ddrphy_wrcal/wrcal_wrdata[251]' of 'bmsWIDEDFFCPE' unit is dangling and will be cleaned.
W: Public-4008: Instance 'u_ddr3_ctrl/u_ddrphy_top/ddrphy_calib_top/ddrphy_wrcal/wrcal_wrdata[252]' of 'bmsWIDEDFFCPE' unit is dangling and will be cleaned.
W: Public-4008: Instance 'u_ddr3_ctrl/u_ddrphy_top/ddrphy_calib_top/ddrphy_wrcal/wrcal_wrdata[253]' of 'bmsWIDEDFFCPE' unit is dangling and will be cleaned.
W: Public-4008: Instance 'u_ddr3_ctrl/u_ddrphy_top/ddrphy_calib_top/ddrphy_wrcal/wrcal_wrdata[254]' of 'bmsWIDEDFFCPE' unit is dangling and will be cleaned.
W: Public-4008: Instance 'u_ddr3_ctrl/u_ddrphy_top/ddrphy_calib_top/ddrphy_wrcal/wrcal_wrdata[255]' of 'bmsWIDEDFFCPE' unit is dangling and will be cleaned.
W: Public-4008: Instance 'u_ddr3_ctrl/u_ddrphy_top/ddrphy_calib_top/ddrphy_main_ctrl/main_state_reg[7]' of 'bmsWIDEDFFCPE' unit is dangling and will be cleaned.
W: Public-4008: Instance 'u_ddr3_ctrl/u_ddrphy_top/ddrphy_calib_top/ddrphy_init/genblk2.init_ba[2]' of 'bmsWIDEDFFCPE' unit is dangling and will be cleaned.
W: Public-4008: Instance 'u_jtag/u_jtag_driver/rx/recv_data[0]' of 'bmsWIDEDFFCPE' unit is dangling and will be cleaned.
W: Public-4008: Instance 'u_jtag/u_jtag_driver/rx/recv_data[1]' of 'bmsWIDEDFFCPE' unit is dangling and will be cleaned.
W: Public-4008: Instance 'u_ddr3_ctrl/u_ddrphy_top/ddrphy_dfi/phy_addr_d[16]' of 'bmsWIDEDFFCPE' unit is dangling and will be cleaned.
W: Public-4008: Instance 'u_ddr3_ctrl/u_ddrphy_top/ddrphy_dfi/phy_addr_d[17]' of 'bmsWIDEDFFCPE' unit is dangling and will be cleaned.
W: Public-4008: Instance 'u_ddr3_ctrl/u_ddrphy_top/ddrphy_dfi/phy_addr_d[18]' of 'bmsWIDEDFFCPE' unit is dangling and will be cleaned.
W: Public-4008: Instance 'u_ddr3_ctrl/u_ddrphy_top/ddrphy_dfi/phy_addr_d[19]' of 'bmsWIDEDFFCPE' unit is dangling and will be cleaned.
W: Public-4008: Instance 'u_ddr3_ctrl/u_ddrphy_top/ddrphy_dfi/phy_addr_d[20]' of 'bmsWIDEDFFCPE' unit is dangling and will be cleaned.
W: Public-4008: Instance 'u_ddr3_ctrl/u_ddrphy_top/ddrphy_dfi/phy_addr_d[21]' of 'bmsWIDEDFFCPE' unit is dangling and will be cleaned.
W: Public-4008: Instance 'u_ddr3_ctrl/u_ddrphy_top/ddrphy_dfi/phy_addr_d[22]' of 'bmsWIDEDFFCPE' unit is dangling and will be cleaned.
W: Public-4008: Instance 'u_ddr3_ctrl/u_ddrphy_top/ddrphy_dfi/phy_addr_d[23]' of 'bmsWIDEDFFCPE' unit is dangling and will be cleaned.
W: Public-4008: Instance 'u_ddr3_ctrl/u_ddrphy_top/ddrphy_dfi/phy_addr_d[24]' of 'bmsWIDEDFFCPE' unit is dangling and will be cleaned.
W: Public-4008: Instance 'u_ddr3_ctrl/u_ddrphy_top/ddrphy_dfi/phy_addr_d[25]' of 'bmsWIDEDFFCPE' unit is dangling and will be cleaned.
W: Public-4008: Instance 'u_ddr3_ctrl/u_ddrphy_top/ddrphy_dfi/phy_addr_d[26]' of 'bmsWIDEDFFCPE' unit is dangling and will be cleaned.
W: Public-4008: Instance 'u_ddr3_ctrl/u_ddrphy_top/ddrphy_dfi/phy_addr_d[27]' of 'bmsWIDEDFFCPE' unit is dangling and will be cleaned.
W: Public-4008: Instance 'u_ddr3_ctrl/u_ddrphy_top/ddrphy_dfi/phy_addr_d[28]' of 'bmsWIDEDFFCPE' unit is dangling and will be cleaned.
W: Public-4008: Instance 'u_ddr3_ctrl/u_ddrphy_top/ddrphy_dfi/phy_addr_d[29]' of 'bmsWIDEDFFCPE' unit is dangling and will be cleaned.
W: Public-4008: Instance 'u_ddr3_ctrl/u_ddrphy_top/ddrphy_dfi/phy_addr_d[43]' of 'bmsWIDEDFFCPE' unit is dangling and will be cleaned.
W: Public-4008: Instance 'u_ddr3_ctrl/u_ddrphy_top/ddrphy_dfi/phy_addr_d[44]' of 'bmsWIDEDFFCPE' unit is dangling and will be cleaned.
W: Public-4008: Instance 'u_ddr3_ctrl/u_ddrphy_top/ddrphy_dfi/phy_addr_d[45]' of 'bmsWIDEDFFCPE' unit is dangling and will be cleaned.
W: Public-4008: Instance 'u_ddr3_ctrl/u_ddrphy_top/ddrphy_dfi/phy_addr_d[46]' of 'bmsWIDEDFFCPE' unit is dangling and will be cleaned.
W: Public-4008: Instance 'u_ddr3_ctrl/u_ddrphy_top/ddrphy_dfi/phy_addr_d[47]' of 'bmsWIDEDFFCPE' unit is dangling and will be cleaned.
W: Public-4008: Instance 'u_ddr3_ctrl/u_ddrphy_top/ddrphy_dfi/phy_addr_d[48]' of 'bmsWIDEDFFCPE' unit is dangling and will be cleaned.
W: Public-4008: Instance 'u_ddr3_ctrl/u_ddrphy_top/ddrphy_dfi/phy_addr_d[49]' of 'bmsWIDEDFFCPE' unit is dangling and will be cleaned.
W: Public-4008: Instance 'u_ddr3_ctrl/u_ddrphy_top/ddrphy_dfi/phy_addr_d[50]' of 'bmsWIDEDFFCPE' unit is dangling and will be cleaned.
W: Public-4008: Instance 'u_ddr3_ctrl/u_ddrphy_top/ddrphy_dfi/phy_addr_d[51]' of 'bmsWIDEDFFCPE' unit is dangling and will be cleaned.
W: Public-4008: Instance 'u_ddr3_ctrl/u_ddrphy_top/ddrphy_dfi/phy_addr_d[52]' of 'bmsWIDEDFFCPE' unit is dangling and will be cleaned.
W: Public-4008: Instance 'u_ddr3_ctrl/u_ddrphy_top/ddrphy_dfi/phy_addr_d[53]' of 'bmsWIDEDFFCPE' unit is dangling and will be cleaned.
W: Public-4008: Instance 'u_ddr3_ctrl/u_ddrphy_top/ddrphy_dfi/phy_addr_d[54]' of 'bmsWIDEDFFCPE' unit is dangling and will be cleaned.
W: Public-4008: Instance 'u_ddr3_ctrl/u_ddrphy_top/ddrphy_dfi/phy_addr_d[55]' of 'bmsWIDEDFFCPE' unit is dangling and will be cleaned.
W: Public-4008: Instance 'u_ddr3_ctrl/u_ddrphy_top/ddrphy_dfi/phy_addr_d[56]' of 'bmsWIDEDFFCPE' unit is dangling and will be cleaned.
W: Public-4008: Instance 'u_ddr3_ctrl/u_ddrphy_top/ddrphy_dfi/phy_addr_d[57]' of 'bmsWIDEDFFCPE' unit is dangling and will be cleaned.
W: Public-4008: Instance 'u_ddr3_ctrl/u_ddrphy_top/ddrphy_dfi/phy_addr_d[58]' of 'bmsWIDEDFFCPE' unit is dangling and will be cleaned.
W: Public-4008: Instance 'u_ddr3_ctrl/u_ddrphy_top/ddrphy_dfi/phy_addr_d[59]' of 'bmsWIDEDFFCPE' unit is dangling and will be cleaned.
W: Public-4008: Instance 'u_ddr3_ctrl/u_ddrphy_top/ddrphy_dfi/phy_ba_d[3]' of 'bmsWIDEDFFCPE' unit is dangling and will be cleaned.
W: Public-4008: Instance 'u_ddr3_ctrl/u_ddrphy_top/ddrphy_dfi/phy_ba_d[4]' of 'bmsWIDEDFFCPE' unit is dangling and will be cleaned.
W: Public-4008: Instance 'u_ddr3_ctrl/u_ddrphy_top/ddrphy_dfi/phy_ba_d[5]' of 'bmsWIDEDFFCPE' unit is dangling and will be cleaned.
W: Public-4008: Instance 'u_ddr3_ctrl/u_ddrphy_top/ddrphy_dfi/phy_ba_d[9]' of 'bmsWIDEDFFCPE' unit is dangling and will be cleaned.
W: Public-4008: Instance 'u_ddr3_ctrl/u_ddrphy_top/ddrphy_dfi/phy_ba_d[10]' of 'bmsWIDEDFFCPE' unit is dangling and will be cleaned.
W: Public-4008: Instance 'u_ddr3_ctrl/u_ddrphy_top/ddrphy_dfi/phy_ba_d[11]' of 'bmsWIDEDFFCPE' unit is dangling and will be cleaned.
W: Public-4008: Instance 'u_ddr3_ctrl/u_ddrphy_top/ddrphy_dfi/phy_cas_n_d[1]' of 'bmsWIDEDFFCPE' unit is dangling and will be cleaned.
W: Public-4008: Instance 'u_ddr3_ctrl/u_ddrphy_top/ddrphy_dfi/phy_cas_n_d[3]' of 'bmsWIDEDFFCPE' unit is dangling and will be cleaned.
W: Public-4008: Instance 'u_ddr3_ctrl/u_ddrphy_top/ddrphy_dfi/phy_ck[1]' of 'bmsWIDEDFFCPE' unit is dangling and will be cleaned.
W: Public-4008: Instance 'u_ddr3_ctrl/u_ddrphy_top/ddrphy_dfi/phy_ck[2]' of 'bmsWIDEDFFCPE' unit is dangling and will be cleaned.
W: Public-4008: Instance 'u_ddr3_ctrl/u_ddrphy_top/ddrphy_dfi/phy_ck[3]' of 'bmsWIDEDFFCPE' unit is dangling and will be cleaned.
W: Public-4008: Instance 'u_ddr3_ctrl/u_ddrphy_top/ddrphy_dfi/phy_cke_d[1]' of 'bmsWIDEDFFCPE' unit is dangling and will be cleaned.
W: Public-4008: Instance 'u_ddr3_ctrl/u_ddrphy_top/ddrphy_dfi/phy_cke_d[2]' of 'bmsWIDEDFFCPE' unit is dangling and will be cleaned.
W: Public-4008: Instance 'u_ddr3_ctrl/u_ddrphy_top/ddrphy_dfi/phy_cke_d[3]' of 'bmsWIDEDFFCPE' unit is dangling and will be cleaned.
W: Public-4008: Instance 'u_ddr3_ctrl/u_ddrphy_top/ddrphy_dfi/phy_cs_n_d[1]' of 'bmsWIDEDFFCPE' unit is dangling and will be cleaned.
W: Public-4008: Instance 'u_ddr3_ctrl/u_ddrphy_top/ddrphy_dfi/phy_cs_n_d[3]' of 'bmsWIDEDFFCPE' unit is dangling and will be cleaned.
W: Public-4008: Instance 'u_ddr3_ctrl/u_ddrphy_top/ddrphy_dfi/phy_odt_d[1]' of 'bmsWIDEDFFCPE' unit is dangling and will be cleaned.
W: Public-4008: Instance 'u_ddr3_ctrl/u_ddrphy_top/ddrphy_dfi/phy_odt_d[3]' of 'bmsWIDEDFFCPE' unit is dangling and will be cleaned.
W: Public-4008: Instance 'u_ddr3_ctrl/u_ddrphy_top/ddrphy_dfi/phy_ras_n_d[1]' of 'bmsWIDEDFFCPE' unit is dangling and will be cleaned.
W: Public-4008: Instance 'u_ddr3_ctrl/u_ddrphy_top/ddrphy_dfi/phy_ras_n_d[3]' of 'bmsWIDEDFFCPE' unit is dangling and will be cleaned.
W: Public-4008: Instance 'u_ddr3_ctrl/u_ddrphy_top/ddrphy_dfi/phy_we_n_d[1]' of 'bmsWIDEDFFCPE' unit is dangling and will be cleaned.
W: Public-4008: Instance 'u_ddr3_ctrl/u_ddrphy_top/ddrphy_dfi/phy_we_n_d[3]' of 'bmsWIDEDFFCPE' unit is dangling and will be cleaned.
W: Public-4008: Instance 'u_ddr3_ctrl/u_ddrphy_top/ddrphy_info/mr2[15]' of 'bmsWIDEDFFCPE' unit is dangling and will be cleaned.
W: Public-4008: Instance 'u_ddr3_ctrl/u_ddrphy_top/ddrphy_info/mr3[15]' of 'bmsWIDEDFFCPE' unit is dangling and will be cleaned.
W: Public-4008: Instance 'u_ddr3_ctrl/u_ddrphy_top/ddrphy_info/mr0[15]' of 'bmsWIDEDFFCPE' unit is dangling and will be cleaned.
W: Public-4008: Instance 'u_ddr3_ctrl/u_ddrphy_top/ddrphy_info/mr1[15]' of 'bmsWIDEDFFCPE' unit is dangling and will be cleaned.
W: Public-4008: Instance 'u_ddr3_ctrl/u_ddrphy_top/ddrphy_slice_top/ddrphy_control_path_adj/phy_we_n_r[0]' of 'bmsWIDEDFFCPE' unit is dangling and will be cleaned.
W: Public-4008: Instance 'u_ddr3_ctrl/u_ddrphy_top/ddrphy_slice_top/ddrphy_control_path_adj/phy_we_n_r[1]' of 'bmsWIDEDFFCPE' unit is dangling and will be cleaned.
W: Public-4008: Instance 'u_ddr3_ctrl/u_ddrphy_top/ddrphy_slice_top/ddrphy_control_path_adj/phy_we_n_r[3]' of 'bmsWIDEDFFCPE' unit is dangling and will be cleaned.
W: Public-4008: Instance 'u_ddr3_ctrl/u_ddrphy_top/ddrphy_slice_top/ddrphy_control_path_adj/phy_addr_r[0]' of 'bmsWIDEDFFCPE' unit is dangling and will be cleaned.
W: Public-4008: Instance 'u_ddr3_ctrl/u_ddrphy_top/ddrphy_slice_top/ddrphy_control_path_adj/phy_addr_r[3]' of 'bmsWIDEDFFCPE' unit is dangling and will be cleaned.
W: Public-4008: Instance 'u_ddr3_ctrl/u_ddrphy_top/ddrphy_slice_top/ddrphy_control_path_adj/phy_addr_r[4]' of 'bmsWIDEDFFCPE' unit is dangling and will be cleaned.
W: Public-4008: Instance 'u_ddr3_ctrl/u_ddrphy_top/ddrphy_slice_top/ddrphy_control_path_adj/phy_addr_r[5]' of 'bmsWIDEDFFCPE' unit is dangling and will be cleaned.
W: Public-4008: Instance 'u_ddr3_ctrl/u_ddrphy_top/ddrphy_slice_top/ddrphy_control_path_adj/phy_addr_r[7]' of 'bmsWIDEDFFCPE' unit is dangling and will be cleaned.
W: Public-4008: Instance 'u_ddr3_ctrl/u_ddrphy_top/ddrphy_slice_top/ddrphy_control_path_adj/phy_addr_r[8]' of 'bmsWIDEDFFCPE' unit is dangling and will be cleaned.
W: Public-4008: Instance 'u_ddr3_ctrl/u_ddrphy_top/ddrphy_slice_top/ddrphy_control_path_adj/phy_addr_r[9]' of 'bmsWIDEDFFCPE' unit is dangling and will be cleaned.
W: Public-4008: Instance 'u_ddr3_ctrl/u_ddrphy_top/ddrphy_slice_top/ddrphy_control_path_adj/phy_addr_r[11]' of 'bmsWIDEDFFCPE' unit is dangling and will be cleaned.
W: Public-4008: Instance 'u_ddr3_ctrl/u_ddrphy_top/ddrphy_slice_top/ddrphy_control_path_adj/phy_addr_r[12]' of 'bmsWIDEDFFCPE' unit is dangling and will be cleaned.
W: Public-4008: Instance 'u_ddr3_ctrl/u_ddrphy_top/ddrphy_slice_top/ddrphy_control_path_adj/phy_addr_r[13]' of 'bmsWIDEDFFCPE' unit is dangling and will be cleaned.
W: Public-4008: Instance 'u_ddr3_ctrl/u_ddrphy_top/ddrphy_slice_top/ddrphy_control_path_adj/phy_addr_r[15]' of 'bmsWIDEDFFCPE' unit is dangling and will be cleaned.
W: Public-4008: Instance 'u_ddr3_ctrl/u_ddrphy_top/ddrphy_slice_top/ddrphy_control_path_adj/phy_addr_r[16]' of 'bmsWIDEDFFCPE' unit is dangling and will be cleaned.
W: Public-4008: Instance 'u_ddr3_ctrl/u_ddrphy_top/ddrphy_slice_top/ddrphy_control_path_adj/phy_addr_r[17]' of 'bmsWIDEDFFCPE' unit is dangling and will be cleaned.
W: Public-4008: Instance 'u_ddr3_ctrl/u_ddrphy_top/ddrphy_slice_top/ddrphy_control_path_adj/phy_addr_r[19]' of 'bmsWIDEDFFCPE' unit is dangling and will be cleaned.
W: Public-4008: Instance 'u_ddr3_ctrl/u_ddrphy_top/ddrphy_slice_top/ddrphy_control_path_adj/phy_addr_r[20]' of 'bmsWIDEDFFCPE' unit is dangling and will be cleaned.
W: Public-4008: Instance 'u_ddr3_ctrl/u_ddrphy_top/ddrphy_slice_top/ddrphy_control_path_adj/phy_addr_r[21]' of 'bmsWIDEDFFCPE' unit is dangling and will be cleaned.
W: Public-4008: Instance 'u_ddr3_ctrl/u_ddrphy_top/ddrphy_slice_top/ddrphy_control_path_adj/phy_addr_r[23]' of 'bmsWIDEDFFCPE' unit is dangling and will be cleaned.
W: Public-4008: Instance 'u_ddr3_ctrl/u_ddrphy_top/ddrphy_slice_top/ddrphy_control_path_adj/phy_addr_r[24]' of 'bmsWIDEDFFCPE' unit is dangling and will be cleaned.
W: Public-4008: Instance 'u_ddr3_ctrl/u_ddrphy_top/ddrphy_slice_top/ddrphy_control_path_adj/phy_addr_r[25]' of 'bmsWIDEDFFCPE' unit is dangling and will be cleaned.
W: Public-4008: Instance 'u_ddr3_ctrl/u_ddrphy_top/ddrphy_slice_top/ddrphy_control_path_adj/phy_addr_r[27]' of 'bmsWIDEDFFCPE' unit is dangling and will be cleaned.
W: Public-4008: Instance 'u_ddr3_ctrl/u_ddrphy_top/ddrphy_slice_top/ddrphy_control_path_adj/phy_addr_r[28]' of 'bmsWIDEDFFCPE' unit is dangling and will be cleaned.
W: Public-4008: Instance 'u_ddr3_ctrl/u_ddrphy_top/ddrphy_slice_top/ddrphy_control_path_adj/phy_addr_r[29]' of 'bmsWIDEDFFCPE' unit is dangling and will be cleaned.
W: Public-4008: Instance 'u_ddr3_ctrl/u_ddrphy_top/ddrphy_slice_top/ddrphy_control_path_adj/phy_addr_r[31]' of 'bmsWIDEDFFCPE' unit is dangling and will be cleaned.
W: Public-4008: Instance 'u_ddr3_ctrl/u_ddrphy_top/ddrphy_slice_top/ddrphy_control_path_adj/phy_addr_r[32]' of 'bmsWIDEDFFCPE' unit is dangling and will be cleaned.
W: Public-4008: Instance 'u_ddr3_ctrl/u_ddrphy_top/ddrphy_slice_top/ddrphy_control_path_adj/phy_addr_r[33]' of 'bmsWIDEDFFCPE' unit is dangling and will be cleaned.
W: Public-4008: Instance 'u_ddr3_ctrl/u_ddrphy_top/ddrphy_slice_top/ddrphy_control_path_adj/phy_addr_r[35]' of 'bmsWIDEDFFCPE' unit is dangling and will be cleaned.
W: Public-4008: Instance 'u_ddr3_ctrl/u_ddrphy_top/ddrphy_slice_top/ddrphy_control_path_adj/phy_addr_r[36]' of 'bmsWIDEDFFCPE' unit is dangling and will be cleaned.
W: Public-4008: Instance 'u_ddr3_ctrl/u_ddrphy_top/ddrphy_slice_top/ddrphy_control_path_adj/phy_addr_r[37]' of 'bmsWIDEDFFCPE' unit is dangling and will be cleaned.
W: Public-4008: Instance 'u_ddr3_ctrl/u_ddrphy_top/ddrphy_slice_top/ddrphy_control_path_adj/phy_addr_r[39]' of 'bmsWIDEDFFCPE' unit is dangling and will be cleaned.
W: Public-4008: Instance 'u_ddr3_ctrl/u_ddrphy_top/ddrphy_slice_top/ddrphy_control_path_adj/phy_addr_r[40]' of 'bmsWIDEDFFCPE' unit is dangling and will be cleaned.
W: Public-4008: Instance 'u_ddr3_ctrl/u_ddrphy_top/ddrphy_slice_top/ddrphy_control_path_adj/phy_addr_r[41]' of 'bmsWIDEDFFCPE' unit is dangling and will be cleaned.
W: Public-4008: Instance 'u_ddr3_ctrl/u_ddrphy_top/ddrphy_slice_top/ddrphy_control_path_adj/phy_addr_r[43]' of 'bmsWIDEDFFCPE' unit is dangling and will be cleaned.
W: Public-4008: Instance 'u_ddr3_ctrl/u_ddrphy_top/ddrphy_slice_top/ddrphy_control_path_adj/phy_addr_r[44]' of 'bmsWIDEDFFCPE' unit is dangling and will be cleaned.
W: Public-4008: Instance 'u_ddr3_ctrl/u_ddrphy_top/ddrphy_slice_top/ddrphy_control_path_adj/phy_addr_r[45]' of 'bmsWIDEDFFCPE' unit is dangling and will be cleaned.
W: Public-4008: Instance 'u_ddr3_ctrl/u_ddrphy_top/ddrphy_slice_top/ddrphy_control_path_adj/phy_addr_r[47]' of 'bmsWIDEDFFCPE' unit is dangling and will be cleaned.
W: Public-4008: Instance 'u_ddr3_ctrl/u_ddrphy_top/ddrphy_slice_top/ddrphy_control_path_adj/phy_addr_r[48]' of 'bmsWIDEDFFCPE' unit is dangling and will be cleaned.
W: Public-4008: Instance 'u_ddr3_ctrl/u_ddrphy_top/ddrphy_slice_top/ddrphy_control_path_adj/phy_addr_r[49]' of 'bmsWIDEDFFCPE' unit is dangling and will be cleaned.
W: Public-4008: Instance 'u_ddr3_ctrl/u_ddrphy_top/ddrphy_slice_top/ddrphy_control_path_adj/phy_addr_r[51]' of 'bmsWIDEDFFCPE' unit is dangling and will be cleaned.
W: Public-4008: Instance 'u_ddr3_ctrl/u_ddrphy_top/ddrphy_slice_top/ddrphy_control_path_adj/phy_addr_r[52]' of 'bmsWIDEDFFCPE' unit is dangling and will be cleaned.
W: Public-4008: Instance 'u_ddr3_ctrl/u_ddrphy_top/ddrphy_slice_top/ddrphy_control_path_adj/phy_addr_r[53]' of 'bmsWIDEDFFCPE' unit is dangling and will be cleaned.
W: Public-4008: Instance 'u_ddr3_ctrl/u_ddrphy_top/ddrphy_slice_top/ddrphy_control_path_adj/phy_addr_r[54]' of 'bmsWIDEDFFCPE' unit is dangling and will be cleaned.
W: Public-4008: Instance 'u_ddr3_ctrl/u_ddrphy_top/ddrphy_slice_top/ddrphy_control_path_adj/phy_addr_r[55]' of 'bmsWIDEDFFCPE' unit is dangling and will be cleaned.
W: Public-4008: Instance 'u_ddr3_ctrl/u_ddrphy_top/ddrphy_slice_top/ddrphy_control_path_adj/phy_addr_r[56]' of 'bmsWIDEDFFCPE' unit is dangling and will be cleaned.
W: Public-4008: Instance 'u_ddr3_ctrl/u_ddrphy_top/ddrphy_slice_top/ddrphy_control_path_adj/phy_addr_r[57]' of 'bmsWIDEDFFCPE' unit is dangling and will be cleaned.
W: Public-4008: Instance 'u_ddr3_ctrl/u_ddrphy_top/ddrphy_slice_top/ddrphy_control_path_adj/phy_addr_r[58]' of 'bmsWIDEDFFCPE' unit is dangling and will be cleaned.
W: Public-4008: Instance 'u_ddr3_ctrl/u_ddrphy_top/ddrphy_slice_top/ddrphy_control_path_adj/phy_addr_r[59]' of 'bmsWIDEDFFCPE' unit is dangling and will be cleaned.
W: Public-4008: Instance 'u_ddr3_ctrl/u_ddrphy_top/ddrphy_slice_top/ddrphy_control_path_adj/phy_ba_r[0]' of 'bmsWIDEDFFCPE' unit is dangling and will be cleaned.
W: Public-4008: Instance 'u_ddr3_ctrl/u_ddrphy_top/ddrphy_slice_top/ddrphy_control_path_adj/phy_ba_r[1]' of 'bmsWIDEDFFCPE' unit is dangling and will be cleaned.
W: Public-4008: Instance 'u_ddr3_ctrl/u_ddrphy_top/ddrphy_slice_top/ddrphy_control_path_adj/phy_ba_r[3]' of 'bmsWIDEDFFCPE' unit is dangling and will be cleaned.
W: Public-4008: Instance 'u_ddr3_ctrl/u_ddrphy_top/ddrphy_slice_top/ddrphy_control_path_adj/phy_ba_r[4]' of 'bmsWIDEDFFCPE' unit is dangling and will be cleaned.
W: Public-4008: Instance 'u_ddr3_ctrl/u_ddrphy_top/ddrphy_slice_top/ddrphy_control_path_adj/phy_ba_r[5]' of 'bmsWIDEDFFCPE' unit is dangling and will be cleaned.
W: Public-4008: Instance 'u_ddr3_ctrl/u_ddrphy_top/ddrphy_slice_top/ddrphy_control_path_adj/phy_ba_r[7]' of 'bmsWIDEDFFCPE' unit is dangling and will be cleaned.
W: Public-4008: Instance 'u_ddr3_ctrl/u_ddrphy_top/ddrphy_slice_top/ddrphy_control_path_adj/phy_ba_r[8]' of 'bmsWIDEDFFCPE' unit is dangling and will be cleaned.
W: Public-4008: Instance 'u_ddr3_ctrl/u_ddrphy_top/ddrphy_slice_top/ddrphy_control_path_adj/phy_ba_r[9]' of 'bmsWIDEDFFCPE' unit is dangling and will be cleaned.
W: Public-4008: Instance 'u_ddr3_ctrl/u_ddrphy_top/ddrphy_slice_top/ddrphy_control_path_adj/phy_ba_r[11]' of 'bmsWIDEDFFCPE' unit is dangling and will be cleaned.
W: Public-4008: Instance 'u_ddr3_ctrl/u_ddrphy_top/ddrphy_slice_top/ddrphy_control_path_adj/phy_cas_n_r[0]' of 'bmsWIDEDFFCPE' unit is dangling and will be cleaned.
W: Public-4008: Instance 'u_ddr3_ctrl/u_ddrphy_top/ddrphy_slice_top/ddrphy_control_path_adj/phy_cas_n_r[1]' of 'bmsWIDEDFFCPE' unit is dangling and will be cleaned.
W: Public-4008: Instance 'u_ddr3_ctrl/u_ddrphy_top/ddrphy_slice_top/ddrphy_control_path_adj/phy_cas_n_r[3]' of 'bmsWIDEDFFCPE' unit is dangling and will be cleaned.
W: Public-4008: Instance 'u_ddr3_ctrl/u_ddrphy_top/ddrphy_slice_top/ddrphy_control_path_adj/phy_cke_r[0]' of 'bmsWIDEDFFCPE' unit is dangling and will be cleaned.
W: Public-4008: Instance 'u_ddr3_ctrl/u_ddrphy_top/ddrphy_slice_top/ddrphy_control_path_adj/phy_cke_r[2]' of 'bmsWIDEDFFCPE' unit is dangling and will be cleaned.
W: Public-4008: Instance 'u_ddr3_ctrl/u_ddrphy_top/ddrphy_slice_top/ddrphy_control_path_adj/phy_cke_r[3]' of 'bmsWIDEDFFCPE' unit is dangling and will be cleaned.
W: Public-4008: Instance 'u_ddr3_ctrl/u_ddrphy_top/ddrphy_slice_top/ddrphy_control_path_adj/phy_cs_n_r[0]' of 'bmsWIDEDFFCPE' unit is dangling and will be cleaned.
W: Public-4008: Instance 'u_ddr3_ctrl/u_ddrphy_top/ddrphy_slice_top/ddrphy_control_path_adj/phy_cs_n_r[1]' of 'bmsWIDEDFFCPE' unit is dangling and will be cleaned.
W: Public-4008: Instance 'u_ddr3_ctrl/u_ddrphy_top/ddrphy_slice_top/ddrphy_control_path_adj/phy_cs_n_r[3]' of 'bmsWIDEDFFCPE' unit is dangling and will be cleaned.
W: Public-4008: Instance 'u_ddr3_ctrl/u_ddrphy_top/ddrphy_slice_top/ddrphy_control_path_adj/phy_odt_r[0]' of 'bmsWIDEDFFCPE' unit is dangling and will be cleaned.
W: Public-4008: Instance 'u_ddr3_ctrl/u_ddrphy_top/ddrphy_slice_top/ddrphy_control_path_adj/phy_odt_r[1]' of 'bmsWIDEDFFCPE' unit is dangling and will be cleaned.
W: Public-4008: Instance 'u_ddr3_ctrl/u_ddrphy_top/ddrphy_slice_top/ddrphy_control_path_adj/phy_odt_r[3]' of 'bmsWIDEDFFCPE' unit is dangling and will be cleaned.
W: Public-4008: Instance 'u_ddr3_ctrl/u_ddrphy_top/ddrphy_slice_top/ddrphy_control_path_adj/phy_ras_n_r[0]' of 'bmsWIDEDFFCPE' unit is dangling and will be cleaned.
W: Public-4008: Instance 'u_ddr3_ctrl/u_ddrphy_top/ddrphy_slice_top/ddrphy_control_path_adj/phy_ras_n_r[1]' of 'bmsWIDEDFFCPE' unit is dangling and will be cleaned.
W: Public-4008: Instance 'u_ddr3_ctrl/u_ddrphy_top/ddrphy_slice_top/ddrphy_control_path_adj/phy_ras_n_r[3]' of 'bmsWIDEDFFCPE' unit is dangling and will be cleaned.
W: Public-4008: Instance 'u_ddr3_ctrl/u_ddrphy_top/ddrphy_slice_top/ddrphy_data_slice_dqs_gate_cal/ddrphy_gatecal/gate_shift_value[5]' of 'bmsWIDEDFFCPE' unit is dangling and will be cleaned.
W: Public-4008: Instance 'u_ddr3_ctrl/u_ddrphy_top/ddrphy_slice_top/ddrphy_data_slice_dqs_gate_cal/ddrphy_gatecal/group_cnt[2]' of 'bmsWIDEDFFCPE' unit is dangling and will be cleaned.
W: Public-4008: Instance 'u_ddr3_ctrl/u_ddrphy_top/ddrphy_slice_top/ddrphy_data_slice_dqs_gate_cal/ddrphy_gatecal/group_cnt[3]' of 'bmsWIDEDFFCPE' unit is dangling and will be cleaned.
W: Public-4008: Instance 'u_ddr3_ctrl/u_ddrphy_top/ddrphy_slice_top/ddrphy_data_slice_wrcal/dq_step_add[0]' of 'bmsWIDEDFFCPE' unit is dangling and will be cleaned.
W: Public-4008: Instance 'u_ddr3_ctrl/u_ddrphy_top/ddrphy_slice_top/ddrphy_data_slice_wrcal/wl_p_dll_bin_shift_value[0]' of 'bmsWIDEDFFCPE' unit is dangling and will be cleaned.
W: Public-4008: Instance 'u_ddr3_ctrl/u_ddrphy_top/ddrphy_slice_top/ddrphy_data_slice_wrcal/wl_p_dll_bin_shift_value[1]' of 'bmsWIDEDFFCPE' unit is dangling and will be cleaned.
W: Public-4008: Instance 'u_ddr3_ctrl/u_ddrphy_top/ddrphy_slice_top/ddrphy_data_slice_wrcal/wl_p_dll_bin_shift_value[2]' of 'bmsWIDEDFFCPE' unit is dangling and will be cleaned.
W: Public-4008: Instance 'u_ddr3_ctrl/u_ddrphy_top/ddrphy_slice_top/ddrphy_data_slice_wrcal/state_reg[16]' of 'bmsWIDEDFFCPE' unit is dangling and will be cleaned.
W: Public-4008: Instance 'u_ddr3_ctrl/u_ips_ddrc_top/mcdq_mac_top/mcdq_dcp_top/mcdq_dcp_back_ctrl/TRC_LOOP[0].trc_timing/timing_cnt[1]' of 'bmsWIDEDFFCPE' unit is dangling and will be cleaned.
W: Public-4008: Instance 'u_ddr3_ctrl/u_ips_ddrc_top/mcdq_mac_top/mcdq_dcp_top/mcdq_dcp_back_ctrl/TRC_LOOP[1].trc_timing/timing_cnt[1]' of 'bmsWIDEDFFCPE' unit is dangling and will be cleaned.
W: Public-4008: Instance 'u_ddr3_ctrl/u_ddrphy_top/ddrphy_slice_top/ddrphy_dqsi_rdel_cal/group_cnt[2]' of 'bmsWIDEDFFCPE' unit is dangling and will be cleaned.
W: Public-4008: Instance 'u_ddr3_ctrl/u_ddrphy_top/ddrphy_slice_top/ddrphy_dqsi_rdel_cal/group_cnt[3]' of 'bmsWIDEDFFCPE' unit is dangling and will be cleaned.
W: Public-4008: Instance 'u_ddr3_ctrl/u_ddrphy_top/ddrphy_slice_top/ddrphy_dqsi_rdel_cal/init_dqsi_value_even_sel[7]' of 'bmsWIDEDFFCPE' unit is dangling and will be cleaned.
W: Public-4008: Instance 'u_ddr3_ctrl/u_ips_ddrc_top/mcdq_mac_top/mcdq_dcp_top/mcdq_dcp_back_ctrl/TRC_LOOP[2].trc_timing/timing_cnt[1]' of 'bmsWIDEDFFCPE' unit is dangling and will be cleaned.
W: Public-4008: Instance 'u_ddr3_ctrl/u_ddrphy_top/ddrphy_slice_top/ddrphy_dqsi_rdel_cal/dqs_even_center[0]' of 'bmsWIDEDFFCPE' unit is dangling and will be cleaned.
W: Public-4008: Instance 'u_ddr3_ctrl/u_ips_ddrc_top/mcdq_mac_top/mcdq_dcp_top/mcdq_dcp_back_ctrl/TRC_LOOP[3].trc_timing/timing_cnt[1]' of 'bmsWIDEDFFCPE' unit is dangling and will be cleaned.
W: Public-4008: Instance 'u_ddr3_ctrl/u_ddrphy_top/ddrphy_slice_top/ddrphy_data_slice_dqs_gate_cal/ddrphy_dqs_gate_coarse_cal/dqs_gate_pulse_src_nxt_r[3]' of 'bmsWIDEDFFCPE' unit is dangling and will be cleaned.
W: Public-4008: Instance 'u_ddr3_ctrl/u_ips_ddrc_top/mcdq_mac_top/mcdq_dcp_top/mcdq_dcp_back_ctrl/TRC_LOOP[4].trc_timing/timing_cnt[1]' of 'bmsWIDEDFFCPE' unit is dangling and will be cleaned.
W: Public-4008: Instance 'u_ddr3_ctrl/u_ips_ddrc_top/mcdq_mac_top/mcdq_dcp_top/mcdq_dcp_back_ctrl/timing_act2wr_pass/cmd_act_d[1]' of 'bmsWIDEDFFCPE' unit is dangling and will be cleaned.
W: Public-4008: Instance 'u_ddr3_ctrl/u_ips_ddrc_top/mcdq_mac_top/mcdq_dcp_top/mcdq_dcp_back_ctrl/timing_act2wr_pass/cmd_act_d[2]' of 'bmsWIDEDFFCPE' unit is dangling and will be cleaned.
W: Public-4008: Instance 'u_ddr3_ctrl/u_ips_ddrc_top/mcdq_mac_top/mcdq_dcp_top/mcdq_dcp_back_ctrl/timing_act2wr_pass/cmd_act_d[3]' of 'bmsWIDEDFFCPE' unit is dangling and will be cleaned.
W: Public-4008: Instance 'u_ddr3_ctrl/u_ips_ddrc_top/mcdq_mac_top/mcdq_dcp_top/mcdq_dcp_back_ctrl/timing_act2wr_pass/cmd_act_d[4]' of 'bmsWIDEDFFCPE' unit is dangling and will be cleaned.
W: Public-4008: Instance 'u_ddr3_ctrl/u_ddrphy_top/ddrphy_slice_top/i_dqs_group[0].ddrphy_data_slice/ddrphy_data_slice_wrlvl/wrlvl_dq_seq[1]' of 'bmsWIDEDFFCPE' unit is dangling and will be cleaned.
W: Public-4008: Instance 'u_ddr3_ctrl/u_ddrphy_top/ddrphy_slice_top/i_dqs_group[0].ddrphy_data_slice/ddrphy_data_slice_wrlvl/wrlvl_dq_seq[3]' of 'bmsWIDEDFFCPE' unit is dangling and will be cleaned.
W: Public-4008: Instance 'u_ddr3_ctrl/u_ddrphy_top/ddrphy_slice_top/i_dqs_group[0].ddrphy_data_slice/ddrphy_data_slice_wrlvl/wrlvl_dq_seq[5]' of 'bmsWIDEDFFCPE' unit is dangling and will be cleaned.
W: Public-4008: Instance 'u_ddr3_ctrl/u_ddrphy_top/ddrphy_slice_top/i_dqs_group[0].ddrphy_data_slice/ddrphy_data_slice_wrlvl/wrlvl_dq_seq[7]' of 'bmsWIDEDFFCPE' unit is dangling and will be cleaned.
W: Public-4008: Instance 'u_ddr3_ctrl/u_ddrphy_top/ddrphy_slice_top/i_dqs_group[0].ddrphy_data_slice/ddrphy_data_slice_wrlvl/wrlvl_dq_seq[9]' of 'bmsWIDEDFFCPE' unit is dangling and will be cleaned.
W: Public-4008: Instance 'u_ddr3_ctrl/u_ddrphy_top/ddrphy_slice_top/i_dqs_group[0].ddrphy_data_slice/ddrphy_wdata_path_adj/phy_wrdata_r[0]' of 'bmsWIDEDFFCPE' unit is dangling and will be cleaned.
W: Public-4008: Instance 'u_ddr3_ctrl/u_ddrphy_top/ddrphy_slice_top/i_dqs_group[0].ddrphy_data_slice/ddrphy_wdata_path_adj/phy_wrdata_r[8]' of 'bmsWIDEDFFCPE' unit is dangling and will be cleaned.
W: Public-4008: Instance 'u_ddr3_ctrl/u_ddrphy_top/ddrphy_slice_top/i_dqs_group[0].ddrphy_data_slice/ddrphy_wdata_path_adj/phy_wrdata_r[16]' of 'bmsWIDEDFFCPE' unit is dangling and will be cleaned.
W: Public-4008: Instance 'u_ddr3_ctrl/u_ddrphy_top/ddrphy_slice_top/i_dqs_group[0].ddrphy_data_slice/ddrphy_wdata_path_adj/phy_wrdata_r[24]' of 'bmsWIDEDFFCPE' unit is dangling and will be cleaned.
W: Public-4008: Instance 'u_ddr3_ctrl/u_ddrphy_top/ddrphy_slice_top/i_dqs_group[0].ddrphy_data_slice/ddrphy_wdata_path_adj/phy_wrdata_r[32]' of 'bmsWIDEDFFCPE' unit is dangling and will be cleaned.
W: Public-4008: Instance 'u_ddr3_ctrl/u_ddrphy_top/ddrphy_slice_top/i_dqs_group[0].ddrphy_data_slice/ddrphy_wdata_path_adj/phy_wrdata_r[40]' of 'bmsWIDEDFFCPE' unit is dangling and will be cleaned.
W: Public-4008: Instance 'u_ddr3_ctrl/u_ddrphy_top/ddrphy_slice_top/i_dqs_group[0].ddrphy_data_slice/ddrphy_wdata_path_adj/phy_wrdata_r[48]' of 'bmsWIDEDFFCPE' unit is dangling and will be cleaned.
W: Public-4008: Instance 'u_ddr3_ctrl/u_ddrphy_top/ddrphy_slice_top/i_dqs_group[0].ddrphy_data_slice/ddrphy_wdata_path_adj/phy_wrdata_r[56]' of 'bmsWIDEDFFCPE' unit is dangling and will be cleaned.
W: Public-4008: Instance 'u_ddr3_ctrl/u_ddrphy_top/ddrphy_slice_top/i_dqs_group[0].ddrphy_data_slice/ddrphy_wdata_path_adj/phy_wrdata_mask_r[0]' of 'bmsWIDEDFFCPE' unit is dangling and will be cleaned.
W: Public-4008: Instance 'u_ddr3_ctrl/u_ddrphy_top/ddrphy_slice_top/ddrphy_data_slice_dqs_gate_cal/ddrphy_dqs_gate_coarse_cal/read_cmd_mux_r1[1]' of 'bmsWIDEDFFCPE' unit is dangling and will be cleaned.
W: Public-4008: Instance 'u_ddr3_ctrl/u_ddrphy_top/ddrphy_slice_top/ddrphy_data_slice_dqs_gate_cal/ddrphy_dqs_gate_coarse_cal/read_cmd_mux_r1[3]' of 'bmsWIDEDFFCPE' unit is dangling and will be cleaned.
W: Public-4008: Instance 'u_ddr3_ctrl/u_ddrphy_top/ddrphy_slice_top/ddrphy_data_slice_dqs_gate_cal/ddrphy_dqs_gate_coarse_cal/read_cmd_mux_r2[1]' of 'bmsWIDEDFFCPE' unit is dangling and will be cleaned.
W: Public-4008: Instance 'u_ddr3_ctrl/u_ddrphy_top/ddrphy_slice_top/ddrphy_data_slice_dqs_gate_cal/ddrphy_dqs_gate_coarse_cal/read_cmd_mux_r2[3]' of 'bmsWIDEDFFCPE' unit is dangling and will be cleaned.
W: Public-4008: Instance 'u_ddr3_ctrl/u_ddrphy_top/ddrphy_slice_top/ddrphy_data_slice_dqs_gate_cal/ddrphy_dqs_gate_coarse_cal/read_cmd_mux_r3[1]' of 'bmsWIDEDFFCPE' unit is dangling and will be cleaned.
W: Public-4008: Instance 'u_ddr3_ctrl/u_ddrphy_top/ddrphy_slice_top/ddrphy_data_slice_dqs_gate_cal/ddrphy_dqs_gate_coarse_cal/read_cmd_mux_r3[3]' of 'bmsWIDEDFFCPE' unit is dangling and will be cleaned.
W: Public-4008: Instance 'u_ddr3_ctrl/u_ddrphy_top/ddrphy_slice_top/i_dqs_group[1].ddrphy_data_slice/ddrphy_data_slice_wrlvl/wrlvl_dq_seq[1]' of 'bmsWIDEDFFCPE' unit is dangling and will be cleaned.
W: Public-4008: Instance 'u_ddr3_ctrl/u_ddrphy_top/ddrphy_slice_top/i_dqs_group[1].ddrphy_data_slice/ddrphy_data_slice_wrlvl/wrlvl_dq_seq[3]' of 'bmsWIDEDFFCPE' unit is dangling and will be cleaned.
W: Public-4008: Instance 'u_ddr3_ctrl/u_ddrphy_top/ddrphy_slice_top/i_dqs_group[1].ddrphy_data_slice/ddrphy_data_slice_wrlvl/wrlvl_dq_seq[5]' of 'bmsWIDEDFFCPE' unit is dangling and will be cleaned.
W: Public-4008: Instance 'u_ddr3_ctrl/u_ddrphy_top/ddrphy_slice_top/i_dqs_group[1].ddrphy_data_slice/ddrphy_data_slice_wrlvl/wrlvl_dq_seq[7]' of 'bmsWIDEDFFCPE' unit is dangling and will be cleaned.
W: Public-4008: Instance 'u_ddr3_ctrl/u_ddrphy_top/ddrphy_slice_top/i_dqs_group[1].ddrphy_data_slice/ddrphy_data_slice_wrlvl/wrlvl_dq_seq[9]' of 'bmsWIDEDFFCPE' unit is dangling and will be cleaned.
W: Public-4008: Instance 'u_ddr3_ctrl/u_ddrphy_top/ddrphy_slice_top/i_dqs_group[1].ddrphy_data_slice/ddrphy_wdata_path_adj/phy_wrdata_r[0]' of 'bmsWIDEDFFCPE' unit is dangling and will be cleaned.
W: Public-4008: Instance 'u_ddr3_ctrl/u_ddrphy_top/ddrphy_slice_top/i_dqs_group[1].ddrphy_data_slice/ddrphy_wdata_path_adj/phy_wrdata_r[8]' of 'bmsWIDEDFFCPE' unit is dangling and will be cleaned.
W: Public-4008: Instance 'u_ddr3_ctrl/u_ddrphy_top/ddrphy_slice_top/i_dqs_group[1].ddrphy_data_slice/ddrphy_wdata_path_adj/phy_wrdata_r[16]' of 'bmsWIDEDFFCPE' unit is dangling and will be cleaned.
W: Public-4008: Instance 'u_ddr3_ctrl/u_ddrphy_top/ddrphy_slice_top/i_dqs_group[1].ddrphy_data_slice/ddrphy_wdata_path_adj/phy_wrdata_r[24]' of 'bmsWIDEDFFCPE' unit is dangling and will be cleaned.
W: Public-4008: Instance 'u_ddr3_ctrl/u_ddrphy_top/ddrphy_slice_top/i_dqs_group[1].ddrphy_data_slice/ddrphy_wdata_path_adj/phy_wrdata_r[32]' of 'bmsWIDEDFFCPE' unit is dangling and will be cleaned.
W: Public-4008: Instance 'u_ddr3_ctrl/u_ddrphy_top/ddrphy_slice_top/i_dqs_group[1].ddrphy_data_slice/ddrphy_wdata_path_adj/phy_wrdata_r[40]' of 'bmsWIDEDFFCPE' unit is dangling and will be cleaned.
W: Public-4008: Instance 'u_ddr3_ctrl/u_ddrphy_top/ddrphy_slice_top/i_dqs_group[1].ddrphy_data_slice/ddrphy_wdata_path_adj/phy_wrdata_r[48]' of 'bmsWIDEDFFCPE' unit is dangling and will be cleaned.
W: Public-4008: Instance 'u_ddr3_ctrl/u_ddrphy_top/ddrphy_slice_top/i_dqs_group[1].ddrphy_data_slice/ddrphy_wdata_path_adj/phy_wrdata_r[56]' of 'bmsWIDEDFFCPE' unit is dangling and will be cleaned.
W: Public-4008: Instance 'u_ddr3_ctrl/u_ddrphy_top/ddrphy_slice_top/i_dqs_group[1].ddrphy_data_slice/ddrphy_wdata_path_adj/phy_wrdata_mask_r[0]' of 'bmsWIDEDFFCPE' unit is dangling and will be cleaned.
W: Public-4008: Instance 'u_ddr3_ctrl/u_ips_ddrc_top/mcdq_mac_top/mcdq_dcp_top/mcdq_dcp_back_ctrl/TRC_LOOP[5].trc_timing/timing_cnt[1]' of 'bmsWIDEDFFCPE' unit is dangling and will be cleaned.
W: Public-4008: Instance 'u_ddr3_ctrl/u_ddrphy_top/ddrphy_slice_top/i_dqs_group[2].ddrphy_data_slice/ddrphy_data_slice_wrlvl/wrlvl_dq_seq[1]' of 'bmsWIDEDFFCPE' unit is dangling and will be cleaned.
W: Public-4008: Instance 'u_ddr3_ctrl/u_ddrphy_top/ddrphy_slice_top/i_dqs_group[2].ddrphy_data_slice/ddrphy_data_slice_wrlvl/wrlvl_dq_seq[3]' of 'bmsWIDEDFFCPE' unit is dangling and will be cleaned.
W: Public-4008: Instance 'u_ddr3_ctrl/u_ddrphy_top/ddrphy_slice_top/i_dqs_group[2].ddrphy_data_slice/ddrphy_data_slice_wrlvl/wrlvl_dq_seq[5]' of 'bmsWIDEDFFCPE' unit is dangling and will be cleaned.
W: Public-4008: Instance 'u_ddr3_ctrl/u_ddrphy_top/ddrphy_slice_top/i_dqs_group[2].ddrphy_data_slice/ddrphy_data_slice_wrlvl/wrlvl_dq_seq[7]' of 'bmsWIDEDFFCPE' unit is dangling and will be cleaned.
W: Public-4008: Instance 'u_ddr3_ctrl/u_ddrphy_top/ddrphy_slice_top/i_dqs_group[2].ddrphy_data_slice/ddrphy_data_slice_wrlvl/wrlvl_dq_seq[9]' of 'bmsWIDEDFFCPE' unit is dangling and will be cleaned.
W: Public-4008: Instance 'u_ddr3_ctrl/u_ddrphy_top/ddrphy_slice_top/i_dqs_group[2].ddrphy_data_slice/ddrphy_wdata_path_adj/phy_wrdata_r[0]' of 'bmsWIDEDFFCPE' unit is dangling and will be cleaned.
W: Public-4008: Instance 'u_ddr3_ctrl/u_ddrphy_top/ddrphy_slice_top/i_dqs_group[2].ddrphy_data_slice/ddrphy_wdata_path_adj/phy_wrdata_r[8]' of 'bmsWIDEDFFCPE' unit is dangling and will be cleaned.
W: Public-4008: Instance 'u_ddr3_ctrl/u_ddrphy_top/ddrphy_slice_top/i_dqs_group[2].ddrphy_data_slice/ddrphy_wdata_path_adj/phy_wrdata_r[16]' of 'bmsWIDEDFFCPE' unit is dangling and will be cleaned.
W: Public-4008: Instance 'u_ddr3_ctrl/u_ddrphy_top/ddrphy_slice_top/i_dqs_group[2].ddrphy_data_slice/ddrphy_wdata_path_adj/phy_wrdata_r[24]' of 'bmsWIDEDFFCPE' unit is dangling and will be cleaned.
W: Public-4008: Instance 'u_ddr3_ctrl/u_ddrphy_top/ddrphy_slice_top/i_dqs_group[2].ddrphy_data_slice/ddrphy_wdata_path_adj/phy_wrdata_r[32]' of 'bmsWIDEDFFCPE' unit is dangling and will be cleaned.
W: Public-4008: Instance 'u_ddr3_ctrl/u_ddrphy_top/ddrphy_slice_top/i_dqs_group[2].ddrphy_data_slice/ddrphy_wdata_path_adj/phy_wrdata_r[40]' of 'bmsWIDEDFFCPE' unit is dangling and will be cleaned.
W: Public-4008: Instance 'u_ddr3_ctrl/u_ddrphy_top/ddrphy_slice_top/i_dqs_group[2].ddrphy_data_slice/ddrphy_wdata_path_adj/phy_wrdata_r[48]' of 'bmsWIDEDFFCPE' unit is dangling and will be cleaned.
W: Public-4008: Instance 'u_ddr3_ctrl/u_ddrphy_top/ddrphy_slice_top/i_dqs_group[2].ddrphy_data_slice/ddrphy_wdata_path_adj/phy_wrdata_r[56]' of 'bmsWIDEDFFCPE' unit is dangling and will be cleaned.
W: Public-4008: Instance 'u_ddr3_ctrl/u_ddrphy_top/ddrphy_slice_top/i_dqs_group[2].ddrphy_data_slice/ddrphy_wdata_path_adj/phy_wrdata_mask_r[0]' of 'bmsWIDEDFFCPE' unit is dangling and will be cleaned.
W: Public-4008: Instance 'u_ddr3_ctrl/u_ddrphy_top/ddrphy_slice_top/i_dqs_group[3].ddrphy_data_slice/ddrphy_data_slice_wrlvl/wrlvl_dq_seq[1]' of 'bmsWIDEDFFCPE' unit is dangling and will be cleaned.
W: Public-4008: Instance 'u_ddr3_ctrl/u_ddrphy_top/ddrphy_slice_top/i_dqs_group[3].ddrphy_data_slice/ddrphy_data_slice_wrlvl/wrlvl_dq_seq[3]' of 'bmsWIDEDFFCPE' unit is dangling and will be cleaned.
W: Public-4008: Instance 'u_ddr3_ctrl/u_ddrphy_top/ddrphy_slice_top/i_dqs_group[3].ddrphy_data_slice/ddrphy_data_slice_wrlvl/wrlvl_dq_seq[5]' of 'bmsWIDEDFFCPE' unit is dangling and will be cleaned.
W: Public-4008: Instance 'u_ddr3_ctrl/u_ddrphy_top/ddrphy_slice_top/i_dqs_group[3].ddrphy_data_slice/ddrphy_data_slice_wrlvl/wrlvl_dq_seq[7]' of 'bmsWIDEDFFCPE' unit is dangling and will be cleaned.
W: Public-4008: Instance 'u_ddr3_ctrl/u_ddrphy_top/ddrphy_slice_top/i_dqs_group[3].ddrphy_data_slice/ddrphy_data_slice_wrlvl/wrlvl_dq_seq[9]' of 'bmsWIDEDFFCPE' unit is dangling and will be cleaned.
W: Public-4008: Instance 'u_ddr3_ctrl/u_ddrphy_top/ddrphy_slice_top/i_dqs_group[3].ddrphy_data_slice/ddrphy_wdata_path_adj/phy_wrdata_r[0]' of 'bmsWIDEDFFCPE' unit is dangling and will be cleaned.
W: Public-4008: Instance 'u_ddr3_ctrl/u_ddrphy_top/ddrphy_slice_top/i_dqs_group[3].ddrphy_data_slice/ddrphy_wdata_path_adj/phy_wrdata_r[8]' of 'bmsWIDEDFFCPE' unit is dangling and will be cleaned.
W: Public-4008: Instance 'u_ddr3_ctrl/u_ddrphy_top/ddrphy_slice_top/i_dqs_group[3].ddrphy_data_slice/ddrphy_wdata_path_adj/phy_wrdata_r[16]' of 'bmsWIDEDFFCPE' unit is dangling and will be cleaned.
W: Public-4008: Instance 'u_ddr3_ctrl/u_ddrphy_top/ddrphy_slice_top/i_dqs_group[3].ddrphy_data_slice/ddrphy_wdata_path_adj/phy_wrdata_r[24]' of 'bmsWIDEDFFCPE' unit is dangling and will be cleaned.
W: Public-4008: Instance 'u_ddr3_ctrl/u_ddrphy_top/ddrphy_slice_top/i_dqs_group[3].ddrphy_data_slice/ddrphy_wdata_path_adj/phy_wrdata_r[32]' of 'bmsWIDEDFFCPE' unit is dangling and will be cleaned.
W: Public-4008: Instance 'u_ddr3_ctrl/u_ddrphy_top/ddrphy_slice_top/i_dqs_group[3].ddrphy_data_slice/ddrphy_wdata_path_adj/phy_wrdata_r[40]' of 'bmsWIDEDFFCPE' unit is dangling and will be cleaned.
W: Public-4008: Instance 'u_ddr3_ctrl/u_ddrphy_top/ddrphy_slice_top/i_dqs_group[3].ddrphy_data_slice/ddrphy_wdata_path_adj/phy_wrdata_r[48]' of 'bmsWIDEDFFCPE' unit is dangling and will be cleaned.
W: Public-4008: Instance 'u_ddr3_ctrl/u_ddrphy_top/ddrphy_slice_top/i_dqs_group[3].ddrphy_data_slice/ddrphy_wdata_path_adj/phy_wrdata_r[56]' of 'bmsWIDEDFFCPE' unit is dangling and will be cleaned.
W: Public-4008: Instance 'u_ddr3_ctrl/u_ddrphy_top/ddrphy_slice_top/i_dqs_group[3].ddrphy_data_slice/ddrphy_wdata_path_adj/phy_wrdata_mask_r[0]' of 'bmsWIDEDFFCPE' unit is dangling and will be cleaned.
W: Public-4008: Instance 'u_ddr3_ctrl/u_ips_ddrc_top/mcdq_mac_top/mcdq_dcp_top/mcdq_dcp_back_ctrl/TRC_LOOP[6].trc_timing/timing_cnt[1]' of 'bmsWIDEDFFCPE' unit is dangling and will be cleaned.
W: Public-4008: Instance 'u_ddr3_ctrl/u_ips_ddrc_top/mcdq_mac_top/mcdq_calib_delay/calib_norm_addr_m[10]' of 'bmsWIDEDFFCPE' unit is dangling and will be cleaned.
W: Public-4008: Instance 'u_ddr3_ctrl/u_ips_ddrc_top/mcdq_mac_top/mcdq_calib_delay/calib_norm_addr_m[11]' of 'bmsWIDEDFFCPE' unit is dangling and will be cleaned.
W: Public-4008: Instance 'u_ddr3_ctrl/u_ips_ddrc_top/mcdq_mac_top/mcdq_calib_delay/calib_norm_addr_m[12]' of 'bmsWIDEDFFCPE' unit is dangling and will be cleaned.
W: Public-4008: Instance 'u_ddr3_ctrl/u_ips_ddrc_top/mcdq_mac_top/mcdq_calib_delay/calib_norm_addr_m[13]' of 'bmsWIDEDFFCPE' unit is dangling and will be cleaned.
W: Public-4008: Instance 'u_ddr3_ctrl/u_ips_ddrc_top/mcdq_mac_top/mcdq_calib_delay/calib_norm_addr_m[14]' of 'bmsWIDEDFFCPE' unit is dangling and will be cleaned.
W: Public-4008: Instance 'u_ddr3_ctrl/u_ips_ddrc_top/mcdq_mac_top/mcdq_calib_delay/calib_norm_cmd_m[5]' of 'bmsWIDEDFFCPE' unit is dangling and will be cleaned.
W: Public-4008: Instance 'u_uart0_tx/shift_reg[0]' of 'bmsWIDEDFFCPE' unit is dangling and will be cleaned.
W: Public-4008: Instance 'u_uart0_tx/shift_reg[9]' of 'bmsWIDEDFFCPE' unit is dangling and will be cleaned.
W: Public-4008: Instance 'u_ddr_axi_bridge/req_addr_cpu[0]' of 'bmsWIDEDFFCPE' unit is dangling and will be cleaned.
W: Public-4008: Instance 'u_ddr_axi_bridge/req_addr_cpu[1]' of 'bmsWIDEDFFCPE' unit is dangling and will be cleaned.
W: Public-4008: Instance 'u_ddr_axi_bridge/req_addr_cpu[30]' of 'bmsWIDEDFFCPE' unit is dangling and will be cleaned.
W: Public-4008: Instance 'u_ddr_axi_bridge/req_addr_cpu[31]' of 'bmsWIDEDFFCPE' unit is dangling and will be cleaned.
W: Public-4008: Instance 'u_ddr_axi_bridge/txn_addr_ddr[0]' of 'bmsWIDEDFFCPE' unit is dangling and will be cleaned.
W: Public-4008: Instance 'u_ddr_axi_bridge/txn_addr_ddr[1]' of 'bmsWIDEDFFCPE' unit is dangling and will be cleaned.
W: Public-4008: Instance 'u_ddr_axi_bridge/txn_addr_ddr[30]' of 'bmsWIDEDFFCPE' unit is dangling and will be cleaned.
W: Public-4008: Instance 'u_ddr_axi_bridge/txn_addr_ddr[31]' of 'bmsWIDEDFFCPE' unit is dangling and will be cleaned.
W: Public-4008: Instance 'u_jtag/u_jtag_dm/abstractcs_cmderr[1]' of 'bmsWIDEDFFCPE' unit is dangling and will be cleaned.
W: Public-4008: Instance 'u_jtag/u_jtag_dm/abstractcs_cmderr[2]' of 'bmsWIDEDFFCPE' unit is dangling and will be cleaned.
W: Public-4008: Instance 'u_jtag/u_jtag_dm/dcsr[0]' of 'bmsWIDEDFFCPE' unit is dangling and will be cleaned.
W: Public-4008: Instance 'u_jtag/u_jtag_dm/dcsr[1]' of 'bmsWIDEDFFCPE' unit is dangling and will be cleaned.
W: Public-4008: Instance 'u_jtag/u_jtag_dm/dcsr[2]' of 'bmsWIDEDFFCPE' unit is dangling and will be cleaned.
W: Public-4008: Instance 'u_jtag/u_jtag_dm/dcsr[3]' of 'bmsWIDEDFFCPE' unit is dangling and will be cleaned.
W: Public-4008: Instance 'u_jtag/u_jtag_dm/dcsr[4]' of 'bmsWIDEDFFCPE' unit is dangling and will be cleaned.
W: Public-4008: Instance 'u_jtag/u_jtag_dm/dcsr[5]' of 'bmsWIDEDFFCPE' unit is dangling and will be cleaned.
W: Public-4008: Instance 'u_jtag/u_jtag_dm/dcsr[7]' of 'bmsWIDEDFFCPE' unit is dangling and will be cleaned.
W: Public-4008: Instance 'u_jtag/u_jtag_dm/dcsr[8]' of 'bmsWIDEDFFCPE' unit is dangling and will be cleaned.
W: Public-4008: Instance 'u_jtag/u_jtag_dm/dcsr[9]' of 'bmsWIDEDFFCPE' unit is dangling and will be cleaned.
W: Public-4008: Instance 'u_jtag/u_jtag_dm/dcsr[10]' of 'bmsWIDEDFFCPE' unit is dangling and will be cleaned.
W: Public-4008: Instance 'u_jtag/u_jtag_dm/dcsr[11]' of 'bmsWIDEDFFCPE' unit is dangling and will be cleaned.
W: Public-4008: Instance 'u_jtag/u_jtag_dm/dcsr[12]' of 'bmsWIDEDFFCPE' unit is dangling and will be cleaned.
W: Public-4008: Instance 'u_jtag/u_jtag_dm/dcsr[13]' of 'bmsWIDEDFFCPE' unit is dangling and will be cleaned.
W: Public-4008: Instance 'u_jtag/u_jtag_dm/dcsr[14]' of 'bmsWIDEDFFCPE' unit is dangling and will be cleaned.
W: Public-4008: Instance 'u_jtag/u_jtag_dm/dcsr[15]' of 'bmsWIDEDFFCPE' unit is dangling and will be cleaned.
W: Public-4008: Instance 'u_jtag/u_jtag_dm/dcsr[16]' of 'bmsWIDEDFFCPE' unit is dangling and will be cleaned.
W: Public-4008: Instance 'u_jtag/u_jtag_dm/dcsr[17]' of 'bmsWIDEDFFCPE' unit is dangling and will be cleaned.
W: Public-4008: Instance 'u_jtag/u_jtag_dm/dcsr[18]' of 'bmsWIDEDFFCPE' unit is dangling and will be cleaned.
W: Public-4008: Instance 'u_jtag/u_jtag_dm/dcsr[19]' of 'bmsWIDEDFFCPE' unit is dangling and will be cleaned.
W: Public-4008: Instance 'u_jtag/u_jtag_dm/dcsr[20]' of 'bmsWIDEDFFCPE' unit is dangling and will be cleaned.
W: Public-4008: Instance 'u_jtag/u_jtag_dm/dcsr[21]' of 'bmsWIDEDFFCPE' unit is dangling and will be cleaned.
W: Public-4008: Instance 'u_jtag/u_jtag_dm/dcsr[22]' of 'bmsWIDEDFFCPE' unit is dangling and will be cleaned.
W: Public-4008: Instance 'u_jtag/u_jtag_dm/dcsr[23]' of 'bmsWIDEDFFCPE' unit is dangling and will be cleaned.
W: Public-4008: Instance 'u_jtag/u_jtag_dm/dcsr[24]' of 'bmsWIDEDFFCPE' unit is dangling and will be cleaned.
W: Public-4008: Instance 'u_jtag/u_jtag_dm/dcsr[25]' of 'bmsWIDEDFFCPE' unit is dangling and will be cleaned.
W: Public-4008: Instance 'u_jtag/u_jtag_dm/dcsr[26]' of 'bmsWIDEDFFCPE' unit is dangling and will be cleaned.
W: Public-4008: Instance 'u_jtag/u_jtag_dm/dcsr[27]' of 'bmsWIDEDFFCPE' unit is dangling and will be cleaned.
W: Public-4008: Instance 'u_jtag/u_jtag_dm/dcsr[28]' of 'bmsWIDEDFFCPE' unit is dangling and will be cleaned.
W: Public-4008: Instance 'u_jtag/u_jtag_dm/dcsr[29]' of 'bmsWIDEDFFCPE' unit is dangling and will be cleaned.
W: Public-4008: Instance 'u_jtag/u_jtag_dm/dcsr[30]' of 'bmsWIDEDFFCPE' unit is dangling and will be cleaned.
W: Public-4008: Instance 'u_jtag/u_jtag_dm/dcsr[31]' of 'bmsWIDEDFFCPE' unit is dangling and will be cleaned.
W: Public-4008: Instance 'u_jtag/u_jtag_dm/tx/req_data[0]' of 'bmsWIDEDFFCPE' unit is dangling and will be cleaned.
W: Public-4008: Instance 'u_jtag/u_jtag_dm/tx/req_data[1]' of 'bmsWIDEDFFCPE' unit is dangling and will be cleaned.
W: Public-4008: Instance 'u_ddr3_ctrl/u_ips_ddrc_top/mcdq_mac_top/mcdq_cfg_apb/mc_al[1]' of 'bmsWIDEDFFCPE' unit is dangling and will be cleaned.
W: Public-4008: Instance 'u_ddr3_ctrl/u_ips_ddrc_top/mcdq_mac_top/mcdq_cfg_apb/mc_al[2]' of 'bmsWIDEDFFCPE' unit is dangling and will be cleaned.
W: Public-4008: Instance 'u_ddr3_ctrl/u_ips_ddrc_top/mcdq_mac_top/mcdq_cfg_apb/mc_al[3]' of 'bmsWIDEDFFCPE' unit is dangling and will be cleaned.
W: Public-4008: Instance 'u_ddr3_ctrl/u_ips_ddrc_top/mcdq_mac_top/mcdq_cfg_apb/mc_al[4]' of 'bmsWIDEDFFCPE' unit is dangling and will be cleaned.
W: Public-4008: Instance 'u_ddr3_ctrl/u_ips_ddrc_top/mcdq_mac_top/mcdq_cfg_apb/mc_rl[0]' of 'bmsWIDEDFFCPE' unit is dangling and will be cleaned.
W: Public-4008: Instance 'u_ddr3_ctrl/u_ips_ddrc_top/mcdq_mac_top/mcdq_cfg_apb/mc_rl[1]' of 'bmsWIDEDFFCPE' unit is dangling and will be cleaned.
W: Public-4008: Instance 'u_ddr3_ctrl/u_ips_ddrc_top/mcdq_mac_top/mcdq_cfg_apb/mc_rl[3]' of 'bmsWIDEDFFCPE' unit is dangling and will be cleaned.
W: Public-4008: Instance 'u_ddr3_ctrl/u_ips_ddrc_top/mcdq_mac_top/mcdq_cfg_apb/mc_rl[4]' of 'bmsWIDEDFFCPE' unit is dangling and will be cleaned.
W: Public-4008: Instance 'u_ddr3_ctrl/u_ips_ddrc_top/mcdq_mac_top/mcdq_cfg_apb/mc_rl[5]' of 'bmsWIDEDFFCPE' unit is dangling and will be cleaned.
W: Public-4008: Instance 'u_ddr3_ctrl/u_ips_ddrc_top/mcdq_mac_top/mcdq_cfg_apb/mc_wl[1]' of 'bmsWIDEDFFCPE' unit is dangling and will be cleaned.
W: Public-4008: Instance 'u_ddr3_ctrl/u_ips_ddrc_top/mcdq_mac_top/mcdq_cfg_apb/mc_wl[2]' of 'bmsWIDEDFFCPE' unit is dangling and will be cleaned.
W: Public-4008: Instance 'u_ddr3_ctrl/u_ips_ddrc_top/mcdq_mac_top/mcdq_cfg_apb/mc_wl[3]' of 'bmsWIDEDFFCPE' unit is dangling and will be cleaned.
W: Public-4008: Instance 'u_ddr3_ctrl/u_ips_ddrc_top/mcdq_mac_top/mcdq_cfg_apb/mc_wl[4]' of 'bmsWIDEDFFCPE' unit is dangling and will be cleaned.
W: Public-4008: Instance 'u_ddr3_ctrl/u_ips_ddrc_top/mcdq_mac_top/mcdq_cfg_apb/mc_wl[5]' of 'bmsWIDEDFFCPE' unit is dangling and will be cleaned.
W: Public-4008: Instance 'u_ddr3_ctrl/u_ips_ddrc_top/mcdq_mac_top/mcdq_dcp_top/mcdq_dcp_out/norm_addr_m[10]' of 'bmsWIDEDFFCPE' unit is dangling and will be cleaned.
W: Public-4008: Instance 'u_ddr3_ctrl/u_ips_ddrc_top/mcdq_mac_top/mcdq_dcp_top/mcdq_dcp_out/norm_addr_m[11]' of 'bmsWIDEDFFCPE' unit is dangling and will be cleaned.
W: Public-4008: Instance 'u_ddr3_ctrl/u_ips_ddrc_top/mcdq_mac_top/mcdq_dcp_top/mcdq_dcp_out/norm_addr_m[12]' of 'bmsWIDEDFFCPE' unit is dangling and will be cleaned.
W: Public-4008: Instance 'u_ddr3_ctrl/u_ips_ddrc_top/mcdq_mac_top/mcdq_dcp_top/mcdq_dcp_out/norm_addr_m[13]' of 'bmsWIDEDFFCPE' unit is dangling and will be cleaned.
W: Public-4008: Instance 'u_ddr3_ctrl/u_ips_ddrc_top/mcdq_mac_top/mcdq_dcp_top/mcdq_dcp_out/norm_addr_m[14]' of 'bmsWIDEDFFCPE' unit is dangling and will be cleaned.
W: Public-4008: Instance 'u_ddr3_ctrl/u_ips_ddrc_top/mcdq_mac_top/mcdq_dcp_top/mcdq_dcp_out/norm_cmd_m[5]' of 'bmsWIDEDFFCPE' unit is dangling and will be cleaned.
W: Public-4008: Instance 'u_ddr3_ctrl/u_ips_ddrc_top/mcdq_mac_top/mcdq_dfi/dcp2dfi_address[28]' of 'bmsWIDEDFFCPE' unit is dangling and will be cleaned.
W: Public-4008: Instance 'u_ddr3_ctrl/u_ips_ddrc_top/mcdq_mac_top/mcdq_dfi/dcp2dfi_address[29]' of 'bmsWIDEDFFCPE' unit is dangling and will be cleaned.
W: Public-4008: Instance 'u_ddr3_ctrl/u_ips_ddrc_top/mcdq_mac_top/mcdq_dfi/mux_dfi_cs_n[1]' of 'bmsWIDEDFFCPE' unit is dangling and will be cleaned.
W: Public-4008: Instance 'u_ddr3_ctrl/u_ips_ddrc_top/mcdq_mac_top/mcdq_dfi/mux_dfi_cs_n[3]' of 'bmsWIDEDFFCPE' unit is dangling and will be cleaned.
W: Public-4008: Instance 'u_ddr3_ctrl/u_ips_ddrc_top/mcdq_mac_top/mcdq_dfi/mux_dfi_odt[1]' of 'bmsWIDEDFFCPE' unit is dangling and will be cleaned.
W: Public-4008: Instance 'u_ddr3_ctrl/u_ips_ddrc_top/mcdq_mac_top/mcdq_dfi/mux_dfi_odt[3]' of 'bmsWIDEDFFCPE' unit is dangling and will be cleaned.
W: Public-4008: Instance 'u_ddr3_ctrl/u_ips_ddrc_top/mcdq_mac_top/mcdq_dfi/mux_dfi_ras_n[1]' of 'bmsWIDEDFFCPE' unit is dangling and will be cleaned.
W: Public-4008: Instance 'u_ddr3_ctrl/u_ips_ddrc_top/mcdq_mac_top/mcdq_dfi/mux_dfi_ras_n[3]' of 'bmsWIDEDFFCPE' unit is dangling and will be cleaned.
W: Public-4008: Instance 'u_ddr3_ctrl/u_ips_ddrc_top/mcdq_mac_top/mcdq_dfi/mux_dfi_we_n[1]' of 'bmsWIDEDFFCPE' unit is dangling and will be cleaned.
W: Public-4008: Instance 'u_ddr3_ctrl/u_ips_ddrc_top/mcdq_mac_top/mcdq_dfi/mux_dfi_we_n[3]' of 'bmsWIDEDFFCPE' unit is dangling and will be cleaned.
W: Public-4008: Instance 'u_ddr3_ctrl/u_ips_ddrc_top/mcdq_mac_top/mcdq_dfi/mux_dfi_address[28]' of 'bmsWIDEDFFCPE' unit is dangling and will be cleaned.
W: Public-4008: Instance 'u_ddr3_ctrl/u_ips_ddrc_top/mcdq_mac_top/mcdq_dfi/mux_dfi_address[29]' of 'bmsWIDEDFFCPE' unit is dangling and will be cleaned.
W: Public-4008: Instance 'u_ddr3_ctrl/u_ips_ddrc_top/mcdq_mac_top/mcdq_dfi/mux_dfi_cas_n[1]' of 'bmsWIDEDFFCPE' unit is dangling and will be cleaned.
W: Public-4008: Instance 'u_ddr3_ctrl/u_ips_ddrc_top/mcdq_mac_top/mcdq_dfi/mux_dfi_cas_n[3]' of 'bmsWIDEDFFCPE' unit is dangling and will be cleaned.
W: Public-4008: Instance 'u_ddr3_ctrl/u_ips_ddrc_top/mcdq_mac_top/mcdq_dfi/mux_dfi_cke[1]' of 'bmsWIDEDFFCPE' unit is dangling and will be cleaned.
W: Public-4008: Instance 'u_ddr3_ctrl/u_ips_ddrc_top/mcdq_mac_top/mcdq_dfi/mux_dfi_cke[2]' of 'bmsWIDEDFFCPE' unit is dangling and will be cleaned.
W: Public-4008: Instance 'u_ddr3_ctrl/u_ips_ddrc_top/mcdq_mac_top/mcdq_dfi/mux_dfi_cke[3]' of 'bmsWIDEDFFCPE' unit is dangling and will be cleaned.
W: Public-4008: Instance 'u_ddr3_ctrl/u_ips_ddrc_top/mcdq_mac_top/mcdq_dcp_top/mcdq_dcp_back_ctrl/back_rdata_d1[0]' of 'bmsWIDEDFFCPE' unit is dangling and will be cleaned.
W: Public-4008: Instance 'u_ddr3_ctrl/u_ips_ddrc_top/mcdq_mac_top/mcdq_dcp_top/mcdq_dcp_back_ctrl/back_rdata_d1[33]' of 'bmsWIDEDFFCPE' unit is dangling and will be cleaned.
W: Public-4008: Instance 'u_ddr3_ctrl/u_ips_ddrc_top/mcdq_mac_top/mcdq_dcp_top/mcdq_dcp_back_ctrl/back_rdata_d1[34]' of 'bmsWIDEDFFCPE' unit is dangling and will be cleaned.
W: Public-4008: Instance 'u_ddr3_ctrl/u_ips_ddrc_top/mcdq_mac_top/mcdq_dcp_top/mcdq_dcp_back_ctrl/back_rdata_d1[35]' of 'bmsWIDEDFFCPE' unit is dangling and will be cleaned.
W: Public-4008: Instance 'u_ddr3_ctrl/u_ips_ddrc_top/mcdq_mac_top/mcdq_dcp_top/mcdq_dcp_back_ctrl/back_rdata_d1[36]' of 'bmsWIDEDFFCPE' unit is dangling and will be cleaned.
W: Public-4008: Instance 'u_ddr3_ctrl/u_ips_ddrc_top/mcdq_mac_top/mcdq_dcp_top/mcdq_dcp_back_ctrl/back_rdata_d1[37]' of 'bmsWIDEDFFCPE' unit is dangling and will be cleaned.
W: Public-4008: Instance 'u_ddr3_ctrl/u_ips_ddrc_top/mcdq_mac_top/mcdq_dcp_top/mcdq_dcp_back_ctrl/back_rdata_d1[38]' of 'bmsWIDEDFFCPE' unit is dangling and will be cleaned.
W: Public-4008: Instance 'u_ddr3_ctrl/u_ips_ddrc_top/mcdq_mac_top/mcdq_dcp_top/mcdq_dcp_back_ctrl/back_rdata_d1[39]' of 'bmsWIDEDFFCPE' unit is dangling and will be cleaned.
W: Public-4008: Instance 'u_ddr3_ctrl/u_ips_ddrc_top/mcdq_mac_top/mcdq_dcp_top/mcdq_dcp_back_ctrl/back_rdata_d1[40]' of 'bmsWIDEDFFCPE' unit is dangling and will be cleaned.
W: Public-4008: Instance 'u_ddr3_ctrl/u_ips_ddrc_top/mcdq_mac_top/mcdq_dcp_top/mcdq_dcp_back_ctrl/back_rdata_d1[41]' of 'bmsWIDEDFFCPE' unit is dangling and will be cleaned.
W: Public-4008: Instance 'u_ddr3_ctrl/u_ips_ddrc_top/mcdq_mac_top/mcdq_dcp_top/mcdq_dcp_back_ctrl/back_rdata_d1[42]' of 'bmsWIDEDFFCPE' unit is dangling and will be cleaned.
W: Public-4008: Instance 'u_ddr3_ctrl/u_ips_ddrc_top/mcdq_mac_top/mcdq_dcp_top/mcdq_dcp_back_ctrl/back_rdata_d1[43]' of 'bmsWIDEDFFCPE' unit is dangling and will be cleaned.
W: Public-4008: Instance 'u_ddr3_ctrl/u_ips_ddrc_top/mcdq_mac_top/mcdq_dcp_top/mcdq_dcp_back_ctrl/req_rdata[0]' of 'bmsWIDEDFFCPE' unit is dangling and will be cleaned.
W: Public-4008: Instance 'u_ddr3_ctrl/u_ips_ddrc_top/mcdq_mac_top/mcdq_dcp_top/mcdq_dcp_back_ctrl/req_rdata[33]' of 'bmsWIDEDFFCPE' unit is dangling and will be cleaned.
W: Public-4008: Instance 'u_ddr3_ctrl/u_ips_ddrc_top/mcdq_mac_top/mcdq_dcp_top/mcdq_dcp_back_ctrl/req_rdata[34]' of 'bmsWIDEDFFCPE' unit is dangling and will be cleaned.
W: Public-4008: Instance 'u_ddr3_ctrl/u_ips_ddrc_top/mcdq_mac_top/mcdq_dcp_top/mcdq_dcp_back_ctrl/req_rdata[35]' of 'bmsWIDEDFFCPE' unit is dangling and will be cleaned.
W: Public-4008: Instance 'u_ddr3_ctrl/u_ips_ddrc_top/mcdq_mac_top/mcdq_dcp_top/mcdq_dcp_back_ctrl/req_rdata[36]' of 'bmsWIDEDFFCPE' unit is dangling and will be cleaned.
W: Public-4008: Instance 'u_ddr3_ctrl/u_ips_ddrc_top/mcdq_mac_top/mcdq_dcp_top/mcdq_dcp_back_ctrl/req_rdata[37]' of 'bmsWIDEDFFCPE' unit is dangling and will be cleaned.
W: Public-4008: Instance 'u_ddr3_ctrl/u_ips_ddrc_top/mcdq_mac_top/mcdq_dcp_top/mcdq_dcp_back_ctrl/req_rdata[38]' of 'bmsWIDEDFFCPE' unit is dangling and will be cleaned.
W: Public-4008: Instance 'u_ddr3_ctrl/u_ips_ddrc_top/mcdq_mac_top/mcdq_dcp_top/mcdq_dcp_back_ctrl/req_rdata[39]' of 'bmsWIDEDFFCPE' unit is dangling and will be cleaned.
W: Public-4008: Instance 'u_ddr3_ctrl/u_ips_ddrc_top/mcdq_mac_top/mcdq_dcp_top/mcdq_dcp_back_ctrl/req_rdata[40]' of 'bmsWIDEDFFCPE' unit is dangling and will be cleaned.
W: Public-4008: Instance 'u_ddr3_ctrl/u_ips_ddrc_top/mcdq_mac_top/mcdq_dcp_top/mcdq_dcp_back_ctrl/req_rdata[41]' of 'bmsWIDEDFFCPE' unit is dangling and will be cleaned.
W: Public-4008: Instance 'u_ddr3_ctrl/u_ips_ddrc_top/mcdq_mac_top/mcdq_dcp_top/mcdq_dcp_back_ctrl/req_rdata[42]' of 'bmsWIDEDFFCPE' unit is dangling and will be cleaned.
W: Public-4008: Instance 'u_ddr3_ctrl/u_ips_ddrc_top/mcdq_mac_top/mcdq_dcp_top/mcdq_dcp_back_ctrl/req_rdata[43]' of 'bmsWIDEDFFCPE' unit is dangling and will be cleaned.
W: Public-4008: Instance 'u_ddr3_ctrl/u_ips_ddrc_top/mcdq_mac_top/mcdq_dcp_top/mcdq_dcp_back_ctrl/tfaw_timing/TFAW_LOOP[2].mcdq_tfaw/timing_cnt[0]' of 'bmsWIDEDFFCPE' unit is dangling and will be cleaned.
W: Public-4008: Instance 'u_ddr3_ctrl/u_ips_ddrc_top/mcdq_mac_top/mcdq_dcp_top/mcdq_dcp_buf/fifo_rdata_a[0]' of 'bmsWIDEDFFCPE' unit is dangling and will be cleaned.
W: Public-4008: Instance 'u_ddr3_ctrl/u_ips_ddrc_top/mcdq_mac_top/mcdq_dcp_top/mcdq_dcp_buf/fifo_rdata_a[33]' of 'bmsWIDEDFFCPE' unit is dangling and will be cleaned.
W: Public-4008: Instance 'u_ddr3_ctrl/u_ips_ddrc_top/mcdq_mac_top/mcdq_dcp_top/mcdq_dcp_buf/fifo_rdata_a[34]' of 'bmsWIDEDFFCPE' unit is dangling and will be cleaned.
W: Public-4008: Instance 'u_ddr3_ctrl/u_ips_ddrc_top/mcdq_mac_top/mcdq_dcp_top/mcdq_dcp_buf/fifo_rdata_a[35]' of 'bmsWIDEDFFCPE' unit is dangling and will be cleaned.
W: Public-4008: Instance 'u_ddr3_ctrl/u_ips_ddrc_top/mcdq_mac_top/mcdq_dcp_top/mcdq_dcp_buf/fifo_rdata_a[36]' of 'bmsWIDEDFFCPE' unit is dangling and will be cleaned.
W: Public-4008: Instance 'u_ddr3_ctrl/u_ips_ddrc_top/mcdq_mac_top/mcdq_dcp_top/mcdq_dcp_buf/fifo_rdata_a[37]' of 'bmsWIDEDFFCPE' unit is dangling and will be cleaned.
W: Public-4008: Instance 'u_ddr3_ctrl/u_ips_ddrc_top/mcdq_mac_top/mcdq_dcp_top/mcdq_dcp_buf/fifo_rdata_a[38]' of 'bmsWIDEDFFCPE' unit is dangling and will be cleaned.
W: Public-4008: Instance 'u_ddr3_ctrl/u_ips_ddrc_top/mcdq_mac_top/mcdq_dcp_top/mcdq_dcp_buf/fifo_rdata_a[39]' of 'bmsWIDEDFFCPE' unit is dangling and will be cleaned.
W: Public-4008: Instance 'u_ddr3_ctrl/u_ips_ddrc_top/mcdq_mac_top/mcdq_dcp_top/mcdq_dcp_buf/fifo_rdata_a[40]' of 'bmsWIDEDFFCPE' unit is dangling and will be cleaned.
W: Public-4008: Instance 'u_ddr3_ctrl/u_ips_ddrc_top/mcdq_mac_top/mcdq_dcp_top/mcdq_dcp_buf/fifo_rdata_a[41]' of 'bmsWIDEDFFCPE' unit is dangling and will be cleaned.
W: Public-4008: Instance 'u_ddr3_ctrl/u_ips_ddrc_top/mcdq_mac_top/mcdq_dcp_top/mcdq_dcp_buf/fifo_rdata_a[42]' of 'bmsWIDEDFFCPE' unit is dangling and will be cleaned.
W: Public-4008: Instance 'u_ddr3_ctrl/u_ips_ddrc_top/mcdq_mac_top/mcdq_dcp_top/mcdq_dcp_buf/fifo_rdata_a[43]' of 'bmsWIDEDFFCPE' unit is dangling and will be cleaned.
W: Public-4008: Instance 'u_ddr3_ctrl/u_ips_ddrc_top/mcdq_mac_top/mcdq_dcp_top/mcdq_dcp_buf/fifo_rdata_b[0]' of 'bmsWIDEDFFCPE' unit is dangling and will be cleaned.
W: Public-4008: Instance 'u_ddr3_ctrl/u_ips_ddrc_top/mcdq_mac_top/mcdq_dcp_top/mcdq_dcp_buf/fifo_rdata_b[33]' of 'bmsWIDEDFFCPE' unit is dangling and will be cleaned.
W: Public-4008: Instance 'u_ddr3_ctrl/u_ips_ddrc_top/mcdq_mac_top/mcdq_dcp_top/mcdq_dcp_buf/fifo_rdata_b[34]' of 'bmsWIDEDFFCPE' unit is dangling and will be cleaned.
W: Public-4008: Instance 'u_ddr3_ctrl/u_ips_ddrc_top/mcdq_mac_top/mcdq_dcp_top/mcdq_dcp_buf/fifo_rdata_b[35]' of 'bmsWIDEDFFCPE' unit is dangling and will be cleaned.
W: Public-4008: Instance 'u_ddr3_ctrl/u_ips_ddrc_top/mcdq_mac_top/mcdq_dcp_top/mcdq_dcp_buf/fifo_rdata_b[36]' of 'bmsWIDEDFFCPE' unit is dangling and will be cleaned.
W: Public-4008: Instance 'u_ddr3_ctrl/u_ips_ddrc_top/mcdq_mac_top/mcdq_dcp_top/mcdq_dcp_buf/fifo_rdata_b[37]' of 'bmsWIDEDFFCPE' unit is dangling and will be cleaned.
W: Public-4008: Instance 'u_ddr3_ctrl/u_ips_ddrc_top/mcdq_mac_top/mcdq_dcp_top/mcdq_dcp_buf/fifo_rdata_b[38]' of 'bmsWIDEDFFCPE' unit is dangling and will be cleaned.
W: Public-4008: Instance 'u_ddr3_ctrl/u_ips_ddrc_top/mcdq_mac_top/mcdq_dcp_top/mcdq_dcp_buf/fifo_rdata_b[39]' of 'bmsWIDEDFFCPE' unit is dangling and will be cleaned.
W: Public-4008: Instance 'u_ddr3_ctrl/u_ips_ddrc_top/mcdq_mac_top/mcdq_dcp_top/mcdq_dcp_buf/fifo_rdata_b[40]' of 'bmsWIDEDFFCPE' unit is dangling and will be cleaned.
W: Public-4008: Instance 'u_ddr3_ctrl/u_ips_ddrc_top/mcdq_mac_top/mcdq_dcp_top/mcdq_dcp_buf/fifo_rdata_b[41]' of 'bmsWIDEDFFCPE' unit is dangling and will be cleaned.
W: Public-4008: Instance 'u_ddr3_ctrl/u_ips_ddrc_top/mcdq_mac_top/mcdq_dcp_top/mcdq_dcp_buf/fifo_rdata_b[42]' of 'bmsWIDEDFFCPE' unit is dangling and will be cleaned.
W: Public-4008: Instance 'u_ddr3_ctrl/u_ips_ddrc_top/mcdq_mac_top/mcdq_dcp_top/mcdq_dcp_buf/fifo_rdata_b[43]' of 'bmsWIDEDFFCPE' unit is dangling and will be cleaned.
W: Public-4008: Instance 'u_ddr3_ctrl/u_ips_ddrc_top/mcdq_mac_top/mcdq_dcp_top/mcdq_dcp_buf/req_rdata[0]' of 'bmsWIDEDFFCPE' unit is dangling and will be cleaned.
W: Public-4008: Instance 'u_ddr3_ctrl/u_ips_ddrc_top/mcdq_mac_top/mcdq_dcp_top/mcdq_dcp_buf/req_rdata[33]' of 'bmsWIDEDFFCPE' unit is dangling and will be cleaned.
W: Public-4008: Instance 'u_ddr3_ctrl/u_ips_ddrc_top/mcdq_mac_top/mcdq_dcp_top/mcdq_dcp_buf/req_rdata[34]' of 'bmsWIDEDFFCPE' unit is dangling and will be cleaned.
W: Public-4008: Instance 'u_ddr3_ctrl/u_ips_ddrc_top/mcdq_mac_top/mcdq_dcp_top/mcdq_dcp_buf/req_rdata[35]' of 'bmsWIDEDFFCPE' unit is dangling and will be cleaned.
W: Public-4008: Instance 'u_ddr3_ctrl/u_ips_ddrc_top/mcdq_mac_top/mcdq_dcp_top/mcdq_dcp_buf/req_rdata[36]' of 'bmsWIDEDFFCPE' unit is dangling and will be cleaned.
W: Public-4008: Instance 'u_ddr3_ctrl/u_ips_ddrc_top/mcdq_mac_top/mcdq_dcp_top/mcdq_dcp_buf/req_rdata[37]' of 'bmsWIDEDFFCPE' unit is dangling and will be cleaned.
W: Public-4008: Instance 'u_ddr3_ctrl/u_ips_ddrc_top/mcdq_mac_top/mcdq_dcp_top/mcdq_dcp_buf/req_rdata[38]' of 'bmsWIDEDFFCPE' unit is dangling and will be cleaned.
W: Public-4008: Instance 'u_ddr3_ctrl/u_ips_ddrc_top/mcdq_mac_top/mcdq_dcp_top/mcdq_dcp_buf/req_rdata[39]' of 'bmsWIDEDFFCPE' unit is dangling and will be cleaned.
W: Public-4008: Instance 'u_ddr3_ctrl/u_ips_ddrc_top/mcdq_mac_top/mcdq_dcp_top/mcdq_dcp_buf/req_rdata[40]' of 'bmsWIDEDFFCPE' unit is dangling and will be cleaned.
W: Public-4008: Instance 'u_ddr3_ctrl/u_ips_ddrc_top/mcdq_mac_top/mcdq_dcp_top/mcdq_dcp_buf/req_rdata[41]' of 'bmsWIDEDFFCPE' unit is dangling and will be cleaned.
W: Public-4008: Instance 'u_ddr3_ctrl/u_ips_ddrc_top/mcdq_mac_top/mcdq_dcp_top/mcdq_dcp_buf/req_rdata[42]' of 'bmsWIDEDFFCPE' unit is dangling and will be cleaned.
W: Public-4008: Instance 'u_ddr3_ctrl/u_ips_ddrc_top/mcdq_mac_top/mcdq_dcp_top/mcdq_dcp_buf/req_rdata[43]' of 'bmsWIDEDFFCPE' unit is dangling and will be cleaned.
W: Public-4008: Instance 'u_ddr3_ctrl/u_ips_ddrc_top/mcdq_mac_top/mcdq_dcp_top/mcdq_dcp_back_ctrl/tfaw_timing/TFAW_LOOP[0].mcdq_tfaw/timing_cnt[0]' of 'bmsWIDEDFFCPE' unit is dangling and will be cleaned.
I: Removed GTP_DFF_PE inst u_cam1/u_dma/selected_buffer[20] that is redundant to u_cam1/u_dma/current_write_buffer[0]
I: Removed GTP_DFF_RE inst u_cpu/u_exu/ex_imm[0] that is redundant to u_cpu/u_exu/ex_csr_imm[0]
I: Removed GTP_DFF_RE inst u_cpu/u_exu/ex_imm[1] that is redundant to u_cpu/u_exu/ex_csr_imm[1]
I: Removed GTP_DFF_RE inst u_cpu/u_exu/ex_imm[2] that is redundant to u_cpu/u_exu/ex_csr_imm[2]
I: Removed GTP_DFF_RE inst u_cpu/u_exu/ex_imm[3] that is redundant to u_cpu/u_exu/ex_csr_imm[3]
I: Removed GTP_DFF_RE inst u_cpu/u_exu/ex_imm[4] that is redundant to u_cpu/u_exu/ex_csr_imm[4]
I: Removed GTP_DFF_CE inst u_stereo_merge/write_owner that is redundant to u_stereo_merge/write_id[0]
I: Removed GTP_DFF_C inst u_ddr3_ctrl/u_ddrphy_top/ddrphy_dfi/phy_ck[0] that is redundant to u_ddr3_ctrl/u_ddrphy_top/ddrphy_calib_top/ddrphy_eyecal/eyecal_cke
I: Removed GTP_DFF_CE inst u_jtag/u_jtag_dm/dmstatus[8] that is redundant to u_jtag/u_jtag_dm/dm_halt_req
I: Removed GTP_DFF_CE inst u_jtag/u_jtag_dm/dmstatus[9] that is redundant to u_jtag/u_jtag_dm/dm_halt_req
I: Removed GTP_DFF_E inst u_cam1/snap_status_mem[10] that is redundant to u_cam1/snap_dma_status_mem[3]
I: Removed GTP_DFF_E inst u_cam2/snap_status_mem[10] that is redundant to u_cam2/snap_dma_status_mem[3]
I: Removed GTP_DFF_C inst u_cam1/u_fifo/rd_gray[10] that is redundant to u_cam1/u_fifo/rd_bin[10]
I: Removed GTP_DFF_PE inst u_cam2/u_dma/selected_buffer[0] that is redundant to u_cam2/u_dma/current_write_buffer[1]
I: Removed GTP_DFF_PE inst u_cam1/u_dma/selected_buffer[0] that is redundant to u_cam1/u_dma/current_write_buffer[1]
I: Removed GTP_DFF_C inst u_cam2/u_fifo/rd_gray[10] that is redundant to u_cam2/u_fifo/rd_bin[10]
I: Removed GTP_DFF_E inst u_cam1/snap_status_mem[11] that is redundant to u_cam1/snap_ddr_ready_mem
I: Removed GTP_DFF_E inst u_cam2/snap_status_mem[11] that is redundant to u_cam2/snap_ddr_ready_mem
I: Removed GTP_DFF_RE inst u_cpu/u_ifu/fetch_pc_reg[0] that is redundant to u_cpu/u_icache/request_buffer_offset[0]
I: Removed GTP_DFF_RE inst u_cpu/u_ifu/fetch_pc_reg[1] that is redundant to u_cpu/u_icache/request_buffer_offset[1]
I: Removed GTP_DFF_RE inst u_cpu/u_ifu/fetch_pc_reg[2] that is redundant to u_cpu/u_icache/request_buffer_offset[2]
I: Removed GTP_DFF_RE inst u_cpu/u_ifu/fetch_pc_reg[3] that is redundant to u_cpu/u_icache/request_buffer_offset[3]
I: Removed GTP_DFF_PE inst u_jtag/u_jtag_dm/dmstatus[11] that is redundant to u_jtag/u_jtag_dm/dmstatus[10]
I: Removed GTP_DFF_C inst u_ddr3_ctrl/u_ddrphy_top/ddrphy_dfi/phy_addr_d[15] that is redundant to u_ddr3_ctrl/u_ddrphy_top/ddrphy_dfi/calib_done_r
I: Removed GTP_DFF_C inst u_cam1/u_fifo/wr_gray[10] that is redundant to u_cam1/u_fifo/wr_bin[10]
I: Removed GTP_DFF_RE inst u_cpu/u_ifu/fetch_pc_reg[4] that is redundant to u_cpu/u_icache/hold_pc[4]
I: Removed GTP_DFF_RE inst u_cpu/u_icache/request_buffer_index[0] that is redundant to u_cpu/u_icache/hold_pc[4]
I: Removed GTP_DFF_RE inst u_cpu/u_ifu/fetch_pc_reg[5] that is redundant to u_cpu/u_icache/hold_pc[5]
I: Removed GTP_DFF_RE inst u_cpu/u_icache/request_buffer_index[1] that is redundant to u_cpu/u_icache/hold_pc[5]
I: Removed GTP_DFF_RE inst u_cpu/u_ifu/fetch_pc_reg[6] that is redundant to u_cpu/u_icache/hold_pc[6]
I: Removed GTP_DFF_RE inst u_cpu/u_icache/request_buffer_index[2] that is redundant to u_cpu/u_icache/hold_pc[6]
I: Removed GTP_DFF_RE inst u_cpu/u_ifu/fetch_pc_reg[7] that is redundant to u_cpu/u_icache/hold_pc[7]
I: Removed GTP_DFF_RE inst u_cpu/u_icache/request_buffer_index[3] that is redundant to u_cpu/u_icache/hold_pc[7]
I: Removed GTP_DFF_RE inst u_cpu/u_ifu/fetch_pc_reg[8] that is redundant to u_cpu/u_icache/hold_pc[8]
I: Removed GTP_DFF_RE inst u_cpu/u_icache/request_buffer_index[4] that is redundant to u_cpu/u_icache/hold_pc[8]
I: Removed GTP_DFF_RE inst u_cpu/u_ifu/fetch_pc_reg[9] that is redundant to u_cpu/u_icache/hold_pc[9]
I: Removed GTP_DFF_RE inst u_cpu/u_icache/request_buffer_index[5] that is redundant to u_cpu/u_icache/hold_pc[9]
I: Removed GTP_DFF_RE inst u_cpu/u_ifu/fetch_pc_reg[10] that is redundant to u_cpu/u_icache/hold_pc[10]
I: Removed GTP_DFF_RE inst u_cpu/u_icache/request_buffer_index[6] that is redundant to u_cpu/u_icache/hold_pc[10]
I: Removed GTP_DFF_RE inst u_cpu/u_ifu/fetch_pc_reg[11] that is redundant to u_cpu/u_icache/hold_pc[11]
I: Removed GTP_DFF_RE inst u_cpu/u_icache/request_buffer_index[7] that is redundant to u_cpu/u_icache/hold_pc[11]
I: Removed GTP_DFF_RE inst u_cpu/u_ifu/fetch_pc_reg[12] that is redundant to u_cpu/u_icache/hold_pc[12]
I: Removed GTP_DFF_RE inst u_cpu/u_ifu/fetch_pc_reg[13] that is redundant to u_cpu/u_icache/hold_pc[13]
I: Removed GTP_DFF_RE inst u_cpu/u_ifu/fetch_pc_reg[14] that is redundant to u_cpu/u_icache/hold_pc[14]
I: Removed GTP_DFF_RE inst u_cpu/u_ifu/fetch_pc_reg[15] that is redundant to u_cpu/u_icache/hold_pc[15]
I: Removed GTP_DFF_RE inst u_cpu/u_ifu/fetch_pc_reg[16] that is redundant to u_cpu/u_icache/hold_pc[16]
I: Removed GTP_DFF_RE inst u_cpu/u_ifu/fetch_pc_reg[17] that is redundant to u_cpu/u_icache/hold_pc[17]
I: Removed GTP_DFF_RE inst u_cpu/u_ifu/fetch_pc_reg[18] that is redundant to u_cpu/u_icache/hold_pc[18]
I: Removed GTP_DFF_RE inst u_cpu/u_ifu/fetch_pc_reg[19] that is redundant to u_cpu/u_icache/hold_pc[19]
I: Removed GTP_DFF_RE inst u_cpu/u_ifu/fetch_pc_reg[20] that is redundant to u_cpu/u_icache/hold_pc[20]
I: Removed GTP_DFF_RE inst u_cpu/u_ifu/fetch_pc_reg[21] that is redundant to u_cpu/u_icache/hold_pc[21]
I: Removed GTP_DFF_RE inst u_cpu/u_ifu/fetch_pc_reg[22] that is redundant to u_cpu/u_icache/hold_pc[22]
I: Removed GTP_DFF_RE inst u_cpu/u_ifu/fetch_pc_reg[23] that is redundant to u_cpu/u_icache/hold_pc[23]
I: Removed GTP_DFF_RE inst u_cpu/u_ifu/fetch_pc_reg[24] that is redundant to u_cpu/u_icache/hold_pc[24]
I: Removed GTP_DFF_RE inst u_cpu/u_ifu/fetch_pc_reg[25] that is redundant to u_cpu/u_icache/hold_pc[25]
I: Removed GTP_DFF_RE inst u_cpu/u_ifu/fetch_pc_reg[26] that is redundant to u_cpu/u_icache/hold_pc[26]
I: Removed GTP_DFF_RE inst u_cpu/u_ifu/fetch_pc_reg[27] that is redundant to u_cpu/u_icache/hold_pc[27]
I: Removed GTP_DFF_RE inst u_cpu/u_ifu/fetch_pc_reg[28] that is redundant to u_cpu/u_icache/hold_pc[28]
I: Removed GTP_DFF_RE inst u_cpu/u_ifu/fetch_pc_reg[29] that is redundant to u_cpu/u_icache/hold_pc[29]
I: Removed GTP_DFF_RE inst u_cpu/u_ifu/fetch_pc_reg[30] that is redundant to u_cpu/u_icache/hold_pc[30]
I: Removed GTP_DFF_RE inst u_cpu/u_ifu/fetch_pc_reg[31] that is redundant to u_cpu/u_icache/hold_pc[31]
I: Removed GTP_DFF_PE inst u_cam2/u_dma/selected_buffer[20] that is redundant to u_cam2/u_dma/current_write_buffer[0]
I: Removed GTP_DFF_C inst u_cam2/u_fifo/wr_gray[10] that is redundant to u_cam2/u_fifo/wr_bin[10]
I: Removed GTP_DFF_CE inst u_stereo_merge/write_size[0] that is redundant to u_stereo_merge/write_id[6]
I: Removed GTP_DFF_E inst u_cam2/snap_status_mem[7] that is redundant to u_cam2/snap_fifo_error_mem[0]
I: Removed GTP_DFF_C inst u_ddr3_ctrl/u_ddrphy_top/ddrphy_calib_top/ddrphy_wrcal/wrcal_wrdata_en[3] that is redundant to u_ddr3_ctrl/u_ddrphy_top/ddrphy_calib_top/ddrphy_wrcal/wr_enable_d
I: Removed GTP_DFF_C inst u_ddr3_ctrl/u_ddrphy_top/ddrphy_calib_top/ddrphy_rdcal/wr_enable_d that is redundant to u_ddr3_ctrl/u_ddrphy_top/ddrphy_calib_top/ddrphy_rdcal/rdcal_wrdata_en[3]
I: Removed GTP_DFF_E inst u_cam1/snap_status_mem[8] that is redundant to u_cam1/snap_dma_status_mem[1]
I: Removed GTP_DFF_E inst u_cam1/snap_status_mem[9] that is redundant to u_cam1/snap_dma_status_mem[2]
I: Removed GTP_DFF_E inst u_cam2/snap_status_mem[8] that is redundant to u_cam2/snap_dma_status_mem[1]
I: Removed GTP_DFF_E inst u_cam2/snap_status_mem[9] that is redundant to u_cam2/snap_dma_status_mem[2]
I: Removed GTP_DFF_E inst u_cam1/snap_status_mem[7] that is redundant to u_cam1/snap_fifo_error_mem[0]
I: Removed GTP_DFF_C inst u_ddr3_ctrl/u_ips_ddrc_top/mcdq_mac_top/mcdq_cfg_apb/mc_wl[0] that is redundant to u_ddr3_ctrl/u_ips_ddrc_top/mcdq_mac_top/mcdq_cfg_apb/mc_al[0]
I: Removed GTP_DFF_C inst u_ddr3_ctrl/u_ips_ddrc_top/mcdq_mac_top/mcdq_dfi/mux_dfi_cke[0] that is redundant to u_ddr3_ctrl/u_ips_ddrc_top/mcdq_mac_top/mcdq_cfg_apb/mc_al[0]
I: Removed GTP_DFF_PE inst u_ddr3_ctrl/u_ips_ddrc_top/mcdq_mac_top/mcdq_dfi/dcp2dfi_address[27] that is redundant to u_ddr3_ctrl/u_ips_ddrc_top/mcdq_mac_top/mcdq_dfi/dcp2dfi_address[26]
I: Removed GTP_DFF_CE inst u_cam2/cpu_status[11] that is redundant to u_cam2/cpu_ddr_ready
I: Removed GTP_DFF_CE inst u_cam1/cpu_status[11] that is redundant to u_cam1/cpu_ddr_ready
I: Removed GTP_DFF_CE inst u_cam1/cpu_status[7] that is redundant to u_cam1/cpu_fifo_error[0]
I: Removed GTP_DFF_CE inst u_cam1/cpu_status[8] that is redundant to u_cam1/cpu_dma_status[1]
I: Removed GTP_DFF_CE inst u_cam1/cpu_status[9] that is redundant to u_cam1/cpu_dma_status[2]
I: Removed GTP_DFF_CE inst u_cam1/cpu_status[10] that is redundant to u_cam1/cpu_dma_status[3]
I: Removed GTP_DFF_CE inst u_cam2/cpu_status[7] that is redundant to u_cam2/cpu_fifo_error[0]
I: Removed GTP_DFF_C inst u_ddr3_ctrl/u_ips_ddrc_top/mcdq_mac_top/mcdq_dfi/mux_dfi_address[27] that is redundant to u_ddr3_ctrl/u_ips_ddrc_top/mcdq_mac_top/mcdq_dfi/mux_dfi_address[26]
I: Removed GTP_DFF_CE inst u_cam2/cpu_status[8] that is redundant to u_cam2/cpu_dma_status[1]
I: Removed GTP_DFF_CE inst u_cam2/cpu_status[9] that is redundant to u_cam2/cpu_dma_status[2]
I: Removed GTP_DFF_CE inst u_cam2/cpu_status[10] that is redundant to u_cam2/cpu_dma_status[3]
I: Removed GTP_DFF_C inst u_ddr3_ctrl/u_ddrphy_top/ddrphy_dfi/phy_addr_d[42] that is redundant to u_ddr3_ctrl/u_ddrphy_top/ddrphy_dfi/phy_addr_d[41]
I: Removed GTP_DFF_C inst u_ddr3_ctrl/u_ddrphy_top/ddrphy_slice_top/ddrphy_control_path_adj/phy_addr_r[50] that is redundant to u_ddr3_ctrl/u_ddrphy_top/ddrphy_slice_top/ddrphy_control_path_adj/phy_addr_r[46]
W: Removed GTP_DFF_C inst u_ddr3_ctrl/u_ips_ddrc_top/mcdq_mac_top/mcdq_dcp_top/mcdq_dcp_back_ctrl/PRE_PASS_LOOP[1].timing_pre_pass/timing_cnt0[5] that is stuck at constant 0.
W: Removed GTP_DFF_C inst u_ddr3_ctrl/u_ips_ddrc_top/mcdq_mac_top/mcdq_dcp_top/mcdq_dcp_back_ctrl/PRE_PASS_LOOP[1].timing_pre_pass/timing_cnt1[6] that is stuck at constant 0.
W: Removed GTP_DFF_C inst u_ddr3_ctrl/u_ips_ddrc_top/mcdq_mac_top/mcdq_dcp_top/mcdq_dcp_back_ctrl/PRE_PASS_LOOP[1].timing_pre_pass/timing_cnt2[4] that is stuck at constant 0.
W: Removed GTP_DFF_C inst u_ddr3_ctrl/u_ips_ddrc_top/mcdq_mac_top/mcdq_dcp_top/mcdq_dcp_back_ctrl/TRDA2ACT_LOOP[1].trda2act_timing/timing_cnt[5] that is stuck at constant 0.
W: Removed GTP_DFF_C inst u_ddr3_ctrl/u_ips_ddrc_top/mcdq_mac_top/mcdq_dcp_top/mcdq_dcp_back_ctrl/TRDA2ACT_LOOP[5].trda2act_timing/timing_cnt[5] that is stuck at constant 0.
W: Removed GTP_DFF_C inst u_ddr3_ctrl/u_ips_ddrc_top/mcdq_mac_top/mcdq_dcp_top/mcdq_dcp_back_ctrl/TRDA2ACT_LOOP[3].trda2act_timing/timing_cnt[5] that is stuck at constant 0.
W: Removed GTP_DFF_C inst u_ddr3_ctrl/u_ips_ddrc_top/mcdq_mac_top/mcdq_dcp_top/mcdq_dcp_back_ctrl/timing_prea_pass/timing_cnt0[5] that is stuck at constant 0.
W: Removed GTP_DFF_C inst u_ddr3_ctrl/u_ips_ddrc_top/mcdq_mac_top/mcdq_dcp_top/mcdq_dcp_back_ctrl/timing_prea_pass/timing_cnt1[6] that is stuck at constant 0.
W: Removed GTP_DFF_C inst u_ddr3_ctrl/u_ips_ddrc_top/mcdq_mac_top/mcdq_dcp_top/mcdq_dcp_back_ctrl/timing_prea_pass/timing_cnt2[4] that is stuck at constant 0.
W: Removed GTP_DFF_C inst u_ddr3_ctrl/u_ips_ddrc_top/mcdq_mac_top/mcdq_dcp_top/mcdq_dcp_back_ctrl/TWRA2ACT_LOOP[7].twra2act_timing/timing_cnt[6] that is stuck at constant 0.
W: Removed GTP_DFF_C inst u_ddr3_ctrl/u_ips_ddrc_top/mcdq_mac_top/mcdq_dcp_top/mcdq_dcp_back_ctrl/PRE_PASS_LOOP[0].timing_pre_pass/timing_cnt1[6] that is stuck at constant 0.
W: Removed GTP_DFF_CE inst u_ddr3_ctrl/u_ddrphy_top/ddrphy_training_ctrl/dqs_rst_training_high_cnt[2] that is stuck at constant 0.
W: Removed GTP_DFF_C inst u_ddr3_ctrl/u_ips_ddrc_top/mcdq_mac_top/mcdq_dcp_top/mcdq_dcp_back_ctrl/TRDA2ACT_LOOP[2].trda2act_timing/timing_cnt[5] that is stuck at constant 0.
W: Removed GTP_DFF_C inst u_ddr3_ctrl/u_ips_ddrc_top/mcdq_mac_top/mcdq_dcp_top/mcdq_dcp_back_ctrl/PRE_PASS_LOOP[0].timing_pre_pass/timing_cnt0[5] that is stuck at constant 0.
W: Removed GTP_DFF_C inst u_ddr3_ctrl/u_ips_ddrc_top/mcdq_mac_top/mcdq_dcp_top/mcdq_dcp_back_ctrl/TRDA2ACT_LOOP[7].trda2act_timing/timing_cnt[5] that is stuck at constant 0.
W: Removed GTP_DFF_C inst u_ddr3_ctrl/u_ips_ddrc_top/mcdq_mac_top/mcdq_dcp_top/mcdq_dcp_back_ctrl/TWRA2ACT_LOOP[0].twra2act_timing/timing_cnt[6] that is stuck at constant 0.
W: Removed GTP_DFF_C inst u_ddr3_ctrl/u_ips_ddrc_top/mcdq_mac_top/mcdq_dcp_top/mcdq_dcp_back_ctrl/TWRA2ACT_LOOP[1].twra2act_timing/timing_cnt[6] that is stuck at constant 0.
W: Removed GTP_DFF_C inst u_ddr3_ctrl/u_ips_ddrc_top/mcdq_mac_top/mcdq_dcp_top/mcdq_dcp_back_ctrl/TWRA2ACT_LOOP[2].twra2act_timing/timing_cnt[6] that is stuck at constant 0.
W: Removed GTP_DFF_C inst u_ddr3_ctrl/u_ips_ddrc_top/mcdq_mac_top/mcdq_dcp_top/mcdq_dcp_back_ctrl/TWRA2ACT_LOOP[3].twra2act_timing/timing_cnt[6] that is stuck at constant 0.
W: Removed GTP_DFF_C inst u_ddr3_ctrl/u_ips_ddrc_top/mcdq_mac_top/mcdq_dcp_top/mcdq_dcp_back_ctrl/TWRA2ACT_LOOP[4].twra2act_timing/timing_cnt[6] that is stuck at constant 0.
W: Removed GTP_DFF_CE inst u_ddr3_ctrl/u_ips_ddrc_top/mcdq_axi_mc/mcdq_axi_channel0/mcdq_axi_rdata_align/mac_axi_arlen_sum[0] that is stuck at constant 0.
W: Removed GTP_DFF_CE inst u_ddr3_ctrl/u_ips_ddrc_top/mcdq_axi_mc/mcdq_axi_channel0/mcdq_axi_rdata_align/mac_axi_arlen_sum[1] that is stuck at constant 0.
W: Removed GTP_DFF_CE inst u_ddr3_ctrl/u_ips_ddrc_top/mcdq_axi_mc/mcdq_axi_channel0/mcdq_axi_rdata_align/mac_axi_arlen_sum[2] that is stuck at constant 0.
W: Removed GTP_DFF_CE inst u_ddr3_ctrl/u_ips_ddrc_top/mcdq_axi_mc/mcdq_axi_channel0/mcdq_axi_rdata_align/mac_axi_arlen_sum[3] that is stuck at constant 0.
W: Removed GTP_DFF_C inst u_ddr3_ctrl/u_ips_ddrc_top/mcdq_mac_top/mcdq_dcp_top/mcdq_dcp_back_ctrl/PRE_PASS_LOOP[2].timing_pre_pass/timing_cnt0[5] that is stuck at constant 0.
W: Removed GTP_DFF_C inst u_ddr3_ctrl/u_ips_ddrc_top/mcdq_mac_top/mcdq_dcp_top/mcdq_dcp_back_ctrl/PRE_PASS_LOOP[2].timing_pre_pass/timing_cnt1[6] that is stuck at constant 0.
W: Removed GTP_DFF_C inst u_ddr3_ctrl/u_ips_ddrc_top/mcdq_mac_top/mcdq_dcp_top/mcdq_dcp_back_ctrl/PRE_PASS_LOOP[2].timing_pre_pass/timing_cnt2[4] that is stuck at constant 0.
W: Removed GTP_DFF_C inst u_ddr3_ctrl/u_ips_ddrc_top/mcdq_mac_top/mcdq_dcp_top/mcdq_dcp_back_ctrl/PRE_PASS_LOOP[3].timing_pre_pass/timing_cnt0[5] that is stuck at constant 0.
W: Removed GTP_DFF_C inst u_ddr3_ctrl/u_ips_ddrc_top/mcdq_mac_top/mcdq_dcp_top/mcdq_dcp_back_ctrl/PRE_PASS_LOOP[3].timing_pre_pass/timing_cnt1[6] that is stuck at constant 0.
W: Removed GTP_DFF_C inst u_ddr3_ctrl/u_ips_ddrc_top/mcdq_mac_top/mcdq_dcp_top/mcdq_dcp_back_ctrl/PRE_PASS_LOOP[3].timing_pre_pass/timing_cnt2[4] that is stuck at constant 0.
W: Removed GTP_DFF_C inst u_ddr3_ctrl/u_ips_ddrc_top/mcdq_mac_top/mcdq_dcp_top/mcdq_dcp_back_ctrl/PRE_PASS_LOOP[4].timing_pre_pass/timing_cnt0[5] that is stuck at constant 0.
W: Removed GTP_DFF_C inst u_ddr3_ctrl/u_ips_ddrc_top/mcdq_mac_top/mcdq_dcp_top/mcdq_dcp_back_ctrl/PRE_PASS_LOOP[4].timing_pre_pass/timing_cnt1[6] that is stuck at constant 0.
W: Removed GTP_DFF_C inst u_ddr3_ctrl/u_ips_ddrc_top/mcdq_mac_top/mcdq_dcp_top/mcdq_dcp_back_ctrl/PRE_PASS_LOOP[4].timing_pre_pass/timing_cnt2[4] that is stuck at constant 0.
W: Removed GTP_DFF_C inst u_ddr3_ctrl/u_ips_ddrc_top/mcdq_mac_top/mcdq_dcp_top/mcdq_dcp_back_ctrl/PRE_PASS_LOOP[5].timing_pre_pass/timing_cnt0[5] that is stuck at constant 0.
W: Removed GTP_DFF_C inst u_ddr3_ctrl/u_ips_ddrc_top/mcdq_mac_top/mcdq_dcp_top/mcdq_dcp_back_ctrl/PRE_PASS_LOOP[5].timing_pre_pass/timing_cnt1[6] that is stuck at constant 0.
W: Removed GTP_DFF_C inst u_ddr3_ctrl/u_ips_ddrc_top/mcdq_mac_top/mcdq_dcp_top/mcdq_dcp_back_ctrl/PRE_PASS_LOOP[5].timing_pre_pass/timing_cnt2[4] that is stuck at constant 0.
W: Removed GTP_DFF_C inst u_ddr3_ctrl/u_ips_ddrc_top/mcdq_mac_top/mcdq_dcp_top/mcdq_dcp_back_ctrl/PRE_PASS_LOOP[6].timing_pre_pass/timing_cnt0[5] that is stuck at constant 0.
W: Removed GTP_DFF_C inst u_ddr3_ctrl/u_ips_ddrc_top/mcdq_mac_top/mcdq_dcp_top/mcdq_dcp_back_ctrl/PRE_PASS_LOOP[6].timing_pre_pass/timing_cnt1[6] that is stuck at constant 0.
W: Removed GTP_DFF_C inst u_ddr3_ctrl/u_ips_ddrc_top/mcdq_mac_top/mcdq_dcp_top/mcdq_dcp_back_ctrl/PRE_PASS_LOOP[6].timing_pre_pass/timing_cnt2[4] that is stuck at constant 0.
W: Removed GTP_DFF_C inst u_ddr3_ctrl/u_ips_ddrc_top/mcdq_mac_top/mcdq_dcp_top/mcdq_dcp_back_ctrl/TRDA2ACT_LOOP[6].trda2act_timing/timing_cnt[5] that is stuck at constant 0.
W: Removed GTP_DFF_C inst u_ddr3_ctrl/u_ips_ddrc_top/mcdq_mac_top/mcdq_dcp_top/mcdq_dcp_back_ctrl/TWRA2ACT_LOOP[5].twra2act_timing/timing_cnt[6] that is stuck at constant 0.
W: Removed GTP_DFF_C inst u_ddr3_ctrl/u_ips_ddrc_top/mcdq_mac_top/mcdq_dcp_top/mcdq_dcp_back_ctrl/TWRA2ACT_LOOP[6].twra2act_timing/timing_cnt[6] that is stuck at constant 0.
W: Removed GTP_DFF_C inst u_ddr3_ctrl/u_ddrphy_top/ddrphy_calib_top/ddrphy_main_ctrl/main_state_reg[6] that is stuck at constant 0.
W: Removed GTP_DFF_C inst u_ddr3_ctrl/u_ips_ddrc_top/mcdq_mac_top/mcdq_dcp_top/mcdq_dcp_back_ctrl/TRDA2ACT_LOOP[0].trda2act_timing/timing_cnt[5] that is stuck at constant 0.
W: Removed GTP_DFF_C inst u_ddr3_ctrl/u_ips_ddrc_top/mcdq_mac_top/mcdq_dcp_top/mcdq_dcp_back_ctrl/mcdq_timing_rd_pass/timing_cnt1[0] that is stuck at constant 0.
W: Removed GTP_DFF_C inst u_ddr3_ctrl/u_ips_ddrc_top/mcdq_mac_top/mcdq_dcp_top/mcdq_dcp_back_ctrl/mcdq_timing_rd_pass/timing_cnt1[6] that is stuck at constant 0.
W: Removed GTP_DFF_C inst u_ddr3_ctrl/u_ips_ddrc_top/mcdq_mac_top/mcdq_dcp_top/mcdq_dcp_back_ctrl/PRE_PASS_LOOP[0].timing_pre_pass/timing_cnt2[4] that is stuck at constant 0.
W: Removed GTP_DFF_C inst u_ddr3_ctrl/u_ips_ddrc_top/mcdq_mac_top/mcdq_dcp_top/mcdq_dcp_back_ctrl/TRDA2ACT_LOOP[4].trda2act_timing/timing_cnt[5] that is stuck at constant 0.
W: Removed GTP_DFF_C inst u_ddr3_ctrl/u_ips_ddrc_top/mcdq_mac_top/mcdq_dcp_top/mcdq_dcp_back_ctrl/PRE_PASS_LOOP[7].timing_pre_pass/timing_cnt0[5] that is stuck at constant 0.
W: Removed GTP_DFF_C inst u_ddr3_ctrl/u_ips_ddrc_top/mcdq_mac_top/mcdq_dcp_top/mcdq_dcp_back_ctrl/PRE_PASS_LOOP[7].timing_pre_pass/timing_cnt1[6] that is stuck at constant 0.
W: Removed GTP_DFF_C inst u_ddr3_ctrl/u_ips_ddrc_top/mcdq_mac_top/mcdq_dcp_top/mcdq_dcp_back_ctrl/PRE_PASS_LOOP[7].timing_pre_pass/timing_cnt2[4] that is stuck at constant 0.
W: Removed GTP_DFF_CE inst u_ddr3_ctrl/u_ddrphy_top/ddrphy_slice_top/ddrphy_data_slice_wrcal/cnt[4] that is stuck at constant 0.
W: Removed GTP_DFF_CE inst u_ddr3_ctrl/u_ddrphy_top/ddrphy_slice_top/ddrphy_data_slice_wrcal/cnt[5] that is stuck at constant 0.
W: Removed GTP_DFF_CE inst u_ddr3_ctrl/u_ddrphy_top/ddrphy_slice_top/ddrphy_data_slice_wrcal/cnt[6] that is stuck at constant 0.
W: Removed GTP_DFF_CE inst u_ddr3_ctrl/u_ddrphy_top/ddrphy_slice_top/ddrphy_data_slice_wrcal/cnt[7] that is stuck at constant 0.
W: Removed GTP_DFF_C inst u_ddr3_ctrl/u_ddrphy_top/ddrphy_calib_top/ddrphy_main_ctrl/update_start that is stuck at constant 0.
I: Removed GTP_DFF_E inst u_ddr3_ctrl/u_ips_ddrc_top/mcdq_axi_mc/mcdq_axi_channel0/mcdq_axi_rdata_align/mac_trans_axi_arlen[1] that is redundant to u_ddr3_ctrl/u_ips_ddrc_top/mcdq_axi_mc/mcdq_axi_channel0/mcdq_axi_rdata_align/mac_trans_axi_arlen[0]
I: Removed GTP_DFF_E inst u_ddr3_ctrl/u_ips_ddrc_top/mcdq_axi_mc/mcdq_axi_channel0/mcdq_axi_rdata_align/mac_trans_axi_arlen[2] that is redundant to u_ddr3_ctrl/u_ips_ddrc_top/mcdq_axi_mc/mcdq_axi_channel0/mcdq_axi_rdata_align/mac_trans_axi_arlen[0]
I: Removed GTP_DFF_E inst u_ddr3_ctrl/u_ips_ddrc_top/mcdq_axi_mc/mcdq_axi_channel0/mcdq_axi_rdata_align/mac_trans_axi_arlen[3] that is redundant to u_ddr3_ctrl/u_ips_ddrc_top/mcdq_axi_mc/mcdq_axi_channel0/mcdq_axi_rdata_align/mac_trans_axi_arlen[0]
I: Removed GTP_RAM32X2DP inst u_ddr3_ctrl/u_ips_ddrc_top/mcdq_axi_mc/mcdq_axi_channel0/mcdq_axi_rdata_align/u_axi_rdcmd_align_fifo/ips2l_distributed_fifo/u_ips2l_distributed_fifo_distributed_fifo_v1_0/ips2l_distributed_sdpram_distributed_fifo_v1_0/mem_1_1_1_1_1_1_1_1_1_1_1_1_1_1_1_0 that is redundant to u_ddr3_ctrl/u_ips_ddrc_top/mcdq_axi_mc/mcdq_axi_channel0/mcdq_axi_rdata_align/u_axi_rdcmd_align_fifo/ips2l_distributed_fifo/u_ips2l_distributed_fifo_distributed_fifo_v1_0/ips2l_distributed_sdpram_distributed_fifo_v1_0/mem_1_1_1_1_1_1_1_1_1_1_1_1_1_1_0
I: Removed GTP_DFF_E inst u_ddr3_ctrl/u_ips_ddrc_top/mcdq_axi_mc/mcdq_axi_channel0/mcdq_axi_rdata_align/u_axi_rdcmd_align_fifo/data_out[38] that is redundant to u_ddr3_ctrl/u_ips_ddrc_top/mcdq_axi_mc/mcdq_axi_channel0/mcdq_axi_rdata_align/u_axi_rdcmd_align_fifo/data_out[36]
I: Removed GTP_DFF_E inst u_ddr3_ctrl/u_ips_ddrc_top/mcdq_axi_mc/mcdq_axi_channel0/mcdq_axi_rdata_align/u_axi_rdcmd_align_fifo/data_out[39] that is redundant to u_ddr3_ctrl/u_ips_ddrc_top/mcdq_axi_mc/mcdq_axi_channel0/mcdq_axi_rdata_align/u_axi_rdcmd_align_fifo/data_out[37]
W: Public-4008: Instance 'u_ddr3_ctrl/u_ddrphy_top/ddrphy_calib_top/ddrphy_upcal/upcal_state_reg[2]' of 'GTP_DFF_C' unit is dangling and will be cleaned.
W: Removed GTP_DFF_C inst u_ddr3_ctrl/u_ips_ddrc_top/mcdq_mac_top/mcdq_dcp_top/mcdq_dcp_back_ctrl/PRE_PASS_LOOP[1].timing_pre_pass/timing_cnt0[4] that is stuck at constant 0.
W: Removed GTP_DFF_C inst u_ddr3_ctrl/u_ips_ddrc_top/mcdq_mac_top/mcdq_dcp_top/mcdq_dcp_back_ctrl/PRE_PASS_LOOP[1].timing_pre_pass/timing_cnt1[5] that is stuck at constant 0.
W: Removed GTP_DFF_C inst u_ddr3_ctrl/u_ips_ddrc_top/mcdq_mac_top/mcdq_dcp_top/mcdq_dcp_back_ctrl/TRDA2ACT_LOOP[1].trda2act_timing/timing_cnt[4] that is stuck at constant 0.
W: Removed GTP_DFF_C inst u_ddr3_ctrl/u_ips_ddrc_top/mcdq_mac_top/mcdq_dcp_top/mcdq_dcp_back_ctrl/TRDA2ACT_LOOP[5].trda2act_timing/timing_cnt[4] that is stuck at constant 0.
W: Removed GTP_DFF_C inst u_ddr3_ctrl/u_ips_ddrc_top/mcdq_mac_top/mcdq_dcp_top/mcdq_dcp_back_ctrl/TRDA2ACT_LOOP[3].trda2act_timing/timing_cnt[4] that is stuck at constant 0.
W: Removed GTP_DFF_C inst u_ddr3_ctrl/u_ips_ddrc_top/mcdq_mac_top/mcdq_dcp_top/mcdq_dcp_back_ctrl/timing_prea_pass/timing_cnt0[4] that is stuck at constant 0.
W: Removed GTP_DFF_C inst u_ddr3_ctrl/u_ips_ddrc_top/mcdq_mac_top/mcdq_dcp_top/mcdq_dcp_back_ctrl/timing_prea_pass/timing_cnt1[5] that is stuck at constant 0.
W: Removed GTP_DFF_C inst u_ddr3_ctrl/u_ips_ddrc_top/mcdq_mac_top/mcdq_dcp_top/mcdq_dcp_back_ctrl/TWRA2ACT_LOOP[7].twra2act_timing/timing_cnt[5] that is stuck at constant 0.
W: Removed GTP_DFF_C inst u_ddr3_ctrl/u_ips_ddrc_top/mcdq_mac_top/mcdq_dcp_top/mcdq_dcp_back_ctrl/PRE_PASS_LOOP[0].timing_pre_pass/timing_cnt1[5] that is stuck at constant 0.
W: Removed GTP_DFF_C inst u_ddr3_ctrl/u_ips_ddrc_top/mcdq_mac_top/mcdq_dcp_top/mcdq_dcp_back_ctrl/TRDA2ACT_LOOP[2].trda2act_timing/timing_cnt[4] that is stuck at constant 0.
W: Removed GTP_DFF_C inst u_ddr3_ctrl/u_ips_ddrc_top/mcdq_mac_top/mcdq_dcp_top/mcdq_dcp_back_ctrl/PRE_PASS_LOOP[0].timing_pre_pass/timing_cnt0[4] that is stuck at constant 0.
W: Removed GTP_DFF_C inst u_ddr3_ctrl/u_ips_ddrc_top/mcdq_mac_top/mcdq_dcp_top/mcdq_dcp_back_ctrl/TRDA2ACT_LOOP[7].trda2act_timing/timing_cnt[4] that is stuck at constant 0.
W: Removed GTP_DFF_C inst u_ddr3_ctrl/u_ips_ddrc_top/mcdq_mac_top/mcdq_dcp_top/mcdq_dcp_back_ctrl/TWRA2ACT_LOOP[0].twra2act_timing/timing_cnt[5] that is stuck at constant 0.
W: Removed GTP_DFF_C inst u_ddr3_ctrl/u_ips_ddrc_top/mcdq_mac_top/mcdq_dcp_top/mcdq_dcp_back_ctrl/TWRA2ACT_LOOP[1].twra2act_timing/timing_cnt[5] that is stuck at constant 0.
W: Removed GTP_DFF_C inst u_ddr3_ctrl/u_ips_ddrc_top/mcdq_mac_top/mcdq_dcp_top/mcdq_dcp_back_ctrl/TWRA2ACT_LOOP[2].twra2act_timing/timing_cnt[5] that is stuck at constant 0.
W: Removed GTP_DFF_C inst u_ddr3_ctrl/u_ips_ddrc_top/mcdq_mac_top/mcdq_dcp_top/mcdq_dcp_back_ctrl/TWRA2ACT_LOOP[3].twra2act_timing/timing_cnt[5] that is stuck at constant 0.
W: Removed GTP_DFF_C inst u_ddr3_ctrl/u_ips_ddrc_top/mcdq_mac_top/mcdq_dcp_top/mcdq_dcp_back_ctrl/TWRA2ACT_LOOP[4].twra2act_timing/timing_cnt[5] that is stuck at constant 0.
W: Removed GTP_DFF_C inst u_ddr3_ctrl/u_ips_ddrc_top/mcdq_mac_top/mcdq_dcp_top/mcdq_dcp_back_ctrl/PRE_PASS_LOOP[2].timing_pre_pass/timing_cnt0[4] that is stuck at constant 0.
W: Removed GTP_DFF_C inst u_ddr3_ctrl/u_ips_ddrc_top/mcdq_mac_top/mcdq_dcp_top/mcdq_dcp_back_ctrl/PRE_PASS_LOOP[2].timing_pre_pass/timing_cnt1[5] that is stuck at constant 0.
W: Removed GTP_DFF_C inst u_ddr3_ctrl/u_ips_ddrc_top/mcdq_mac_top/mcdq_dcp_top/mcdq_dcp_back_ctrl/PRE_PASS_LOOP[3].timing_pre_pass/timing_cnt0[4] that is stuck at constant 0.
W: Removed GTP_DFF_C inst u_ddr3_ctrl/u_ips_ddrc_top/mcdq_mac_top/mcdq_dcp_top/mcdq_dcp_back_ctrl/PRE_PASS_LOOP[3].timing_pre_pass/timing_cnt1[5] that is stuck at constant 0.
W: Removed GTP_DFF_C inst u_ddr3_ctrl/u_ips_ddrc_top/mcdq_mac_top/mcdq_dcp_top/mcdq_dcp_back_ctrl/PRE_PASS_LOOP[4].timing_pre_pass/timing_cnt0[4] that is stuck at constant 0.
W: Removed GTP_DFF_C inst u_ddr3_ctrl/u_ips_ddrc_top/mcdq_mac_top/mcdq_dcp_top/mcdq_dcp_back_ctrl/PRE_PASS_LOOP[4].timing_pre_pass/timing_cnt1[5] that is stuck at constant 0.
W: Removed GTP_DFF_C inst u_ddr3_ctrl/u_ips_ddrc_top/mcdq_mac_top/mcdq_dcp_top/mcdq_dcp_back_ctrl/PRE_PASS_LOOP[5].timing_pre_pass/timing_cnt0[4] that is stuck at constant 0.
W: Removed GTP_DFF_C inst u_ddr3_ctrl/u_ips_ddrc_top/mcdq_mac_top/mcdq_dcp_top/mcdq_dcp_back_ctrl/PRE_PASS_LOOP[5].timing_pre_pass/timing_cnt1[5] that is stuck at constant 0.
W: Removed GTP_DFF_C inst u_ddr3_ctrl/u_ips_ddrc_top/mcdq_mac_top/mcdq_dcp_top/mcdq_dcp_back_ctrl/PRE_PASS_LOOP[6].timing_pre_pass/timing_cnt0[4] that is stuck at constant 0.
W: Removed GTP_DFF_C inst u_ddr3_ctrl/u_ips_ddrc_top/mcdq_mac_top/mcdq_dcp_top/mcdq_dcp_back_ctrl/PRE_PASS_LOOP[6].timing_pre_pass/timing_cnt1[5] that is stuck at constant 0.
W: Removed GTP_DFF_P inst u_ddr3_ctrl/u_ddrphy_top/ddrphy_calib_top/ddrphy_upcal/upcal_state_reg[0] that is stuck at constant 1.
W: Removed GTP_DFF_C inst u_ddr3_ctrl/u_ddrphy_top/ddrphy_calib_top/ddrphy_upcal/upcal_state_reg[1] that is stuck at constant 0.
W: Removed GTP_DFF_C inst u_ddr3_ctrl/u_ips_ddrc_top/mcdq_mac_top/mcdq_dcp_top/mcdq_dcp_back_ctrl/TRDA2ACT_LOOP[6].trda2act_timing/timing_cnt[4] that is stuck at constant 0.
W: Removed GTP_DFF_C inst u_ddr3_ctrl/u_ips_ddrc_top/mcdq_mac_top/mcdq_dcp_top/mcdq_dcp_back_ctrl/TWRA2ACT_LOOP[5].twra2act_timing/timing_cnt[5] that is stuck at constant 0.
W: Removed GTP_DFF_C inst u_ddr3_ctrl/u_ips_ddrc_top/mcdq_mac_top/mcdq_dcp_top/mcdq_dcp_back_ctrl/TWRA2ACT_LOOP[6].twra2act_timing/timing_cnt[5] that is stuck at constant 0.
W: Removed GTP_DFF_C inst u_ddr3_ctrl/u_ips_ddrc_top/mcdq_mac_top/mcdq_dcp_top/mcdq_dcp_back_ctrl/TRDA2ACT_LOOP[0].trda2act_timing/timing_cnt[4] that is stuck at constant 0.
W: Removed GTP_DFF_C inst u_ddr3_ctrl/u_ips_ddrc_top/mcdq_mac_top/mcdq_dcp_top/mcdq_dcp_back_ctrl/mcdq_timing_rd_pass/timing_cnt1[5] that is stuck at constant 0.
W: Removed GTP_DFF_C inst u_ddr3_ctrl/u_ips_ddrc_top/mcdq_mac_top/mcdq_dcp_top/mcdq_dcp_back_ctrl/TRDA2ACT_LOOP[4].trda2act_timing/timing_cnt[4] that is stuck at constant 0.
W: Removed GTP_DFF_C inst u_ddr3_ctrl/u_ips_ddrc_top/mcdq_mac_top/mcdq_dcp_top/mcdq_dcp_back_ctrl/PRE_PASS_LOOP[7].timing_pre_pass/timing_cnt0[4] that is stuck at constant 0.
W: Removed GTP_DFF_C inst u_ddr3_ctrl/u_ips_ddrc_top/mcdq_mac_top/mcdq_dcp_top/mcdq_dcp_back_ctrl/PRE_PASS_LOOP[7].timing_pre_pass/timing_cnt1[5] that is stuck at constant 0.
W: Removed GTP_DFF_C inst u_ddr3_ctrl/u_ddrphy_top/ddrphy_calib_top/ddrphy_upcal/dqs_gate_comp_en that is stuck at constant 0.
W: Removed GTP_DFF_C inst u_ddr3_ctrl/u_ddrphy_top/ddrphy_calib_top/ddrphy_upcal/update_done that is stuck at constant 0.
W: Removed GTP_DFF_C inst u_ddr3_ctrl/u_ddrphy_top/ddrphy_slice_top/ddrphy_data_slice_dqs_gate_cal/ddrphy_gatecal/dqs_gate_comp_done that is stuck at constant 0.
W: Removed GTP_DFF_C inst u_ddr3_ctrl/u_ddrphy_top/ddrphy_calib_top/ddrphy_upcal/comp_dir[0] that is stuck at constant 0.
W: Removed GTP_DFF_C inst u_ddr3_ctrl/u_ddrphy_top/ddrphy_calib_top/ddrphy_upcal/comp_dir[1] that is stuck at constant 0.
W: Removed GTP_DFF_C inst u_ddr3_ctrl/u_ddrphy_top/ddrphy_calib_top/ddrphy_upcal/comp_dir[2] that is stuck at constant 0.
W: Removed GTP_DFF_C inst u_ddr3_ctrl/u_ddrphy_top/ddrphy_calib_top/ddrphy_upcal/comp_dir[3] that is stuck at constant 0.
W: Removed GTP_DFF_C inst u_ddr3_ctrl/u_ddrphy_top/ddrphy_calib_top/ddrphy_upcal/comp_val[0] that is stuck at constant 0.
W: Removed GTP_DFF_C inst u_ddr3_ctrl/u_ddrphy_top/ddrphy_calib_top/ddrphy_upcal/comp_val[2] that is stuck at constant 0.
W: Removed GTP_DFF_C inst u_ddr3_ctrl/u_ddrphy_top/ddrphy_calib_top/ddrphy_upcal/comp_val[4] that is stuck at constant 0.
W: Removed GTP_DFF_C inst u_ddr3_ctrl/u_ddrphy_top/ddrphy_calib_top/ddrphy_upcal/comp_val[6] that is stuck at constant 0.
W: Removed GTP_DFF_C inst u_ddr3_ctrl/u_ddrphy_top/ddrphy_dfi/ddrphy_update_done that is stuck at constant 0.
W: Removed GTP_DFF_C inst u_ddr3_ctrl/u_ddrphy_top/ddrphy_calib_top/ddrphy_upcal/cnt[4] that is stuck at constant 0.
W: Removed GTP_DFF_C inst u_ddr3_ctrl/u_ddrphy_top/ddrphy_calib_top/ddrphy_upcal/cnt[0] that is stuck at constant 0.
W: Removed GTP_DFF_C inst u_ddr3_ctrl/u_ddrphy_top/ddrphy_calib_top/ddrphy_upcal/cnt[1] that is stuck at constant 0.
W: Removed GTP_DFF_C inst u_ddr3_ctrl/u_ddrphy_top/ddrphy_calib_top/ddrphy_upcal/cnt[2] that is stuck at constant 0.
W: Removed GTP_DFF_C inst u_ddr3_ctrl/u_ddrphy_top/ddrphy_calib_top/ddrphy_upcal/cnt[3] that is stuck at constant 0.
W: Public-4008: Instance 'u_ddr3_ctrl/u_ddrphy_top/ddrphy_gate_update_ctrl/dqift_dqs_group[3].ddrphy_drift_ctrl/dqs_drift_d1[1]' of 'GTP_DFF_CE' unit is dangling and will be cleaned.
W: Public-4008: Instance 'u_ddr3_ctrl/u_ddrphy_top/ddrphy_gate_update_ctrl/dqift_dqs_group[0].ddrphy_drift_ctrl/dqs_drift_now[1]' of 'GTP_DFF_CE' unit is dangling and will be cleaned.
W: Public-4008: Instance 'u_ddr3_ctrl/u_ddrphy_top/ddrphy_gate_update_ctrl/dqift_dqs_group[0].ddrphy_drift_ctrl/dqs_drift_now[0]' of 'GTP_DFF_CE' unit is dangling and will be cleaned.
W: Public-4008: Instance 'u_ddr3_ctrl/u_ddrphy_top/ddrphy_gate_update_ctrl/dqift_dqs_group[0].ddrphy_drift_ctrl/dqs_drift_d1[1]' of 'GTP_DFF_CE' unit is dangling and will be cleaned.
W: Public-4008: Instance 'u_ddr3_ctrl/u_ddrphy_top/ddrphy_gate_update_ctrl/dqift_dqs_group[0].ddrphy_drift_ctrl/dqs_drift_d2[0]' of 'GTP_DFF_CE' unit is dangling and will be cleaned.
W: Public-4008: Instance 'u_ddr3_ctrl/u_ddrphy_top/ddrphy_gate_update_ctrl/dqift_dqs_group[0].ddrphy_drift_ctrl/dqs_drift_last[0]' of 'GTP_DFF_CE' unit is dangling and will be cleaned.
W: Public-4008: Instance 'u_ddr3_ctrl/u_ddrphy_top/ddrphy_gate_update_ctrl/dqift_dqs_group[0].ddrphy_drift_ctrl/dqs_drift_d1[0]' of 'GTP_DFF_CE' unit is dangling and will be cleaned.
W: Public-4008: Instance 'u_ddr3_ctrl/u_ddrphy_top/ddrphy_gate_update_ctrl/dqift_dqs_group[0].ddrphy_drift_ctrl/dqs_drift_d2[1]' of 'GTP_DFF_CE' unit is dangling and will be cleaned.
W: Public-4008: Instance 'u_ddr3_ctrl/u_ddrphy_top/ddrphy_gate_update_ctrl/dqift_dqs_group[3].ddrphy_drift_ctrl/dqs_drift_now[0]' of 'GTP_DFF_CE' unit is dangling and will be cleaned.
W: Public-4008: Instance 'u_ddr3_ctrl/u_ddrphy_top/ddrphy_gate_update_ctrl/dqift_dqs_group[3].ddrphy_drift_ctrl/dqs_drift_d2[0]' of 'GTP_DFF_CE' unit is dangling and will be cleaned.
W: Public-4008: Instance 'u_ddr3_ctrl/u_ddrphy_top/ddrphy_gate_update_ctrl/dqift_dqs_group[3].ddrphy_drift_ctrl/dqs_drift_d2[1]' of 'GTP_DFF_CE' unit is dangling and will be cleaned.
W: Public-4008: Instance 'u_ddr3_ctrl/u_ddrphy_top/ddrphy_gate_update_ctrl/dqift_dqs_group[3].ddrphy_drift_ctrl/dqs_drift_last[0]' of 'GTP_DFF_CE' unit is dangling and will be cleaned.
W: Public-4008: Instance 'u_ddr3_ctrl/u_ddrphy_top/ddrphy_gate_update_ctrl/dqift_dqs_group[3].ddrphy_drift_ctrl/dqs_drift_last[1]' of 'GTP_DFF_CE' unit is dangling and will be cleaned.
W: Public-4008: Instance 'u_ddr3_ctrl/u_ddrphy_top/ddrphy_gate_update_ctrl/dqift_dqs_group[3].ddrphy_drift_ctrl/dqs_drift_now[1]' of 'GTP_DFF_CE' unit is dangling and will be cleaned.
W: Public-4008: Instance 'u_ddr3_ctrl/u_ddrphy_top/ddrphy_gate_update_ctrl/dqift_dqs_group[0].ddrphy_drift_ctrl/dqs_drift_last[1]' of 'GTP_DFF_CE' unit is dangling and will be cleaned.
W: Public-4008: Instance 'u_ddr3_ctrl/u_ddrphy_top/ddrphy_gate_update_ctrl/dqift_dqs_group[3].ddrphy_drift_ctrl/dqs_drift_d1[0]' of 'GTP_DFF_CE' unit is dangling and will be cleaned.
W: Public-4008: Instance 'u_ddr3_ctrl/u_ddrphy_top/ddrphy_gate_update_ctrl/dqift_dqs_group[1].ddrphy_drift_ctrl/dqs_drift_now[0]' of 'GTP_DFF_CE' unit is dangling and will be cleaned.
W: Public-4008: Instance 'u_ddr3_ctrl/u_ddrphy_top/ddrphy_gate_update_ctrl/dqift_dqs_group[1].ddrphy_drift_ctrl/dqs_drift_now[1]' of 'GTP_DFF_CE' unit is dangling and will be cleaned.
W: Public-4008: Instance 'u_ddr3_ctrl/u_ddrphy_top/ddrphy_gate_update_ctrl/dqift_dqs_group[1].ddrphy_drift_ctrl/dqs_drift_d1[0]' of 'GTP_DFF_CE' unit is dangling and will be cleaned.
W: Public-4008: Instance 'u_ddr3_ctrl/u_ddrphy_top/ddrphy_gate_update_ctrl/dqift_dqs_group[1].ddrphy_drift_ctrl/dqs_drift_d1[1]' of 'GTP_DFF_CE' unit is dangling and will be cleaned.
W: Public-4008: Instance 'u_ddr3_ctrl/u_ddrphy_top/ddrphy_gate_update_ctrl/dqift_dqs_group[1].ddrphy_drift_ctrl/dqs_drift_d2[0]' of 'GTP_DFF_CE' unit is dangling and will be cleaned.
W: Public-4008: Instance 'u_ddr3_ctrl/u_ddrphy_top/ddrphy_gate_update_ctrl/dqift_dqs_group[1].ddrphy_drift_ctrl/dqs_drift_d2[1]' of 'GTP_DFF_CE' unit is dangling and will be cleaned.
W: Public-4008: Instance 'u_ddr3_ctrl/u_ddrphy_top/ddrphy_gate_update_ctrl/dqift_dqs_group[1].ddrphy_drift_ctrl/dqs_drift_last[0]' of 'GTP_DFF_CE' unit is dangling and will be cleaned.
W: Public-4008: Instance 'u_ddr3_ctrl/u_ddrphy_top/ddrphy_gate_update_ctrl/dqift_dqs_group[1].ddrphy_drift_ctrl/dqs_drift_last[1]' of 'GTP_DFF_CE' unit is dangling and will be cleaned.
W: Public-4008: Instance 'u_ddr3_ctrl/u_ddrphy_top/ddrphy_gate_update_ctrl/dqift_dqs_group[2].ddrphy_drift_ctrl/dqs_drift_now[0]' of 'GTP_DFF_CE' unit is dangling and will be cleaned.
W: Public-4008: Instance 'u_ddr3_ctrl/u_ddrphy_top/ddrphy_gate_update_ctrl/dqift_dqs_group[2].ddrphy_drift_ctrl/dqs_drift_now[1]' of 'GTP_DFF_CE' unit is dangling and will be cleaned.
W: Public-4008: Instance 'u_ddr3_ctrl/u_ddrphy_top/ddrphy_gate_update_ctrl/dqift_dqs_group[2].ddrphy_drift_ctrl/dqs_drift_d1[0]' of 'GTP_DFF_CE' unit is dangling and will be cleaned.
W: Public-4008: Instance 'u_ddr3_ctrl/u_ddrphy_top/ddrphy_gate_update_ctrl/dqift_dqs_group[2].ddrphy_drift_ctrl/dqs_drift_d1[1]' of 'GTP_DFF_CE' unit is dangling and will be cleaned.
W: Public-4008: Instance 'u_ddr3_ctrl/u_ddrphy_top/ddrphy_gate_update_ctrl/dqift_dqs_group[2].ddrphy_drift_ctrl/dqs_drift_d2[0]' of 'GTP_DFF_CE' unit is dangling and will be cleaned.
W: Public-4008: Instance 'u_ddr3_ctrl/u_ddrphy_top/ddrphy_gate_update_ctrl/dqift_dqs_group[2].ddrphy_drift_ctrl/dqs_drift_d2[1]' of 'GTP_DFF_CE' unit is dangling and will be cleaned.
W: Public-4008: Instance 'u_ddr3_ctrl/u_ddrphy_top/ddrphy_gate_update_ctrl/dqift_dqs_group[2].ddrphy_drift_ctrl/dqs_drift_last[0]' of 'GTP_DFF_CE' unit is dangling and will be cleaned.
W: Public-4008: Instance 'u_ddr3_ctrl/u_ddrphy_top/ddrphy_gate_update_ctrl/dqift_dqs_group[2].ddrphy_drift_ctrl/dqs_drift_last[1]' of 'GTP_DFF_CE' unit is dangling and will be cleaned.
W: Removed GTP_DFF_C inst u_ddr3_ctrl/u_ips_ddrc_top/mcdq_mac_top/mcdq_dcp_top/mcdq_dcp_back_ctrl/PRE_PASS_LOOP[1].timing_pre_pass/timing_cnt0[3] that is stuck at constant 0.
W: Removed GTP_DFF_C inst u_ddr3_ctrl/u_ips_ddrc_top/mcdq_mac_top/mcdq_dcp_top/mcdq_dcp_back_ctrl/timing_prea_pass/timing_cnt0[3] that is stuck at constant 0.
W: Removed GTP_DFF_C inst u_ddr3_ctrl/u_ips_ddrc_top/mcdq_mac_top/mcdq_dcp_top/mcdq_dcp_back_ctrl/PRE_PASS_LOOP[0].timing_pre_pass/timing_cnt0[3] that is stuck at constant 0.
W: Removed GTP_DFF_C inst u_ddr3_ctrl/u_ips_ddrc_top/mcdq_mac_top/mcdq_dcp_top/mcdq_dcp_back_ctrl/PRE_PASS_LOOP[2].timing_pre_pass/timing_cnt0[3] that is stuck at constant 0.
W: Removed GTP_DFF_C inst u_ddr3_ctrl/u_ips_ddrc_top/mcdq_mac_top/mcdq_dcp_top/mcdq_dcp_back_ctrl/PRE_PASS_LOOP[3].timing_pre_pass/timing_cnt0[3] that is stuck at constant 0.
W: Removed GTP_DFF_C inst u_ddr3_ctrl/u_ips_ddrc_top/mcdq_mac_top/mcdq_dcp_top/mcdq_dcp_back_ctrl/PRE_PASS_LOOP[4].timing_pre_pass/timing_cnt0[3] that is stuck at constant 0.
W: Removed GTP_DFF_C inst u_ddr3_ctrl/u_ips_ddrc_top/mcdq_mac_top/mcdq_dcp_top/mcdq_dcp_back_ctrl/PRE_PASS_LOOP[5].timing_pre_pass/timing_cnt0[3] that is stuck at constant 0.
W: Removed GTP_DFF_C inst u_ddr3_ctrl/u_ips_ddrc_top/mcdq_mac_top/mcdq_dcp_top/mcdq_dcp_back_ctrl/PRE_PASS_LOOP[6].timing_pre_pass/timing_cnt0[3] that is stuck at constant 0.
W: Removed GTP_DFF_C inst u_ddr3_ctrl/u_ips_ddrc_top/mcdq_mac_top/mcdq_dcp_top/mcdq_dcp_back_ctrl/mcdq_timing_rd_pass/timing_cnt1[4] that is stuck at constant 0.
W: Removed GTP_DFF_C inst u_ddr3_ctrl/u_ips_ddrc_top/mcdq_mac_top/mcdq_dcp_top/mcdq_dcp_back_ctrl/PRE_PASS_LOOP[7].timing_pre_pass/timing_cnt0[3] that is stuck at constant 0.
Executing : tech-mapping phase 1 successfully. Time elapsed: 4.522s wall, 0.484s user + 0.000s system = 0.484s CPU (10.7%)

Start tech-mapping phase 2.
Executing : tech-mapping phase 2 successfully. Time elapsed: 18.691s wall, 1.906s user + 0.062s system = 1.969s CPU (10.5%)

Start tech-optimization.
Executing : tech-optimization successfully. Time elapsed: 6.071s wall, 0.750s user + 0.016s system = 0.766s CPU (12.6%)

Start phys-optimization.
Executing : phys-optimization successfully. Time elapsed: 0.001s wall, 0.000s user + 0.000s system = 0.000s CPU (n/a%)

Start restore-hierarchy.
Executing : restore-hierarchy successfully. Time elapsed: 6.193s wall, 0.672s user + 0.000s system = 0.672s CPU (10.8%)

W: syn_maxfan of lutcarry N763_2 is more than 10000 on net u_fifo/wr_fire, but wasn't replicated.
W: syn_maxfan of lutcarry N763_1 is more than 10000 on net N105, but wasn't replicated.
W: syn_maxfan of lutcarry N763_2 is more than 10000 on net u_fifo/wr_fire, but wasn't replicated.
W: syn_maxfan of lutcarry N763_1 is more than 10000 on net N105, but wasn't replicated.
W: syn_maxfan of lutcarry N94[4] is more than 10000 on net alu_src2[4], but wasn't replicated.
W: syn_maxfan of lutcarry N131_1_29 is more than 10000 on net N131[31], but wasn't replicated.
W: syn_maxfan of lutcarry N131_1_28 is more than 10000 on net N131[30], but wasn't replicated.
W: syn_maxfan of lutcarry N131_1_27 is more than 10000 on net N131[29], but wasn't replicated.
W: syn_maxfan of lutcarry N131_1_26 is more than 10000 on net N131[28], but wasn't replicated.
W: syn_maxfan of lutcarry N131_1_25 is more than 10000 on net N131[27], but wasn't replicated.
W: syn_maxfan of lutcarry N131_1_24 is more than 10000 on net N131[26], but wasn't replicated.
W: syn_maxfan of lutcarry N131_1_23 is more than 10000 on net N131[25], but wasn't replicated.
W: syn_maxfan of lutcarry N131_1_22 is more than 10000 on net N131[24], but wasn't replicated.
W: syn_maxfan of lutcarry N131_1_21 is more than 10000 on net N131[23], but wasn't replicated.
W: syn_maxfan of lutcarry N131_1_20 is more than 10000 on net N131[22], but wasn't replicated.
W: syn_maxfan of lutcarry N131_1_19 is more than 10000 on net N131[21], but wasn't replicated.
W: syn_maxfan of lutcarry N131_1_18 is more than 10000 on net N131[20], but wasn't replicated.
W: syn_maxfan of lutcarry N131_1_17 is more than 10000 on net N131[19], but wasn't replicated.
W: syn_maxfan of lutcarry N131_1_16 is more than 10000 on net N131[18], but wasn't replicated.
W: syn_maxfan of lutcarry N131_1_15 is more than 10000 on net N131[17], but wasn't replicated.
W: syn_maxfan of lutcarry N131_1_14 is more than 10000 on net N131[16], but wasn't replicated.
W: syn_maxfan of lutcarry N131_1_13 is more than 10000 on net N131[15], but wasn't replicated.
W: syn_maxfan of lutcarry N131_1_12 is more than 10000 on net N131[14], but wasn't replicated.
W: syn_maxfan of lutcarry N131_1_11 is more than 10000 on net N131[13], but wasn't replicated.
W: syn_maxfan of lutcarry N131_1_10 is more than 10000 on net N131[12], but wasn't replicated.
W: syn_maxfan of lutcarry N131_1_9 is more than 10000 on net N131[11], but wasn't replicated.
W: syn_maxfan of lutcarry N131_1_8 is more than 10000 on net N131[10], but wasn't replicated.
W: syn_maxfan of lutcarry N131_1_7 is more than 10000 on net N131[9], but wasn't replicated.
W: syn_maxfan of lutcarry N131_1_6 is more than 10000 on net N131[8], but wasn't replicated.
W: syn_maxfan of lutcarry N131_1_5 is more than 10000 on net N131[7], but wasn't replicated.
W: syn_maxfan of lutcarry N131_1_4 is more than 10000 on net N131[6], but wasn't replicated.
W: syn_maxfan of lutcarry N131_1_3 is more than 10000 on net N131[5], but wasn't replicated.
W: syn_maxfan of lutcarry N131_1_2 is more than 10000 on net N131[4], but wasn't replicated.
W: syn_maxfan of lutcarry N131_1_1 is more than 10000 on net N131[3], but wasn't replicated.
W: syn_maxfan of lutcarry N141_24[6]_1 is more than 10000 on net id_src1[6]_dirfix, but wasn't replicated.
W: syn_maxfan of lutcarry N141_24[5]_1 is more than 10000 on net id_src1[5]_dirfix, but wasn't replicated.
W: syn_maxfan of lutcarry N141_24[1]_1 is more than 10000 on net id_src1[1]_dirfix, but wasn't replicated.
W: syn_maxfan of lutcarry N94[4]_1 is more than 10000 on net _N149904, but wasn't replicated.
W: syn_maxfan of lutcarry N94[4] is more than 10000 on net alu_src2[4], but wasn't replicated.
W: syn_maxfan of lutcarry N131_1_29 is more than 10000 on net N131[31], but wasn't replicated.
W: syn_maxfan of lutcarry N131_1_28 is more than 10000 on net N131[30], but wasn't replicated.
W: syn_maxfan of lutcarry N131_1_27 is more than 10000 on net N131[29], but wasn't replicated.
W: syn_maxfan of lutcarry N131_1_26 is more than 10000 on net N131[28], but wasn't replicated.
W: syn_maxfan of lutcarry N131_1_25 is more than 10000 on net N131[27], but wasn't replicated.
W: syn_maxfan of lutcarry N131_1_24 is more than 10000 on net N131[26], but wasn't replicated.
W: syn_maxfan of lutcarry N131_1_23 is more than 10000 on net N131[25], but wasn't replicated.
W: syn_maxfan of lutcarry N131_1_22 is more than 10000 on net N131[24], but wasn't replicated.
W: syn_maxfan of lutcarry N131_1_21 is more than 10000 on net N131[23], but wasn't replicated.
W: syn_maxfan of lutcarry N131_1_20 is more than 10000 on net N131[22], but wasn't replicated.
W: syn_maxfan of lutcarry N131_1_19 is more than 10000 on net N131[21], but wasn't replicated.
W: syn_maxfan of lutcarry N131_1_18 is more than 10000 on net N131[20], but wasn't replicated.
W: syn_maxfan of lutcarry N131_1_17 is more than 10000 on net N131[19], but wasn't replicated.
W: syn_maxfan of lutcarry N131_1_16 is more than 10000 on net N131[18], but wasn't replicated.
W: syn_maxfan of lutcarry N131_1_15 is more than 10000 on net N131[17], but wasn't replicated.
W: syn_maxfan of lutcarry N131_1_14 is more than 10000 on net N131[16], but wasn't replicated.
W: syn_maxfan of lutcarry N131_1_13 is more than 10000 on net N131[15], but wasn't replicated.
W: syn_maxfan of lutcarry N131_1_12 is more than 10000 on net N131[14], but wasn't replicated.
W: syn_maxfan of lutcarry N131_1_11 is more than 10000 on net N131[13], but wasn't replicated.
W: syn_maxfan of lutcarry N131_1_10 is more than 10000 on net N131[12], but wasn't replicated.
W: syn_maxfan of lutcarry N131_1_9 is more than 10000 on net N131[11], but wasn't replicated.
W: syn_maxfan of lutcarry N131_1_8 is more than 10000 on net N131[10], but wasn't replicated.
W: syn_maxfan of lutcarry N131_1_7 is more than 10000 on net N131[9], but wasn't replicated.
W: syn_maxfan of lutcarry N131_1_6 is more than 10000 on net N131[8], but wasn't replicated.
W: syn_maxfan of lutcarry N131_1_5 is more than 10000 on net N131[7], but wasn't replicated.
W: syn_maxfan of lutcarry N131_1_4 is more than 10000 on net N131[6], but wasn't replicated.
W: syn_maxfan of lutcarry N131_1_3 is more than 10000 on net N131[5], but wasn't replicated.
W: syn_maxfan of lutcarry N131_1_2 is more than 10000 on net N131[4], but wasn't replicated.
W: syn_maxfan of lutcarry N131_1_1 is more than 10000 on net N131[3], but wasn't replicated.
W: syn_maxfan of lutcarry N141_24[6]_1 is more than 10000 on net id_src1[6]_dirfix, but wasn't replicated.
W: syn_maxfan of lutcarry N141_24[5]_1 is more than 10000 on net id_src1[5]_dirfix, but wasn't replicated.
W: syn_maxfan of lutcarry N141_24[1]_1 is more than 10000 on net id_src1[1]_dirfix, but wasn't replicated.
W: syn_maxfan of lutcarry N94[4]_1 is more than 10000 on net _N149904, but wasn't replicated.
W: syn_maxfan of lutcarry N763_2 is more than 10000 on net u_fifo/wr_fire, but wasn't replicated.
W: syn_maxfan of lutcarry N763_1 is more than 10000 on net N105, but wasn't replicated.
W: syn_maxfan of lutcarry N763_2 is more than 10000 on net u_fifo/wr_fire, but wasn't replicated.
W: syn_maxfan of lutcarry N763_1 is more than 10000 on net N105, but wasn't replicated.
W: Unable to honor max fanout constraint for gtp_inv driven net N11
W: Unable to honor max fanout constraint for gtp_inv driven net N11
W: Unable to honor max fanout constraint for gtp_inv driven net N17_1
W: Unable to honor max fanout constraint for gtp_inv driven net N17_1
W: Unable to honor max fanout constraint for gtp_inv driven net N0_1
W: Unable to honor max fanout constraint for gtp_inv driven net N0_1
W: Unable to honor max fanout constraint for gtp_inv driven net N0_1
W: Unable to honor max fanout constraint for gtp_inv driven net N0_1
W: Unable to honor max fanout constraint for gtp_inv driven net N0_1
W: Unable to honor max fanout constraint for gtp_inv driven net N0_1
W: Unable to honor max fanout constraint for gtp_inv driven net N0_1
W: Unable to honor max fanout constraint for gtp_inv driven net N0_1
W: Unable to honor max fanout constraint for gtp_inv driven net N0_1
W: Unable to honor max fanout constraint for gtp_inv driven net N0_1
W: Unable to honor max fanout constraint for gtp_inv driven net N0_1
W: Unable to honor max fanout constraint for gtp_inv driven net N0_1
W: Unable to honor max fanout constraint for gtp_inv driven net N1_8
W: Unable to honor max fanout constraint for gtp_inv driven net N1_7
W: Unable to honor max fanout constraint for gtp_inv driven net N1_6
W: Unable to honor max fanout constraint for gtp_inv driven net N1_5
W: Unable to honor max fanout constraint for gtp_inv driven net N1_4
W: Unable to honor max fanout constraint for gtp_inv driven net N1_3
W: Unable to honor max fanout constraint for gtp_inv driven net N1_2
W: Unable to honor max fanout constraint for gtp_inv driven net N1_1
W: Unable to honor max fanout constraint for gtp_inv driven net N1_0
W: Unable to honor max fanout constraint for gtp_inv driven net N1_8
W: Unable to honor max fanout constraint for gtp_inv driven net N1_7
W: Unable to honor max fanout constraint for gtp_inv driven net N1_6
W: Unable to honor max fanout constraint for gtp_inv driven net N1_5
W: Unable to honor max fanout constraint for gtp_inv driven net N1_4
W: Unable to honor max fanout constraint for gtp_inv driven net N1_3
W: Unable to honor max fanout constraint for gtp_inv driven net N1_2
W: Unable to honor max fanout constraint for gtp_inv driven net N1_1
W: Unable to honor max fanout constraint for gtp_inv driven net N1_0
W: Unable to honor max fanout constraint for gtp_inv driven net N0_1
W: Unable to honor max fanout constraint for gtp_inv driven net N0_1
W: Unable to honor max fanout constraint for gtp_inv driven net N0_1
W: Unable to honor max fanout constraint for gtp_inv driven net N0_1
W: Unable to honor max fanout constraint for gtp_inv driven net N0_1
W: Unable to honor max fanout constraint for gtp_inv driven net N0_1
W: Unable to honor max fanout constraint for gtp_inv driven net N0_1
W: Unable to honor max fanout constraint for gtp_inv driven net N0_1
W: Unable to honor max fanout constraint for gtp_inv driven net N0_1
W: Unable to honor max fanout constraint for gtp_inv driven net N0_1
W: Unable to honor max fanout constraint for gtp_inv driven net N0_1
W: Unable to honor max fanout constraint for gtp_inv driven net N0_1
W: Unable to honor max fanout constraint for gtp_inv driven net N0_1
W: Unable to honor max fanout constraint for gtp_inv driven net N0_1
W: Unable to honor max fanout constraint for gtp_inv driven net N0_1
W: Unable to honor max fanout constraint for gtp_inv driven net N0_1
W: Unable to honor max fanout constraint for gtp_inv driven net N0_1
W: Unable to honor max fanout constraint for gtp_inv driven net N0_1
W: Unable to honor max fanout constraint for gtp_inv driven net N1_1
W: Unable to honor max fanout constraint for gtp_inv driven net N1_1
W: Unable to honor max fanout constraint for gtp_inv driven net N0_1
W: Unable to honor max fanout constraint for gtp_inv driven net N0_1
W: Unable to honor max fanout constraint for gtp_inv driven net N0_1
W: Unable to honor max fanout constraint for gtp_inv driven net N0_1
W: Unable to honor max fanout constraint for gtp_inv driven net N0_1
W: Unable to honor max fanout constraint for gtp_inv driven net N0_1
W: Unable to honor max fanout constraint for gtp_inv driven net N1_8
W: Unable to honor max fanout constraint for gtp_inv driven net N1_7
W: Unable to honor max fanout constraint for gtp_inv driven net N1_6
W: Unable to honor max fanout constraint for gtp_inv driven net N1_5
W: Unable to honor max fanout constraint for gtp_inv driven net N1_4
W: Unable to honor max fanout constraint for gtp_inv driven net N1_3
W: Unable to honor max fanout constraint for gtp_inv driven net N1_2
W: Unable to honor max fanout constraint for gtp_inv driven net N1_1
W: Unable to honor max fanout constraint for gtp_inv driven net N1_0
W: Unable to honor max fanout constraint for gtp_inv driven net N1_8
W: Unable to honor max fanout constraint for gtp_inv driven net N1_7
W: Unable to honor max fanout constraint for gtp_inv driven net N1_6
W: Unable to honor max fanout constraint for gtp_inv driven net N1_5
W: Unable to honor max fanout constraint for gtp_inv driven net N1_4
W: Unable to honor max fanout constraint for gtp_inv driven net N1_3
W: Unable to honor max fanout constraint for gtp_inv driven net N1_2
W: Unable to honor max fanout constraint for gtp_inv driven net N1_1
W: Unable to honor max fanout constraint for gtp_inv driven net N1_0
W: Unable to honor max fanout constraint for gtp_inv driven net N0_1
W: Unable to honor max fanout constraint for gtp_inv driven net N0_1
W: Unable to honor max fanout constraint for gtp_inv driven net N0_1
W: Unable to honor max fanout constraint for gtp_inv driven net N0_1
W: Unable to honor max fanout constraint for gtp_inv driven net N0_1
W: Unable to honor max fanout constraint for gtp_inv driven net N0_1
W: Unable to honor max fanout constraint for gtp_inv driven net N0_1
W: Unable to honor max fanout constraint for gtp_inv driven net N0_1
W: Unable to honor max fanout constraint for gtp_inv driven net N0_1
W: Unable to honor max fanout constraint for gtp_inv driven net N0_1
W: Unable to honor max fanout constraint for gtp_inv driven net N0_1
W: Unable to honor max fanout constraint for gtp_inv driven net N0_1
W: Unable to honor max fanout constraint for gtp_inv driven net N0_1
W: Unable to honor max fanout constraint for gtp_inv driven net N0_1
W: Unable to honor max fanout constraint for gtp_inv driven net N0_1
W: Unable to honor max fanout constraint for gtp_inv driven net N0_1
W: Unable to honor max fanout constraint for gtp_inv driven net N0_1
W: Unable to honor max fanout constraint for gtp_inv driven net N0_1
W: Unable to honor max fanout constraint for gtp_inv driven net N1_7
W: Unable to honor max fanout constraint for gtp_inv driven net N1_6
W: Unable to honor max fanout constraint for gtp_inv driven net N1_5
W: Unable to honor max fanout constraint for gtp_inv driven net N1_4
W: Unable to honor max fanout constraint for gtp_inv driven net N1_3
W: Unable to honor max fanout constraint for gtp_inv driven net N1_2
W: Unable to honor max fanout constraint for gtp_inv driven net N1_1
W: Unable to honor max fanout constraint for gtp_inv driven net N1_0
W: Unable to honor max fanout constraint for gtp_inv driven net N1_7
W: Unable to honor max fanout constraint for gtp_inv driven net N1_6
W: Unable to honor max fanout constraint for gtp_inv driven net N1_5
W: Unable to honor max fanout constraint for gtp_inv driven net N1_4
W: Unable to honor max fanout constraint for gtp_inv driven net N1_3
W: Unable to honor max fanout constraint for gtp_inv driven net N1_2
W: Unable to honor max fanout constraint for gtp_inv driven net N1_1
W: Unable to honor max fanout constraint for gtp_inv driven net N1_0
W: Unable to honor max fanout constraint for gtp_inv driven net N0_1
W: Unable to honor max fanout constraint for gtp_inv driven net N0_1
W: Unable to honor max fanout constraint for gtp_inv driven net N0_1
W: Unable to honor max fanout constraint for gtp_inv driven net N0_1
W: Unable to honor max fanout constraint for gtp_inv driven net N0_1
W: Unable to honor max fanout constraint for gtp_inv driven net N0_1
W: Unable to honor max fanout constraint for gtp_inv driven net N0_1
W: Unable to honor max fanout constraint for gtp_inv driven net N0_1
W: Unable to honor max fanout constraint for gtp_inv driven net N0_1
W: Unable to honor max fanout constraint for gtp_inv driven net N0_1
W: Unable to honor max fanout constraint for gtp_inv driven net N0_1
W: Unable to honor max fanout constraint for gtp_inv driven net N0_1
W: Unable to honor max fanout constraint for gtp_inv driven net N0_1
W: Unable to honor max fanout constraint for gtp_inv driven net N0_1
W: Unable to honor max fanout constraint for gtp_inv driven net N0_1
W: Unable to honor max fanout constraint for gtp_inv driven net N0_1
W: syn_maxfan of lutcarry N5_1 is more than 10000 on net rd_en[0], but wasn't replicated.
W: syn_maxfan of lutcarry N5_0 is more than 10000 on net N5[0], but wasn't replicated.
W: Unable to honor max fanout constraint for gtp_inv driven net N1_8
W: Unable to honor max fanout constraint for gtp_inv driven net N1_7
W: Unable to honor max fanout constraint for gtp_inv driven net N1_6
W: Unable to honor max fanout constraint for gtp_inv driven net N1_5
W: Unable to honor max fanout constraint for gtp_inv driven net N1_4
W: Unable to honor max fanout constraint for gtp_inv driven net N1_3
W: Unable to honor max fanout constraint for gtp_inv driven net N1_2
W: Unable to honor max fanout constraint for gtp_inv driven net N1_1
W: Unable to honor max fanout constraint for gtp_inv driven net N1_0
W: syn_maxfan of lutcarry N5_1 is more than 10000 on net rd_en[0], but wasn't replicated.
W: syn_maxfan of lutcarry N5_0 is more than 10000 on net N5[0], but wasn't replicated.
W: Unable to honor max fanout constraint for gtp_inv driven net N1_8
W: Unable to honor max fanout constraint for gtp_inv driven net N1_7
W: Unable to honor max fanout constraint for gtp_inv driven net N1_6
W: Unable to honor max fanout constraint for gtp_inv driven net N1_5
W: Unable to honor max fanout constraint for gtp_inv driven net N1_4
W: Unable to honor max fanout constraint for gtp_inv driven net N1_3
W: Unable to honor max fanout constraint for gtp_inv driven net N1_2
W: Unable to honor max fanout constraint for gtp_inv driven net N1_1
W: Unable to honor max fanout constraint for gtp_inv driven net N1_0
W: Unable to honor max fanout constraint for gtp_inv driven net N0_1
W: Unable to honor max fanout constraint for gtp_inv driven net N0_1
W: Unable to honor max fanout constraint for gtp_inv driven net N0_1
W: Unable to honor max fanout constraint for gtp_inv driven net N0_1
W: Unable to honor max fanout constraint for gtp_inv driven net N0_1
W: Unable to honor max fanout constraint for gtp_inv driven net N0_1
W: Unable to honor max fanout constraint for gtp_inv driven net N0_1
W: Unable to honor max fanout constraint for gtp_inv driven net N0_1
W: Unable to honor max fanout constraint for gtp_inv driven net N0_1
W: Unable to honor max fanout constraint for gtp_inv driven net N0_1
W: Unable to honor max fanout constraint for gtp_inv driven net N0_1
W: Unable to honor max fanout constraint for gtp_inv driven net N0_1
W: Unable to honor max fanout constraint for gtp_inv driven net N0_1
W: Unable to honor max fanout constraint for gtp_inv driven net N0_1
W: Unable to honor max fanout constraint for gtp_inv driven net N0_1
W: Unable to honor max fanout constraint for gtp_inv driven net N0_1
W: Unable to honor max fanout constraint for gtp_inv driven net N0_1
W: Unable to honor max fanout constraint for gtp_inv driven net N0_1
W: Unable to honor max fanout constraint for gtp_inv driven net N0_1
W: Unable to honor max fanout constraint for gtp_inv driven net N0_1
W: Unable to honor max fanout constraint for gtp_inv driven net N0_1
W: Unable to honor max fanout constraint for gtp_inv driven net N0_1
W: syn_maxfan of lutcarry N158.eq_7 is more than 10000 on net row_addr_diff, but wasn't replicated.
W: syn_maxfan of lutcarry N158.eq_7 is more than 10000 on net row_addr_diff, but wasn't replicated.
W: Unable to honor max fanout constraint for gtp_inv driven net N0_1
W: Unable to honor max fanout constraint for gtp_inv driven net N0_1
W: Unable to honor max fanout constraint for gtp_inv driven net N0_1
W: Unable to honor max fanout constraint for gtp_inv driven net N0_1
W: Unable to honor max fanout constraint for gtp_inv driven net N0_1
W: Unable to honor max fanout constraint for gtp_inv driven net N0_1
W: prevent name conflict by renaming net u_cam1/N659 to u_cam1/N659_rnmt
W: prevent name conflict by renaming net u_cam1_sccb_gpio/N22 to u_cam1_sccb_gpio/N22_rnmt
W: prevent name conflict by renaming net u_cam1_sccb_gpio/scl_release to u_cam1_sccb_gpio/scl_release_rnmt
W: prevent name conflict by renaming net u_cam1_sccb_gpio/scl_sync to u_cam1_sccb_gpio/scl_sync_rnmt
W: prevent name conflict by renaming net u_cam1_sccb_gpio/sda_release to u_cam1_sccb_gpio/sda_release_rnmt
W: prevent name conflict by renaming net u_cam1_sccb_gpio/sda_sync to u_cam1_sccb_gpio/sda_sync_rnmt
W: prevent name conflict by renaming net u_cam2_sccb_gpio/N22 to u_cam2_sccb_gpio/N22_rnmt
W: prevent name conflict by renaming net u_cam2_sccb_gpio/scl_release to u_cam2_sccb_gpio/scl_release_rnmt
W: prevent name conflict by renaming net u_cam2_sccb_gpio/scl_sync to u_cam2_sccb_gpio/scl_sync_rnmt
W: prevent name conflict by renaming net u_cam2_sccb_gpio/sda_release to u_cam2_sccb_gpio/sda_release_rnmt
W: prevent name conflict by renaming net u_cam2_sccb_gpio/sda_sync to u_cam2_sccb_gpio/sda_sync_rnmt
W: prevent name conflict by renaming net u_fpioa/N763 to u_fpioa/N763_rnmt
W: prevent name conflict by renaming net u_npu_ctrl/irq_enable_reg to u_npu_ctrl/irq_enable_reg_rnmt
W: prevent name conflict by renaming net u_fpioa/fpioa_oe[31]_inv to u_fpioa/fpioa_oe[31]_inv_rnmt
W: prevent name conflict by renaming net u_fpioa/fpioa_oe[30]_inv to u_fpioa/fpioa_oe[30]_inv_rnmt
W: prevent name conflict by renaming net u_fpioa/fpioa_oe[27]_inv to u_fpioa/fpioa_oe[27]_inv_rnmt
W: prevent name conflict by renaming net u_fpioa/fpioa_oe[26]_inv to u_fpioa/fpioa_oe[26]_inv_rnmt
W: prevent name conflict by renaming net u_fpioa/fpioa_oe[25]_inv to u_fpioa/fpioa_oe[25]_inv_rnmt
W: prevent name conflict by renaming net u_fpioa/fpioa_oe[24]_inv to u_fpioa/fpioa_oe[24]_inv_rnmt
W: prevent name conflict by renaming net u_fpioa/fpioa_oe[23]_inv to u_fpioa/fpioa_oe[23]_inv_rnmt
W: prevent name conflict by renaming net u_fpioa/fpioa_oe[22]_inv to u_fpioa/fpioa_oe[22]_inv_rnmt
W: prevent name conflict by renaming net u_fpioa/fpioa_oe[21]_inv to u_fpioa/fpioa_oe[21]_inv_rnmt
W: prevent name conflict by renaming net u_fpioa/fpioa_oe[20]_inv to u_fpioa/fpioa_oe[20]_inv_rnmt
W: prevent name conflict by renaming net u_fpioa/fpioa_oe[19]_inv to u_fpioa/fpioa_oe[19]_inv_rnmt
W: prevent name conflict by renaming net u_fpioa/fpioa_oe[17]_inv to u_fpioa/fpioa_oe[17]_inv_rnmt
W: prevent name conflict by renaming net u_fpioa/fpioa_oe[16]_inv to u_fpioa/fpioa_oe[16]_inv_rnmt
W: prevent name conflict by renaming net u_fpioa/fpioa_oe[15]_inv to u_fpioa/fpioa_oe[15]_inv_rnmt
W: prevent name conflict by renaming net u_fpioa/fpioa_oe[14]_inv to u_fpioa/fpioa_oe[14]_inv_rnmt
W: prevent name conflict by renaming net u_fpioa/fpioa_oe[13]_inv to u_fpioa/fpioa_oe[13]_inv_rnmt
W: prevent name conflict by renaming net u_fpioa/fpioa_oe[12]_inv to u_fpioa/fpioa_oe[12]_inv_rnmt
W: prevent name conflict by renaming net u_fpioa/fpioa_oe[11]_inv to u_fpioa/fpioa_oe[11]_inv_rnmt
W: prevent name conflict by renaming net u_fpioa/fpioa_oe[10]_inv to u_fpioa/fpioa_oe[10]_inv_rnmt
W: prevent name conflict by renaming net u_fpioa/fpioa_oe[9]_inv to u_fpioa/fpioa_oe[9]_inv_rnmt
W: prevent name conflict by renaming net u_fpioa/fpioa_oe[8]_inv to u_fpioa/fpioa_oe[8]_inv_rnmt
W: prevent name conflict by renaming net u_fpioa/fpioa_oe[7]_inv to u_fpioa/fpioa_oe[7]_inv_rnmt
W: prevent name conflict by renaming net u_fpioa/fpioa_oe[6]_inv to u_fpioa/fpioa_oe[6]_inv_rnmt
W: prevent name conflict by renaming net u_fpioa/fpioa_oe[5]_inv to u_fpioa/fpioa_oe[5]_inv_rnmt
W: prevent name conflict by renaming net u_fpioa/fpioa_oe[4]_inv to u_fpioa/fpioa_oe[4]_inv_rnmt
W: prevent name conflict by renaming net u_fpioa/fpioa_oe[3]_inv to u_fpioa/fpioa_oe[3]_inv_rnmt
W: prevent name conflict by renaming net u_fpioa/fpioa_oe[2]_inv to u_fpioa/fpioa_oe[2]_inv_rnmt
W: prevent name conflict by renaming net u_fpioa/fpioa_oe[1]_inv to u_fpioa/fpioa_oe[1]_inv_rnmt
W: prevent name conflict by renaming net u_fpioa/fpioa_oe[0]_inv to u_fpioa/fpioa_oe[0]_inv_rnmt
W: prevent name conflict by renaming net u_uart0_tx/N102 to u_uart0_tx/N102_rnmt

Cell Usage:
GTP_APM_E2                    4 uses
GTP_CFGCLK                    1 use
GTP_CLKBUFG                   2 uses
GTP_CLKBUFM                   1 use
GTP_CLKBUFR                   2 uses
GTP_CLKPD                     1 use
GTP_DDC_E2                    7 uses
GTP_DFF                     355 uses
GTP_DFF_C                  5007 uses
GTP_DFF_CE                 8004 uses
GTP_DFF_E                  2316 uses
GTP_DFF_P                   175 uses
GTP_DFF_PE                  150 uses
GTP_DFF_R                    60 uses
GTP_DFF_RE                 3974 uses
GTP_DFF_S                     3 uses
GTP_DFF_SE                  144 uses
GTP_DLL_E2                    4 uses
GTP_DRM18K_E1                22 uses
GTP_GPLL                      3 uses
GTP_GRS                       1 use
GTP_INV                     124 uses
GTP_IOCLKDIV_E3               2 uses
GTP_IODELAY_E2               89 uses
GTP_ISERDES_E2               32 uses
GTP_LUT1                     32 uses
GTP_LUT2                    257 uses
GTP_LUT3                    232 uses
GTP_LUT4                   1350 uses
GTP_LUT5                   2748 uses
GTP_LUT6                   5279 uses
GTP_LUT6CARRY              3119 uses
GTP_LUT6D                  2811 uses
GTP_MUX2LUT7                788 uses
GTP_MUX2LUT8                288 uses
GTP_OSERDES_E2               79 uses
GTP_PPLL                      2 uses
GTP_RAM32X1DP                 9 uses
GTP_RAM32X2DP               516 uses
GTP_RAM64X1DP               256 uses

I/O ports: 137
GTP_INBUF                  25 uses
GTP_INBUFGDS                1 use
GTP_IOBUF                  68 uses
GTP_IOBUFCO                 4 uses
GTP_OUTBUF                 10 uses
GTP_OUTBUFT                28 uses
GTP_OUTBUFTCO               1 use

Mapping Summary:
Total LUTs: 16609 of 159800 (10.39%)
	LUTs as dram: 781 of 39500 (1.98%)
	LUTs as logic: 15828
Total Registers: 20188 of 319600 (6.32%)
Total Latches: 0

DRM36K/FIFO:
Total DRM = 11.0 of 415 (2.65%)

APMs:
Total APMs = 4.00 of 740 (0.54%)

Total I/O ports = 143 of 400 (35.75%)


Overview of Control Sets:

Number of unique control sets : 857

Histogram:
**************************************************************
  Fanout      | Count    | Sync Set/Reset    Async Set/Reset
--------------------------------------------------------------
  [0, 2)      | 3        | 1                 2
  [2, 4)      | 339      | 281               58
  [4, 6)      | 117      | 15                102
  [6, 8)      | 52       | 0                 52
  [8, 10)     | 98       | 32                66
  [10, 12)    | 19       | 1                 18
  [12, 14)    | 7        | 0                 7
  [14, 16)    | 15       | 0                 15
  [16, Inf)   | 207      | 98                109
--------------------------------------------------------------
  The maximum fanout: 2456
==============================================================

Flip-Flop Distribution:
************************************************************************
  Clock Enable    Sync Set/Reset    Async Set/Reset    Total Registers
------------------------------------------------------------------------
  NO              NO                NO                 355
  NO              NO                YES                5182
  NO              YES               NO                 63
  YES             NO                NO                 2316
  YES             NO                YES                8154
  YES             YES               NO                 4118
========================================================================

Latch Distribution:
************************************************
  Gate Enable    Preset/Clear    Total Latches
************************************************
  NO             NO              0
  NO             YES             0
  YES            NO              0
  YES            YES             0
************************************************

Design 'Hfpga_soc' has been successfully synthesized to architecture-specific objects.
Saving design to DB.
I: Adm-6003: Trying to disconnect un-connected pin 'Z[0]' of instance 'ND2[0]'.
I: Adm-6003: Trying to disconnect un-connected pin 'Z[0]' of instance 'ND2[1]'.
I: Adm-6003: Trying to disconnect un-connected pin 'Z[0]' of instance 'ND2[2]'.
I: Adm-6003: Trying to disconnect un-connected pin 'Z[0]' of instance 'ND2[3]'.
I: Adm-6003: Trying to disconnect un-connected pin 'Z[0]' of instance 'ND2[4]'.
I: Adm-6003: Trying to disconnect un-connected pin 'Z[0]' of instance 'ND2[5]'.
I: Adm-6003: Trying to disconnect un-connected pin 'Z[0]' of instance 'ND2[6]'.
I: Adm-6003: Trying to disconnect un-connected pin 'Z[0]' of instance 'ND2[7]'.
I: Adm-6003: Trying to disconnect un-connected pin 'Z[0]' of instance 'ND2[8]'.
I: Adm-6003: Trying to disconnect un-connected pin 'Z[0]' of instance 'ND2[9]'.
I: Adm-6003: Trying to disconnect un-connected pin 'Z[0]' of instance 'ND2[10]'.
I: Adm-6003: Trying to disconnect un-connected pin 'Z[0]' of instance 'ND2[11]'.
I: Adm-6003: Trying to disconnect un-connected pin 'Z[0]' of instance 'ND2[12]'.
I: Adm-6003: Trying to disconnect un-connected pin 'Z[0]' of instance 'ND2[13]'.
I: Adm-6003: Trying to disconnect un-connected pin 'Z[0]' of instance 'ND2[14]'.
I: Adm-6003: Trying to disconnect un-connected pin 'Z[0]' of instance 'ND2[15]'.
I: Adm-6003: Trying to disconnect un-connected pin 'Z[0]' of instance 'ND2[16]'.
I: Adm-6003: Trying to disconnect un-connected pin 'Z[0]' of instance 'ND2[17]'.
I: Adm-6003: Trying to disconnect un-connected pin 'Z[0]' of instance 'ND2[18]'.
I: Adm-6003: Trying to disconnect un-connected pin 'Z[0]' of instance 'ND2[19]'.
I: Adm-6003: Trying to disconnect un-connected pin 'Z[0]' of instance 'ND2[20]'.
I: Adm-6003: Trying to disconnect un-connected pin 'Z[0]' of instance 'ND2[21]'.
I: Adm-6003: Trying to disconnect un-connected pin 'Z[0]' of instance 'ND2[22]'.
I: Adm-6003: Trying to disconnect un-connected pin 'Z[0]' of instance 'ND2[23]'.
I: Adm-6003: Trying to disconnect un-connected pin 'Z[0]' of instance 'ND2[24]'.
I: Adm-6003: Trying to disconnect un-connected pin 'Z[0]' of instance 'ND2[25]'.
I: Adm-6003: Trying to disconnect un-connected pin 'Z[0]' of instance 'ND2[26]'.
I: Adm-6003: Trying to disconnect un-connected pin 'Z[0]' of instance 'ND2[27]'.
I: Adm-6003: Trying to disconnect un-connected pin 'Z[0]' of instance 'ND2[28]'.
I: Adm-6003: Trying to disconnect un-connected pin 'Z[0]' of instance 'ND2[29]'.
I: Adm-6003: Trying to disconnect un-connected pin 'Z[0]' of instance 'ND2[30]'.
I: Adm-6003: Trying to disconnect un-connected pin 'Z[0]' of instance 'ND2[31]'.
I: Adm-6003: Trying to disconnect un-connected pin 'Z[0]' of instance 'ND3[0]'.
I: Adm-6003: Trying to disconnect un-connected pin 'Z[0]' of instance 'ND3[1]'.
I: Adm-6003: Trying to disconnect un-connected pin 'Z[0]' of instance 'ND3[2]'.
I: Adm-6003: Trying to disconnect un-connected pin 'Z[0]' of instance 'ND3[3]'.
I: Adm-6003: Trying to disconnect un-connected pin 'Z[0]' of instance 'ND3[4]'.
I: Adm-6003: Trying to disconnect un-connected pin 'Z[0]' of instance 'ND3[5]'.
I: Adm-6003: Trying to disconnect un-connected pin 'Z[0]' of instance 'ND3[6]'.
I: Adm-6003: Trying to disconnect un-connected pin 'Z[0]' of instance 'ND3[7]'.
I: Adm-6003: Trying to disconnect un-connected pin 'Z[0]' of instance 'ND3[8]'.
I: Adm-6003: Trying to disconnect un-connected pin 'Z[0]' of instance 'ND3[9]'.
I: Adm-6003: Trying to disconnect un-connected pin 'Z[0]' of instance 'ND3[10]'.
I: Adm-6003: Trying to disconnect un-connected pin 'Z[0]' of instance 'ND3[11]'.
I: Adm-6003: Trying to disconnect un-connected pin 'Z[0]' of instance 'ND3[12]'.
I: Adm-6003: Trying to disconnect un-connected pin 'Z[0]' of instance 'ND3[13]'.
I: Adm-6003: Trying to disconnect un-connected pin 'Z[0]' of instance 'ND3[14]'.
I: Adm-6003: Trying to disconnect un-connected pin 'Z[0]' of instance 'ND3[15]'.
I: Adm-6003: Trying to disconnect un-connected pin 'Z[0]' of instance 'ND3[16]'.
I: Adm-6003: Trying to disconnect un-connected pin 'Z[0]' of instance 'ND3[17]'.
I: Adm-6003: Trying to disconnect un-connected pin 'Z[0]' of instance 'ND3[18]'.
I: Adm-6003: Trying to disconnect un-connected pin 'Z[0]' of instance 'ND3[19]'.
I: Adm-6003: Trying to disconnect un-connected pin 'Z[0]' of instance 'ND3[20]'.
I: Adm-6003: Trying to disconnect un-connected pin 'Z[0]' of instance 'ND3[21]'.
I: Adm-6003: Trying to disconnect un-connected pin 'Z[0]' of instance 'ND3[22]'.
I: Adm-6003: Trying to disconnect un-connected pin 'Z[0]' of instance 'ND3[23]'.
I: Adm-6003: Trying to disconnect un-connected pin 'Z[0]' of instance 'ND3[24]'.
I: Adm-6003: Trying to disconnect un-connected pin 'Z[0]' of instance 'ND3[25]'.
I: Adm-6003: Trying to disconnect un-connected pin 'Z[0]' of instance 'ND3[26]'.
I: Adm-6003: Trying to disconnect un-connected pin 'Z[0]' of instance 'ND3[27]'.
I: Adm-6003: Trying to disconnect un-connected pin 'Z[0]' of instance 'ND3[28]'.
I: Adm-6003: Trying to disconnect un-connected pin 'Z[0]' of instance 'ND3[29]'.
I: Adm-6003: Trying to disconnect un-connected pin 'Z[0]' of instance 'ND3[30]'.
I: Adm-6003: Trying to disconnect un-connected pin 'Z[0]' of instance 'ND3[31]'.
I: Adm-6003: Trying to disconnect un-connected pin 'Z[0]' of instance 'ND4[0]'.
I: Adm-6003: Trying to disconnect un-connected pin 'Z[0]' of instance 'ND4[1]'.
I: Adm-6003: Trying to disconnect un-connected pin 'Z[0]' of instance 'ND4[2]'.
I: Adm-6003: Trying to disconnect un-connected pin 'Z[0]' of instance 'ND4[3]'.
I: Adm-6003: Trying to disconnect un-connected pin 'Z[0]' of instance 'ND4[4]'.
I: Adm-6003: Trying to disconnect un-connected pin 'Z[0]' of instance 'ND4[5]'.
I: Adm-6003: Trying to disconnect un-connected pin 'Z[0]' of instance 'ND4[6]'.
I: Adm-6003: Trying to disconnect un-connected pin 'Z[0]' of instance 'ND4[7]'.
I: Adm-6003: Trying to disconnect un-connected pin 'Z[0]' of instance 'ND4[8]'.
I: Adm-6003: Trying to disconnect un-connected pin 'Z[0]' of instance 'ND4[9]'.
I: Adm-6003: Trying to disconnect un-connected pin 'Z[0]' of instance 'ND4[10]'.
I: Adm-6003: Trying to disconnect un-connected pin 'Z[0]' of instance 'ND4[11]'.
I: Adm-6003: Trying to disconnect un-connected pin 'Z[0]' of instance 'ND4[12]'.
I: Adm-6003: Trying to disconnect un-connected pin 'Z[0]' of instance 'ND4[13]'.
I: Adm-6003: Trying to disconnect un-connected pin 'Z[0]' of instance 'ND4[14]'.
I: Adm-6003: Trying to disconnect un-connected pin 'Z[0]' of instance 'ND4[15]'.
I: Adm-6003: Trying to disconnect un-connected pin 'Z[0]' of instance 'ND4[16]'.
I: Adm-6003: Trying to disconnect un-connected pin 'Z[0]' of instance 'ND4[17]'.
I: Adm-6003: Trying to disconnect un-connected pin 'Z[0]' of instance 'ND4[18]'.
I: Adm-6003: Trying to disconnect un-connected pin 'Z[0]' of instance 'ND4[19]'.
I: Adm-6003: Trying to disconnect un-connected pin 'Z[0]' of instance 'ND4[20]'.
I: Adm-6003: Trying to disconnect un-connected pin 'Z[0]' of instance 'ND4[21]'.
I: Adm-6003: Trying to disconnect un-connected pin 'Z[0]' of instance 'ND4[22]'.
I: Adm-6003: Trying to disconnect un-connected pin 'Z[0]' of instance 'ND4[23]'.
I: Adm-6003: Trying to disconnect un-connected pin 'Z[0]' of instance 'ND4[24]'.
I: Adm-6003: Trying to disconnect un-connected pin 'Z[0]' of instance 'ND4[25]'.
I: Adm-6003: Trying to disconnect un-connected pin 'Z[0]' of instance 'ND4[26]'.
I: Adm-6003: Trying to disconnect un-connected pin 'Z[0]' of instance 'ND4[27]'.
I: Adm-6003: Trying to disconnect un-connected pin 'Z[0]' of instance 'ND4[28]'.
I: Adm-6003: Trying to disconnect un-connected pin 'Z[0]' of instance 'ND4[29]'.
I: Adm-6003: Trying to disconnect un-connected pin 'Z[0]' of instance 'ND4[30]'.
I: Adm-6003: Trying to disconnect un-connected pin 'Z[0]' of instance 'ND4[31]'.
I: Adm-6003: Trying to disconnect un-connected pin 'Z[0]' of instance 'ND5[0]'.
I: Adm-6003: Trying to disconnect un-connected pin 'Z[0]' of instance 'ND5[1]'.
I: Adm-6003: Trying to disconnect un-connected pin 'Z[0]' of instance 'ND5[2]'.
I: Adm-6003: Trying to disconnect un-connected pin 'Z[0]' of instance 'ND5[3]'.
I: Adm-6003: Trying to disconnect un-connected pin 'Z[0]' of instance 'ND5[4]'.
I: Adm-6003: Trying to disconnect un-connected pin 'Z[0]' of instance 'ND5[5]'.
I: Adm-6003: Trying to disconnect un-connected pin 'Z[0]' of instance 'ND5[6]'.
I: Adm-6003: Trying to disconnect un-connected pin 'Z[0]' of instance 'ND5[7]'.
I: Adm-6003: Trying to disconnect un-connected pin 'Z[0]' of instance 'ND5[8]'.
I: Adm-6003: Trying to disconnect un-connected pin 'Z[0]' of instance 'ND5[9]'.
I: Adm-6003: Trying to disconnect un-connected pin 'Z[0]' of instance 'ND5[10]'.
I: Adm-6003: Trying to disconnect un-connected pin 'Z[0]' of instance 'ND5[11]'.
I: Adm-6003: Trying to disconnect un-connected pin 'Z[0]' of instance 'ND5[12]'.
I: Adm-6003: Trying to disconnect un-connected pin 'Z[0]' of instance 'ND5[13]'.
I: Adm-6003: Trying to disconnect un-connected pin 'Z[0]' of instance 'ND5[14]'.
I: Adm-6003: Trying to disconnect un-connected pin 'Z[0]' of instance 'ND5[15]'.
I: Adm-6003: Trying to disconnect un-connected pin 'Z[0]' of instance 'ND5[16]'.
I: Adm-6003: Trying to disconnect un-connected pin 'Z[0]' of instance 'ND5[17]'.
I: Adm-6003: Trying to disconnect un-connected pin 'Z[0]' of instance 'ND5[18]'.
I: Adm-6003: Trying to disconnect un-connected pin 'Z[0]' of instance 'ND5[19]'.
I: Adm-6003: Trying to disconnect un-connected pin 'Z[0]' of instance 'ND5[20]'.
I: Adm-6003: Trying to disconnect un-connected pin 'Z[0]' of instance 'ND5[21]'.
I: Adm-6003: Trying to disconnect un-connected pin 'Z[0]' of instance 'ND5[22]'.
I: Adm-6003: Trying to disconnect un-connected pin 'Z[0]' of instance 'ND5[23]'.
I: Adm-6003: Trying to disconnect un-connected pin 'Z[0]' of instance 'ND5[24]'.
I: Adm-6003: Trying to disconnect un-connected pin 'Z[0]' of instance 'ND5[25]'.
I: Adm-6003: Trying to disconnect un-connected pin 'Z[0]' of instance 'ND5[26]'.
I: Adm-6003: Trying to disconnect un-connected pin 'Z[0]' of instance 'ND5[27]'.
I: Adm-6003: Trying to disconnect un-connected pin 'Z[0]' of instance 'ND5[28]'.
I: Adm-6003: Trying to disconnect un-connected pin 'Z[0]' of instance 'ND5[29]'.
I: Adm-6003: Trying to disconnect un-connected pin 'Z[0]' of instance 'ND5[30]'.
I: Adm-6003: Trying to disconnect un-connected pin 'Z[0]' of instance 'ND5[31]'.
I: Adm-6003: Trying to disconnect un-connected pin 'Z[0]' of instance 'ND6[0]'.
I: Adm-6003: Trying to disconnect un-connected pin 'Z[0]' of instance 'ND6[1]'.
I: Adm-6003: Trying to disconnect un-connected pin 'Z[0]' of instance 'ND6[2]'.
I: Adm-6003: Trying to disconnect un-connected pin 'Z[0]' of instance 'ND6[3]'.
I: Adm-6003: Trying to disconnect un-connected pin 'Z[0]' of instance 'ND6[4]'.
I: Adm-6003: Trying to disconnect un-connected pin 'Z[0]' of instance 'ND6[5]'.
I: Adm-6003: Trying to disconnect un-connected pin 'Z[0]' of instance 'ND6[6]'.
I: Adm-6003: Trying to disconnect un-connected pin 'Z[0]' of instance 'ND6[7]'.
I: Adm-6003: Trying to disconnect un-connected pin 'Z[0]' of instance 'ND6[8]'.
I: Adm-6003: Trying to disconnect un-connected pin 'Z[0]' of instance 'ND6[9]'.
I: Adm-6003: Trying to disconnect un-connected pin 'Z[0]' of instance 'ND6[10]'.
I: Adm-6003: Trying to disconnect un-connected pin 'Z[0]' of instance 'ND6[11]'.
I: Adm-6003: Trying to disconnect un-connected pin 'Z[0]' of instance 'ND6[12]'.
I: Adm-6003: Trying to disconnect un-connected pin 'Z[0]' of instance 'ND6[13]'.
I: Adm-6003: Trying to disconnect un-connected pin 'Z[0]' of instance 'ND6[14]'.
I: Adm-6003: Trying to disconnect un-connected pin 'Z[0]' of instance 'ND6[15]'.
I: Adm-6003: Trying to disconnect un-connected pin 'Z[0]' of instance 'ND6[16]'.
I: Adm-6003: Trying to disconnect un-connected pin 'Z[0]' of instance 'ND6[17]'.
I: Adm-6003: Trying to disconnect un-connected pin 'Z[0]' of instance 'ND6[18]'.
I: Adm-6003: Trying to disconnect un-connected pin 'Z[0]' of instance 'ND6[19]'.
I: Adm-6003: Trying to disconnect un-connected pin 'Z[0]' of instance 'ND6[20]'.
I: Adm-6003: Trying to disconnect un-connected pin 'Z[0]' of instance 'ND6[21]'.
I: Adm-6003: Trying to disconnect un-connected pin 'Z[0]' of instance 'ND6[22]'.
I: Adm-6003: Trying to disconnect un-connected pin 'Z[0]' of instance 'ND6[23]'.
I: Adm-6003: Trying to disconnect un-connected pin 'Z[0]' of instance 'ND6[24]'.
I: Adm-6003: Trying to disconnect un-connected pin 'Z[0]' of instance 'ND6[25]'.
I: Adm-6003: Trying to disconnect un-connected pin 'Z[0]' of instance 'ND6[26]'.
I: Adm-6003: Trying to disconnect un-connected pin 'Z[0]' of instance 'ND6[27]'.
I: Adm-6003: Trying to disconnect un-connected pin 'Z[0]' of instance 'ND6[28]'.
I: Adm-6003: Trying to disconnect un-connected pin 'Z[0]' of instance 'ND6[29]'.
I: Adm-6003: Trying to disconnect un-connected pin 'Z[0]' of instance 'ND6[30]'.
I: Adm-6003: Trying to disconnect un-connected pin 'Z[0]' of instance 'ND6[31]'.
I: Adm-6003: Trying to disconnect un-connected pin 'Z[0]' of instance 'ND7[0]'.
I: Adm-6003: Trying to disconnect un-connected pin 'Z[0]' of instance 'ND7[1]'.
I: Adm-6003: Trying to disconnect un-connected pin 'Z[0]' of instance 'ND7[2]'.
I: Adm-6003: Trying to disconnect un-connected pin 'Z[0]' of instance 'ND7[3]'.
I: Adm-6003: Trying to disconnect un-connected pin 'Z[0]' of instance 'ND7[4]'.
I: Adm-6003: Trying to disconnect un-connected pin 'Z[0]' of instance 'ND7[5]'.
I: Adm-6003: Trying to disconnect un-connected pin 'Z[0]' of instance 'ND7[6]'.
I: Adm-6003: Trying to disconnect un-connected pin 'Z[0]' of instance 'ND7[7]'.
I: Adm-6003: Trying to disconnect un-connected pin 'Z[0]' of instance 'ND7[8]'.
I: Adm-6003: Trying to disconnect un-connected pin 'Z[0]' of instance 'ND7[9]'.
I: Adm-6003: Trying to disconnect un-connected pin 'Z[0]' of instance 'ND7[10]'.
I: Adm-6003: Trying to disconnect un-connected pin 'Z[0]' of instance 'ND7[11]'.
I: Adm-6003: Trying to disconnect un-connected pin 'Z[0]' of instance 'ND7[12]'.
I: Adm-6003: Trying to disconnect un-connected pin 'Z[0]' of instance 'ND7[13]'.
I: Adm-6003: Trying to disconnect un-connected pin 'Z[0]' of instance 'ND7[14]'.
I: Adm-6003: Trying to disconnect un-connected pin 'Z[0]' of instance 'ND7[15]'.
I: Adm-6003: Trying to disconnect un-connected pin 'Z[0]' of instance 'ND7[16]'.
I: Adm-6003: Trying to disconnect un-connected pin 'Z[0]' of instance 'ND7[17]'.
I: Adm-6003: Trying to disconnect un-connected pin 'Z[0]' of instance 'ND7[18]'.
I: Adm-6003: Trying to disconnect un-connected pin 'Z[0]' of instance 'ND7[19]'.
I: Adm-6003: Trying to disconnect un-connected pin 'Z[0]' of instance 'ND7[20]'.
I: Adm-6003: Trying to disconnect un-connected pin 'Z[0]' of instance 'ND7[21]'.
I: Adm-6003: Trying to disconnect un-connected pin 'Z[0]' of instance 'ND7[22]'.
I: Adm-6003: Trying to disconnect un-connected pin 'Z[0]' of instance 'ND7[23]'.
I: Adm-6003: Trying to disconnect un-connected pin 'Z[0]' of instance 'ND7[24]'.
I: Adm-6003: Trying to disconnect un-connected pin 'Z[0]' of instance 'ND7[25]'.
I: Adm-6003: Trying to disconnect un-connected pin 'Z[0]' of instance 'ND7[26]'.
I: Adm-6003: Trying to disconnect un-connected pin 'Z[0]' of instance 'ND7[27]'.
I: Adm-6003: Trying to disconnect un-connected pin 'Z[0]' of instance 'ND7[28]'.
I: Adm-6003: Trying to disconnect un-connected pin 'Z[0]' of instance 'ND7[29]'.
I: Adm-6003: Trying to disconnect un-connected pin 'Z[0]' of instance 'ND7[30]'.
I: Adm-6003: Trying to disconnect un-connected pin 'Z[0]' of instance 'ND7[31]'.
I: Adm-6003: Trying to disconnect un-connected pin 'Z[0]' of instance 'ND8[0]'.
I: Adm-6003: Trying to disconnect un-connected pin 'Z[0]' of instance 'ND8[1]'.
I: Adm-6003: Trying to disconnect un-connected pin 'Z[0]' of instance 'ND8[2]'.
I: Adm-6003: Trying to disconnect un-connected pin 'Z[0]' of instance 'ND8[3]'.
I: Adm-6003: Trying to disconnect un-connected pin 'Z[0]' of instance 'ND8[4]'.
I: Adm-6003: Trying to disconnect un-connected pin 'Z[0]' of instance 'ND8[5]'.
I: Adm-6003: Trying to disconnect un-connected pin 'Z[0]' of instance 'ND8[6]'.
I: Adm-6003: Trying to disconnect un-connected pin 'Z[0]' of instance 'ND8[7]'.
I: Adm-6003: Trying to disconnect un-connected pin 'Z[0]' of instance 'ND8[8]'.
I: Adm-6003: Trying to disconnect un-connected pin 'Z[0]' of instance 'ND8[9]'.
I: Adm-6003: Trying to disconnect un-connected pin 'Z[0]' of instance 'ND8[10]'.
I: Adm-6003: Trying to disconnect un-connected pin 'Z[0]' of instance 'ND8[11]'.
I: Adm-6003: Trying to disconnect un-connected pin 'Z[0]' of instance 'ND8[12]'.
I: Adm-6003: Trying to disconnect un-connected pin 'Z[0]' of instance 'ND8[13]'.
I: Adm-6003: Trying to disconnect un-connected pin 'Z[0]' of instance 'ND8[14]'.
I: Adm-6003: Trying to disconnect un-connected pin 'Z[0]' of instance 'ND8[15]'.
I: Adm-6003: Trying to disconnect un-connected pin 'Z[0]' of instance 'ND8[16]'.
I: Adm-6003: Trying to disconnect un-connected pin 'Z[0]' of instance 'ND8[17]'.
I: Adm-6003: Trying to disconnect un-connected pin 'Z[0]' of instance 'ND8[18]'.
I: Adm-6003: Trying to disconnect un-connected pin 'Z[0]' of instance 'ND8[19]'.
I: Adm-6003: Trying to disconnect un-connected pin 'Z[0]' of instance 'ND8[20]'.
I: Adm-6003: Trying to disconnect un-connected pin 'Z[0]' of instance 'ND8[21]'.
I: Adm-6003: Trying to disconnect un-connected pin 'Z[0]' of instance 'ND8[22]'.
I: Adm-6003: Trying to disconnect un-connected pin 'Z[0]' of instance 'ND8[23]'.
I: Adm-6003: Trying to disconnect un-connected pin 'Z[0]' of instance 'ND8[24]'.
I: Adm-6003: Trying to disconnect un-connected pin 'Z[0]' of instance 'ND8[25]'.
I: Adm-6003: Trying to disconnect un-connected pin 'Z[0]' of instance 'ND8[26]'.
I: Adm-6003: Trying to disconnect un-connected pin 'Z[0]' of instance 'ND8[27]'.
I: Adm-6003: Trying to disconnect un-connected pin 'Z[0]' of instance 'ND8[28]'.
I: Adm-6003: Trying to disconnect un-connected pin 'Z[0]' of instance 'ND8[29]'.
I: Adm-6003: Trying to disconnect un-connected pin 'Z[0]' of instance 'ND8[30]'.
Saving design to Hfpga_soc_syn.vm
Constructing timing graph ...
Timing graph has been constructed successfully
C: STA-3009: The clock Hfpga_soc|clk_p is not connected to any clock endpoints,it will be treated as a normal port or pin.
W: Timing-4086: Port 'cam1_scl' is not constrained, it is treated as combinational input.
W: Timing-4087: Port 'cam1_scl' is not constrained, it is treated as combinational output.
W: Timing-4086: Port 'cam1_sda' is not constrained, it is treated as combinational input.
W: Timing-4087: Port 'cam1_sda' is not constrained, it is treated as combinational output.
W: Timing-4086: Port 'cam2_scl' is not constrained, it is treated as combinational input.
W: Timing-4087: Port 'cam2_scl' is not constrained, it is treated as combinational output.
W: Timing-4086: Port 'cam2_sda' is not constrained, it is treated as combinational input.
W: Timing-4087: Port 'cam2_sda' is not constrained, it is treated as combinational output.
W: Timing-4086: Port 'fpioa[0]' is not constrained, it is treated as combinational input.
W: Timing-4087: Port 'fpioa[0]' is not constrained, it is treated as combinational output.
W: Timing-4086: Port 'fpioa[1]' is not constrained, it is treated as combinational input.
W: Timing-4087: Port 'fpioa[1]' is not constrained, it is treated as combinational output.
W: Timing-4086: Port 'fpioa[2]' is not constrained, it is treated as combinational input.
W: Timing-4087: Port 'fpioa[2]' is not constrained, it is treated as combinational output.
W: Timing-4086: Port 'fpioa[3]' is not constrained, it is treated as combinational input.
W: Timing-4087: Port 'fpioa[3]' is not constrained, it is treated as combinational output.
W: Timing-4086: Port 'fpioa[4]' is not constrained, it is treated as combinational input.
W: Timing-4087: Port 'fpioa[4]' is not constrained, it is treated as combinational output.
W: Timing-4086: Port 'fpioa[5]' is not constrained, it is treated as combinational input.
W: Timing-4087: Port 'fpioa[5]' is not constrained, it is treated as combinational output.
W: Timing-4086: Port 'fpioa[6]' is not constrained, it is treated as combinational input.
W: Timing-4087: Port 'fpioa[6]' is not constrained, it is treated as combinational output.
W: Timing-4086: Port 'fpioa[7]' is not constrained, it is treated as combinational input.
W: Timing-4087: Port 'fpioa[7]' is not constrained, it is treated as combinational output.
W: Timing-4086: Port 'fpioa[8]' is not constrained, it is treated as combinational input.
W: Timing-4087: Port 'fpioa[8]' is not constrained, it is treated as combinational output.
W: Timing-4086: Port 'fpioa[9]' is not constrained, it is treated as combinational input.
W: Timing-4087: Port 'fpioa[9]' is not constrained, it is treated as combinational output.
W: Timing-4086: Port 'fpioa[10]' is not constrained, it is treated as combinational input.
W: Timing-4087: Port 'fpioa[10]' is not constrained, it is treated as combinational output.
W: Timing-4086: Port 'fpioa[11]' is not constrained, it is treated as combinational input.
W: Timing-4087: Port 'fpioa[11]' is not constrained, it is treated as combinational output.
W: Timing-4086: Port 'fpioa[12]' is not constrained, it is treated as combinational input.
W: Timing-4087: Port 'fpioa[12]' is not constrained, it is treated as combinational output.
W: Timing-4086: Port 'fpioa[13]' is not constrained, it is treated as combinational input.
W: Timing-4087: Port 'fpioa[13]' is not constrained, it is treated as combinational output.
W: Timing-4086: Port 'fpioa[14]' is not constrained, it is treated as combinational input.
W: Timing-4087: Port 'fpioa[14]' is not constrained, it is treated as combinational output.
W: Timing-4086: Port 'fpioa[15]' is not constrained, it is treated as combinational input.
W: Timing-4087: Port 'fpioa[15]' is not constrained, it is treated as combinational output.
W: Timing-4086: Port 'fpioa[16]' is not constrained, it is treated as combinational input.
W: Timing-4087: Port 'fpioa[16]' is not constrained, it is treated as combinational output.
W: Timing-4086: Port 'fpioa[17]' is not constrained, it is treated as combinational input.
W: Timing-4087: Port 'fpioa[17]' is not constrained, it is treated as combinational output.
W: Timing-4086: Port 'fpioa[18]' is not constrained, it is treated as combinational input.
W: Timing-4087: Port 'fpioa[18]' is not constrained, it is treated as combinational output.
W: Timing-4086: Port 'fpioa[19]' is not constrained, it is treated as combinational input.
W: Timing-4087: Port 'fpioa[19]' is not constrained, it is treated as combinational output.
W: Timing-4086: Port 'fpioa[20]' is not constrained, it is treated as combinational input.
W: Timing-4087: Port 'fpioa[20]' is not constrained, it is treated as combinational output.
W: Timing-4086: Port 'fpioa[21]' is not constrained, it is treated as combinational input.
W: Timing-4087: Port 'fpioa[21]' is not constrained, it is treated as combinational output.
W: Timing-4086: Port 'fpioa[22]' is not constrained, it is treated as combinational input.
W: Timing-4087: Port 'fpioa[22]' is not constrained, it is treated as combinational output.
W: Timing-4086: Port 'fpioa[23]' is not constrained, it is treated as combinational input.
W: Timing-4087: Port 'fpioa[23]' is not constrained, it is treated as combinational output.
W: Timing-4086: Port 'fpioa[24]' is not constrained, it is treated as combinational input.
W: Timing-4087: Port 'fpioa[24]' is not constrained, it is treated as combinational output.
W: Timing-4086: Port 'fpioa[25]' is not constrained, it is treated as combinational input.
W: Timing-4087: Port 'fpioa[25]' is not constrained, it is treated as combinational output.
W: Timing-4086: Port 'fpioa[26]' is not constrained, it is treated as combinational input.
W: Timing-4087: Port 'fpioa[26]' is not constrained, it is treated as combinational output.
W: Timing-4086: Port 'fpioa[27]' is not constrained, it is treated as combinational input.
W: Timing-4087: Port 'fpioa[27]' is not constrained, it is treated as combinational output.
W: Timing-4086: Port 'fpioa[28]' is not constrained, it is treated as combinational input.
W: Timing-4087: Port 'fpioa[28]' is not constrained, it is treated as combinational output.
W: Timing-4086: Port 'fpioa[29]' is not constrained, it is treated as combinational input.
W: Timing-4087: Port 'fpioa[29]' is not constrained, it is treated as combinational output.
W: Timing-4086: Port 'fpioa[30]' is not constrained, it is treated as combinational input.
W: Timing-4087: Port 'fpioa[30]' is not constrained, it is treated as combinational output.
W: Timing-4086: Port 'fpioa[31]' is not constrained, it is treated as combinational input.
W: Timing-4087: Port 'fpioa[31]' is not constrained, it is treated as combinational output.
W: Timing-4086: Port 'mem_dq[0]' is not constrained, it is treated as combinational input.
W: Timing-4087: Port 'mem_dq[0]' is not constrained, it is treated as combinational output.
W: Timing-4086: Port 'mem_dq[1]' is not constrained, it is treated as combinational input.
W: Timing-4087: Port 'mem_dq[1]' is not constrained, it is treated as combinational output.
W: Timing-4086: Port 'mem_dq[2]' is not constrained, it is treated as combinational input.
W: Timing-4087: Port 'mem_dq[2]' is not constrained, it is treated as combinational output.
W: Timing-4086: Port 'mem_dq[3]' is not constrained, it is treated as combinational input.
W: Timing-4087: Port 'mem_dq[3]' is not constrained, it is treated as combinational output.
W: Timing-4086: Port 'mem_dq[4]' is not constrained, it is treated as combinational input.
W: Timing-4087: Port 'mem_dq[4]' is not constrained, it is treated as combinational output.
W: Timing-4086: Port 'mem_dq[5]' is not constrained, it is treated as combinational input.
W: Timing-4087: Port 'mem_dq[5]' is not constrained, it is treated as combinational output.
W: Timing-4086: Port 'mem_dq[6]' is not constrained, it is treated as combinational input.
W: Timing-4087: Port 'mem_dq[6]' is not constrained, it is treated as combinational output.
W: Timing-4086: Port 'mem_dq[7]' is not constrained, it is treated as combinational input.
W: Timing-4087: Port 'mem_dq[7]' is not constrained, it is treated as combinational output.
W: Timing-4086: Port 'mem_dq[8]' is not constrained, it is treated as combinational input.
W: Timing-4087: Port 'mem_dq[8]' is not constrained, it is treated as combinational output.
W: Timing-4086: Port 'mem_dq[9]' is not constrained, it is treated as combinational input.
W: Timing-4087: Port 'mem_dq[9]' is not constrained, it is treated as combinational output.
W: Timing-4086: Port 'mem_dq[10]' is not constrained, it is treated as combinational input.
W: Timing-4087: Port 'mem_dq[10]' is not constrained, it is treated as combinational output.
W: Timing-4086: Port 'mem_dq[11]' is not constrained, it is treated as combinational input.
W: Timing-4087: Port 'mem_dq[11]' is not constrained, it is treated as combinational output.
W: Timing-4086: Port 'mem_dq[12]' is not constrained, it is treated as combinational input.
W: Timing-4087: Port 'mem_dq[12]' is not constrained, it is treated as combinational output.
W: Timing-4086: Port 'mem_dq[13]' is not constrained, it is treated as combinational input.
W: Timing-4087: Port 'mem_dq[13]' is not constrained, it is treated as combinational output.
W: Timing-4086: Port 'mem_dq[14]' is not constrained, it is treated as combinational input.
W: Timing-4087: Port 'mem_dq[14]' is not constrained, it is treated as combinational output.
W: Timing-4086: Port 'mem_dq[15]' is not constrained, it is treated as combinational input.
W: Timing-4087: Port 'mem_dq[15]' is not constrained, it is treated as combinational output.
W: Timing-4086: Port 'mem_dq[16]' is not constrained, it is treated as combinational input.
W: Timing-4087: Port 'mem_dq[16]' is not constrained, it is treated as combinational output.
W: Timing-4086: Port 'mem_dq[17]' is not constrained, it is treated as combinational input.
W: Timing-4087: Port 'mem_dq[17]' is not constrained, it is treated as combinational output.
W: Timing-4086: Port 'mem_dq[18]' is not constrained, it is treated as combinational input.
W: Timing-4087: Port 'mem_dq[18]' is not constrained, it is treated as combinational output.
W: Timing-4086: Port 'mem_dq[19]' is not constrained, it is treated as combinational input.
W: Timing-4087: Port 'mem_dq[19]' is not constrained, it is treated as combinational output.
W: Timing-4086: Port 'mem_dq[20]' is not constrained, it is treated as combinational input.
W: Timing-4087: Port 'mem_dq[20]' is not constrained, it is treated as combinational output.
W: Timing-4086: Port 'mem_dq[21]' is not constrained, it is treated as combinational input.
W: Timing-4087: Port 'mem_dq[21]' is not constrained, it is treated as combinational output.
W: Timing-4086: Port 'mem_dq[22]' is not constrained, it is treated as combinational input.
W: Timing-4087: Port 'mem_dq[22]' is not constrained, it is treated as combinational output.
W: Timing-4086: Port 'mem_dq[23]' is not constrained, it is treated as combinational input.
W: Timing-4087: Port 'mem_dq[23]' is not constrained, it is treated as combinational output.
W: Timing-4086: Port 'mem_dq[24]' is not constrained, it is treated as combinational input.
W: Timing-4087: Port 'mem_dq[24]' is not constrained, it is treated as combinational output.
W: Timing-4086: Port 'mem_dq[25]' is not constrained, it is treated as combinational input.
W: Timing-4087: Port 'mem_dq[25]' is not constrained, it is treated as combinational output.
W: Timing-4086: Port 'mem_dq[26]' is not constrained, it is treated as combinational input.
W: Timing-4087: Port 'mem_dq[26]' is not constrained, it is treated as combinational output.
W: Timing-4086: Port 'mem_dq[27]' is not constrained, it is treated as combinational input.
W: Timing-4087: Port 'mem_dq[27]' is not constrained, it is treated as combinational output.
W: Timing-4086: Port 'mem_dq[28]' is not constrained, it is treated as combinational input.
W: Timing-4087: Port 'mem_dq[28]' is not constrained, it is treated as combinational output.
W: Timing-4086: Port 'mem_dq[29]' is not constrained, it is treated as combinational input.
W: Timing-4087: Port 'mem_dq[29]' is not constrained, it is treated as combinational output.
W: Timing-4086: Port 'mem_dq[30]' is not constrained, it is treated as combinational input.
W: Timing-4087: Port 'mem_dq[30]' is not constrained, it is treated as combinational output.
W: Timing-4086: Port 'mem_dq[31]' is not constrained, it is treated as combinational input.
W: Timing-4087: Port 'mem_dq[31]' is not constrained, it is treated as combinational output.
W: Timing-4087: Port 'mem_dqs[0]' is not constrained, it is treated as combinational output.
W: Timing-4087: Port 'mem_dqs[1]' is not constrained, it is treated as combinational output.
W: Timing-4087: Port 'mem_dqs[2]' is not constrained, it is treated as combinational output.
W: Timing-4087: Port 'mem_dqs[3]' is not constrained, it is treated as combinational output.
W: Timing-4087: Port 'mem_dqs_n[0]' is not constrained, it is treated as combinational output.
W: Timing-4087: Port 'mem_dqs_n[1]' is not constrained, it is treated as combinational output.
W: Timing-4087: Port 'mem_dqs_n[2]' is not constrained, it is treated as combinational output.
W: Timing-4087: Port 'mem_dqs_n[3]' is not constrained, it is treated as combinational output.
W: Timing-4087: Port 'JTAG_TDO' is not constrained, it is treated as combinational output.
W: Timing-4087: Port 'cam1_reset_n' is not constrained, it is treated as combinational output.
W: Timing-4087: Port 'cam2_reset_n' is not constrained, it is treated as combinational output.
W: Timing-4087: Port 'core_active' is not constrained, it is treated as combinational output.
W: Timing-4087: Port 'flash_cs2_n' is not constrained, it is treated as combinational output.
W: Timing-4087: Port 'flash_cs_n' is not constrained, it is treated as combinational output.
W: Timing-4087: Port 'flash_hold_n' is not constrained, it is treated as combinational output.
W: Timing-4087: Port 'flash_mosi' is not constrained, it is treated as combinational output.
W: Timing-4087: Port 'flash_wp_n' is not constrained, it is treated as combinational output.
W: Timing-4087: Port 'mem_a[0]' is not constrained, it is treated as combinational output.
W: Timing-4087: Port 'mem_a[1]' is not constrained, it is treated as combinational output.
W: Timing-4087: Port 'mem_a[2]' is not constrained, it is treated as combinational output.
W: Timing-4087: Port 'mem_a[3]' is not constrained, it is treated as combinational output.
W: Timing-4087: Port 'mem_a[4]' is not constrained, it is treated as combinational output.
W: Timing-4087: Port 'mem_a[5]' is not constrained, it is treated as combinational output.
W: Timing-4087: Port 'mem_a[6]' is not constrained, it is treated as combinational output.
W: Timing-4087: Port 'mem_a[7]' is not constrained, it is treated as combinational output.
W: Timing-4087: Port 'mem_a[8]' is not constrained, it is treated as combinational output.
W: Timing-4087: Port 'mem_a[9]' is not constrained, it is treated as combinational output.
W: Timing-4087: Port 'mem_a[10]' is not constrained, it is treated as combinational output.
W: Timing-4087: Port 'mem_a[11]' is not constrained, it is treated as combinational output.
W: Timing-4087: Port 'mem_a[12]' is not constrained, it is treated as combinational output.
W: Timing-4087: Port 'mem_a[13]' is not constrained, it is treated as combinational output.
W: Timing-4087: Port 'mem_a[14]' is not constrained, it is treated as combinational output.
W: Timing-4087: Port 'mem_ba[0]' is not constrained, it is treated as combinational output.
W: Timing-4087: Port 'mem_ba[1]' is not constrained, it is treated as combinational output.
W: Timing-4087: Port 'mem_ba[2]' is not constrained, it is treated as combinational output.
W: Timing-4087: Port 'mem_cas_n' is not constrained, it is treated as combinational output.
W: Timing-4087: Port 'mem_ck' is not constrained, it is treated as combinational output.
W: Timing-4087: Port 'mem_ck_n' is not constrained, it is treated as combinational output.
W: Timing-4087: Port 'mem_cke' is not constrained, it is treated as combinational output.
W: Timing-4087: Port 'mem_cs_n' is not constrained, it is treated as combinational output.
W: Timing-4087: Port 'mem_dm[0]' is not constrained, it is treated as combinational output.
W: Timing-4087: Port 'mem_dm[1]' is not constrained, it is treated as combinational output.
W: Timing-4087: Port 'mem_dm[2]' is not constrained, it is treated as combinational output.
W: Timing-4087: Port 'mem_dm[3]' is not constrained, it is treated as combinational output.
W: Timing-4087: Port 'mem_odt' is not constrained, it is treated as combinational output.
W: Timing-4087: Port 'mem_ras_n' is not constrained, it is treated as combinational output.
W: Timing-4087: Port 'mem_rst_n' is not constrained, it is treated as combinational output.
W: Timing-4087: Port 'mem_we_n' is not constrained, it is treated as combinational output.
W: Timing-4086: Port 'JTAG_TDI' is not constrained, it is treated as combinational input.
W: Timing-4086: Port 'JTAG_TMS' is not constrained, it is treated as combinational input.
W: Timing-4086: Port 'cam1_data[0]' is not constrained, it is treated as combinational input.
W: Timing-4086: Port 'cam1_data[1]' is not constrained, it is treated as combinational input.
W: Timing-4086: Port 'cam1_data[2]' is not constrained, it is treated as combinational input.
W: Timing-4086: Port 'cam1_data[3]' is not constrained, it is treated as combinational input.
W: Timing-4086: Port 'cam1_data[4]' is not constrained, it is treated as combinational input.
W: Timing-4086: Port 'cam1_data[5]' is not constrained, it is treated as combinational input.
W: Timing-4086: Port 'cam1_data[6]' is not constrained, it is treated as combinational input.
W: Timing-4086: Port 'cam1_data[7]' is not constrained, it is treated as combinational input.
W: Timing-4086: Port 'cam1_href' is not constrained, it is treated as combinational input.
W: Timing-4086: Port 'cam1_vsync' is not constrained, it is treated as combinational input.
W: Timing-4086: Port 'cam2_data0' is not constrained, it is treated as combinational input.
W: Timing-4086: Port 'cam2_data3' is not constrained, it is treated as combinational input.
W: Timing-4086: Port 'cam2_data_hi[0]' is not constrained, it is treated as combinational input.
W: Timing-4086: Port 'cam2_data_hi[1]' is not constrained, it is treated as combinational input.
W: Timing-4086: Port 'cam2_data_hi[2]' is not constrained, it is treated as combinational input.
W: Timing-4086: Port 'cam2_href' is not constrained, it is treated as combinational input.
W: Timing-4086: Port 'cam2_vsync' is not constrained, it is treated as combinational input.
W: Timing-4086: Port 'clk_n' is not constrained, it is treated as combinational input.
W: Timing-4086: Port 'flash_miso' is not constrained, it is treated as combinational input.
W: Timing-4086: Port 'hard_rst_n' is not constrained, it is treated as combinational input.
Action synthesize: Real time elapsed is 0h:1m:38s
Action synthesize: CPU time elapsed is 0h:0m:8s
Action synthesize: Process CPU time elapsed is 0h:0m:8s
Current time: Sat Oct  3 16:07:16 2026
Action synthesize: Peak memory pool usage is 1,188 MB
