#Build: Fabric Compiler 2022.2-SP6.4, Build 146967, Jan 31 01:39 2024
#Install: F:\PDS_2022.2-SP6.4\bin
#Application name: pds.exe
#OS: Windows 10 10.0.22621
#Hostname: ZHAO-Zhenxiang
Generated by Fabric Compiler (version 2022.2-SP6.4 build 146967) at Tue Oct  6 18:13:14 2026
Compiling architecture definition.
Analyzing project file 'F:/SocFpga/project/project.pds'.
License checkout: fabric_ads from F:\Jichuang-small_eyes\pango_license\new_pds_F4A80DA47D72.lic
Compiling verification operator library.
Loading technology operator library.
Compiling technology operator library.
Compiling technology operator (valence) library.
I: Enable Verilog2k features and keywords
Start rtl-analyze.
Executing : .rtl_analyze -work work -include_path {F:/SocFpga/project} F:/SocFpga/cpu/axi_bridge.v
I: Verilog-0001: Analyzing file F:/SocFpga/cpu/axi_bridge.v
I: Verilog-0002: [F:/SocFpga/cpu/axi_bridge.v(line number: 2)] Analyzing module axi_bridge (library work)
Parsing done.
Executing : .rtl_analyze -work work -include_path {F:/SocFpga/project} F:/SocFpga/cpu/axi_bridge.v successfully.
Executing : .rtl_analyze -work work -include_path {F:/SocFpga/project} F:/SocFpga/cpu/Btb.v
I: Verilog-0001: Analyzing file F:/SocFpga/cpu/Btb.v
I: Verilog-0002: [F:/SocFpga/cpu/Btb.v(line number: 2)] Analyzing module Btb (library work)
Parsing done.
Executing : .rtl_analyze -work work -include_path {F:/SocFpga/project} F:/SocFpga/cpu/Btb.v successfully.
Executing : .rtl_analyze -work work -include_path {F:/SocFpga/project} F:/SocFpga/cpu/cache_bram.v
I: Verilog-0001: Analyzing file F:/SocFpga/cpu/cache_bram.v
I: Verilog-0002: [F:/SocFpga/cpu/cache_bram.v(line number: 28)] Analyzing module data_bank_sram (library work)
I: Verilog-0002: [F:/SocFpga/cpu/cache_bram.v(line number: 48)] Analyzing module tagv_sram (library work)
Parsing done.
Executing : .rtl_analyze -work work -include_path {F:/SocFpga/project} F:/SocFpga/cpu/cache_bram.v successfully.
Executing : .rtl_analyze -work work -include_path {F:/SocFpga/project} F:/SocFpga/cpu/cache_util.v
I: Verilog-0001: Analyzing file F:/SocFpga/cpu/cache_util.v
I: Verilog-0002: [F:/SocFpga/cpu/cache_util.v(line number: 4)] Analyzing module decoder_2_4 (library work)
I: Verilog-0002: [F:/SocFpga/cpu/cache_util.v(line number: 14)] Analyzing module one_valid_n (library work)
I: Verilog-0002: [F:/SocFpga/cpu/cache_util.v(line number: 33)] Analyzing module lfsr (library work)
Parsing done.
Executing : .rtl_analyze -work work -include_path {F:/SocFpga/project} F:/SocFpga/cpu/cache_util.v successfully.
Executing : .rtl_analyze -work work -include_path {F:/SocFpga/project} F:/SocFpga/cpu/cpu_bram_mem.v
I: Verilog-0001: Analyzing file F:/SocFpga/cpu/cpu_bram_mem.v
I: Verilog-0002: [F:/SocFpga/cpu/cpu_bram_mem.v(line number: 8)] Analyzing module cpu_bram_mem (library work)
Parsing done.
Executing : .rtl_analyze -work work -include_path {F:/SocFpga/project} F:/SocFpga/cpu/cpu_bram_mem.v successfully.
Executing : .rtl_analyze -work work -include_path {F:/SocFpga/project} F:/SocFpga/cpu/dcache.v
I: Verilog-0001: Analyzing file F:/SocFpga/cpu/dcache.v
I: Verilog-0002: [F:/SocFpga/cpu/dcache.v(line number: 3)] Analyzing module dcache (library work)
Parsing done.
Executing : .rtl_analyze -work work -include_path {F:/SocFpga/project} F:/SocFpga/cpu/dcache.v successfully.
Executing : .rtl_analyze -work work -include_path {F:/SocFpga/project} F:/SocFpga/cpu/div.v
I: Verilog-0001: Analyzing file F:/SocFpga/cpu/div.v
I: Verilog-0002: [F:/SocFpga/cpu/div.v(line number: 3)] Analyzing module div (library work)
Parsing done.
Executing : .rtl_analyze -work work -include_path {F:/SocFpga/project} F:/SocFpga/cpu/div.v successfully.
Executing : .rtl_analyze -work work -include_path {F:/SocFpga/project} F:/SocFpga/cpu/Halu.v
I: Verilog-0001: Analyzing file F:/SocFpga/cpu/Halu.v
I: Verilog-0002: [F:/SocFpga/cpu/Halu.v(line number: 2)] Analyzing module Halu (library work)
Parsing done.
Executing : .rtl_analyze -work work -include_path {F:/SocFpga/project} F:/SocFpga/cpu/Halu.v successfully.
Executing : .rtl_analyze -work work -include_path {F:/SocFpga/project} F:/SocFpga/cpu/Hcsr.v
I: Verilog-0001: Analyzing file F:/SocFpga/cpu/Hcsr.v
I: Found Verilog include file F:/SocFpga/soc/soc_addr_map.vh
I: Verilog-0002: [F:/SocFpga/cpu/Hcsr.v(line number: 5)] Analyzing module Hcsr (library work)
Parsing done.
Executing : .rtl_analyze -work work -include_path {F:/SocFpga/project} F:/SocFpga/cpu/Hcsr.v successfully.
Executing : .rtl_analyze -work work -include_path {F:/SocFpga/project} F:/SocFpga/cpu/Hexu.v
I: Verilog-0001: Analyzing file F:/SocFpga/cpu/Hexu.v
I: Verilog-0002: [F:/SocFpga/cpu/Hexu.v(line number: 3)] Analyzing module Hexu (library work)
Parsing done.
Executing : .rtl_analyze -work work -include_path {F:/SocFpga/project} F:/SocFpga/cpu/Hexu.v successfully.
Executing : .rtl_analyze -work work -include_path {F:/SocFpga/project} F:/SocFpga/cpu/Hidu.v
I: Verilog-0001: Analyzing file F:/SocFpga/cpu/Hidu.v
I: Verilog-0002: [F:/SocFpga/cpu/Hidu.v(line number: 3)] Analyzing module Hidu (library work)
Parsing done.
Executing : .rtl_analyze -work work -include_path {F:/SocFpga/project} F:/SocFpga/cpu/Hidu.v successfully.
Executing : .rtl_analyze -work work -include_path {F:/SocFpga/project} F:/SocFpga/cpu/Hifu.v
I: Verilog-0001: Analyzing file F:/SocFpga/cpu/Hifu.v
I: Verilog-0002: [F:/SocFpga/cpu/Hifu.v(line number: 3)] Analyzing module Hifu (library work)
Parsing done.
Executing : .rtl_analyze -work work -include_path {F:/SocFpga/project} F:/SocFpga/cpu/Hifu.v successfully.
Executing : .rtl_analyze -work work -include_path {F:/SocFpga/project} F:/SocFpga/cpu/Hmemu.v
I: Verilog-0001: Analyzing file F:/SocFpga/cpu/Hmemu.v
I: Verilog-0002: [F:/SocFpga/cpu/Hmemu.v(line number: 4)] Analyzing module Hmemu (library work)
Parsing done.
Executing : .rtl_analyze -work work -include_path {F:/SocFpga/project} F:/SocFpga/cpu/Hmemu.v successfully.
Executing : .rtl_analyze -work work -include_path {F:/SocFpga/project} F:/SocFpga/cpu/HRegFile.v
I: Verilog-0001: Analyzing file F:/SocFpga/cpu/HRegFile.v
I: Verilog-0002: [F:/SocFpga/cpu/HRegFile.v(line number: 3)] Analyzing module HRegFile (library work)
Parsing done.
Executing : .rtl_analyze -work work -include_path {F:/SocFpga/project} F:/SocFpga/cpu/HRegFile.v successfully.
Executing : .rtl_analyze -work work -include_path {F:/SocFpga/project} F:/SocFpga/cpu/Htop.v
I: Verilog-0001: Analyzing file F:/SocFpga/cpu/Htop.v
I: Verilog-0002: [F:/SocFpga/cpu/Htop.v(line number: 3)] Analyzing module Htop (library work)
Parsing done.
Executing : .rtl_analyze -work work -include_path {F:/SocFpga/project} F:/SocFpga/cpu/Htop.v successfully.
Executing : .rtl_analyze -work work -include_path {F:/SocFpga/project} F:/SocFpga/cpu/Hwbu.v
I: Verilog-0001: Analyzing file F:/SocFpga/cpu/Hwbu.v
I: Verilog-0002: [F:/SocFpga/cpu/Hwbu.v(line number: 3)] Analyzing module Hwbu (library work)
Parsing done.
Executing : .rtl_analyze -work work -include_path {F:/SocFpga/project} F:/SocFpga/cpu/Hwbu.v successfully.
Executing : .rtl_analyze -work work -include_path {F:/SocFpga/project} F:/SocFpga/cpu/icache.v
I: Verilog-0001: Analyzing file F:/SocFpga/cpu/icache.v
I: Verilog-0002: [F:/SocFpga/cpu/icache.v(line number: 3)] Analyzing module icache (library work)
Parsing done.
Executing : .rtl_analyze -work work -include_path {F:/SocFpga/project} F:/SocFpga/cpu/icache.v successfully.
Executing : .rtl_analyze -work work -include_path {F:/SocFpga/project} F:/SocFpga/cpu/mul.v
I: Verilog-0001: Analyzing file F:/SocFpga/cpu/mul.v
I: Verilog-0002: [F:/SocFpga/cpu/mul.v(line number: 9)] Analyzing module mul (library work)
Parsing done.
Executing : .rtl_analyze -work work -include_path {F:/SocFpga/project} F:/SocFpga/cpu/mul.v successfully.
Executing : .rtl_analyze -work work -include_path {F:/SocFpga/project} F:/SocFpga/jtag/full_handshake_rx.v
I: Verilog-0001: Analyzing file F:/SocFpga/jtag/full_handshake_rx.v
I: Verilog-0002: [F:/SocFpga/jtag/full_handshake_rx.v(line number: 7)] Analyzing module full_handshake_rx (library work)
Parsing done.
Executing : .rtl_analyze -work work -include_path {F:/SocFpga/project} F:/SocFpga/jtag/full_handshake_rx.v successfully.
Executing : .rtl_analyze -work work -include_path {F:/SocFpga/project} F:/SocFpga/jtag/full_handshake_tx.v
I: Verilog-0001: Analyzing file F:/SocFpga/jtag/full_handshake_tx.v
I: Verilog-0002: [F:/SocFpga/jtag/full_handshake_tx.v(line number: 7)] Analyzing module full_handshake_tx (library work)
Parsing done.
Executing : .rtl_analyze -work work -include_path {F:/SocFpga/project} F:/SocFpga/jtag/full_handshake_tx.v successfully.
Executing : .rtl_analyze -work work -include_path {F:/SocFpga/project} F:/SocFpga/jtag/jtag_dm.v
I: Verilog-0001: Analyzing file F:/SocFpga/jtag/jtag_dm.v
I: Found Verilog include file F:/SocFpga/soc/defines.v
I: Found Verilog include file F:/SocFpga/soc/config.v
I: Found Verilog include file F:/SocFpga/soc/soc_addr_map.vh
W: Public-4030: File 'F:/SocFpga/soc/soc_addr_map.vh' has been added. It is skipped.
I: Verilog-0002: [F:/SocFpga/jtag/jtag_dm.v(line number: 2)] Analyzing module jtag_dm (library work)
Parsing done.
Executing : .rtl_analyze -work work -include_path {F:/SocFpga/project} F:/SocFpga/jtag/jtag_dm.v successfully.
Executing : .rtl_analyze -work work -include_path {F:/SocFpga/project} F:/SocFpga/jtag/jtag_driver.v
I: Verilog-0001: Analyzing file F:/SocFpga/jtag/jtag_driver.v
I: Verilog-0002: [F:/SocFpga/jtag/jtag_driver.v(line number: 1)] Analyzing module jtag_driver (library work)
Parsing done.
Executing : .rtl_analyze -work work -include_path {F:/SocFpga/project} F:/SocFpga/jtag/jtag_driver.v successfully.
Executing : .rtl_analyze -work work -include_path {F:/SocFpga/project} F:/SocFpga/jtag/jtag_top.v
I: Verilog-0001: Analyzing file F:/SocFpga/jtag/jtag_top.v
I: Found Verilog include file F:/SocFpga/soc/defines.v
W: Public-4030: File 'F:/SocFpga/soc/defines.v' has been added. It is skipped.
I: Found Verilog include file F:/SocFpga/soc/config.v
W: Public-4030: File 'F:/SocFpga/soc/config.v' has been added. It is skipped.
I: Found Verilog include file F:/SocFpga/soc/soc_addr_map.vh
W: Public-4030: File 'F:/SocFpga/soc/soc_addr_map.vh' has been added. It is skipped.
I: Verilog-0002: [F:/SocFpga/jtag/jtag_top.v(line number: 3)] Analyzing module jtag_top (library work)
Parsing done.
Executing : .rtl_analyze -work work -include_path {F:/SocFpga/project} F:/SocFpga/jtag/jtag_top.v successfully.
Executing : .rtl_analyze -work work -include_path {F:/SocFpga/project} F:/SocFpga/soc/axi_mem_backend.v
I: Verilog-0001: Analyzing file F:/SocFpga/soc/axi_mem_backend.v
I: Verilog-0002: [F:/SocFpga/soc/axi_mem_backend.v(line number: 10)] Analyzing module axi_mem_backend (library work)
Parsing done.
Executing : .rtl_analyze -work work -include_path {F:/SocFpga/project} F:/SocFpga/soc/axi_mem_backend.v successfully.
Executing : .rtl_analyze -work work -include_path {F:/SocFpga/project} F:/SocFpga/soc/ddr_axi_bridge.v
I: Verilog-0001: Analyzing file F:/SocFpga/soc/ddr_axi_bridge.v
I: Verilog-0002: [F:/SocFpga/soc/ddr_axi_bridge.v(line number: 8)] Analyzing module ddr_axi_bridge (library work)
Parsing done.
Executing : .rtl_analyze -work work -include_path {F:/SocFpga/project} F:/SocFpga/soc/ddr_axi_bridge.v successfully.
Executing : .rtl_analyze -work work -include_path {F:/SocFpga/project} F:/SocFpga/soc/Debug_core.v
I: Verilog-0001: Analyzing file F:/SocFpga/soc/Debug_core.v
I: Verilog-0002: [F:/SocFpga/soc/Debug_core.v(line number: 5)] Analyzing module Debug_core (library work)
Parsing done.
Executing : .rtl_analyze -work work -include_path {F:/SocFpga/project} F:/SocFpga/soc/Debug_core.v successfully.
Executing : .rtl_analyze -work work -include_path {F:/SocFpga/project} F:/SocFpga/soc/Hnpu_ctrl.v
I: Verilog-0001: Analyzing file F:/SocFpga/soc/Hnpu_ctrl.v
I: Found Verilog include file F:/SocFpga/soc/soc_addr_map.vh
W: Public-4030: File 'F:/SocFpga/soc/soc_addr_map.vh' has been added. It is skipped.
I: Verilog-0002: [F:/SocFpga/soc/Hnpu_ctrl.v(line number: 11)] Analyzing module Hnpu_ctrl (library work)
Parsing done.
Executing : .rtl_analyze -work work -include_path {F:/SocFpga/project} F:/SocFpga/soc/Hnpu_ctrl.v successfully.
Executing : .rtl_analyze -work work -include_path {F:/SocFpga/project} F:/SocFpga/soc/Hnpu_dma.v
I: Verilog-0001: Analyzing file F:/SocFpga/soc/Hnpu_dma.v
I: Found Verilog include file F:/SocFpga/soc/soc_addr_map.vh
W: Public-4030: File 'F:/SocFpga/soc/soc_addr_map.vh' has been added. It is skipped.
I: Verilog-0002: [F:/SocFpga/soc/Hnpu_dma.v(line number: 15)] Analyzing module Hnpu_dma (library work)
Parsing done.
Executing : .rtl_analyze -work work -include_path {F:/SocFpga/project} F:/SocFpga/soc/Hnpu_dma.v successfully.
Executing : .rtl_analyze -work work -include_path {F:/SocFpga/project} F:/SocFpga/soc/Haxi_2m1s_arbiter.v
I: Verilog-0001: Analyzing file F:/SocFpga/soc/Haxi_2m1s_arbiter.v
I: Verilog-0002: [F:/SocFpga/soc/Haxi_2m1s_arbiter.v(line number: 9)] Analyzing module Haxi_2m1s_arbiter (library work)
Parsing done.
Executing : .rtl_analyze -work work -include_path {F:/SocFpga/project} F:/SocFpga/soc/Haxi_2m1s_arbiter.v successfully.
Executing : .rtl_analyze -work work -include_path {F:/SocFpga/project} F:/SocFpga/soc/Hfpga_soc.v
I: Verilog-0001: Analyzing file F:/SocFpga/soc/Hfpga_soc.v
I: Found Verilog include file F:/SocFpga/soc/soc_addr_map.vh
W: Public-4030: File 'F:/SocFpga/soc/soc_addr_map.vh' has been added. It is skipped.
I: Found Verilog include file F:/SocFpga/soc/soc_timeout.vh
I: Found Verilog include file F:/SocFpga/soc/soc_addr_map.vh
W: Public-4030: File 'F:/SocFpga/soc/soc_addr_map.vh' has been added. It is skipped.
I: Verilog-0002: [F:/SocFpga/soc/Hfpga_soc.v(line number: 22)] Analyzing module Hfpga_soc (library work)
Parsing done.
Executing : .rtl_analyze -work work -include_path {F:/SocFpga/project} F:/SocFpga/soc/Hfpga_soc.v successfully.
Executing : .rtl_analyze -work work -include_path {F:/SocFpga/project} F:/SocFpga/soc/Hfpga_soc_bram_profile.v
I: Verilog-0001: Analyzing file F:/SocFpga/soc/Hfpga_soc_bram_profile.v
I: Found Verilog include file F:/SocFpga/soc/soc_addr_map.vh
W: Public-4030: File 'F:/SocFpga/soc/soc_addr_map.vh' has been added. It is skipped.
I: Found Verilog include file F:/SocFpga/soc/soc_timeout.vh
W: Public-4030: File 'F:/SocFpga/soc/soc_timeout.vh' has been added. It is skipped.
I: Verilog-0002: [F:/SocFpga/soc/Hfpga_soc_bram_profile.v(line number: 11)] Analyzing module Hfpga_soc_bram_profile (library work)
Parsing done.
Executing : .rtl_analyze -work work -include_path {F:/SocFpga/project} F:/SocFpga/soc/Hfpga_soc_bram_profile.v successfully.
Executing : .rtl_analyze -work work -include_path {F:/SocFpga/project} F:/SocFpga/soc/Hcamera_sccb_gpio.v
I: Verilog-0001: Analyzing file F:/SocFpga/soc/Hcamera_sccb_gpio.v
I: Found Verilog include file F:/SocFpga/soc/soc_addr_map.vh
W: Public-4030: File 'F:/SocFpga/soc/soc_addr_map.vh' has been added. It is skipped.
I: Verilog-0002: [F:/SocFpga/soc/Hcamera_sccb_gpio.v(line number: 21)] Analyzing module Hcamera_sccb_gpio (library work)
Parsing done.
Executing : .rtl_analyze -work work -include_path {F:/SocFpga/project} F:/SocFpga/soc/Hcamera_sccb_gpio.v successfully.
Executing : .rtl_analyze -work work -include_path {F:/SocFpga/project} F:/SocFpga/soc/Hcamera_dvp_rx.v
I: Verilog-0001: Analyzing file F:/SocFpga/soc/Hcamera_dvp_rx.v
I: Verilog-0002: [F:/SocFpga/soc/Hcamera_dvp_rx.v(line number: 5)] Analyzing module Hcamera_dvp_rx (library work)
Parsing done.
Executing : .rtl_analyze -work work -include_path {F:/SocFpga/project} F:/SocFpga/soc/Hcamera_dvp_rx.v successfully.
Executing : .rtl_analyze -work work -include_path {F:/SocFpga/project} F:/SocFpga/soc/Hcamera_dvp_regs.v
I: Verilog-0001: Analyzing file F:/SocFpga/soc/Hcamera_dvp_regs.v
I: Found Verilog include file F:/SocFpga/soc/soc_addr_map.vh
W: Public-4030: File 'F:/SocFpga/soc/soc_addr_map.vh' has been added. It is skipped.
I: Verilog-0002: [F:/SocFpga/soc/Hcamera_dvp_regs.v(line number: 6)] Analyzing module Hcamera_dvp_regs (library work)
Parsing done.
Executing : .rtl_analyze -work work -include_path {F:/SocFpga/project} F:/SocFpga/soc/Hcamera_dvp_regs.v successfully.
Executing : .rtl_analyze -work work -include_path {F:/SocFpga/project} F:/SocFpga/soc/Hfpioa_simple.v
I: Verilog-0001: Analyzing file F:/SocFpga/soc/Hfpioa_simple.v
I: Found Verilog include file F:/SocFpga/soc/soc_addr_map.vh
W: Public-4030: File 'F:/SocFpga/soc/soc_addr_map.vh' has been added. It is skipped.
I: Verilog-0002: [F:/SocFpga/soc/Hfpioa_simple.v(line number: 6)] Analyzing module Hfpioa_simple (library work)
Parsing done.
Executing : .rtl_analyze -work work -include_path {F:/SocFpga/project} F:/SocFpga/soc/Hfpioa_simple.v successfully.
Executing : .rtl_analyze -work work -include_path {F:/SocFpga/project} F:/SocFpga/soc/Hled.v
I: Verilog-0001: Analyzing file F:/SocFpga/soc/Hled.v
I: Verilog-0002: [F:/SocFpga/soc/Hled.v(line number: 3)] Analyzing module Hled (library work)
Parsing done.
Executing : .rtl_analyze -work work -include_path {F:/SocFpga/project} F:/SocFpga/soc/Hled.v successfully.
Executing : .rtl_analyze -work work -include_path {F:/SocFpga/project} F:/SocFpga/soc/Huart_tx.v
I: Verilog-0001: Analyzing file F:/SocFpga/soc/Huart_tx.v
I: Found Verilog include file F:/SocFpga/soc/soc_addr_map.vh
W: Public-4030: File 'F:/SocFpga/soc/soc_addr_map.vh' has been added. It is skipped.
I: Verilog-0002: [F:/SocFpga/soc/Huart_tx.v(line number: 6)] Analyzing module Huart_tx (library work)
Parsing done.
Executing : .rtl_analyze -work work -include_path {F:/SocFpga/project} F:/SocFpga/soc/Huart_tx.v successfully.
Executing : .rtl_analyze -work work -include_path {F:/SocFpga/project} F:/SocFpga/soc/flash_boot/flash_ddr_boot.v
I: Verilog-0001: Analyzing file F:/SocFpga/soc/flash_boot/flash_ddr_boot.v
I: Verilog-0002: [F:/SocFpga/soc/flash_boot/flash_ddr_boot.v(line number: 12)] Analyzing module flash_ddr_boot (library work)
Parsing done.
Executing : .rtl_analyze -work work -include_path {F:/SocFpga/project} F:/SocFpga/soc/flash_boot/flash_ddr_boot.v successfully.
Executing : .rtl_analyze -work work -include_path {F:/SocFpga/project} F:/SocFpga/soc/flash_boot/flash_ddr_loader.v
I: Verilog-0001: Analyzing file F:/SocFpga/soc/flash_boot/flash_ddr_loader.v
I: Verilog-0002: [F:/SocFpga/soc/flash_boot/flash_ddr_loader.v(line number: 5)] Analyzing module flash_ddr_loader (library work)
Parsing done.
Executing : .rtl_analyze -work work -include_path {F:/SocFpga/project} F:/SocFpga/soc/flash_boot/flash_ddr_loader.v successfully.
Executing : .rtl_analyze -work work -include_path {F:/SocFpga/project} F:/SocFpga/soc/flash_boot/spi_flash_byte_reader.v
I: Verilog-0001: Analyzing file F:/SocFpga/soc/flash_boot/spi_flash_byte_reader.v
I: Verilog-0002: [F:/SocFpga/soc/flash_boot/spi_flash_byte_reader.v(line number: 5)] Analyzing module spi_flash_byte_reader (library work)
Parsing done.
Executing : .rtl_analyze -work work -include_path {F:/SocFpga/project} F:/SocFpga/soc/flash_boot/spi_flash_byte_reader.v successfully.
Executing : .rtl_analyze -work work -include_path {F:/SocFpga/project} F:/SocFpga/soc/flash_boot/flash_bram_boot.v
I: Verilog-0001: Analyzing file F:/SocFpga/soc/flash_boot/flash_bram_boot.v
I: Verilog-0002: [F:/SocFpga/soc/flash_boot/flash_bram_boot.v(line number: 6)] Analyzing module flash_bram_boot (library work)
Parsing done.
Executing : .rtl_analyze -work work -include_path {F:/SocFpga/project} F:/SocFpga/soc/flash_boot/flash_bram_boot.v successfully.
Executing : .rtl_analyze -work work -include_path {F:/SocFpga/project} F:/SocFpga/soc/Hpreprocess_color.v
I: Verilog-0001: Analyzing file F:/SocFpga/soc/Hpreprocess_color.v
I: Verilog-0002: [F:/SocFpga/soc/Hpreprocess_color.v(line number: 5)] Analyzing module Hpreprocess_color (library work)
Parsing done.
Executing : .rtl_analyze -work work -include_path {F:/SocFpga/project} F:/SocFpga/soc/Hpreprocess_color.v successfully.
Executing : .rtl_analyze -work work -include_path {F:/SocFpga/project} F:/SocFpga/soc/Hpreprocess_regions.v
I: Verilog-0001: Analyzing file F:/SocFpga/soc/Hpreprocess_regions.v
I: Verilog-0002: [F:/SocFpga/soc/Hpreprocess_regions.v(line number: 6)] Analyzing module Hpreprocess_regions (library work)
Parsing done.
Executing : .rtl_analyze -work work -include_path {F:/SocFpga/project} F:/SocFpga/soc/Hpreprocess_regions.v successfully.
Executing : .rtl_analyze -work work -include_path {F:/SocFpga/project} F:/SocFpga/soc/Hcamera_preprocess.v
I: Verilog-0001: Analyzing file F:/SocFpga/soc/Hcamera_preprocess.v
I: Found Verilog include file F:/SocFpga/soc/soc_addr_map.vh
W: Public-4030: File 'F:/SocFpga/soc/soc_addr_map.vh' has been added. It is skipped.
I: Verilog-0002: [F:/SocFpga/soc/Hcamera_preprocess.v(line number: 8)] Analyzing module Hcamera_preprocess (library work)
Parsing done.
Executing : .rtl_analyze -work work -include_path {F:/SocFpga/project} F:/SocFpga/soc/Hcamera_preprocess.v successfully.
Executing : .rtl_analyze -work work -include_path {F:/SocFpga/project} F:/SocFpga/soc/Hpreprocess_stereo.v
I: Verilog-0001: Analyzing file F:/SocFpga/soc/Hpreprocess_stereo.v
I: Found Verilog include file F:/SocFpga/soc/soc_addr_map.vh
W: Public-4030: File 'F:/SocFpga/soc/soc_addr_map.vh' has been added. It is skipped.
I: Verilog-0002: [F:/SocFpga/soc/Hpreprocess_stereo.v(line number: 6)] Analyzing module Hpreprocess_stereo (library work)
Parsing done.
Executing : .rtl_analyze -work work -include_path {F:/SocFpga/project} F:/SocFpga/soc/Hpreprocess_stereo.v successfully.
Executing : .rtl_analyze -work work -include_path {F:/SocFpga/project} F:/SocFpga/soc/Hcamera_subsystem.v
I: Verilog-0001: Analyzing file F:/SocFpga/soc/Hcamera_subsystem.v
I: Found Verilog include file F:/SocFpga/soc/soc_addr_map.vh
W: Public-4030: File 'F:/SocFpga/soc/soc_addr_map.vh' has been added. It is skipped.
I: Found Verilog include file F:/SocFpga/soc/soc_timeout.vh
W: Public-4030: File 'F:/SocFpga/soc/soc_timeout.vh' has been added. It is skipped.
I: Found Verilog include file F:/SocFpga/soc/camera_regs.vh
I: Found Verilog include file F:/SocFpga/soc/soc_addr_map.vh
W: Public-4030: File 'F:/SocFpga/soc/soc_addr_map.vh' has been added. It is skipped.
I: Verilog-0002: [F:/SocFpga/soc/Hcamera_subsystem.v(line number: 7)] Analyzing module Hcamera_subsystem (library work)
I: Found Verilog include file F:/SocFpga/soc/camera_regs.vh
W: Public-4030: File 'F:/SocFpga/soc/camera_regs.vh' has been added. It is skipped.
Parsing done.
Executing : .rtl_analyze -work work -include_path {F:/SocFpga/project} F:/SocFpga/soc/Hcamera_subsystem.v successfully.
Executing : .rtl_analyze -work work -include_path {F:/SocFpga/project} F:/SocFpga/soc/Hcamera_async_fifo.v
I: Verilog-0001: Analyzing file F:/SocFpga/soc/Hcamera_async_fifo.v
I: Verilog-0002: [F:/SocFpga/soc/Hcamera_async_fifo.v(line number: 6)] Analyzing module Hcamera_async_fifo (library work)
Parsing done.
Executing : .rtl_analyze -work work -include_path {F:/SocFpga/project} F:/SocFpga/soc/Hcamera_async_fifo.v successfully.
Executing : .rtl_analyze -work work -include_path {F:/SocFpga/project} F:/SocFpga/soc/Hcamera_dma.v
I: Verilog-0001: Analyzing file F:/SocFpga/soc/Hcamera_dma.v
I: Found Verilog include file F:/SocFpga/soc/camera_regs.vh
W: Public-4030: File 'F:/SocFpga/soc/camera_regs.vh' has been added. It is skipped.
I: Verilog-0002: [F:/SocFpga/soc/Hcamera_dma.v(line number: 5)] Analyzing module Hcamera_dma (library work)
Parsing done.
Executing : .rtl_analyze -work work -include_path {F:/SocFpga/project} F:/SocFpga/soc/Hcamera_dma.v successfully.
Executing : .rtl_analyze -include_path {F:/SocFpga/project} F:/SocFpga/IP/clk_pll/clk_pll.v
I: Verilog-0001: Analyzing file F:/SocFpga/IP/clk_pll/clk_pll.v
I: Verilog-0002: [F:/SocFpga/IP/clk_pll/clk_pll.v(line number: 18)] Analyzing module clk_pll (library work)
Parsing done.
Executing : .rtl_analyze -include_path {F:/SocFpga/project} F:/SocFpga/IP/clk_pll/clk_pll.v successfully.
Executing : .rtl_analyze -include_path {F:/SocFpga/project} F:/SocFpga/IP/DataRAM/rtl/ipm2l_spram_v1_8_DataRAM.v
I: Verilog-0001: Analyzing file F:/SocFpga/IP/DataRAM/rtl/ipm2l_spram_v1_8_DataRAM.v
I: Verilog-0002: [F:/SocFpga/IP/DataRAM/rtl/ipm2l_spram_v1_8_DataRAM.v(line number: 17)] Analyzing module ipm2l_spram_v1_8_DataRAM (library work)
I: Found Verilog include file F:/SocFpga/IP/DataRAM/rtl/DataRAM_Reset_Value.v
W: Verilog-2008: [F:/SocFpga/IP/DataRAM/rtl/ipm2l_spram_v1_8_DataRAM.v(line number: 123)] Ignore 'system task' $display
W: Verilog-2008: [F:/SocFpga/IP/DataRAM/rtl/ipm2l_spram_v1_8_DataRAM.v(line number: 127)] Ignore 'system task' $display
W: Verilog-2008: [F:/SocFpga/IP/DataRAM/rtl/ipm2l_spram_v1_8_DataRAM.v(line number: 135)] Ignore 'system task' $display
W: Verilog-2008: [F:/SocFpga/IP/DataRAM/rtl/ipm2l_spram_v1_8_DataRAM.v(line number: 136)] Ignore 'system task' $finish
W: Verilog-2008: [F:/SocFpga/IP/DataRAM/rtl/ipm2l_spram_v1_8_DataRAM.v(line number: 139)] Ignore 'system task' $display
W: Verilog-2008: [F:/SocFpga/IP/DataRAM/rtl/ipm2l_spram_v1_8_DataRAM.v(line number: 140)] Ignore 'system task' $finish
W: Verilog-2008: [F:/SocFpga/IP/DataRAM/rtl/ipm2l_spram_v1_8_DataRAM.v(line number: 143)] Ignore 'system task' $display
W: Verilog-2008: [F:/SocFpga/IP/DataRAM/rtl/ipm2l_spram_v1_8_DataRAM.v(line number: 144)] Ignore 'system task' $finish
W: Verilog-2008: [F:/SocFpga/IP/DataRAM/rtl/ipm2l_spram_v1_8_DataRAM.v(line number: 147)] Ignore 'system task' $display
W: Verilog-2008: [F:/SocFpga/IP/DataRAM/rtl/ipm2l_spram_v1_8_DataRAM.v(line number: 148)] Ignore 'system task' $finish
W: Verilog-2008: [F:/SocFpga/IP/DataRAM/rtl/ipm2l_spram_v1_8_DataRAM.v(line number: 151)] Ignore 'system task' $display
W: Verilog-2008: [F:/SocFpga/IP/DataRAM/rtl/ipm2l_spram_v1_8_DataRAM.v(line number: 152)] Ignore 'system task' $finish
W: Verilog-2008: [F:/SocFpga/IP/DataRAM/rtl/ipm2l_spram_v1_8_DataRAM.v(line number: 155)] Ignore 'system task' $display
W: Verilog-2008: [F:/SocFpga/IP/DataRAM/rtl/ipm2l_spram_v1_8_DataRAM.v(line number: 156)] Ignore 'system task' $finish
W: Verilog-2008: [F:/SocFpga/IP/DataRAM/rtl/ipm2l_spram_v1_8_DataRAM.v(line number: 159)] Ignore 'system task' $display
W: Verilog-2008: [F:/SocFpga/IP/DataRAM/rtl/ipm2l_spram_v1_8_DataRAM.v(line number: 160)] Ignore 'system task' $finish
W: Verilog-2008: [F:/SocFpga/IP/DataRAM/rtl/ipm2l_spram_v1_8_DataRAM.v(line number: 163)] Ignore 'system task' $display
W: Verilog-2008: [F:/SocFpga/IP/DataRAM/rtl/ipm2l_spram_v1_8_DataRAM.v(line number: 164)] Ignore 'system task' $finish
W: Verilog-2008: [F:/SocFpga/IP/DataRAM/rtl/ipm2l_spram_v1_8_DataRAM.v(line number: 167)] Ignore 'system task' $display
W: Verilog-2008: [F:/SocFpga/IP/DataRAM/rtl/ipm2l_spram_v1_8_DataRAM.v(line number: 168)] Ignore 'system task' $finish
W: Verilog-2008: [F:/SocFpga/IP/DataRAM/rtl/ipm2l_spram_v1_8_DataRAM.v(line number: 171)] Ignore 'system task' $display
W: Verilog-2008: [F:/SocFpga/IP/DataRAM/rtl/ipm2l_spram_v1_8_DataRAM.v(line number: 172)] Ignore 'system task' $finish
W: Verilog-2008: [F:/SocFpga/IP/DataRAM/rtl/ipm2l_spram_v1_8_DataRAM.v(line number: 175)] Ignore 'system task' $display
W: Verilog-2008: [F:/SocFpga/IP/DataRAM/rtl/ipm2l_spram_v1_8_DataRAM.v(line number: 176)] Ignore 'system task' $finish
W: Verilog-2008: [F:/SocFpga/IP/DataRAM/rtl/ipm2l_spram_v1_8_DataRAM.v(line number: 179)] Ignore 'system task' $display
W: Verilog-2008: [F:/SocFpga/IP/DataRAM/rtl/ipm2l_spram_v1_8_DataRAM.v(line number: 180)] Ignore 'system task' $finish
W: Verilog-2008: [F:/SocFpga/IP/DataRAM/rtl/ipm2l_spram_v1_8_DataRAM.v(line number: 184)] Ignore 'system task' $display
W: Verilog-2008: [F:/SocFpga/IP/DataRAM/rtl/ipm2l_spram_v1_8_DataRAM.v(line number: 185)] Ignore 'system task' $finish
W: Verilog-2008: [F:/SocFpga/IP/DataRAM/rtl/ipm2l_spram_v1_8_DataRAM.v(line number: 188)] Ignore 'system task' $display
W: Verilog-2008: [F:/SocFpga/IP/DataRAM/rtl/ipm2l_spram_v1_8_DataRAM.v(line number: 189)] Ignore 'system task' $finish
W: Verilog-2008: [F:/SocFpga/IP/DataRAM/rtl/ipm2l_spram_v1_8_DataRAM.v(line number: 193)] Ignore 'system task' $display
W: Verilog-2008: [F:/SocFpga/IP/DataRAM/rtl/ipm2l_spram_v1_8_DataRAM.v(line number: 194)] Ignore 'system task' $finish
W: Verilog-2008: [F:/SocFpga/IP/DataRAM/rtl/ipm2l_spram_v1_8_DataRAM.v(line number: 197)] Ignore 'system task' $display
W: Verilog-2008: [F:/SocFpga/IP/DataRAM/rtl/ipm2l_spram_v1_8_DataRAM.v(line number: 198)] Ignore 'system task' $finish
Parsing done.
Executing : .rtl_analyze -include_path {F:/SocFpga/project} F:/SocFpga/IP/DataRAM/rtl/ipm2l_spram_v1_8_DataRAM.v successfully.
Executing : .rtl_analyze -include_path {F:/SocFpga/project} F:/SocFpga/IP/DataRAM/DataRAM.v
I: Verilog-0001: Analyzing file F:/SocFpga/IP/DataRAM/DataRAM.v
I: Verilog-0002: [F:/SocFpga/IP/DataRAM/DataRAM.v(line number: 16)] Analyzing module DataRAM (library work)
Parsing done.
Executing : .rtl_analyze -include_path {F:/SocFpga/project} F:/SocFpga/IP/DataRAM/DataRAM.v successfully.
Executing : .rtl_analyze -include_path {F:/SocFpga/project} F:/SocFpga/IP/ddr3_ctrl_v116/rtl/ips2l_rst_sync_v1_3.v
I: Verilog-0001: Analyzing file F:/SocFpga/IP/ddr3_ctrl_v116/rtl/ips2l_rst_sync_v1_3.v
I: Verilog-0002: [F:/SocFpga/IP/ddr3_ctrl_v116/rtl/ips2l_rst_sync_v1_3.v(line number: 10)] Analyzing module ips2l_rst_sync_v1_3 (library work)
Parsing done.
Executing : .rtl_analyze -include_path {F:/SocFpga/project} F:/SocFpga/IP/ddr3_ctrl_v116/rtl/ips2l_rst_sync_v1_3.v successfully.
Executing : .rtl_analyze -include_path {F:/SocFpga/project} F:/SocFpga/IP/ddr3_ctrl_v116/rtl/ddrphy/ips2l_ddrphy_wrlvl_v1_14.vp
I: Verilog-0001: Analyzing file F:/SocFpga/IP/ddr3_ctrl_v116/rtl/ddrphy/ips2l_ddrphy_wrlvl_v1_14.vp
I: Verilog-0002: [F:/SocFpga/IP/ddr3_ctrl_v116/rtl/ddrphy/ips2l_ddrphy_wrlvl_v1_14.vp(line number: 223)] Analyzing module ips2l_ddrphy_wrlvl_v1_14 (library work)
Parsing done.
Executing : .rtl_analyze -include_path {F:/SocFpga/project} F:/SocFpga/IP/ddr3_ctrl_v116/rtl/ddrphy/ips2l_ddrphy_wrlvl_v1_14.vp successfully.
Executing : .rtl_analyze -include_path {F:/SocFpga/project} F:/SocFpga/IP/ddr3_ctrl_v116/rtl/ddrphy/ips2l_ddrphy_wrcal_v1_16.vp
I: Verilog-0001: Analyzing file F:/SocFpga/IP/ddr3_ctrl_v116/rtl/ddrphy/ips2l_ddrphy_wrcal_v1_16.vp
I: Verilog-0002: [F:/SocFpga/IP/ddr3_ctrl_v116/rtl/ddrphy/ips2l_ddrphy_wrcal_v1_16.vp(line number: 554)] Analyzing module ips2l_ddrphy_wrcal_v1_16 (library work)
I: [F:/SocFpga/IP/ddr3_ctrl_v116/rtl/ddrphy/ips2l_ddrphy_wrcal_v1_16.vp(line number: 574)] Convert attribute name from syn_preserve to PAP_PRESERVE
I: [F:/SocFpga/IP/ddr3_ctrl_v116/rtl/ddrphy/ips2l_ddrphy_wrcal_v1_16.vp(line number: 575)] Convert attribute name from syn_preserve to PAP_PRESERVE
Parsing done.
Executing : .rtl_analyze -include_path {F:/SocFpga/project} F:/SocFpga/IP/ddr3_ctrl_v116/rtl/ddrphy/ips2l_ddrphy_wrcal_v1_16.vp successfully.
Executing : .rtl_analyze -include_path {F:/SocFpga/project} F:/SocFpga/IP/ddr3_ctrl_v116/rtl/ddrphy/ips2l_ddrphy_wdata_path_adj_v1_16.vp
I: Verilog-0001: Analyzing file F:/SocFpga/IP/ddr3_ctrl_v116/rtl/ddrphy/ips2l_ddrphy_wdata_path_adj_v1_16.vp
I: Verilog-0002: [F:/SocFpga/IP/ddr3_ctrl_v116/rtl/ddrphy/ips2l_ddrphy_wdata_path_adj_v1_16.vp(line number: 294)] Analyzing module ips2l_ddrphy_wdata_path_adj_v1_16 (library work)
Parsing done.
Executing : .rtl_analyze -include_path {F:/SocFpga/project} F:/SocFpga/IP/ddr3_ctrl_v116/rtl/ddrphy/ips2l_ddrphy_wdata_path_adj_v1_16.vp successfully.
Executing : .rtl_analyze -include_path {F:/SocFpga/project} F:/SocFpga/IP/ddr3_ctrl_v116/rtl/ddrphy/ips2l_ddrphy_upcal_v1_0.vp
I: Verilog-0001: Analyzing file F:/SocFpga/IP/ddr3_ctrl_v116/rtl/ddrphy/ips2l_ddrphy_upcal_v1_0.vp
I: Verilog-0002: [F:/SocFpga/IP/ddr3_ctrl_v116/rtl/ddrphy/ips2l_ddrphy_upcal_v1_0.vp(line number: 185)] Analyzing module ips2l_ddrphy_upcal_v1_0 (library work)
Parsing done.
Executing : .rtl_analyze -include_path {F:/SocFpga/project} F:/SocFpga/IP/ddr3_ctrl_v116/rtl/ddrphy/ips2l_ddrphy_upcal_v1_0.vp successfully.
Executing : .rtl_analyze -include_path {F:/SocFpga/project} F:/SocFpga/IP/ddr3_ctrl_v116/rtl/ddrphy/ips2l_ddrphy_training_ctrl_v1_11.vp
I: Verilog-0001: Analyzing file F:/SocFpga/IP/ddr3_ctrl_v116/rtl/ddrphy/ips2l_ddrphy_training_ctrl_v1_11.vp
I: Verilog-0002: [F:/SocFpga/IP/ddr3_ctrl_v116/rtl/ddrphy/ips2l_ddrphy_training_ctrl_v1_11.vp(line number: 120)] Analyzing module ips2l_ddrphy_training_ctrl_v1_11 (library work)
Parsing done.
Executing : .rtl_analyze -include_path {F:/SocFpga/project} F:/SocFpga/IP/ddr3_ctrl_v116/rtl/ddrphy/ips2l_ddrphy_training_ctrl_v1_11.vp successfully.
Executing : .rtl_analyze -include_path {F:/SocFpga/project} F:/SocFpga/IP/ddr3_ctrl_v116/rtl/ddrphy/ips2l_ddrphy_slice_rddata_align_v1_0.vp
I: Verilog-0001: Analyzing file F:/SocFpga/IP/ddr3_ctrl_v116/rtl/ddrphy/ips2l_ddrphy_slice_rddata_align_v1_0.vp
I: Verilog-0002: [F:/SocFpga/IP/ddr3_ctrl_v116/rtl/ddrphy/ips2l_ddrphy_slice_rddata_align_v1_0.vp(line number: 142)] Analyzing module ips2l_ddrphy_slice_rddata_align_v1_0 (library work)
Parsing done.
Executing : .rtl_analyze -include_path {F:/SocFpga/project} F:/SocFpga/IP/ddr3_ctrl_v116/rtl/ddrphy/ips2l_ddrphy_slice_rddata_align_v1_0.vp successfully.
Executing : .rtl_analyze -include_path {F:/SocFpga/project} F:/SocFpga/IP/ddr3_ctrl_v116/rtl/ddrphy/ips2l_ddrphy_reset_ctrl_v1_14.vp
I: Verilog-0001: Analyzing file F:/SocFpga/IP/ddr3_ctrl_v116/rtl/ddrphy/ips2l_ddrphy_reset_ctrl_v1_14.vp
I: Verilog-0002: [F:/SocFpga/IP/ddr3_ctrl_v116/rtl/ddrphy/ips2l_ddrphy_reset_ctrl_v1_14.vp(line number: 319)] Analyzing module ips2l_ddrphy_reset_ctrl_v1_14 (library work)
I: [F:/SocFpga/IP/ddr3_ctrl_v116/rtl/ddrphy/ips2l_ddrphy_reset_ctrl_v1_14.vp(line number: 350)] Convert attribute name from syn_preserve to PAP_PRESERVE
Parsing done.
Executing : .rtl_analyze -include_path {F:/SocFpga/project} F:/SocFpga/IP/ddr3_ctrl_v116/rtl/ddrphy/ips2l_ddrphy_reset_ctrl_v1_14.vp successfully.
Executing : .rtl_analyze -include_path {F:/SocFpga/project} F:/SocFpga/IP/ddr3_ctrl_v116/rtl/ddrphy/ips2l_ddrphy_rdcal_v1_10.vp
I: Verilog-0001: Analyzing file F:/SocFpga/IP/ddr3_ctrl_v116/rtl/ddrphy/ips2l_ddrphy_rdcal_v1_10.vp
I: Verilog-0002: [F:/SocFpga/IP/ddr3_ctrl_v116/rtl/ddrphy/ips2l_ddrphy_rdcal_v1_10.vp(line number: 784)] Analyzing module ips2l_ddrphy_rdcal_v1_10 (library work)
Parsing done.
Executing : .rtl_analyze -include_path {F:/SocFpga/project} F:/SocFpga/IP/ddr3_ctrl_v116/rtl/ddrphy/ips2l_ddrphy_rdcal_v1_10.vp successfully.
Executing : .rtl_analyze -include_path {F:/SocFpga/project} F:/SocFpga/IP/ddr3_ctrl_v116/rtl/ddrphy/ips2l_ddrphy_main_ctrl_v1_14.vp
I: Verilog-0001: Analyzing file F:/SocFpga/IP/ddr3_ctrl_v116/rtl/ddrphy/ips2l_ddrphy_main_ctrl_v1_14.vp
I: Verilog-0002: [F:/SocFpga/IP/ddr3_ctrl_v116/rtl/ddrphy/ips2l_ddrphy_main_ctrl_v1_14.vp(line number: 273)] Analyzing module ips2l_ddrphy_main_ctrl_v1_14 (library work)
Parsing done.
Executing : .rtl_analyze -include_path {F:/SocFpga/project} F:/SocFpga/IP/ddr3_ctrl_v116/rtl/ddrphy/ips2l_ddrphy_main_ctrl_v1_14.vp successfully.
Executing : .rtl_analyze -include_path {F:/SocFpga/project} F:/SocFpga/IP/ddr3_ctrl_v116/rtl/ddrphy/ips2l_ddrphy_init_v1_0.vp
I: Verilog-0001: Analyzing file F:/SocFpga/IP/ddr3_ctrl_v116/rtl/ddrphy/ips2l_ddrphy_init_v1_0.vp
I: Verilog-0002: [F:/SocFpga/IP/ddr3_ctrl_v116/rtl/ddrphy/ips2l_ddrphy_init_v1_0.vp(line number: 611)] Analyzing module ips2l_ddrphy_init_v1_0 (library work)
Parsing done.
Executing : .rtl_analyze -include_path {F:/SocFpga/project} F:/SocFpga/IP/ddr3_ctrl_v116/rtl/ddrphy/ips2l_ddrphy_init_v1_0.vp successfully.
Executing : .rtl_analyze -include_path {F:/SocFpga/project} F:/SocFpga/IP/ddr3_ctrl_v116/rtl/ddrphy/ips2l_ddrphy_info_v1_0.vp
I: Verilog-0001: Analyzing file F:/SocFpga/IP/ddr3_ctrl_v116/rtl/ddrphy/ips2l_ddrphy_info_v1_0.vp
I: Verilog-0002: [F:/SocFpga/IP/ddr3_ctrl_v116/rtl/ddrphy/ips2l_ddrphy_info_v1_0.vp(line number: 208)] Analyzing module ips2l_ddrphy_info_v1_0 (library work)
Parsing done.
Executing : .rtl_analyze -include_path {F:/SocFpga/project} F:/SocFpga/IP/ddr3_ctrl_v116/rtl/ddrphy/ips2l_ddrphy_info_v1_0.vp successfully.
Executing : .rtl_analyze -include_path {F:/SocFpga/project} F:/SocFpga/IP/ddr3_ctrl_v116/rtl/ddrphy/ips2l_ddrphy_gatecal_v1_14.vp
I: Verilog-0001: Analyzing file F:/SocFpga/IP/ddr3_ctrl_v116/rtl/ddrphy/ips2l_ddrphy_gatecal_v1_14.vp
I: Verilog-0002: [F:/SocFpga/IP/ddr3_ctrl_v116/rtl/ddrphy/ips2l_ddrphy_gatecal_v1_14.vp(line number: 352)] Analyzing module ips2l_ddrphy_gatecal_v1_14 (library work)
Parsing done.
Executing : .rtl_analyze -include_path {F:/SocFpga/project} F:/SocFpga/IP/ddr3_ctrl_v116/rtl/ddrphy/ips2l_ddrphy_gatecal_v1_14.vp successfully.
Executing : .rtl_analyze -include_path {F:/SocFpga/project} F:/SocFpga/IP/ddr3_ctrl_v116/rtl/ddrphy/ips2l_ddrphy_gate_update_ctrl_v1_11.vp
I: Verilog-0001: Analyzing file F:/SocFpga/IP/ddr3_ctrl_v116/rtl/ddrphy/ips2l_ddrphy_gate_update_ctrl_v1_11.vp
I: Verilog-0002: [F:/SocFpga/IP/ddr3_ctrl_v116/rtl/ddrphy/ips2l_ddrphy_gate_update_ctrl_v1_11.vp(line number: 134)] Analyzing module ips2l_ddrphy_gate_update_ctrl_v1_11 (library work)
Parsing done.
Executing : .rtl_analyze -include_path {F:/SocFpga/project} F:/SocFpga/IP/ddr3_ctrl_v116/rtl/ddrphy/ips2l_ddrphy_gate_update_ctrl_v1_11.vp successfully.
Executing : .rtl_analyze -include_path {F:/SocFpga/project} F:/SocFpga/IP/ddr3_ctrl_v116/rtl/ddrphy/ips2l_ddrphy_eyecal_v1_5.vp
I: Verilog-0001: Analyzing file F:/SocFpga/IP/ddr3_ctrl_v116/rtl/ddrphy/ips2l_ddrphy_eyecal_v1_5.vp
I: Verilog-0002: [F:/SocFpga/IP/ddr3_ctrl_v116/rtl/ddrphy/ips2l_ddrphy_eyecal_v1_5.vp(line number: 262)] Analyzing module ips2l_ddrphy_eyecal_v1_5 (library work)
Parsing done.
Executing : .rtl_analyze -include_path {F:/SocFpga/project} F:/SocFpga/IP/ddr3_ctrl_v116/rtl/ddrphy/ips2l_ddrphy_eyecal_v1_5.vp successfully.
Executing : .rtl_analyze -include_path {F:/SocFpga/project} F:/SocFpga/IP/ddr3_ctrl_v116/rtl/ddrphy/ips2l_ddrphy_drift_ctrl_v1_11.vp
I: Verilog-0001: Analyzing file F:/SocFpga/IP/ddr3_ctrl_v116/rtl/ddrphy/ips2l_ddrphy_drift_ctrl_v1_11.vp
I: Verilog-0002: [F:/SocFpga/IP/ddr3_ctrl_v116/rtl/ddrphy/ips2l_ddrphy_drift_ctrl_v1_11.vp(line number: 146)] Analyzing module ips2l_ddrphy_drift_ctrl_v1_11 (library work)
Parsing done.
Executing : .rtl_analyze -include_path {F:/SocFpga/project} F:/SocFpga/IP/ddr3_ctrl_v116/rtl/ddrphy/ips2l_ddrphy_drift_ctrl_v1_11.vp successfully.
Executing : .rtl_analyze -include_path {F:/SocFpga/project} F:/SocFpga/IP/ddr3_ctrl_v116/rtl/ddrphy/ips2l_ddrphy_dqsi_rdel_cal_v1_16.vp
I: Verilog-0001: Analyzing file F:/SocFpga/IP/ddr3_ctrl_v116/rtl/ddrphy/ips2l_ddrphy_dqsi_rdel_cal_v1_16.vp
I: Verilog-0002: [F:/SocFpga/IP/ddr3_ctrl_v116/rtl/ddrphy/ips2l_ddrphy_dqsi_rdel_cal_v1_16.vp(line number: 689)] Analyzing module ips2l_ddrphy_dqsi_rdel_cal_v1_16 (library work)
Parsing done.
Executing : .rtl_analyze -include_path {F:/SocFpga/project} F:/SocFpga/IP/ddr3_ctrl_v116/rtl/ddrphy/ips2l_ddrphy_dqsi_rdel_cal_v1_16.vp successfully.
Executing : .rtl_analyze -include_path {F:/SocFpga/project} F:/SocFpga/IP/ddr3_ctrl_v116/rtl/ddrphy/ips2l_ddrphy_dqs_rddata_align_v1_16.vp
I: Verilog-0001: Analyzing file F:/SocFpga/IP/ddr3_ctrl_v116/rtl/ddrphy/ips2l_ddrphy_dqs_rddata_align_v1_16.vp
I: Verilog-0002: [F:/SocFpga/IP/ddr3_ctrl_v116/rtl/ddrphy/ips2l_ddrphy_dqs_rddata_align_v1_16.vp(line number: 632)] Analyzing module ips2l_ddrphy_dqs_rddata_align_v1_16 (library work)
Parsing done.
Executing : .rtl_analyze -include_path {F:/SocFpga/project} F:/SocFpga/IP/ddr3_ctrl_v116/rtl/ddrphy/ips2l_ddrphy_dqs_rddata_align_v1_16.vp successfully.
Executing : .rtl_analyze -include_path {F:/SocFpga/project} F:/SocFpga/IP/ddr3_ctrl_v116/rtl/ddrphy/ips2l_ddrphy_dqs_gate_coarse_cal_v1_12.vp
I: Verilog-0001: Analyzing file F:/SocFpga/IP/ddr3_ctrl_v116/rtl/ddrphy/ips2l_ddrphy_dqs_gate_coarse_cal_v1_12.vp
I: Verilog-0002: [F:/SocFpga/IP/ddr3_ctrl_v116/rtl/ddrphy/ips2l_ddrphy_dqs_gate_coarse_cal_v1_12.vp(line number: 230)] Analyzing module ips2l_ddrphy_dqs_gate_coarse_cal_v1_12 (library work)
Parsing done.
Executing : .rtl_analyze -include_path {F:/SocFpga/project} F:/SocFpga/IP/ddr3_ctrl_v116/rtl/ddrphy/ips2l_ddrphy_dqs_gate_coarse_cal_v1_12.vp successfully.
Executing : .rtl_analyze -include_path {F:/SocFpga/project} F:/SocFpga/IP/ddr3_ctrl_v116/rtl/ddrphy/ips2l_ddrphy_dll_update_ctrl_v1_14.vp
I: Verilog-0001: Analyzing file F:/SocFpga/IP/ddr3_ctrl_v116/rtl/ddrphy/ips2l_ddrphy_dll_update_ctrl_v1_14.vp
I: Verilog-0002: [F:/SocFpga/IP/ddr3_ctrl_v116/rtl/ddrphy/ips2l_ddrphy_dll_update_ctrl_v1_14.vp(line number: 158)] Analyzing module ips2l_ddrphy_dll_update_ctrl_v1_14 (library work)
Parsing done.
Executing : .rtl_analyze -include_path {F:/SocFpga/project} F:/SocFpga/IP/ddr3_ctrl_v116/rtl/ddrphy/ips2l_ddrphy_dll_update_ctrl_v1_14.vp successfully.
Executing : .rtl_analyze -include_path {F:/SocFpga/project} F:/SocFpga/IP/ddr3_ctrl_v116/rtl/ddrphy/ips2l_ddrphy_dfi_v1_3.vp
I: Verilog-0001: Analyzing file F:/SocFpga/IP/ddr3_ctrl_v116/rtl/ddrphy/ips2l_ddrphy_dfi_v1_3.vp
I: Verilog-0002: [F:/SocFpga/IP/ddr3_ctrl_v116/rtl/ddrphy/ips2l_ddrphy_dfi_v1_3.vp(line number: 354)] Analyzing module ips2l_ddrphy_dfi_v1_3 (library work)
Parsing done.
Executing : .rtl_analyze -include_path {F:/SocFpga/project} F:/SocFpga/IP/ddr3_ctrl_v116/rtl/ddrphy/ips2l_ddrphy_dfi_v1_3.vp successfully.
Executing : .rtl_analyze -include_path {F:/SocFpga/project} F:/SocFpga/IP/ddr3_ctrl_v116/rtl/ddrphy/ips2l_ddrphy_gpll_phase_v1_0.vp
I: Verilog-0001: Analyzing file F:/SocFpga/IP/ddr3_ctrl_v116/rtl/ddrphy/ips2l_ddrphy_gpll_phase_v1_0.vp
I: Verilog-0002: [F:/SocFpga/IP/ddr3_ctrl_v116/rtl/ddrphy/ips2l_ddrphy_gpll_phase_v1_0.vp(line number: 103)] Analyzing module ips2l_ddrphy_gpll_phase_v1_0 (library work)
Parsing done.
Executing : .rtl_analyze -include_path {F:/SocFpga/project} F:/SocFpga/IP/ddr3_ctrl_v116/rtl/ddrphy/ips2l_ddrphy_gpll_phase_v1_0.vp successfully.
Executing : .rtl_analyze -include_path {F:/SocFpga/project} F:/SocFpga/IP/ddr3_ctrl_v116/rtl/ddrphy/ips2l_ddrphy_data_slice_wrlvl_v1_14.vp
I: Verilog-0001: Analyzing file F:/SocFpga/IP/ddr3_ctrl_v116/rtl/ddrphy/ips2l_ddrphy_data_slice_wrlvl_v1_14.vp
I: Verilog-0002: [F:/SocFpga/IP/ddr3_ctrl_v116/rtl/ddrphy/ips2l_ddrphy_data_slice_wrlvl_v1_14.vp(line number: 340)] Analyzing module ips2l_ddrphy_data_slice_wrlvl_v1_14 (library work)
Parsing done.
Executing : .rtl_analyze -include_path {F:/SocFpga/project} F:/SocFpga/IP/ddr3_ctrl_v116/rtl/ddrphy/ips2l_ddrphy_data_slice_wrlvl_v1_14.vp successfully.
Executing : .rtl_analyze -include_path {F:/SocFpga/project} F:/SocFpga/IP/ddr3_ctrl_v116/rtl/ddrphy/ips2l_ddrphy_data_slice_wrcal_v1_16.vp
I: Verilog-0001: Analyzing file F:/SocFpga/IP/ddr3_ctrl_v116/rtl/ddrphy/ips2l_ddrphy_data_slice_wrcal_v1_16.vp
I: Verilog-0002: [F:/SocFpga/IP/ddr3_ctrl_v116/rtl/ddrphy/ips2l_ddrphy_data_slice_wrcal_v1_16.vp(line number: 539)] Analyzing module ips2l_ddrphy_data_slice_wrcal_v1_16 (library work)
Parsing done.
Executing : .rtl_analyze -include_path {F:/SocFpga/project} F:/SocFpga/IP/ddr3_ctrl_v116/rtl/ddrphy/ips2l_ddrphy_data_slice_wrcal_v1_16.vp successfully.
Executing : .rtl_analyze -include_path {F:/SocFpga/project} F:/SocFpga/IP/ddr3_ctrl_v116/rtl/ddrphy/ips2l_ddrphy_data_slice_v1_16.vp
I: Verilog-0001: Analyzing file F:/SocFpga/IP/ddr3_ctrl_v116/rtl/ddrphy/ips2l_ddrphy_data_slice_v1_16.vp
I: Verilog-0002: [F:/SocFpga/IP/ddr3_ctrl_v116/rtl/ddrphy/ips2l_ddrphy_data_slice_v1_16.vp(line number: 603)] Analyzing module ips2l_ddrphy_data_slice_v1_16 (library work)
Parsing done.
Executing : .rtl_analyze -include_path {F:/SocFpga/project} F:/SocFpga/IP/ddr3_ctrl_v116/rtl/ddrphy/ips2l_ddrphy_data_slice_v1_16.vp successfully.
Executing : .rtl_analyze -include_path {F:/SocFpga/project} F:/SocFpga/IP/ddr3_ctrl_v116/rtl/ddrphy/ips2l_ddrphy_data_slice_dqs_gate_cal_v1_14.vp
I: Verilog-0001: Analyzing file F:/SocFpga/IP/ddr3_ctrl_v116/rtl/ddrphy/ips2l_ddrphy_data_slice_dqs_gate_cal_v1_14.vp
I: Verilog-0002: [F:/SocFpga/IP/ddr3_ctrl_v116/rtl/ddrphy/ips2l_ddrphy_data_slice_dqs_gate_cal_v1_14.vp(line number: 158)] Analyzing module ips2l_ddrphy_data_slice_dqs_gate_cal_v1_14 (library work)
Parsing done.
Executing : .rtl_analyze -include_path {F:/SocFpga/project} F:/SocFpga/IP/ddr3_ctrl_v116/rtl/ddrphy/ips2l_ddrphy_data_slice_dqs_gate_cal_v1_14.vp successfully.
Executing : .rtl_analyze -include_path {F:/SocFpga/project} F:/SocFpga/IP/ddr3_ctrl_v116/rtl/ddrphy/ips2l_ddrphy_cpd_ctrl_v1_3.vp
I: Verilog-0001: Analyzing file F:/SocFpga/IP/ddr3_ctrl_v116/rtl/ddrphy/ips2l_ddrphy_cpd_ctrl_v1_3.vp
I: Verilog-0002: [F:/SocFpga/IP/ddr3_ctrl_v116/rtl/ddrphy/ips2l_ddrphy_cpd_ctrl_v1_3.vp(line number: 216)] Analyzing module ips2l_ddrphy_cpd_ctrl_v1_3 (library work)
Parsing done.
Executing : .rtl_analyze -include_path {F:/SocFpga/project} F:/SocFpga/IP/ddr3_ctrl_v116/rtl/ddrphy/ips2l_ddrphy_cpd_ctrl_v1_3.vp successfully.
Executing : .rtl_analyze -include_path {F:/SocFpga/project} F:/SocFpga/IP/ddr3_ctrl_v116/rtl/ddrphy/ips2l_ddrphy_cpd_lock_v1_0.vp
I: Verilog-0001: Analyzing file F:/SocFpga/IP/ddr3_ctrl_v116/rtl/ddrphy/ips2l_ddrphy_cpd_lock_v1_0.vp
I: Verilog-0002: [F:/SocFpga/IP/ddr3_ctrl_v116/rtl/ddrphy/ips2l_ddrphy_cpd_lock_v1_0.vp(line number: 105)] Analyzing module ips2l_ddrphy_cpd_lock_v1_0 (library work)
Parsing done.
Executing : .rtl_analyze -include_path {F:/SocFpga/project} F:/SocFpga/IP/ddr3_ctrl_v116/rtl/ddrphy/ips2l_ddrphy_cpd_lock_v1_0.vp successfully.
Executing : .rtl_analyze -include_path {F:/SocFpga/project} F:/SocFpga/IP/ddr3_ctrl_v116/rtl/ddrphy/ips2l_ddrphy_control_path_adj_v1_16.vp
I: Verilog-0001: Analyzing file F:/SocFpga/IP/ddr3_ctrl_v116/rtl/ddrphy/ips2l_ddrphy_control_path_adj_v1_16.vp
I: Verilog-0002: [F:/SocFpga/IP/ddr3_ctrl_v116/rtl/ddrphy/ips2l_ddrphy_control_path_adj_v1_16.vp(line number: 168)] Analyzing module ips2l_ddrphy_control_path_adj_v1_16 (library work)
Parsing done.
Executing : .rtl_analyze -include_path {F:/SocFpga/project} F:/SocFpga/IP/ddr3_ctrl_v116/rtl/ddrphy/ips2l_ddrphy_control_path_adj_v1_16.vp successfully.
Executing : .rtl_analyze -include_path {F:/SocFpga/project} F:/SocFpga/IP/ddr3_ctrl_v116/rtl/ddrphy/ips2l_ddrphy_calib_top_v1_16.vp
I: Verilog-0001: Analyzing file F:/SocFpga/IP/ddr3_ctrl_v116/rtl/ddrphy/ips2l_ddrphy_calib_top_v1_16.vp
I: Verilog-0002: [F:/SocFpga/IP/ddr3_ctrl_v116/rtl/ddrphy/ips2l_ddrphy_calib_top_v1_16.vp(line number: 455)] Analyzing module ips2l_ddrphy_calib_top_v1_16 (library work)
Parsing done.
Executing : .rtl_analyze -include_path {F:/SocFpga/project} F:/SocFpga/IP/ddr3_ctrl_v116/rtl/ddrphy/ips2l_ddrphy_calib_top_v1_16.vp successfully.
Executing : .rtl_analyze -include_path {F:/SocFpga/project} F:/SocFpga/IP/ddr3_ctrl_v116/rtl/ddrphy/ips2l_ddrphy_calib_mux_v1_0.vp
I: Verilog-0001: Analyzing file F:/SocFpga/IP/ddr3_ctrl_v116/rtl/ddrphy/ips2l_ddrphy_calib_mux_v1_0.vp
I: Verilog-0002: [F:/SocFpga/IP/ddr3_ctrl_v116/rtl/ddrphy/ips2l_ddrphy_calib_mux_v1_0.vp(line number: 233)] Analyzing module ips2l_ddrphy_calib_mux_v1_0 (library work)
Parsing done.
Executing : .rtl_analyze -include_path {F:/SocFpga/project} F:/SocFpga/IP/ddr3_ctrl_v116/rtl/ddrphy/ips2l_ddrphy_calib_mux_v1_0.vp successfully.
Executing : .rtl_analyze -include_path {F:/SocFpga/project} F:/SocFpga/IP/ddr3_ctrl_v116/rtl/ddrphy/ips2l_ddrphy_rst_debounce_v1_0.vp
I: Verilog-0001: Analyzing file F:/SocFpga/IP/ddr3_ctrl_v116/rtl/ddrphy/ips2l_ddrphy_rst_debounce_v1_0.vp
I: Verilog-0002: [F:/SocFpga/IP/ddr3_ctrl_v116/rtl/ddrphy/ips2l_ddrphy_rst_debounce_v1_0.vp(line number: 118)] Analyzing module ips2l_ddrphy_rst_debounce_v1_0 (library work)
Parsing done.
Executing : .rtl_analyze -include_path {F:/SocFpga/project} F:/SocFpga/IP/ddr3_ctrl_v116/rtl/ddrphy/ips2l_ddrphy_rst_debounce_v1_0.vp successfully.
Executing : .rtl_analyze -include_path {F:/SocFpga/project} F:/SocFpga/IP/ddr3_ctrl_v116/rtl/ddrphy/ips2l_ddrphy_rst_clk_phase_adj_v1_14.vp
I: Verilog-0001: Analyzing file F:/SocFpga/IP/ddr3_ctrl_v116/rtl/ddrphy/ips2l_ddrphy_rst_clk_phase_adj_v1_14.vp
I: Verilog-0002: [F:/SocFpga/IP/ddr3_ctrl_v116/rtl/ddrphy/ips2l_ddrphy_rst_clk_phase_adj_v1_14.vp(line number: 205)] Analyzing module ips2l_ddrphy_rst_clk_phase_adj_v1_14 (library work)
Parsing done.
Executing : .rtl_analyze -include_path {F:/SocFpga/project} F:/SocFpga/IP/ddr3_ctrl_v116/rtl/ddrphy/ips2l_ddrphy_rst_clk_phase_adj_v1_14.vp successfully.
Executing : .rtl_analyze -include_path {F:/SocFpga/project} F:/SocFpga/IP/ddr3_ctrl_v116/rtl/ddrphy/ips2l_ddrphy_check_ppll_out_sync_point_v1_14.vp
I: Verilog-0001: Analyzing file F:/SocFpga/IP/ddr3_ctrl_v116/rtl/ddrphy/ips2l_ddrphy_check_ppll_out_sync_point_v1_14.vp
I: Verilog-0002: [F:/SocFpga/IP/ddr3_ctrl_v116/rtl/ddrphy/ips2l_ddrphy_check_ppll_out_sync_point_v1_14.vp(line number: 277)] Analyzing module ips2l_ddrphy_check_ppll_out_sync_point_v1_14 (library work)
Parsing done.
Executing : .rtl_analyze -include_path {F:/SocFpga/project} F:/SocFpga/IP/ddr3_ctrl_v116/rtl/ddrphy/ips2l_ddrphy_check_ppll_out_sync_point_v1_14.vp successfully.
Executing : .rtl_analyze -include_path {F:/SocFpga/project} F:/SocFpga/IP/ddr3_ctrl_v116/rtl/pll/ips2l_ddrphy_gpll_v1_3.v
I: Verilog-0001: Analyzing file F:/SocFpga/IP/ddr3_ctrl_v116/rtl/pll/ips2l_ddrphy_gpll_v1_3.v
I: Verilog-0002: [F:/SocFpga/IP/ddr3_ctrl_v116/rtl/pll/ips2l_ddrphy_gpll_v1_3.v(line number: 10)] Analyzing module ips2l_ddrphy_gpll_v1_3 (library work)
W: Verilog-2006: [F:/SocFpga/IP/ddr3_ctrl_v116/rtl/pll/ips2l_ddrphy_gpll_v1_3.v(line number: 37)] Ansi_parameter force parameter in body to localparam
W: Verilog-2006: [F:/SocFpga/IP/ddr3_ctrl_v116/rtl/pll/ips2l_ddrphy_gpll_v1_3.v(line number: 38)] Ansi_parameter force parameter in body to localparam
W: Verilog-2006: [F:/SocFpga/IP/ddr3_ctrl_v116/rtl/pll/ips2l_ddrphy_gpll_v1_3.v(line number: 39)] Ansi_parameter force parameter in body to localparam
W: Verilog-2006: [F:/SocFpga/IP/ddr3_ctrl_v116/rtl/pll/ips2l_ddrphy_gpll_v1_3.v(line number: 40)] Ansi_parameter force parameter in body to localparam
W: Verilog-2006: [F:/SocFpga/IP/ddr3_ctrl_v116/rtl/pll/ips2l_ddrphy_gpll_v1_3.v(line number: 41)] Ansi_parameter force parameter in body to localparam
Parsing done.
Executing : .rtl_analyze -include_path {F:/SocFpga/project} F:/SocFpga/IP/ddr3_ctrl_v116/rtl/pll/ips2l_ddrphy_gpll_v1_3.v successfully.
Executing : .rtl_analyze -include_path {F:/SocFpga/project} F:/SocFpga/IP/ddr3_ctrl_v116/rtl/pll/ips2l_ddrphy_ppll_v1_0.v
I: Verilog-0001: Analyzing file F:/SocFpga/IP/ddr3_ctrl_v116/rtl/pll/ips2l_ddrphy_ppll_v1_0.v
I: Verilog-0002: [F:/SocFpga/IP/ddr3_ctrl_v116/rtl/pll/ips2l_ddrphy_ppll_v1_0.v(line number: 10)] Analyzing module ips2l_ddrphy_ppll_v1_0 (library work)
W: Verilog-2006: [F:/SocFpga/IP/ddr3_ctrl_v116/rtl/pll/ips2l_ddrphy_ppll_v1_0.v(line number: 29)] Ansi_parameter force parameter in body to localparam
W: Verilog-2006: [F:/SocFpga/IP/ddr3_ctrl_v116/rtl/pll/ips2l_ddrphy_ppll_v1_0.v(line number: 30)] Ansi_parameter force parameter in body to localparam
W: Verilog-2006: [F:/SocFpga/IP/ddr3_ctrl_v116/rtl/pll/ips2l_ddrphy_ppll_v1_0.v(line number: 31)] Ansi_parameter force parameter in body to localparam
W: Verilog-2006: [F:/SocFpga/IP/ddr3_ctrl_v116/rtl/pll/ips2l_ddrphy_ppll_v1_0.v(line number: 32)] Ansi_parameter force parameter in body to localparam
W: Verilog-2006: [F:/SocFpga/IP/ddr3_ctrl_v116/rtl/pll/ips2l_ddrphy_ppll_v1_0.v(line number: 33)] Ansi_parameter force parameter in body to localparam
Parsing done.
Executing : .rtl_analyze -include_path {F:/SocFpga/project} F:/SocFpga/IP/ddr3_ctrl_v116/rtl/pll/ips2l_ddrphy_ppll_v1_0.v successfully.
Executing : .rtl_analyze -include_path {F:/SocFpga/project} F:/SocFpga/IP/ddr3_ctrl_v116/rtl/mcdq/axi/ips2l_bresp_fifo_v1_5.vp
I: Verilog-0001: Analyzing file F:/SocFpga/IP/ddr3_ctrl_v116/rtl/mcdq/axi/ips2l_bresp_fifo_v1_5.vp
I: Verilog-0002: [F:/SocFpga/IP/ddr3_ctrl_v116/rtl/mcdq/axi/ips2l_bresp_fifo_v1_5.vp(line number: 204)] Analyzing module ips2l_bresp_fifo_v1_5 (library work)
Parsing done.
Executing : .rtl_analyze -include_path {F:/SocFpga/project} F:/SocFpga/IP/ddr3_ctrl_v116/rtl/mcdq/axi/ips2l_bresp_fifo_v1_5.vp successfully.
Executing : .rtl_analyze -include_path {F:/SocFpga/project} F:/SocFpga/IP/ddr3_ctrl_v116/rtl/mcdq/axi/ips2l_cmd_align_fifo_v1_5.vp
I: Verilog-0001: Analyzing file F:/SocFpga/IP/ddr3_ctrl_v116/rtl/mcdq/axi/ips2l_cmd_align_fifo_v1_5.vp
I: Verilog-0002: [F:/SocFpga/IP/ddr3_ctrl_v116/rtl/mcdq/axi/ips2l_cmd_align_fifo_v1_5.vp(line number: 207)] Analyzing module ips2l_cmd_align_fifo_v1_5 (library work)
Parsing done.
Executing : .rtl_analyze -include_path {F:/SocFpga/project} F:/SocFpga/IP/ddr3_ctrl_v116/rtl/mcdq/axi/ips2l_cmd_align_fifo_v1_5.vp successfully.
Executing : .rtl_analyze -include_path {F:/SocFpga/project} F:/SocFpga/IP/ddr3_ctrl_v116/rtl/mcdq/axi/ips2l_cmd_fifo_v1_5.vp
I: Verilog-0001: Analyzing file F:/SocFpga/IP/ddr3_ctrl_v116/rtl/mcdq/axi/ips2l_cmd_fifo_v1_5.vp
I: Verilog-0002: [F:/SocFpga/IP/ddr3_ctrl_v116/rtl/mcdq/axi/ips2l_cmd_fifo_v1_5.vp(line number: 207)] Analyzing module ips2l_cmd_fifo_v1_5 (library work)
Parsing done.
Executing : .rtl_analyze -include_path {F:/SocFpga/project} F:/SocFpga/IP/ddr3_ctrl_v116/rtl/mcdq/axi/ips2l_cmd_fifo_v1_5.vp successfully.
Executing : .rtl_analyze -include_path {F:/SocFpga/project} F:/SocFpga/IP/ddr3_ctrl_v116/rtl/mcdq/axi/ips2l_mcdq_axi_bresp_buf_v1_5.vp
I: Verilog-0001: Analyzing file F:/SocFpga/IP/ddr3_ctrl_v116/rtl/mcdq/axi/ips2l_mcdq_axi_bresp_buf_v1_5.vp
I: Verilog-0002: [F:/SocFpga/IP/ddr3_ctrl_v116/rtl/mcdq/axi/ips2l_mcdq_axi_bresp_buf_v1_5.vp(line number: 103)] Analyzing module ips2l_mcdq_axi_bresp_buf_v1_5 (library work)
Parsing done.
Executing : .rtl_analyze -include_path {F:/SocFpga/project} F:/SocFpga/IP/ddr3_ctrl_v116/rtl/mcdq/axi/ips2l_mcdq_axi_bresp_buf_v1_5.vp successfully.
Executing : .rtl_analyze -include_path {F:/SocFpga/project} F:/SocFpga/IP/ddr3_ctrl_v116/rtl/mcdq/axi/ips2l_mcdq_axi_buf_v1_5.vp
I: Verilog-0001: Analyzing file F:/SocFpga/IP/ddr3_ctrl_v116/rtl/mcdq/axi/ips2l_mcdq_axi_buf_v1_5.vp
I: Verilog-0002: [F:/SocFpga/IP/ddr3_ctrl_v116/rtl/mcdq/axi/ips2l_mcdq_axi_buf_v1_5.vp(line number: 202)] Analyzing module ips2l_mcdq_axi_buf_v1_5 (library work)
Parsing done.
Executing : .rtl_analyze -include_path {F:/SocFpga/project} F:/SocFpga/IP/ddr3_ctrl_v116/rtl/mcdq/axi/ips2l_mcdq_axi_buf_v1_5.vp successfully.
Executing : .rtl_analyze -include_path {F:/SocFpga/project} F:/SocFpga/IP/ddr3_ctrl_v116/rtl/mcdq/axi/ips2l_mcdq_axi_channel_v1_6.vp
I: Verilog-0001: Analyzing file F:/SocFpga/IP/ddr3_ctrl_v116/rtl/mcdq/axi/ips2l_mcdq_axi_channel_v1_6.vp
I: Verilog-0002: [F:/SocFpga/IP/ddr3_ctrl_v116/rtl/mcdq/axi/ips2l_mcdq_axi_channel_v1_6.vp(line number: 266)] Analyzing module ips2l_mcdq_axi_channel_v1_6 (library work)
W: Verilog-2006: [F:/SocFpga/IP/ddr3_ctrl_v116/rtl/mcdq/axi/ips2l_mcdq_axi_channel_v1_6.vp(line number: 330)] Ansi_parameter force parameter in body to localparam
W: Verilog-2006: [F:/SocFpga/IP/ddr3_ctrl_v116/rtl/mcdq/axi/ips2l_mcdq_axi_channel_v1_6.vp(line number: 331)] Ansi_parameter force parameter in body to localparam
Parsing done.
Executing : .rtl_analyze -include_path {F:/SocFpga/project} F:/SocFpga/IP/ddr3_ctrl_v116/rtl/mcdq/axi/ips2l_mcdq_axi_channel_v1_6.vp successfully.
Executing : .rtl_analyze -include_path {F:/SocFpga/project} F:/SocFpga/IP/ddr3_ctrl_v116/rtl/mcdq/axi/ips2l_mcdq_axi_cmd_arb_v1_5a.vp
I: Verilog-0001: Analyzing file F:/SocFpga/IP/ddr3_ctrl_v116/rtl/mcdq/axi/ips2l_mcdq_axi_cmd_arb_v1_5a.vp
I: Verilog-0002: [F:/SocFpga/IP/ddr3_ctrl_v116/rtl/mcdq/axi/ips2l_mcdq_axi_cmd_arb_v1_5a.vp(line number: 201)] Analyzing module ips2l_mcdq_axi_cmd_arb_v1_5a (library work)
Parsing done.
Executing : .rtl_analyze -include_path {F:/SocFpga/project} F:/SocFpga/IP/ddr3_ctrl_v116/rtl/mcdq/axi/ips2l_mcdq_axi_cmd_arb_v1_5a.vp successfully.
Executing : .rtl_analyze -include_path {F:/SocFpga/project} F:/SocFpga/IP/ddr3_ctrl_v116/rtl/mcdq/axi/ips2l_mcdq_axi_dec_v1_5.vp
I: Verilog-0001: Analyzing file F:/SocFpga/IP/ddr3_ctrl_v116/rtl/mcdq/axi/ips2l_mcdq_axi_dec_v1_5.vp
I: Verilog-0002: [F:/SocFpga/IP/ddr3_ctrl_v116/rtl/mcdq/axi/ips2l_mcdq_axi_dec_v1_5.vp(line number: 209)] Analyzing module ips2l_mcdq_axi_dec_v1_5 (library work)
Parsing done.
Executing : .rtl_analyze -include_path {F:/SocFpga/project} F:/SocFpga/IP/ddr3_ctrl_v116/rtl/mcdq/axi/ips2l_mcdq_axi_dec_v1_5.vp successfully.
Executing : .rtl_analyze -include_path {F:/SocFpga/project} F:/SocFpga/IP/ddr3_ctrl_v116/rtl/mcdq/axi/ips2l_mcdq_axi_mc_v1_6.vp
I: Verilog-0001: Analyzing file F:/SocFpga/IP/ddr3_ctrl_v116/rtl/mcdq/axi/ips2l_mcdq_axi_mc_v1_6.vp
I: Verilog-0002: [F:/SocFpga/IP/ddr3_ctrl_v116/rtl/mcdq/axi/ips2l_mcdq_axi_mc_v1_6.vp(line number: 312)] Analyzing module ips2l_mcdq_axi_mc_v1_6 (library work)
I: [F:/SocFpga/IP/ddr3_ctrl_v116/rtl/mcdq/axi/ips2l_mcdq_axi_mc_v1_6.vp(line number: 395)] Convert attribute name from syn_maxfan to PAP_MAX_FANOUT
W: Verilog-2006: [F:/SocFpga/IP/ddr3_ctrl_v116/rtl/mcdq/axi/ips2l_mcdq_axi_mc_v1_6.vp(line number: 380)] Ansi_parameter force parameter in body to localparam
W: Verilog-2006: [F:/SocFpga/IP/ddr3_ctrl_v116/rtl/mcdq/axi/ips2l_mcdq_axi_mc_v1_6.vp(line number: 381)] Ansi_parameter force parameter in body to localparam
Parsing done.
Executing : .rtl_analyze -include_path {F:/SocFpga/project} F:/SocFpga/IP/ddr3_ctrl_v116/rtl/mcdq/axi/ips2l_mcdq_axi_mc_v1_6.vp successfully.
Executing : .rtl_analyze -include_path {F:/SocFpga/project} F:/SocFpga/IP/ddr3_ctrl_v116/rtl/mcdq/axi/ips2l_mcdq_axi_rdata_align_v1_6.vp
I: Verilog-0001: Analyzing file F:/SocFpga/IP/ddr3_ctrl_v116/rtl/mcdq/axi/ips2l_mcdq_axi_rdata_align_v1_6.vp
I: Verilog-0002: [F:/SocFpga/IP/ddr3_ctrl_v116/rtl/mcdq/axi/ips2l_mcdq_axi_rdata_align_v1_6.vp(line number: 490)] Analyzing module ips2l_mcdq_axi_rdata_align_v1_6 (library work)
W: Verilog-2006: [F:/SocFpga/IP/ddr3_ctrl_v116/rtl/mcdq/axi/ips2l_mcdq_axi_rdata_align_v1_6.vp(line number: 521)] Ansi_parameter force parameter in body to localparam
W: Verilog-2006: [F:/SocFpga/IP/ddr3_ctrl_v116/rtl/mcdq/axi/ips2l_mcdq_axi_rdata_align_v1_6.vp(line number: 522)] Ansi_parameter force parameter in body to localparam
W: Verilog-2006: [F:/SocFpga/IP/ddr3_ctrl_v116/rtl/mcdq/axi/ips2l_mcdq_axi_rdata_align_v1_6.vp(line number: 523)] Ansi_parameter force parameter in body to localparam
Parsing done.
Executing : .rtl_analyze -include_path {F:/SocFpga/project} F:/SocFpga/IP/ddr3_ctrl_v116/rtl/mcdq/axi/ips2l_mcdq_axi_rdata_align_v1_6.vp successfully.
Executing : .rtl_analyze -include_path {F:/SocFpga/project} F:/SocFpga/IP/ddr3_ctrl_v116/rtl/mcdq/axi/ips2l_mcdq_axi_rdata_arrange_v1_5.vp
I: Verilog-0001: Analyzing file F:/SocFpga/IP/ddr3_ctrl_v116/rtl/mcdq/axi/ips2l_mcdq_axi_rdata_arrange_v1_5.vp
I: Verilog-0002: [F:/SocFpga/IP/ddr3_ctrl_v116/rtl/mcdq/axi/ips2l_mcdq_axi_rdata_arrange_v1_5.vp(line number: 332)] Analyzing module ips2l_mcdq_axi_rdata_arrange_v1_5 (library work)
I: [F:/SocFpga/IP/ddr3_ctrl_v116/rtl/mcdq/axi/ips2l_mcdq_axi_rdata_arrange_v1_5.vp(line number: 380)] Convert attribute name from syn_maxfan to PAP_MAX_FANOUT
W: Verilog-2006: [F:/SocFpga/IP/ddr3_ctrl_v116/rtl/mcdq/axi/ips2l_mcdq_axi_rdata_arrange_v1_5.vp(line number: 355)] Ansi_parameter force parameter in body to localparam
W: Verilog-2006: [F:/SocFpga/IP/ddr3_ctrl_v116/rtl/mcdq/axi/ips2l_mcdq_axi_rdata_arrange_v1_5.vp(line number: 360)] Ansi_parameter force parameter in body to localparam
Parsing done.
Executing : .rtl_analyze -include_path {F:/SocFpga/project} F:/SocFpga/IP/ddr3_ctrl_v116/rtl/mcdq/axi/ips2l_mcdq_axi_rdata_arrange_v1_5.vp successfully.
Executing : .rtl_analyze -include_path {F:/SocFpga/project} F:/SocFpga/IP/ddr3_ctrl_v116/rtl/mcdq/axi/ips2l_mcdq_axi_wdata_align_v1_5.vp
I: Verilog-0001: Analyzing file F:/SocFpga/IP/ddr3_ctrl_v116/rtl/mcdq/axi/ips2l_mcdq_axi_wdata_align_v1_5.vp
I: Verilog-0002: [F:/SocFpga/IP/ddr3_ctrl_v116/rtl/mcdq/axi/ips2l_mcdq_axi_wdata_align_v1_5.vp(line number: 662)] Analyzing module ips2l_mcdq_axi_wdata_align_v1_5 (library work)
I: [F:/SocFpga/IP/ddr3_ctrl_v116/rtl/mcdq/axi/ips2l_mcdq_axi_wdata_align_v1_5.vp(line number: 727)] Convert attribute name from syn_maxfan to PAP_MAX_FANOUT
I: [F:/SocFpga/IP/ddr3_ctrl_v116/rtl/mcdq/axi/ips2l_mcdq_axi_wdata_align_v1_5.vp(line number: 732)] Convert attribute name from syn_maxfan to PAP_MAX_FANOUT
W: Verilog-2006: [F:/SocFpga/IP/ddr3_ctrl_v116/rtl/mcdq/axi/ips2l_mcdq_axi_wdata_align_v1_5.vp(line number: 694)] Ansi_parameter force parameter in body to localparam
W: Verilog-2006: [F:/SocFpga/IP/ddr3_ctrl_v116/rtl/mcdq/axi/ips2l_mcdq_axi_wdata_align_v1_5.vp(line number: 695)] Ansi_parameter force parameter in body to localparam
W: Verilog-2006: [F:/SocFpga/IP/ddr3_ctrl_v116/rtl/mcdq/axi/ips2l_mcdq_axi_wdata_align_v1_5.vp(line number: 696)] Ansi_parameter force parameter in body to localparam
Parsing done.
Executing : .rtl_analyze -include_path {F:/SocFpga/project} F:/SocFpga/IP/ddr3_ctrl_v116/rtl/mcdq/axi/ips2l_mcdq_axi_wdata_align_v1_5.vp successfully.
Executing : .rtl_analyze -include_path {F:/SocFpga/project} F:/SocFpga/IP/ddr3_ctrl_v116/rtl/mcdq/axi/ips2l_rddata_fifo_v1_5.vp
I: Verilog-0001: Analyzing file F:/SocFpga/IP/ddr3_ctrl_v116/rtl/mcdq/axi/ips2l_rddata_fifo_v1_5.vp
I: Verilog-0002: [F:/SocFpga/IP/ddr3_ctrl_v116/rtl/mcdq/axi/ips2l_rddata_fifo_v1_5.vp(line number: 216)] Analyzing module ips2l_rddata_fifo_v1_5 (library work)
I: [F:/SocFpga/IP/ddr3_ctrl_v116/rtl/mcdq/axi/ips2l_rddata_fifo_v1_5.vp(line number: 221)] Convert attribute name from syn_maxfan to PAP_MAX_FANOUT
I: [F:/SocFpga/IP/ddr3_ctrl_v116/rtl/mcdq/axi/ips2l_rddata_fifo_v1_5.vp(line number: 221)] Convert attribute name from syn_maxfan to PAP_MAX_FANOUT
Parsing done.
Executing : .rtl_analyze -include_path {F:/SocFpga/project} F:/SocFpga/IP/ddr3_ctrl_v116/rtl/mcdq/axi/ips2l_rddata_fifo_v1_5.vp successfully.
Executing : .rtl_analyze -include_path {F:/SocFpga/project} F:/SocFpga/IP/ddr3_ctrl_v116/rtl/mcdq/axi/ips2l_rdata_align_fifo_v1_5.vp
I: Verilog-0001: Analyzing file F:/SocFpga/IP/ddr3_ctrl_v116/rtl/mcdq/axi/ips2l_rdata_align_fifo_v1_5.vp
I: Verilog-0002: [F:/SocFpga/IP/ddr3_ctrl_v116/rtl/mcdq/axi/ips2l_rdata_align_fifo_v1_5.vp(line number: 257)] Analyzing module ips2l_rdata_align_fifo_v1_5 (library work)
Parsing done.
Executing : .rtl_analyze -include_path {F:/SocFpga/project} F:/SocFpga/IP/ddr3_ctrl_v116/rtl/mcdq/axi/ips2l_rdata_align_fifo_v1_5.vp successfully.
Executing : .rtl_analyze -include_path {F:/SocFpga/project} F:/SocFpga/IP/ddr3_ctrl_v116/rtl/mcdq/axi/ips2l_wdata_align_fifo_v1_5.vp
I: Verilog-0001: Analyzing file F:/SocFpga/IP/ddr3_ctrl_v116/rtl/mcdq/axi/ips2l_wdata_align_fifo_v1_5.vp
I: Verilog-0002: [F:/SocFpga/IP/ddr3_ctrl_v116/rtl/mcdq/axi/ips2l_wdata_align_fifo_v1_5.vp(line number: 303)] Analyzing module ips2l_wdata_align_fifo_v1_5 (library work)
I: [F:/SocFpga/IP/ddr3_ctrl_v116/rtl/mcdq/axi/ips2l_wdata_align_fifo_v1_5.vp(line number: 308)] Convert attribute name from syn_maxfan to PAP_MAX_FANOUT
I: [F:/SocFpga/IP/ddr3_ctrl_v116/rtl/mcdq/axi/ips2l_wdata_align_fifo_v1_5.vp(line number: 318)] Convert attribute name from syn_maxfan to PAP_MAX_FANOUT
Parsing done.
Executing : .rtl_analyze -include_path {F:/SocFpga/project} F:/SocFpga/IP/ddr3_ctrl_v116/rtl/mcdq/axi/ips2l_wdata_align_fifo_v1_5.vp successfully.
Executing : .rtl_analyze -include_path {F:/SocFpga/project} F:/SocFpga/IP/ddr3_ctrl_v116/rtl/mcdq/axi/ips2l_wdata_fifo_v1_5.vp
I: Verilog-0001: Analyzing file F:/SocFpga/IP/ddr3_ctrl_v116/rtl/mcdq/axi/ips2l_wdata_fifo_v1_5.vp
I: Verilog-0002: [F:/SocFpga/IP/ddr3_ctrl_v116/rtl/mcdq/axi/ips2l_wdata_fifo_v1_5.vp(line number: 307)] Analyzing module ips2l_wdata_fifo_v1_5 (library work)
I: [F:/SocFpga/IP/ddr3_ctrl_v116/rtl/mcdq/axi/ips2l_wdata_fifo_v1_5.vp(line number: 312)] Convert attribute name from syn_maxfan to PAP_MAX_FANOUT
I: [F:/SocFpga/IP/ddr3_ctrl_v116/rtl/mcdq/axi/ips2l_wdata_fifo_v1_5.vp(line number: 322)] Convert attribute name from syn_maxfan to PAP_MAX_FANOUT
Parsing done.
Executing : .rtl_analyze -include_path {F:/SocFpga/project} F:/SocFpga/IP/ddr3_ctrl_v116/rtl/mcdq/axi/ips2l_wdata_fifo_v1_5.vp successfully.
Executing : .rtl_analyze -include_path {F:/SocFpga/project} F:/SocFpga/IP/ddr3_ctrl_v116/rtl/mcdq/axi/ips2l_mcdq_ui_axi_v1_5a.vp
I: Verilog-0001: Analyzing file F:/SocFpga/IP/ddr3_ctrl_v116/rtl/mcdq/axi/ips2l_mcdq_ui_axi_v1_5a.vp
I: Verilog-0002: [F:/SocFpga/IP/ddr3_ctrl_v116/rtl/mcdq/axi/ips2l_mcdq_ui_axi_v1_5a.vp(line number: 305)] Analyzing module ips2l_mcdq_ui_axi_v1_5a (library work)
Parsing done.
Executing : .rtl_analyze -include_path {F:/SocFpga/project} F:/SocFpga/IP/ddr3_ctrl_v116/rtl/mcdq/axi/ips2l_mcdq_ui_axi_v1_5a.vp successfully.
Executing : .rtl_analyze -include_path {F:/SocFpga/project} F:/SocFpga/IP/ddr3_ctrl_v116/rtl/mcdq/axi/ips2l_mcdq_reg_fifo2_v1_5.vp
I: Verilog-0001: Analyzing file F:/SocFpga/IP/ddr3_ctrl_v116/rtl/mcdq/axi/ips2l_mcdq_reg_fifo2_v1_5.vp
I: Verilog-0002: [F:/SocFpga/IP/ddr3_ctrl_v116/rtl/mcdq/axi/ips2l_mcdq_reg_fifo2_v1_5.vp(line number: 113)] Analyzing module ips2l_mcdq_reg_fifo2_v1_5 (library work)
I: [F:/SocFpga/IP/ddr3_ctrl_v116/rtl/mcdq/axi/ips2l_mcdq_reg_fifo2_v1_5.vp(line number: 133)] Convert attribute name from syn_maxfan to PAP_MAX_FANOUT
I: [F:/SocFpga/IP/ddr3_ctrl_v116/rtl/mcdq/axi/ips2l_mcdq_reg_fifo2_v1_5.vp(line number: 134)] Convert attribute name from syn_maxfan to PAP_MAX_FANOUT
Parsing done.
Executing : .rtl_analyze -include_path {F:/SocFpga/project} F:/SocFpga/IP/ddr3_ctrl_v116/rtl/mcdq/axi/ips2l_mcdq_reg_fifo2_v1_5.vp successfully.
Executing : .rtl_analyze -include_path {F:/SocFpga/project} F:/SocFpga/IP/ddr3_ctrl_v116/rtl/mcdq/distributed_fifo/ips2l_distributed_fifo_v1_0.vp
I: Verilog-0001: Analyzing file F:/SocFpga/IP/ddr3_ctrl_v116/rtl/mcdq/distributed_fifo/ips2l_distributed_fifo_v1_0.vp
I: Verilog-0002: [F:/SocFpga/IP/ddr3_ctrl_v116/rtl/mcdq/distributed_fifo/ips2l_distributed_fifo_v1_0.vp(line number: 164)] Analyzing module ips2l_distributed_fifo_v1_0 (library work)
Parsing done.
Executing : .rtl_analyze -include_path {F:/SocFpga/project} F:/SocFpga/IP/ddr3_ctrl_v116/rtl/mcdq/distributed_fifo/ips2l_distributed_fifo_v1_0.vp successfully.
Executing : .rtl_analyze -include_path {F:/SocFpga/project} F:/SocFpga/IP/ddr3_ctrl_v116/rtl/mcdq/distributed_fifo/rtl/ips2l_distributed_fifo_ctr_v1_0.vp
I: Verilog-0001: Analyzing file F:/SocFpga/IP/ddr3_ctrl_v116/rtl/mcdq/distributed_fifo/rtl/ips2l_distributed_fifo_ctr_v1_0.vp
I: Verilog-0002: [F:/SocFpga/IP/ddr3_ctrl_v116/rtl/mcdq/distributed_fifo/rtl/ips2l_distributed_fifo_ctr_v1_0.vp(line number: 303)] Analyzing module ips2l_distributed_fifo_ctr_v1_0 (library work)
Parsing done.
Executing : .rtl_analyze -include_path {F:/SocFpga/project} F:/SocFpga/IP/ddr3_ctrl_v116/rtl/mcdq/distributed_fifo/rtl/ips2l_distributed_fifo_ctr_v1_0.vp successfully.
Executing : .rtl_analyze -include_path {F:/SocFpga/project} F:/SocFpga/IP/ddr3_ctrl_v116/rtl/mcdq/distributed_fifo/rtl/ips2l_distributed_fifo_v1_0_distributed_fifo_v1_0.vp
I: Verilog-0001: Analyzing file F:/SocFpga/IP/ddr3_ctrl_v116/rtl/mcdq/distributed_fifo/rtl/ips2l_distributed_fifo_v1_0_distributed_fifo_v1_0.vp
I: Verilog-0002: [F:/SocFpga/IP/ddr3_ctrl_v116/rtl/mcdq/distributed_fifo/rtl/ips2l_distributed_fifo_v1_0_distributed_fifo_v1_0.vp(line number: 164)] Analyzing module ips2l_distributed_fifo_v1_0_distributed_fifo_v1_0 (library work)
Parsing done.
Executing : .rtl_analyze -include_path {F:/SocFpga/project} F:/SocFpga/IP/ddr3_ctrl_v116/rtl/mcdq/distributed_fifo/rtl/ips2l_distributed_fifo_v1_0_distributed_fifo_v1_0.vp successfully.
Executing : .rtl_analyze -include_path {F:/SocFpga/project} F:/SocFpga/IP/ddr3_ctrl_v116/rtl/mcdq/distributed_fifo/rtl/ips2l_distributed_sdpram_v1_0_distributed_fifo_v1_0.vp
I: Verilog-0001: Analyzing file F:/SocFpga/IP/ddr3_ctrl_v116/rtl/mcdq/distributed_fifo/rtl/ips2l_distributed_sdpram_v1_0_distributed_fifo_v1_0.vp
I: Verilog-0002: [F:/SocFpga/IP/ddr3_ctrl_v116/rtl/mcdq/distributed_fifo/rtl/ips2l_distributed_sdpram_v1_0_distributed_fifo_v1_0.vp(line number: 154)] Analyzing module ips2l_distributed_sdpram_v1_0_distributed_fifo_v1_0 (library work)
I: [F:/SocFpga/IP/ddr3_ctrl_v116/rtl/mcdq/distributed_fifo/rtl/ips2l_distributed_sdpram_v1_0_distributed_fifo_v1_0.vp(line number: 163)] Convert attribute name from syn_ramstyle to PAP_RAM_STYLE
Parsing done.
Executing : .rtl_analyze -include_path {F:/SocFpga/project} F:/SocFpga/IP/ddr3_ctrl_v116/rtl/mcdq/distributed_fifo/rtl/ips2l_distributed_sdpram_v1_0_distributed_fifo_v1_0.vp successfully.
Executing : .rtl_analyze -include_path {F:/SocFpga/project} F:/SocFpga/IP/ddr3_ctrl_v116/rtl/mcdq/mac/ips2l_mcdq_apb_cross_v1_5.vp
I: Verilog-0001: Analyzing file F:/SocFpga/IP/ddr3_ctrl_v116/rtl/mcdq/mac/ips2l_mcdq_apb_cross_v1_5.vp
I: Verilog-0002: [F:/SocFpga/IP/ddr3_ctrl_v116/rtl/mcdq/mac/ips2l_mcdq_apb_cross_v1_5.vp(line number: 179)] Analyzing module ips2l_mcdq_apb_cross_v1_5 (library work)
Parsing done.
Executing : .rtl_analyze -include_path {F:/SocFpga/project} F:/SocFpga/IP/ddr3_ctrl_v116/rtl/mcdq/mac/ips2l_mcdq_apb_cross_v1_5.vp successfully.
Executing : .rtl_analyze -include_path {F:/SocFpga/project} F:/SocFpga/IP/ddr3_ctrl_v116/rtl/mcdq/mac/ips2l_mcdq_calib_delay_v1_5.vp
I: Verilog-0001: Analyzing file F:/SocFpga/IP/ddr3_ctrl_v116/rtl/mcdq/mac/ips2l_mcdq_calib_delay_v1_5.vp
I: Verilog-0002: [F:/SocFpga/IP/ddr3_ctrl_v116/rtl/mcdq/mac/ips2l_mcdq_calib_delay_v1_5.vp(line number: 135)] Analyzing module ips2l_mcdq_calib_delay_v1_5 (library work)
Parsing done.
Executing : .rtl_analyze -include_path {F:/SocFpga/project} F:/SocFpga/IP/ddr3_ctrl_v116/rtl/mcdq/mac/ips2l_mcdq_calib_delay_v1_5.vp successfully.
Executing : .rtl_analyze -include_path {F:/SocFpga/project} F:/SocFpga/IP/ddr3_ctrl_v116/rtl/mcdq/mac/ips2l_mcdq_cfg_apb_v1_5a.vp
I: Verilog-0001: Analyzing file F:/SocFpga/IP/ddr3_ctrl_v116/rtl/mcdq/mac/ips2l_mcdq_cfg_apb_v1_5a.vp
I: Verilog-0002: [F:/SocFpga/IP/ddr3_ctrl_v116/rtl/mcdq/mac/ips2l_mcdq_cfg_apb_v1_5a.vp(line number: 748)] Analyzing module ips2l_mcdq_cfg_apb_v1_5a (library work)
Parsing done.
Executing : .rtl_analyze -include_path {F:/SocFpga/project} F:/SocFpga/IP/ddr3_ctrl_v116/rtl/mcdq/mac/ips2l_mcdq_cfg_apb_v1_5a.vp successfully.
Executing : .rtl_analyze -include_path {F:/SocFpga/project} F:/SocFpga/IP/ddr3_ctrl_v116/rtl/mcdq/mac/ips2l_mcdq_dcd_bm_v1_6.vp
I: Verilog-0001: Analyzing file F:/SocFpga/IP/ddr3_ctrl_v116/rtl/mcdq/mac/ips2l_mcdq_dcd_bm_v1_6.vp
I: Verilog-0002: [F:/SocFpga/IP/ddr3_ctrl_v116/rtl/mcdq/mac/ips2l_mcdq_dcd_bm_v1_6.vp(line number: 284)] Analyzing module ips2l_mcdq_dcd_bm_v1_6 (library work)
Parsing done.
Executing : .rtl_analyze -include_path {F:/SocFpga/project} F:/SocFpga/IP/ddr3_ctrl_v116/rtl/mcdq/mac/ips2l_mcdq_dcd_bm_v1_6.vp successfully.
Executing : .rtl_analyze -include_path {F:/SocFpga/project} F:/SocFpga/IP/ddr3_ctrl_v116/rtl/mcdq/mac/ips2l_mcdq_dcd_rowaddr_v1_5.vp
I: Verilog-0001: Analyzing file F:/SocFpga/IP/ddr3_ctrl_v116/rtl/mcdq/mac/ips2l_mcdq_dcd_rowaddr_v1_5.vp
I: Verilog-0002: [F:/SocFpga/IP/ddr3_ctrl_v116/rtl/mcdq/mac/ips2l_mcdq_dcd_rowaddr_v1_5.vp(line number: 110)] Analyzing module ips2l_mcdq_dcd_rowaddr_v1_5 (library work)
Parsing done.
Executing : .rtl_analyze -include_path {F:/SocFpga/project} F:/SocFpga/IP/ddr3_ctrl_v116/rtl/mcdq/mac/ips2l_mcdq_dcd_rowaddr_v1_5.vp successfully.
Executing : .rtl_analyze -include_path {F:/SocFpga/project} F:/SocFpga/IP/ddr3_ctrl_v116/rtl/mcdq/mac/ips2l_mcdq_dcd_sm_v1_6.vp
I: Verilog-0001: Analyzing file F:/SocFpga/IP/ddr3_ctrl_v116/rtl/mcdq/mac/ips2l_mcdq_dcd_sm_v1_6.vp
I: Verilog-0002: [F:/SocFpga/IP/ddr3_ctrl_v116/rtl/mcdq/mac/ips2l_mcdq_dcd_sm_v1_6.vp(line number: 244)] Analyzing module ips2l_mcdq_dcd_sm_v1_6 (library work)
Parsing done.
Executing : .rtl_analyze -include_path {F:/SocFpga/project} F:/SocFpga/IP/ddr3_ctrl_v116/rtl/mcdq/mac/ips2l_mcdq_dcd_sm_v1_6.vp successfully.
Executing : .rtl_analyze -include_path {F:/SocFpga/project} F:/SocFpga/IP/ddr3_ctrl_v116/rtl/mcdq/mac/ips2l_mcdq_dcd_top_v1_8.vp
I: Verilog-0001: Analyzing file F:/SocFpga/IP/ddr3_ctrl_v116/rtl/mcdq/mac/ips2l_mcdq_dcd_top_v1_8.vp
I: Verilog-0002: [F:/SocFpga/IP/ddr3_ctrl_v116/rtl/mcdq/mac/ips2l_mcdq_dcd_top_v1_8.vp(line number: 209)] Analyzing module ips2l_mcdq_dcd_top_v1_8 (library work)
Parsing done.
Executing : .rtl_analyze -include_path {F:/SocFpga/project} F:/SocFpga/IP/ddr3_ctrl_v116/rtl/mcdq/mac/ips2l_mcdq_dcd_top_v1_8.vp successfully.
Executing : .rtl_analyze -include_path {F:/SocFpga/project} F:/SocFpga/IP/ddr3_ctrl_v116/rtl/mcdq/mac/ips2l_mcdq_dcp_back_ctrl_v1_6.vp
I: Verilog-0001: Analyzing file F:/SocFpga/IP/ddr3_ctrl_v116/rtl/mcdq/mac/ips2l_mcdq_dcp_back_ctrl_v1_6.vp
I: Verilog-0002: [F:/SocFpga/IP/ddr3_ctrl_v116/rtl/mcdq/mac/ips2l_mcdq_dcp_back_ctrl_v1_6.vp(line number: 682)] Analyzing module ips2l_mcdq_dcp_back_ctrl_v1_6 (library work)
I: [F:/SocFpga/IP/ddr3_ctrl_v116/rtl/mcdq/mac/ips2l_mcdq_dcp_back_ctrl_v1_6.vp(line number: 874)] Convert attribute name from syn_maxfan to PAP_MAX_FANOUT
Parsing done.
Executing : .rtl_analyze -include_path {F:/SocFpga/project} F:/SocFpga/IP/ddr3_ctrl_v116/rtl/mcdq/mac/ips2l_mcdq_dcp_back_ctrl_v1_6.vp successfully.
Executing : .rtl_analyze -include_path {F:/SocFpga/project} F:/SocFpga/IP/ddr3_ctrl_v116/rtl/mcdq/mac/ips2l_mcdq_dcp_buf_v1_8b.vp
I: Verilog-0001: Analyzing file F:/SocFpga/IP/ddr3_ctrl_v116/rtl/mcdq/mac/ips2l_mcdq_dcp_buf_v1_8b.vp
I: Verilog-0002: [F:/SocFpga/IP/ddr3_ctrl_v116/rtl/mcdq/mac/ips2l_mcdq_dcp_buf_v1_8b.vp(line number: 332)] Analyzing module ips2l_mcdq_dcp_buf_v1_8b (library work)
Parsing done.
Executing : .rtl_analyze -include_path {F:/SocFpga/project} F:/SocFpga/IP/ddr3_ctrl_v116/rtl/mcdq/mac/ips2l_mcdq_dcp_buf_v1_8b.vp successfully.
Executing : .rtl_analyze -include_path {F:/SocFpga/project} F:/SocFpga/IP/ddr3_ctrl_v116/rtl/mcdq/mac/ips2l_mcdq_dcp_out_v1_6.vp
I: Verilog-0001: Analyzing file F:/SocFpga/IP/ddr3_ctrl_v116/rtl/mcdq/mac/ips2l_mcdq_dcp_out_v1_6.vp
I: Verilog-0002: [F:/SocFpga/IP/ddr3_ctrl_v116/rtl/mcdq/mac/ips2l_mcdq_dcp_out_v1_6.vp(line number: 244)] Analyzing module ips2l_mcdq_dcp_out_v1_6 (library work)
Parsing done.
Executing : .rtl_analyze -include_path {F:/SocFpga/project} F:/SocFpga/IP/ddr3_ctrl_v116/rtl/mcdq/mac/ips2l_mcdq_dcp_out_v1_6.vp successfully.
Executing : .rtl_analyze -include_path {F:/SocFpga/project} F:/SocFpga/IP/ddr3_ctrl_v116/rtl/mcdq/mac/ips2l_mcdq_dcp_top_v1_8b.vp
I: Verilog-0001: Analyzing file F:/SocFpga/IP/ddr3_ctrl_v116/rtl/mcdq/mac/ips2l_mcdq_dcp_top_v1_8b.vp
I: Verilog-0002: [F:/SocFpga/IP/ddr3_ctrl_v116/rtl/mcdq/mac/ips2l_mcdq_dcp_top_v1_8b.vp(line number: 363)] Analyzing module ips2l_mcdq_dcp_top_v1_8b (library work)
Parsing done.
Executing : .rtl_analyze -include_path {F:/SocFpga/project} F:/SocFpga/IP/ddr3_ctrl_v116/rtl/mcdq/mac/ips2l_mcdq_dcp_top_v1_8b.vp successfully.
Executing : .rtl_analyze -include_path {F:/SocFpga/project} F:/SocFpga/IP/ddr3_ctrl_v116/rtl/mcdq/mac/ips2l_mcdq_dfi_v1_7a.vp
I: Verilog-0001: Analyzing file F:/SocFpga/IP/ddr3_ctrl_v116/rtl/mcdq/mac/ips2l_mcdq_dfi_v1_7a.vp
I: Verilog-0002: [F:/SocFpga/IP/ddr3_ctrl_v116/rtl/mcdq/mac/ips2l_mcdq_dfi_v1_7a.vp(line number: 740)] Analyzing module ips2l_mcdq_dfi_v1_7a (library work)
Parsing done.
Executing : .rtl_analyze -include_path {F:/SocFpga/project} F:/SocFpga/IP/ddr3_ctrl_v116/rtl/mcdq/mac/ips2l_mcdq_dfi_v1_7a.vp successfully.
Executing : .rtl_analyze -include_path {F:/SocFpga/project} F:/SocFpga/IP/ddr3_ctrl_v116/rtl/mcdq/mac/ips2l_mcdq_lp_v1_5.vp
I: Verilog-0001: Analyzing file F:/SocFpga/IP/ddr3_ctrl_v116/rtl/mcdq/mac/ips2l_mcdq_lp_v1_5.vp
I: Verilog-0002: [F:/SocFpga/IP/ddr3_ctrl_v116/rtl/mcdq/mac/ips2l_mcdq_lp_v1_5.vp(line number: 349)] Analyzing module ips2l_mcdq_lp_v1_5 (library work)
Parsing done.
Executing : .rtl_analyze -include_path {F:/SocFpga/project} F:/SocFpga/IP/ddr3_ctrl_v116/rtl/mcdq/mac/ips2l_mcdq_lp_v1_5.vp successfully.
Executing : .rtl_analyze -include_path {F:/SocFpga/project} F:/SocFpga/IP/ddr3_ctrl_v116/rtl/mcdq/mac/ips2l_mcdq_mac_top_v1_8b.vp
I: Verilog-0001: Analyzing file F:/SocFpga/IP/ddr3_ctrl_v116/rtl/mcdq/mac/ips2l_mcdq_mac_top_v1_8b.vp
I: Verilog-0002: [F:/SocFpga/IP/ddr3_ctrl_v116/rtl/mcdq/mac/ips2l_mcdq_mac_top_v1_8b.vp(line number: 668)] Analyzing module ips2l_mcdq_mac_top_v1_8b (library work)
Parsing done.
Executing : .rtl_analyze -include_path {F:/SocFpga/project} F:/SocFpga/IP/ddr3_ctrl_v116/rtl/mcdq/mac/ips2l_mcdq_mac_top_v1_8b.vp successfully.
Executing : .rtl_analyze -include_path {F:/SocFpga/project} F:/SocFpga/IP/ddr3_ctrl_v116/rtl/mcdq/mac/ips2l_mcdq_mpr_v1_5.vp
I: Verilog-0001: Analyzing file F:/SocFpga/IP/ddr3_ctrl_v116/rtl/mcdq/mac/ips2l_mcdq_mpr_v1_5.vp
I: Verilog-0002: [F:/SocFpga/IP/ddr3_ctrl_v116/rtl/mcdq/mac/ips2l_mcdq_mpr_v1_5.vp(line number: 348)] Analyzing module ips2l_mcdq_mpr_v1_5 (library work)
Parsing done.
Executing : .rtl_analyze -include_path {F:/SocFpga/project} F:/SocFpga/IP/ddr3_ctrl_v116/rtl/mcdq/mac/ips2l_mcdq_mpr_v1_5.vp successfully.
Executing : .rtl_analyze -include_path {F:/SocFpga/project} F:/SocFpga/IP/ddr3_ctrl_v116/rtl/mcdq/mac/ips2l_mcdq_mrs_v1_5.vp
I: Verilog-0001: Analyzing file F:/SocFpga/IP/ddr3_ctrl_v116/rtl/mcdq/mac/ips2l_mcdq_mrs_v1_5.vp
I: Verilog-0002: [F:/SocFpga/IP/ddr3_ctrl_v116/rtl/mcdq/mac/ips2l_mcdq_mrs_v1_5.vp(line number: 390)] Analyzing module ips2l_mcdq_mrs_v1_5 (library work)
Parsing done.
Executing : .rtl_analyze -include_path {F:/SocFpga/project} F:/SocFpga/IP/ddr3_ctrl_v116/rtl/mcdq/mac/ips2l_mcdq_mrs_v1_5.vp successfully.
Executing : .rtl_analyze -include_path {F:/SocFpga/project} F:/SocFpga/IP/ddr3_ctrl_v116/rtl/mcdq/mac/ips2l_mcdq_prefetch_fifo_v1_5.vp
I: Verilog-0001: Analyzing file F:/SocFpga/IP/ddr3_ctrl_v116/rtl/mcdq/mac/ips2l_mcdq_prefetch_fifo_v1_5.vp
I: Verilog-0002: [F:/SocFpga/IP/ddr3_ctrl_v116/rtl/mcdq/mac/ips2l_mcdq_prefetch_fifo_v1_5.vp(line number: 129)] Analyzing module ips2l_mcdq_prefetch_fifo_v1_5 (library work)
Parsing done.
Executing : .rtl_analyze -include_path {F:/SocFpga/project} F:/SocFpga/IP/ddr3_ctrl_v116/rtl/mcdq/mac/ips2l_mcdq_prefetch_fifo_v1_5.vp successfully.
Executing : .rtl_analyze -include_path {F:/SocFpga/project} F:/SocFpga/IP/ddr3_ctrl_v116/rtl/mcdq/mac/ips2l_mcdq_rdatapath_v1_6.vp
I: Verilog-0001: Analyzing file F:/SocFpga/IP/ddr3_ctrl_v116/rtl/mcdq/mac/ips2l_mcdq_rdatapath_v1_6.vp
I: Verilog-0002: [F:/SocFpga/IP/ddr3_ctrl_v116/rtl/mcdq/mac/ips2l_mcdq_rdatapath_v1_6.vp(line number: 117)] Analyzing module ips2l_mcdq_rdatapath_v1_6 (library work)
Parsing done.
Executing : .rtl_analyze -include_path {F:/SocFpga/project} F:/SocFpga/IP/ddr3_ctrl_v116/rtl/mcdq/mac/ips2l_mcdq_rdatapath_v1_6.vp successfully.
Executing : .rtl_analyze -include_path {F:/SocFpga/project} F:/SocFpga/IP/ddr3_ctrl_v116/rtl/mcdq/mac/ips2l_mcdq_wdatapath_v1_8.vp
I: Verilog-0001: Analyzing file F:/SocFpga/IP/ddr3_ctrl_v116/rtl/mcdq/mac/ips2l_mcdq_wdatapath_v1_8.vp
I: Verilog-0002: [F:/SocFpga/IP/ddr3_ctrl_v116/rtl/mcdq/mac/ips2l_mcdq_wdatapath_v1_8.vp(line number: 207)] Analyzing module ips2l_mcdq_wdatapath_v1_8 (library work)
Parsing done.
Executing : .rtl_analyze -include_path {F:/SocFpga/project} F:/SocFpga/IP/ddr3_ctrl_v116/rtl/mcdq/mac/ips2l_mcdq_wdatapath_v1_8.vp successfully.
Executing : .rtl_analyze -include_path {F:/SocFpga/project} F:/SocFpga/IP/ddr3_ctrl_v116/rtl/mcdq/mac/ips2l_mcdq_wdp_align_v1_5.vp
I: Verilog-0001: Analyzing file F:/SocFpga/IP/ddr3_ctrl_v116/rtl/mcdq/mac/ips2l_mcdq_wdp_align_v1_5.vp
I: Verilog-0002: [F:/SocFpga/IP/ddr3_ctrl_v116/rtl/mcdq/mac/ips2l_mcdq_wdp_align_v1_5.vp(line number: 174)] Analyzing module ips2l_mcdq_wdp_align_v1_5 (library work)
Parsing done.
Executing : .rtl_analyze -include_path {F:/SocFpga/project} F:/SocFpga/IP/ddr3_ctrl_v116/rtl/mcdq/mac/ips2l_mcdq_wdp_align_v1_5.vp successfully.
Executing : .rtl_analyze -include_path {F:/SocFpga/project} F:/SocFpga/IP/ddr3_ctrl_v116/rtl/mcdq/mac/ips2l_mcdq_wdp_dcp_v1_6.vp
I: Verilog-0001: Analyzing file F:/SocFpga/IP/ddr3_ctrl_v116/rtl/mcdq/mac/ips2l_mcdq_wdp_dcp_v1_6.vp
I: Verilog-0002: [F:/SocFpga/IP/ddr3_ctrl_v116/rtl/mcdq/mac/ips2l_mcdq_wdp_dcp_v1_6.vp(line number: 167)] Analyzing module ips2l_mcdq_wdp_dcp_v1_6 (library work)
Parsing done.
Executing : .rtl_analyze -include_path {F:/SocFpga/project} F:/SocFpga/IP/ddr3_ctrl_v116/rtl/mcdq/mac/ips2l_mcdq_wdp_dcp_v1_6.vp successfully.
Executing : .rtl_analyze -include_path {F:/SocFpga/project} F:/SocFpga/IP/ddr3_ctrl_v116/rtl/mcdq/mac/syn_mod/ips2l_mcdq_com_timing_v1_5.vp
I: Verilog-0001: Analyzing file F:/SocFpga/IP/ddr3_ctrl_v116/rtl/mcdq/mac/syn_mod/ips2l_mcdq_com_timing_v1_5.vp
I: Verilog-0002: [F:/SocFpga/IP/ddr3_ctrl_v116/rtl/mcdq/mac/syn_mod/ips2l_mcdq_com_timing_v1_5.vp(line number: 136)] Analyzing module ips2l_mcdq_com_timing_v1_5 (library work)
Parsing done.
Executing : .rtl_analyze -include_path {F:/SocFpga/project} F:/SocFpga/IP/ddr3_ctrl_v116/rtl/mcdq/mac/syn_mod/ips2l_mcdq_com_timing_v1_5.vp successfully.
Executing : .rtl_analyze -include_path {F:/SocFpga/project} F:/SocFpga/IP/ddr3_ctrl_v116/rtl/mcdq/mac/syn_mod/ips2l_mcdq_tfaw_timing_v1_5.vp
I: Verilog-0001: Analyzing file F:/SocFpga/IP/ddr3_ctrl_v116/rtl/mcdq/mac/syn_mod/ips2l_mcdq_tfaw_timing_v1_5.vp
I: Verilog-0002: [F:/SocFpga/IP/ddr3_ctrl_v116/rtl/mcdq/mac/syn_mod/ips2l_mcdq_tfaw_timing_v1_5.vp(line number: 162)] Analyzing module ips2l_mcdq_tfaw_timing_v1_5 (library work)
Parsing done.
Executing : .rtl_analyze -include_path {F:/SocFpga/project} F:/SocFpga/IP/ddr3_ctrl_v116/rtl/mcdq/mac/syn_mod/ips2l_mcdq_tfaw_timing_v1_5.vp successfully.
Executing : .rtl_analyze -include_path {F:/SocFpga/project} F:/SocFpga/IP/ddr3_ctrl_v116/rtl/mcdq/mac/syn_mod/ips2l_mcdq_tfaw_v1_5.vp
I: Verilog-0001: Analyzing file F:/SocFpga/IP/ddr3_ctrl_v116/rtl/mcdq/mac/syn_mod/ips2l_mcdq_tfaw_v1_5.vp
I: Verilog-0002: [F:/SocFpga/IP/ddr3_ctrl_v116/rtl/mcdq/mac/syn_mod/ips2l_mcdq_tfaw_v1_5.vp(line number: 102)] Analyzing module ips2l_mcdq_tfaw_v1_5 (library work)
Parsing done.
Executing : .rtl_analyze -include_path {F:/SocFpga/project} F:/SocFpga/IP/ddr3_ctrl_v116/rtl/mcdq/mac/syn_mod/ips2l_mcdq_tfaw_v1_5.vp successfully.
Executing : .rtl_analyze -include_path {F:/SocFpga/project} F:/SocFpga/IP/ddr3_ctrl_v116/rtl/mcdq/mac/syn_mod/ips2l_mcdq_timing_act_pass_v1_5.vp
I: Verilog-0001: Analyzing file F:/SocFpga/IP/ddr3_ctrl_v116/rtl/mcdq/mac/syn_mod/ips2l_mcdq_timing_act_pass_v1_5.vp
I: Verilog-0002: [F:/SocFpga/IP/ddr3_ctrl_v116/rtl/mcdq/mac/syn_mod/ips2l_mcdq_timing_act_pass_v1_5.vp(line number: 126)] Analyzing module ips2l_mcdq_timing_act_pass_v1_5 (library work)
Parsing done.
Executing : .rtl_analyze -include_path {F:/SocFpga/project} F:/SocFpga/IP/ddr3_ctrl_v116/rtl/mcdq/mac/syn_mod/ips2l_mcdq_timing_act_pass_v1_5.vp successfully.
Executing : .rtl_analyze -include_path {F:/SocFpga/project} F:/SocFpga/IP/ddr3_ctrl_v116/rtl/mcdq/mac/syn_mod/ips2l_mcdq_timing_act2wr_pass_v1_5.vp
I: Verilog-0001: Analyzing file F:/SocFpga/IP/ddr3_ctrl_v116/rtl/mcdq/mac/syn_mod/ips2l_mcdq_timing_act2wr_pass_v1_5.vp
I: Verilog-0002: [F:/SocFpga/IP/ddr3_ctrl_v116/rtl/mcdq/mac/syn_mod/ips2l_mcdq_timing_act2wr_pass_v1_5.vp(line number: 149)] Analyzing module ips2l_mcdq_timing_act2wr_pass_v1_5 (library work)
Parsing done.
Executing : .rtl_analyze -include_path {F:/SocFpga/project} F:/SocFpga/IP/ddr3_ctrl_v116/rtl/mcdq/mac/syn_mod/ips2l_mcdq_timing_act2wr_pass_v1_5.vp successfully.
Executing : .rtl_analyze -include_path {F:/SocFpga/project} F:/SocFpga/IP/ddr3_ctrl_v116/rtl/mcdq/mac/syn_mod/ips2l_mcdq_timing_pre_pass_v1_5.vp
I: Verilog-0001: Analyzing file F:/SocFpga/IP/ddr3_ctrl_v116/rtl/mcdq/mac/syn_mod/ips2l_mcdq_timing_pre_pass_v1_5.vp
I: Verilog-0002: [F:/SocFpga/IP/ddr3_ctrl_v116/rtl/mcdq/mac/syn_mod/ips2l_mcdq_timing_pre_pass_v1_5.vp(line number: 182)] Analyzing module ips2l_mcdq_timing_pre_pass_v1_5 (library work)
Parsing done.
Executing : .rtl_analyze -include_path {F:/SocFpga/project} F:/SocFpga/IP/ddr3_ctrl_v116/rtl/mcdq/mac/syn_mod/ips2l_mcdq_timing_pre_pass_v1_5.vp successfully.
Executing : .rtl_analyze -include_path {F:/SocFpga/project} F:/SocFpga/IP/ddr3_ctrl_v116/rtl/mcdq/mac/syn_mod/ips2l_mcdq_timing_rd_pass_v1_5.vp
I: Verilog-0001: Analyzing file F:/SocFpga/IP/ddr3_ctrl_v116/rtl/mcdq/mac/syn_mod/ips2l_mcdq_timing_rd_pass_v1_5.vp
I: Verilog-0002: [F:/SocFpga/IP/ddr3_ctrl_v116/rtl/mcdq/mac/syn_mod/ips2l_mcdq_timing_rd_pass_v1_5.vp(line number: 162)] Analyzing module ips2l_mcdq_timing_rd_pass_v1_5 (library work)
Parsing done.
Executing : .rtl_analyze -include_path {F:/SocFpga/project} F:/SocFpga/IP/ddr3_ctrl_v116/rtl/mcdq/mac/syn_mod/ips2l_mcdq_timing_rd_pass_v1_5.vp successfully.
Executing : .rtl_analyze -include_path {F:/SocFpga/project} F:/SocFpga/IP/ddr3_ctrl_v116/rtl/mcdq/mac/syn_mod/ips2l_mcdq_timing_ref_pass_v1_5.vp
I: Verilog-0001: Analyzing file F:/SocFpga/IP/ddr3_ctrl_v116/rtl/mcdq/mac/syn_mod/ips2l_mcdq_timing_ref_pass_v1_5.vp
I: Verilog-0002: [F:/SocFpga/IP/ddr3_ctrl_v116/rtl/mcdq/mac/syn_mod/ips2l_mcdq_timing_ref_pass_v1_5.vp(line number: 124)] Analyzing module ips2l_mcdq_timing_ref_pass_v1_5 (library work)
Parsing done.
Executing : .rtl_analyze -include_path {F:/SocFpga/project} F:/SocFpga/IP/ddr3_ctrl_v116/rtl/mcdq/mac/syn_mod/ips2l_mcdq_timing_ref_pass_v1_5.vp successfully.
Executing : .rtl_analyze -include_path {F:/SocFpga/project} F:/SocFpga/IP/ddr3_ctrl_v116/rtl/mcdq/mac/syn_mod/ips2l_mcdq_timing_wr_pass_v1_5.vp
I: Verilog-0001: Analyzing file F:/SocFpga/IP/ddr3_ctrl_v116/rtl/mcdq/mac/syn_mod/ips2l_mcdq_timing_wr_pass_v1_5.vp
I: Verilog-0002: [F:/SocFpga/IP/ddr3_ctrl_v116/rtl/mcdq/mac/syn_mod/ips2l_mcdq_timing_wr_pass_v1_5.vp(line number: 161)] Analyzing module ips2l_mcdq_timing_wr_pass_v1_5 (library work)
Parsing done.
Executing : .rtl_analyze -include_path {F:/SocFpga/project} F:/SocFpga/IP/ddr3_ctrl_v116/rtl/mcdq/mac/syn_mod/ips2l_mcdq_timing_wr_pass_v1_5.vp successfully.
Executing : .rtl_analyze -include_path {F:/SocFpga/project} F:/SocFpga/IP/ddr3_ctrl_v116/rtl/mcdq/mac/syn_mod/ips2l_mcdq_trc_timing_v1_5.vp
I: Verilog-0001: Analyzing file F:/SocFpga/IP/ddr3_ctrl_v116/rtl/mcdq/mac/syn_mod/ips2l_mcdq_trc_timing_v1_5.vp
I: Verilog-0002: [F:/SocFpga/IP/ddr3_ctrl_v116/rtl/mcdq/mac/syn_mod/ips2l_mcdq_trc_timing_v1_5.vp(line number: 183)] Analyzing module ips2l_mcdq_trc_timing_v1_5 (library work)
Parsing done.
Executing : .rtl_analyze -include_path {F:/SocFpga/project} F:/SocFpga/IP/ddr3_ctrl_v116/rtl/mcdq/mac/syn_mod/ips2l_mcdq_trc_timing_v1_5.vp successfully.
Executing : .rtl_analyze -include_path {F:/SocFpga/project} F:/SocFpga/IP/ddr3_ctrl_v116/ddr3_ctrl_v116.v
I: Verilog-0001: Analyzing file F:/SocFpga/IP/ddr3_ctrl_v116/ddr3_ctrl_v116.v
I: Found Verilog include file F:/SocFpga/IP/ddr3_ctrl_v116/define.vh
I: Verilog-0002: [F:/SocFpga/IP/ddr3_ctrl_v116/ddr3_ctrl_v116.v(line number: 13)] Analyzing module ddr3_ctrl_v116 (library work)
Parsing done.
Executing : .rtl_analyze -include_path {F:/SocFpga/project} F:/SocFpga/IP/ddr3_ctrl_v116/ddr3_ctrl_v116.v successfully.
Executing : .rtl_analyze -include_path {F:/SocFpga/project} F:/SocFpga/IP/ddr3_ctrl_v116/ddr3_ctrl_v116_ddrphy_top.v
I: Verilog-0001: Analyzing file F:/SocFpga/IP/ddr3_ctrl_v116/ddr3_ctrl_v116_ddrphy_top.v
I: Found Verilog include file F:/SocFpga/IP/ddr3_ctrl_v116/define.vh
W: Public-4030: File 'F:/SocFpga/IP/ddr3_ctrl_v116/define.vh' has been added. It is skipped.
I: Verilog-0002: [F:/SocFpga/IP/ddr3_ctrl_v116/ddr3_ctrl_v116_ddrphy_top.v(line number: 13)] Analyzing module ddr3_ctrl_v116_ddrphy_top (library work)
Parsing done.
Executing : .rtl_analyze -include_path {F:/SocFpga/project} F:/SocFpga/IP/ddr3_ctrl_v116/ddr3_ctrl_v116_ddrphy_top.v successfully.
Executing : .rtl_analyze -include_path {F:/SocFpga/project} F:/SocFpga/IP/ddr3_ctrl_v116/rtl/mcdq/ips2l_mcdq_wrapper_v1_9.vp
I: Verilog-0001: Analyzing file F:/SocFpga/IP/ddr3_ctrl_v116/rtl/mcdq/ips2l_mcdq_wrapper_v1_9.vp
I: Found Verilog include file F:/SocFpga/IP/ddr3_ctrl_v116/define.vh
W: Public-4030: File 'F:/SocFpga/IP/ddr3_ctrl_v116/define.vh' has been added. It is skipped.
I: Verilog-0002: [F:/SocFpga/IP/ddr3_ctrl_v116/rtl/mcdq/ips2l_mcdq_wrapper_v1_9.vp(line number: 432)] Analyzing module ips2l_mcdq_wrapper_v1_9 (library work)
Parsing done.
Executing : .rtl_analyze -include_path {F:/SocFpga/project} F:/SocFpga/IP/ddr3_ctrl_v116/rtl/mcdq/ips2l_mcdq_wrapper_v1_9.vp successfully.
Executing : .rtl_analyze -include_path {F:/SocFpga/project} F:/SocFpga/IP/ddr3_ctrl_v116/rtl/ddrphy/ips2l_ddrphy_slice_top_v1_16.vp
I: Verilog-0001: Analyzing file F:/SocFpga/IP/ddr3_ctrl_v116/rtl/ddrphy/ips2l_ddrphy_slice_top_v1_16.vp
I: Found Verilog include file F:/SocFpga/IP/ddr3_ctrl_v116/define.vh
W: Public-4030: File 'F:/SocFpga/IP/ddr3_ctrl_v116/define.vh' has been added. It is skipped.
I: Verilog-0002: [F:/SocFpga/IP/ddr3_ctrl_v116/rtl/ddrphy/ips2l_ddrphy_slice_top_v1_16.vp(line number: 1381)] Analyzing module ips2l_ddrphy_slice_top_v1_16 (library work)
I: Found Verilog include file F:/SocFpga/IP/ddr3_ctrl_v116/rtl/ddrphy/localparam.vh
Parsing done.
Executing : .rtl_analyze -include_path {F:/SocFpga/project} F:/SocFpga/IP/ddr3_ctrl_v116/rtl/ddrphy/ips2l_ddrphy_slice_top_v1_16.vp successfully.
Executing : .rtl_analyze -include_path {F:/SocFpga/project} F:/SocFpga/IP/TagvRAM/rtl/ipm2l_spram_v1_8_TagvRAM.v
I: Verilog-0001: Analyzing file F:/SocFpga/IP/TagvRAM/rtl/ipm2l_spram_v1_8_TagvRAM.v
I: Verilog-0002: [F:/SocFpga/IP/TagvRAM/rtl/ipm2l_spram_v1_8_TagvRAM.v(line number: 17)] Analyzing module ipm2l_spram_v1_8_TagvRAM (library work)
W: Verilog-2008: [F:/SocFpga/IP/TagvRAM/rtl/ipm2l_spram_v1_8_TagvRAM.v(line number: 122)] Ignore 'system task' $display
W: Verilog-2008: [F:/SocFpga/IP/TagvRAM/rtl/ipm2l_spram_v1_8_TagvRAM.v(line number: 126)] Ignore 'system task' $display
W: Verilog-2008: [F:/SocFpga/IP/TagvRAM/rtl/ipm2l_spram_v1_8_TagvRAM.v(line number: 134)] Ignore 'system task' $display
W: Verilog-2008: [F:/SocFpga/IP/TagvRAM/rtl/ipm2l_spram_v1_8_TagvRAM.v(line number: 135)] Ignore 'system task' $finish
W: Verilog-2008: [F:/SocFpga/IP/TagvRAM/rtl/ipm2l_spram_v1_8_TagvRAM.v(line number: 138)] Ignore 'system task' $display
W: Verilog-2008: [F:/SocFpga/IP/TagvRAM/rtl/ipm2l_spram_v1_8_TagvRAM.v(line number: 139)] Ignore 'system task' $finish
W: Verilog-2008: [F:/SocFpga/IP/TagvRAM/rtl/ipm2l_spram_v1_8_TagvRAM.v(line number: 142)] Ignore 'system task' $display
W: Verilog-2008: [F:/SocFpga/IP/TagvRAM/rtl/ipm2l_spram_v1_8_TagvRAM.v(line number: 143)] Ignore 'system task' $finish
W: Verilog-2008: [F:/SocFpga/IP/TagvRAM/rtl/ipm2l_spram_v1_8_TagvRAM.v(line number: 146)] Ignore 'system task' $display
W: Verilog-2008: [F:/SocFpga/IP/TagvRAM/rtl/ipm2l_spram_v1_8_TagvRAM.v(line number: 147)] Ignore 'system task' $finish
W: Verilog-2008: [F:/SocFpga/IP/TagvRAM/rtl/ipm2l_spram_v1_8_TagvRAM.v(line number: 150)] Ignore 'system task' $display
W: Verilog-2008: [F:/SocFpga/IP/TagvRAM/rtl/ipm2l_spram_v1_8_TagvRAM.v(line number: 151)] Ignore 'system task' $finish
W: Verilog-2008: [F:/SocFpga/IP/TagvRAM/rtl/ipm2l_spram_v1_8_TagvRAM.v(line number: 154)] Ignore 'system task' $display
W: Verilog-2008: [F:/SocFpga/IP/TagvRAM/rtl/ipm2l_spram_v1_8_TagvRAM.v(line number: 155)] Ignore 'system task' $finish
W: Verilog-2008: [F:/SocFpga/IP/TagvRAM/rtl/ipm2l_spram_v1_8_TagvRAM.v(line number: 158)] Ignore 'system task' $display
W: Verilog-2008: [F:/SocFpga/IP/TagvRAM/rtl/ipm2l_spram_v1_8_TagvRAM.v(line number: 159)] Ignore 'system task' $finish
W: Verilog-2008: [F:/SocFpga/IP/TagvRAM/rtl/ipm2l_spram_v1_8_TagvRAM.v(line number: 162)] Ignore 'system task' $display
W: Verilog-2008: [F:/SocFpga/IP/TagvRAM/rtl/ipm2l_spram_v1_8_TagvRAM.v(line number: 163)] Ignore 'system task' $finish
W: Verilog-2008: [F:/SocFpga/IP/TagvRAM/rtl/ipm2l_spram_v1_8_TagvRAM.v(line number: 166)] Ignore 'system task' $display
W: Verilog-2008: [F:/SocFpga/IP/TagvRAM/rtl/ipm2l_spram_v1_8_TagvRAM.v(line number: 167)] Ignore 'system task' $finish
W: Verilog-2008: [F:/SocFpga/IP/TagvRAM/rtl/ipm2l_spram_v1_8_TagvRAM.v(line number: 170)] Ignore 'system task' $display
W: Verilog-2008: [F:/SocFpga/IP/TagvRAM/rtl/ipm2l_spram_v1_8_TagvRAM.v(line number: 171)] Ignore 'system task' $finish
W: Verilog-2008: [F:/SocFpga/IP/TagvRAM/rtl/ipm2l_spram_v1_8_TagvRAM.v(line number: 174)] Ignore 'system task' $display
W: Verilog-2008: [F:/SocFpga/IP/TagvRAM/rtl/ipm2l_spram_v1_8_TagvRAM.v(line number: 175)] Ignore 'system task' $finish
W: Verilog-2008: [F:/SocFpga/IP/TagvRAM/rtl/ipm2l_spram_v1_8_TagvRAM.v(line number: 178)] Ignore 'system task' $display
W: Verilog-2008: [F:/SocFpga/IP/TagvRAM/rtl/ipm2l_spram_v1_8_TagvRAM.v(line number: 179)] Ignore 'system task' $finish
W: Verilog-2008: [F:/SocFpga/IP/TagvRAM/rtl/ipm2l_spram_v1_8_TagvRAM.v(line number: 183)] Ignore 'system task' $display
W: Verilog-2008: [F:/SocFpga/IP/TagvRAM/rtl/ipm2l_spram_v1_8_TagvRAM.v(line number: 184)] Ignore 'system task' $finish
W: Verilog-2008: [F:/SocFpga/IP/TagvRAM/rtl/ipm2l_spram_v1_8_TagvRAM.v(line number: 187)] Ignore 'system task' $display
W: Verilog-2008: [F:/SocFpga/IP/TagvRAM/rtl/ipm2l_spram_v1_8_TagvRAM.v(line number: 188)] Ignore 'system task' $finish
W: Verilog-2008: [F:/SocFpga/IP/TagvRAM/rtl/ipm2l_spram_v1_8_TagvRAM.v(line number: 192)] Ignore 'system task' $display
W: Verilog-2008: [F:/SocFpga/IP/TagvRAM/rtl/ipm2l_spram_v1_8_TagvRAM.v(line number: 193)] Ignore 'system task' $finish
W: Verilog-2008: [F:/SocFpga/IP/TagvRAM/rtl/ipm2l_spram_v1_8_TagvRAM.v(line number: 196)] Ignore 'system task' $display
W: Verilog-2008: [F:/SocFpga/IP/TagvRAM/rtl/ipm2l_spram_v1_8_TagvRAM.v(line number: 197)] Ignore 'system task' $finish
Parsing done.
Executing : .rtl_analyze -include_path {F:/SocFpga/project} F:/SocFpga/IP/TagvRAM/rtl/ipm2l_spram_v1_8_TagvRAM.v successfully.
Executing : .rtl_analyze -include_path {F:/SocFpga/project} F:/SocFpga/IP/TagvRAM/TagvRAM.v
I: Verilog-0001: Analyzing file F:/SocFpga/IP/TagvRAM/TagvRAM.v
I: Verilog-0002: [F:/SocFpga/IP/TagvRAM/TagvRAM.v(line number: 16)] Analyzing module TagvRAM (library work)
Parsing done.
Executing : .rtl_analyze -include_path {F:/SocFpga/project} F:/SocFpga/IP/TagvRAM/TagvRAM.v successfully.
I: Module "Hfpga_soc" is set as top module.
Executing : rtl-analyze successfully. Time elapsed: 2.517s wall, 0.203s user + 0.031s system = 0.234s CPU (9.3%)

Start rtl-elaborate.
I: Verilog-0003: [F:/SocFpga/soc/Hfpga_soc.v(line number: 22)] Elaborating module Hfpga_soc
I: Module instance {Hfpga_soc} parameter value:
    MEM_FILE = 
    CPU_MEM_BRAM = 32'b00000000000000000000000000000001
    DDR_BASE = 32'b10000000000000000000000000000000
    DDR_BYTES = 32'b01000000000000000000000000000000
    FLASH_BASE = 24'b101000000000000000000000
    BOOT_IMAGE_BYTES = 32'b00000000000000001000000000000000
    SPI_DIV = 32'b00000000000000000000000000000100
    UART_TX_DEFAULT_FPIOA = 32'b00000000000000000000000000000000
    DDR_INIT_TIMEOUT_CYCLES = 32'b00000100001011000001110110000000
    PREPROCESS_ENABLE = 1'b0
    PREPROCESS_WIDTH = 16'b0000000001100000
    PREPROCESS_HEIGHT = 16'b0000000001100000
    CPU_CACHED_DDR_BASE = 32'b10000000000000000000000000000000
    CPU_CACHED_DDR_BYTES = 32'b00111000000000000000000000000000
    NPU_SHARED_BASE = 32'b10111000000000000000000000000000
    NPU_SHARED_BYTES = 32'b00001000000000000000000000000000
    MMIO_BASE = 32'b01000000000000000000000000000000
    MMIO_BYTES = 32'b00000000000000000001000000000000
    NPU_MMIO_BASE = 32'b01000000000000000000000100000000
    NPU_MMIO_BYTES = 32'b00000000000000000000000100000000
    UART0_BASE = 32'b01000000000000000000000000000000
    UART0_BYTES = 32'b00000000000000000000000100000000
    LED_ADDR = 32'b01000000000000000000001000000000
    CAM1_MMIO_BASE = 32'b01000000000000000000001100000000
    CAM1_MMIO_BYTES = 32'b00000000000000000000000100000000
    CAM2_MMIO_BASE = 32'b01000000000000000000010000000000
    CAM2_MMIO_BYTES = 32'b00000000000000000000000100000000
    FPIOA_BASE = 32'b01000000000000000000111100000000
    FPIOA_BYTES = 32'b00000000000000000000000100000000
I: Verilog-0004: [F:/SocFpga/soc/Hfpga_soc.v(line number: 1455)] Elaborating instance u_bram_profile
I: Verilog-0003: [F:/SocFpga/soc/Hfpga_soc_bram_profile.v(line number: 11)] Elaborating module Hfpga_soc_bram_profile
I: Module instance {Hfpga_soc/g_bram_profile.u_bram_profile} parameter value:
    MEM_FILE = 
    FLASH_BASE = 24'b101000000000000000000000
    BOOT_IMAGE_BYTES = 32'b00000000000000001000000000000000
    SPI_DIV = 32'b00000000000000000000000000000100
    UART_TX_DEFAULT_FPIOA = 32'b00000000000000000000000000000000
    IRAM_BASE = 32'b10000000000000000000000000000000
    IRAM_BYTES = 32'b00000000000000001000000000000000
    DRAM_BASE = 32'b10000000000000001000000000000000
    DRAM_BYTES = 32'b00000000000000000100000000000000
    MMIO_BASE = 32'b01000000000000000000000000000000
    MMIO_BYTES = 32'b00000000000000000001000000000000
    UART0_BASE = 32'b01000000000000000000000000000000
    UART0_BYTES = 32'b00000000000000000000000100000000
    LED_ADDR = 32'b01000000000000000000001000000000
    FPIOA_BASE = 32'b01000000000000000000111100000000
    FPIOA_BYTES = 32'b00000000000000000000000100000000
I: Verilog-0004: [F:/SocFpga/soc/Hfpga_soc_bram_profile.v(line number: 79)] Elaborating instance u_pll
I: Verilog-0003: [F:/SocFpga/IP/clk_pll/clk_pll.v(line number: 18)] Elaborating module clk_pll
I: Verilog-0004: [F:/SocFpga/IP/clk_pll/clk_pll.v(line number: 300)] Elaborating instance u_gpll
I: Verilog-0004: [F:/SocFpga/soc/Hfpga_soc_bram_profile.v(line number: 106)] Elaborating instance u_flash_bram_boot
I: Verilog-0003: [F:/SocFpga/soc/flash_boot/flash_bram_boot.v(line number: 6)] Elaborating module flash_bram_boot
I: Module instance {Hfpga_soc/g_bram_profile.u_bram_profile/u_flash_bram_boot} parameter value:
    FLASH_BASE = 24'b101000000000000000000000
    IMAGE_BYTES = 32'b00000000000000001000000000000000
    MEM_BASE = 32'b10000000000000000000000000000000
    MEM_BYTES = 32'b00000000000000001100000000000000
    SPI_CLK_DIV = 32'b00000000000000000000000000000100
    TIMEOUT_CYCLES = 32'b00000000000000011000011010100000
I: Verilog-0004: [F:/SocFpga/soc/flash_boot/flash_bram_boot.v(line number: 85)] Elaborating instance u_flash_reader
I: Verilog-0003: [F:/SocFpga/soc/flash_boot/spi_flash_byte_reader.v(line number: 5)] Elaborating module spi_flash_byte_reader
I: Module instance {Hfpga_soc/g_bram_profile.u_bram_profile/u_flash_bram_boot/u_flash_reader} parameter value:
    CLK_DIV = 32'b00000000000000000000000000000100
I: Verilog-0004: [F:/SocFpga/soc/Hfpga_soc_bram_profile.v(line number: 120)] Elaborating instance u_flash_cfgclk
I: Verilog-0004: [F:/SocFpga/soc/Hfpga_soc_bram_profile.v(line number: 181)] Elaborating instance u_cpu
I: Verilog-0003: [F:/SocFpga/cpu/Htop.v(line number: 3)] Elaborating module Htop
I: Module instance {Hfpga_soc/g_bram_profile.u_bram_profile/u_cpu} parameter value:
    RESET_PC = 32'b10000000000000000000000000000000
    BRAM_MODE = 1'b1
    DDR_BASE = 32'b10000000000000000000000000000000
    DDR_BYTES = 32'b00000000000000001100000000000000
    IRAM_BASE = 32'b10000000000000000000000000000000
    IRAM_BYTES = 32'b00000000000000001000000000000000
    DRAM_BASE = 32'b10000000000000001000000000000000
    DRAM_BYTES = 32'b00000000000000000100000000000000
    DCACHEABLE_DDR_BASE = 32'b10000000000000000000000000000000
    DCACHEABLE_DDR_BYTES = 32'b00000000000000001100000000000000
I: Verilog-0004: [F:/SocFpga/cpu/Htop.v(line number: 263)] Elaborating instance u_ifu
I: Verilog-0003: [F:/SocFpga/cpu/Hifu.v(line number: 3)] Elaborating module Hifu
I: Module instance {Hfpga_soc/g_bram_profile.u_bram_profile/u_cpu/u_ifu} parameter value:
    RESET_PC = 32'b10000000000000000000000000000000
    CONTINUOUS_FETCH = 1'b1
I: Verilog-0004: [F:/SocFpga/cpu/Htop.v(line number: 335)] Elaborating instance u_bram_mem
I: Verilog-0003: [F:/SocFpga/cpu/cpu_bram_mem.v(line number: 8)] Elaborating module cpu_bram_mem
W: Sdm-2008: The attribute named ram_style is not legal, then it has no effect, ignore its value.
W: Sdm-2008: The attribute named ram_style is not legal, then it has no effect, ignore its value.
I: Module instance {Hfpga_soc/g_bram_profile.u_bram_profile/u_cpu/gen_cpu_bram.u_bram_mem} parameter value:
    IRAM_BASE = 32'b10000000000000000000000000000000
    IRAM_BYTES = 32'b00000000000000001000000000000000
    DRAM_BASE = 32'b10000000000000001000000000000000
    DRAM_BYTES = 32'b00000000000000000100000000000000
I: Verilog-0004: [F:/SocFpga/cpu/Htop.v(line number: 370)] Elaborating instance u_btb
I: Verilog-0003: [F:/SocFpga/cpu/Btb.v(line number: 2)] Elaborating module Btb
I: Verilog-0004: [F:/SocFpga/cpu/Htop.v(line number: 389)] Elaborating instance u_idu
I: Verilog-0003: [F:/SocFpga/cpu/Hidu.v(line number: 3)] Elaborating module Hidu
I: Verilog-0004: [F:/SocFpga/cpu/Hidu.v(line number: 239)] Elaborating instance u_rf
I: Verilog-0003: [F:/SocFpga/cpu/HRegFile.v(line number: 3)] Elaborating module HRegFile
I: Verilog-0004: [F:/SocFpga/cpu/Htop.v(line number: 453)] Elaborating instance u_exu
I: Verilog-0003: [F:/SocFpga/cpu/Hexu.v(line number: 3)] Elaborating module Hexu
I: Verilog-0004: [F:/SocFpga/cpu/Hexu.v(line number: 135)] Elaborating instance u_mul
I: Verilog-0003: [F:/SocFpga/cpu/mul.v(line number: 9)] Elaborating module mul
I: Verilog-0004: [F:/SocFpga/cpu/Hexu.v(line number: 161)] Elaborating instance u_div
I: Verilog-0003: [F:/SocFpga/cpu/div.v(line number: 3)] Elaborating module div
I: Verilog-0004: [F:/SocFpga/cpu/Hexu.v(line number: 187)] Elaborating instance u_alu
I: Verilog-0003: [F:/SocFpga/cpu/Halu.v(line number: 2)] Elaborating module Halu
I: Verilog-0004: [F:/SocFpga/cpu/Hexu.v(line number: 215)] Elaborating instance u_csr
I: Verilog-0003: [F:/SocFpga/cpu/Hcsr.v(line number: 5)] Elaborating module Hcsr
I: Module instance {Hfpga_soc/g_bram_profile.u_bram_profile/u_cpu/u_exu/u_csr} parameter value:
    CPU_HZ = 32'b00000100001011000001110110000000
I: Verilog-0004: [F:/SocFpga/cpu/Htop.v(line number: 555)] Elaborating instance u_memu
I: Verilog-0003: [F:/SocFpga/cpu/Hmemu.v(line number: 4)] Elaborating module Hmemu
I: Verilog-0004: [F:/SocFpga/cpu/Htop.v(line number: 586)] Elaborating instance u_wbu
I: Verilog-0003: [F:/SocFpga/cpu/Hwbu.v(line number: 3)] Elaborating module Hwbu
I: Verilog-0004: [F:/SocFpga/cpu/Htop.v(line number: 607)] Elaborating instance u_axi_bridge
I: Verilog-0003: [F:/SocFpga/cpu/axi_bridge.v(line number: 2)] Elaborating module axi_bridge
I: Verilog-0004: [F:/SocFpga/soc/Hfpga_soc_bram_profile.v(line number: 221)] Elaborating instance u_mem
I: Verilog-0003: [F:/SocFpga/soc/axi_mem_backend.v(line number: 10)] Elaborating module axi_mem_backend
I: Module instance {Hfpga_soc/g_bram_profile.u_bram_profile/u_mem} parameter value:
    MMIO_BASE = 32'b01000000000000000000000000000000
    MMIO_BYTES = 32'b00000000000000000001000000000000
    DDR_BASE = 32'b10000000000000000000000000000000
    DDR_BYTES = 32'b00000000000000001100000000000000
I: Verilog-0004: [F:/SocFpga/soc/Hfpga_soc_bram_profile.v(line number: 255)] Elaborating instance u_jtag_tck_buf
I: Verilog-0004: [F:/SocFpga/soc/Hfpga_soc_bram_profile.v(line number: 257)] Elaborating instance u_jtag
I: Verilog-0003: [F:/SocFpga/jtag/jtag_top.v(line number: 3)] Elaborating module jtag_top
I: Verilog-0004: [F:/SocFpga/jtag/jtag_top.v(line number: 72)] Elaborating instance u_jtag_driver
I: Verilog-0003: [F:/SocFpga/jtag/jtag_driver.v(line number: 1)] Elaborating module jtag_driver
I: Module instance {Hfpga_soc/g_bram_profile.u_bram_profile/u_jtag/u_jtag_driver} parameter value:
    DMI_ADDR_BITS = 32'b00000000000000000000000000000110
    DMI_DATA_BITS = 32'b00000000000000000000000000100000
    DMI_OP_BITS = 32'b00000000000000000000000000000010
    DM_RESP_BITS = 32'b00000000000000000000000000101000
    DTM_REQ_BITS = 32'b00000000000000000000000000101000
I: Verilog-0004: [F:/SocFpga/jtag/jtag_driver.v(line number: 238)] Elaborating instance tx
I: Verilog-0003: [F:/SocFpga/jtag/full_handshake_tx.v(line number: 7)] Elaborating module full_handshake_tx
I: Module instance {Hfpga_soc/g_bram_profile.u_bram_profile/u_jtag/u_jtag_driver/tx} parameter value:
    DW = 32'b00000000000000000000000000101000
I: Verilog-0004: [F:/SocFpga/jtag/jtag_driver.v(line number: 251)] Elaborating instance rx
I: Verilog-0003: [F:/SocFpga/jtag/full_handshake_rx.v(line number: 7)] Elaborating module full_handshake_rx
I: Module instance {Hfpga_soc/g_bram_profile.u_bram_profile/u_jtag/u_jtag_driver/rx} parameter value:
    DW = 32'b00000000000000000000000000101000
I: Verilog-0004: [F:/SocFpga/jtag/jtag_top.v(line number: 92)] Elaborating instance u_jtag_dm
I: Verilog-0003: [F:/SocFpga/jtag/jtag_dm.v(line number: 2)] Elaborating module jtag_dm
I: Module instance {Hfpga_soc/g_bram_profile.u_bram_profile/u_jtag/u_jtag_dm} parameter value:
    DMI_ADDR_BITS = 32'b00000000000000000000000000000110
    DMI_DATA_BITS = 32'b00000000000000000000000000100000
    DMI_OP_BITS = 32'b00000000000000000000000000000010
    DM_RESP_BITS = 32'b00000000000000000000000000101000
    DTM_REQ_BITS = 32'b00000000000000000000000000101000
I: Verilog-0004: [F:/SocFpga/jtag/jtag_dm.v(line number: 453)] Elaborating instance tx
I: Verilog-0003: [F:/SocFpga/jtag/full_handshake_tx.v(line number: 7)] Elaborating module full_handshake_tx
I: Module instance {Hfpga_soc/g_bram_profile.u_bram_profile/u_jtag/u_jtag_dm/tx} parameter value:
    DW = 32'b00000000000000000000000000101000
I: Verilog-0004: [F:/SocFpga/jtag/jtag_dm.v(line number: 466)] Elaborating instance rx
I: Verilog-0003: [F:/SocFpga/jtag/full_handshake_rx.v(line number: 7)] Elaborating module full_handshake_rx
I: Module instance {Hfpga_soc/g_bram_profile.u_bram_profile/u_jtag/u_jtag_dm/rx} parameter value:
    DW = 32'b00000000000000000000000000101000
I: Verilog-0004: [F:/SocFpga/soc/Hfpga_soc_bram_profile.v(line number: 283)] Elaborating instance u_uart0_tx
I: Verilog-0003: [F:/SocFpga/soc/Huart_tx.v(line number: 6)] Elaborating module Huart_tx
I: Module instance {Hfpga_soc/g_bram_profile.u_bram_profile/u_uart0_tx} parameter value:
    CLK_HZ = 32'b00000100001011000001110110000000
    BAUD = 32'b00000000000000011100001000000000
I: Verilog-0004: [F:/SocFpga/soc/Hfpga_soc_bram_profile.v(line number: 289)] Elaborating instance u_led
I: Verilog-0003: [F:/SocFpga/soc/Hled.v(line number: 3)] Elaborating module Hled
I: Module instance {Hfpga_soc/g_bram_profile.u_bram_profile/u_led} parameter value:
    WIDTH = 32'b00000000000000000000000000000100
I: Verilog-0004: [F:/SocFpga/soc/Hfpga_soc_bram_profile.v(line number: 294)] Elaborating instance u_fpioa
I: Verilog-0003: [F:/SocFpga/soc/Hfpioa_simple.v(line number: 6)] Elaborating module Hfpioa_simple
I: Module instance {Hfpga_soc/g_bram_profile.u_bram_profile/u_fpioa} parameter value:
    UART_TX_DEFAULT_FPIOA = 32'b00000000000000000000000000000000
    INPUT_ONLY_MASK = 32'b00110000000001000000000000000000
I: Verilog-0004: [F:/SocFpga/soc/Hfpga_soc_bram_profile.v(line number: 309)] Elaborating instance u_debug_core
I: Verilog-0003: [F:/SocFpga/soc/Debug_core.v(line number: 5)] Elaborating module Debug_core
Executing : rtl-elaborate successfully. Time elapsed: 0.119s wall, 0.047s user + 0.016s system = 0.062s CPU (52.4%)

Start rtl-prep.
Executing : rtl-prep successfully. Time elapsed: 0.074s wall, 0.078s user + 0.000s system = 0.078s CPU (106.2%)

Start rtl-infer.
Start DFF-inference.
W: Sdm-2000: [F:/SocFpga/soc/flash_boot/flash_bram_boot.v(line number: 97)] Removed register node g_bram_profile.u_bram_profile/u_flash_bram_boot/timeout_count[31] that is stuck at constant 0.
W: Sdm-2000: [F:/SocFpga/soc/flash_boot/flash_bram_boot.v(line number: 97)] Removed register node g_bram_profile.u_bram_profile/u_flash_bram_boot/timeout_count[30] that is stuck at constant 0.
W: Sdm-2000: [F:/SocFpga/soc/flash_boot/flash_bram_boot.v(line number: 97)] Removed register node g_bram_profile.u_bram_profile/u_flash_bram_boot/timeout_count[29] that is stuck at constant 0.
W: Sdm-2000: [F:/SocFpga/soc/flash_boot/flash_bram_boot.v(line number: 97)] Removed register node g_bram_profile.u_bram_profile/u_flash_bram_boot/timeout_count[28] that is stuck at constant 0.
W: Sdm-2000: [F:/SocFpga/soc/flash_boot/flash_bram_boot.v(line number: 97)] Removed register node g_bram_profile.u_bram_profile/u_flash_bram_boot/timeout_count[27] that is stuck at constant 0.
W: Sdm-2000: [F:/SocFpga/soc/flash_boot/flash_bram_boot.v(line number: 97)] Removed register node g_bram_profile.u_bram_profile/u_flash_bram_boot/timeout_count[26] that is stuck at constant 0.
W: Sdm-2000: [F:/SocFpga/soc/flash_boot/flash_bram_boot.v(line number: 97)] Removed register node g_bram_profile.u_bram_profile/u_flash_bram_boot/timeout_count[25] that is stuck at constant 0.
W: Sdm-2000: [F:/SocFpga/soc/flash_boot/flash_bram_boot.v(line number: 97)] Removed register node g_bram_profile.u_bram_profile/u_flash_bram_boot/timeout_count[24] that is stuck at constant 0.
W: Sdm-2000: [F:/SocFpga/soc/flash_boot/flash_bram_boot.v(line number: 97)] Removed register node g_bram_profile.u_bram_profile/u_flash_bram_boot/timeout_count[23] that is stuck at constant 0.
W: Sdm-2000: [F:/SocFpga/soc/flash_boot/flash_bram_boot.v(line number: 97)] Removed register node g_bram_profile.u_bram_profile/u_flash_bram_boot/timeout_count[22] that is stuck at constant 0.
W: Sdm-2000: [F:/SocFpga/soc/flash_boot/flash_bram_boot.v(line number: 97)] Removed register node g_bram_profile.u_bram_profile/u_flash_bram_boot/timeout_count[21] that is stuck at constant 0.
W: Sdm-2000: [F:/SocFpga/soc/flash_boot/flash_bram_boot.v(line number: 97)] Removed register node g_bram_profile.u_bram_profile/u_flash_bram_boot/timeout_count[20] that is stuck at constant 0.
W: Sdm-2000: [F:/SocFpga/soc/flash_boot/flash_bram_boot.v(line number: 97)] Removed register node g_bram_profile.u_bram_profile/u_flash_bram_boot/timeout_count[19] that is stuck at constant 0.
W: Sdm-2000: [F:/SocFpga/soc/flash_boot/flash_bram_boot.v(line number: 97)] Removed register node g_bram_profile.u_bram_profile/u_flash_bram_boot/timeout_count[18] that is stuck at constant 0.
W: Sdm-2000: [F:/SocFpga/soc/flash_boot/flash_bram_boot.v(line number: 97)] Removed register node g_bram_profile.u_bram_profile/u_flash_bram_boot/timeout_count[17] that is stuck at constant 0.
W: Sdm-2014: [F:/SocFpga/jtag/jtag_dm.v(line number: 61)] Feedback mux created for signal 'dm_mem_wdata'. It is possible a async set/reset assignment for this is signal missing. To improve timing and area, specify a set/reset value. 
Executing : DFF-inference successfully.
W: Sdm-2000: [F:/SocFpga/jtag/jtag_dm.v(line number: 117)] Removed register node g_bram_profile.u_bram_profile/u_jtag/u_jtag_dm/dm_reg_we that is stuck at constant 0.
W: Sdm-2000: [F:/SocFpga/jtag/jtag_dm.v(line number: 117)] Removed register node g_bram_profile.u_bram_profile/u_jtag/u_jtag_dm/hartinfo[31] that is stuck at constant 0.
W: Sdm-2000: [F:/SocFpga/jtag/jtag_dm.v(line number: 117)] Removed register node g_bram_profile.u_bram_profile/u_jtag/u_jtag_dm/hartinfo[30] that is stuck at constant 0.
W: Sdm-2000: [F:/SocFpga/jtag/jtag_dm.v(line number: 117)] Removed register node g_bram_profile.u_bram_profile/u_jtag/u_jtag_dm/hartinfo[29] that is stuck at constant 0.
W: Sdm-2000: [F:/SocFpga/jtag/jtag_dm.v(line number: 117)] Removed register node g_bram_profile.u_bram_profile/u_jtag/u_jtag_dm/hartinfo[28] that is stuck at constant 0.
W: Sdm-2000: [F:/SocFpga/jtag/jtag_dm.v(line number: 117)] Removed register node g_bram_profile.u_bram_profile/u_jtag/u_jtag_dm/hartinfo[27] that is stuck at constant 0.
W: Sdm-2000: [F:/SocFpga/jtag/jtag_dm.v(line number: 117)] Removed register node g_bram_profile.u_bram_profile/u_jtag/u_jtag_dm/hartinfo[26] that is stuck at constant 0.
W: Sdm-2000: [F:/SocFpga/jtag/jtag_dm.v(line number: 117)] Removed register node g_bram_profile.u_bram_profile/u_jtag/u_jtag_dm/hartinfo[25] that is stuck at constant 0.
W: Sdm-2000: [F:/SocFpga/jtag/jtag_dm.v(line number: 117)] Removed register node g_bram_profile.u_bram_profile/u_jtag/u_jtag_dm/hartinfo[24] that is stuck at constant 0.
W: Sdm-2000: [F:/SocFpga/jtag/jtag_dm.v(line number: 117)] Removed register node g_bram_profile.u_bram_profile/u_jtag/u_jtag_dm/hartinfo[23] that is stuck at constant 0.
W: Sdm-2000: [F:/SocFpga/jtag/jtag_dm.v(line number: 117)] Removed register node g_bram_profile.u_bram_profile/u_jtag/u_jtag_dm/hartinfo[22] that is stuck at constant 0.
W: Sdm-2000: [F:/SocFpga/jtag/jtag_dm.v(line number: 117)] Removed register node g_bram_profile.u_bram_profile/u_jtag/u_jtag_dm/hartinfo[21] that is stuck at constant 0.
W: Sdm-2000: [F:/SocFpga/jtag/jtag_dm.v(line number: 117)] Removed register node g_bram_profile.u_bram_profile/u_jtag/u_jtag_dm/hartinfo[20] that is stuck at constant 0.
W: Sdm-2000: [F:/SocFpga/jtag/jtag_dm.v(line number: 117)] Removed register node g_bram_profile.u_bram_profile/u_jtag/u_jtag_dm/hartinfo[19] that is stuck at constant 0.
W: Sdm-2000: [F:/SocFpga/jtag/jtag_dm.v(line number: 117)] Removed register node g_bram_profile.u_bram_profile/u_jtag/u_jtag_dm/hartinfo[18] that is stuck at constant 0.
W: Sdm-2000: [F:/SocFpga/jtag/jtag_dm.v(line number: 117)] Removed register node g_bram_profile.u_bram_profile/u_jtag/u_jtag_dm/hartinfo[17] that is stuck at constant 0.
W: Sdm-2000: [F:/SocFpga/jtag/jtag_dm.v(line number: 117)] Removed register node g_bram_profile.u_bram_profile/u_jtag/u_jtag_dm/hartinfo[16] that is stuck at constant 0.
W: Sdm-2000: [F:/SocFpga/jtag/jtag_dm.v(line number: 117)] Removed register node g_bram_profile.u_bram_profile/u_jtag/u_jtag_dm/hartinfo[15] that is stuck at constant 0.
W: Sdm-2000: [F:/SocFpga/jtag/jtag_dm.v(line number: 117)] Removed register node g_bram_profile.u_bram_profile/u_jtag/u_jtag_dm/hartinfo[14] that is stuck at constant 0.
W: Sdm-2000: [F:/SocFpga/jtag/jtag_dm.v(line number: 117)] Removed register node g_bram_profile.u_bram_profile/u_jtag/u_jtag_dm/hartinfo[13] that is stuck at constant 0.
W: Sdm-2000: [F:/SocFpga/jtag/jtag_dm.v(line number: 117)] Removed register node g_bram_profile.u_bram_profile/u_jtag/u_jtag_dm/hartinfo[12] that is stuck at constant 0.
W: Sdm-2000: [F:/SocFpga/jtag/jtag_dm.v(line number: 117)] Removed register node g_bram_profile.u_bram_profile/u_jtag/u_jtag_dm/hartinfo[11] that is stuck at constant 0.
W: Sdm-2000: [F:/SocFpga/jtag/jtag_dm.v(line number: 117)] Removed register node g_bram_profile.u_bram_profile/u_jtag/u_jtag_dm/hartinfo[10] that is stuck at constant 0.
W: Sdm-2000: [F:/SocFpga/jtag/jtag_dm.v(line number: 117)] Removed register node g_bram_profile.u_bram_profile/u_jtag/u_jtag_dm/hartinfo[9] that is stuck at constant 0.
W: Sdm-2000: [F:/SocFpga/jtag/jtag_dm.v(line number: 117)] Removed register node g_bram_profile.u_bram_profile/u_jtag/u_jtag_dm/hartinfo[8] that is stuck at constant 0.
W: Sdm-2000: [F:/SocFpga/jtag/jtag_dm.v(line number: 117)] Removed register node g_bram_profile.u_bram_profile/u_jtag/u_jtag_dm/hartinfo[7] that is stuck at constant 0.
W: Sdm-2000: [F:/SocFpga/jtag/jtag_dm.v(line number: 117)] Removed register node g_bram_profile.u_bram_profile/u_jtag/u_jtag_dm/hartinfo[6] that is stuck at constant 0.
W: Sdm-2000: [F:/SocFpga/jtag/jtag_dm.v(line number: 117)] Removed register node g_bram_profile.u_bram_profile/u_jtag/u_jtag_dm/hartinfo[5] that is stuck at constant 0.
W: Sdm-2000: [F:/SocFpga/jtag/jtag_dm.v(line number: 117)] Removed register node g_bram_profile.u_bram_profile/u_jtag/u_jtag_dm/hartinfo[4] that is stuck at constant 0.
W: Sdm-2000: [F:/SocFpga/jtag/jtag_dm.v(line number: 117)] Removed register node g_bram_profile.u_bram_profile/u_jtag/u_jtag_dm/hartinfo[3] that is stuck at constant 0.
W: Sdm-2000: [F:/SocFpga/jtag/jtag_dm.v(line number: 117)] Removed register node g_bram_profile.u_bram_profile/u_jtag/u_jtag_dm/hartinfo[2] that is stuck at constant 0.
W: Sdm-2000: [F:/SocFpga/jtag/jtag_dm.v(line number: 117)] Removed register node g_bram_profile.u_bram_profile/u_jtag/u_jtag_dm/hartinfo[1] that is stuck at constant 0.
W: Sdm-2000: [F:/SocFpga/jtag/jtag_dm.v(line number: 117)] Removed register node g_bram_profile.u_bram_profile/u_jtag/u_jtag_dm/hartinfo[0] that is stuck at constant 0.
W: Sdm-2000: [F:/SocFpga/cpu/axi_bridge.v(line number: 224)] Removed register node g_bram_profile.u_bram_profile/u_cpu/u_axi_bridge/rready that is stuck at constant 1.
I: Sdm-0001: [F:/SocFpga/cpu/cpu_bram_mem.v(line number: 105)] Found Ram iram, depth=8192, width=8.
I: Sdm-0001: [F:/SocFpga/cpu/cpu_bram_mem.v(line number: 105)] Found Ram iram, depth=8192, width=8.
I: Sdm-0001: [F:/SocFpga/cpu/cpu_bram_mem.v(line number: 119)] Found Ram dram, depth=4096, width=8.
I: Sdm-0001: [F:/SocFpga/cpu/cpu_bram_mem.v(line number: 105)] Found Ram iram, depth=8192, width=8.
I: Sdm-0001: [F:/SocFpga/cpu/cpu_bram_mem.v(line number: 119)] Found Ram dram, depth=4096, width=8.
I: Sdm-0001: [F:/SocFpga/cpu/cpu_bram_mem.v(line number: 105)] Found Ram iram, depth=8192, width=8.
I: Sdm-0001: [F:/SocFpga/cpu/cpu_bram_mem.v(line number: 105)] Found Ram iram, depth=8192, width=8.
I: Sdm-0001: [F:/SocFpga/cpu/cpu_bram_mem.v(line number: 119)] Found Ram dram, depth=4096, width=8.
I: Sdm-0001: [F:/SocFpga/cpu/cpu_bram_mem.v(line number: 105)] Found Ram iram, depth=8192, width=8.
I: Sdm-0001: [F:/SocFpga/cpu/cpu_bram_mem.v(line number: 105)] Found Ram iram, depth=8192, width=8.
I: Sdm-0001: [F:/SocFpga/cpu/cpu_bram_mem.v(line number: 105)] Found Ram iram, depth=8192, width=8.
I: Sdm-0001: [F:/SocFpga/cpu/cpu_bram_mem.v(line number: 119)] Found Ram dram, depth=4096, width=8.
Executing : rtl-infer successfully. Time elapsed: 1.693s wall, 0.422s user + 0.312s system = 0.734s CPU (43.4%)

Start rtl-control-opt.
Executing : rtl-control-opt successfully. Time elapsed: 0.016s wall, 0.000s user + 0.000s system = 0.000s CPU (n/a%)

Start rtl-data-opt.
Executing : rtl-data-opt successfully. Time elapsed: 0.095s wall, 0.047s user + 0.000s system = 0.047s CPU (49.4%)

Start FSM inference.
I: FSM state_fsm[3:0] inferred.
FSM state_fsm[3:0] STG:
Number of reachable states: 8
Input nets: N49 N156 N255 N302 N311 N313 N319 prog_ready 
S0(0000)-->S1(0001): xxxxxxxx
S1(0001)-->S2(0010): 1xxxxxxx
S2(0010)-->S3(0011): xxxx1xxx
S3(0011)-->S4(0100): xxxxxxx1
S4(0100)-->S5(0101): xxxxxxx1
S5(0101)-->S2(0010): x00xxxxx
S5(0101)-->S6(0110): x01xxxxx
S1(0001)-->S7(0111): xxxxxx1x
S2(0010)-->S7(0111): xxxxx1xx
S3(0011)-->S7(0111): xxx1xxxx
S1(0001)-->S7(0111): xxx1xx1x
S3(0011)-->S7(0111): xxx1xx1x
S4(0100)-->S7(0111): xxx1xxxx
S5(0101)-->S7(0111): x1xxxxxx
S4(0100)-->S7(0111): x1x1xxxx
S5(0101)-->S7(0111): x1x1xxxx

I: FSM state_fsm[3:0] inferred.
FSM state_fsm[3:0] STG:
Number of reachable states: 7
Input nets: N59 N77 N465 N473 N476 N483 N497 axi_arvalid axi_awvalid axi_bready axi_rready axi_wvalid ddr_req_ready ddr_rsp_valid mmio_req_ready read_last rst_n write_last write_region[1:0] 
S0(0000)-->S1(0001): x11xxxx10xxxxxxx1xxx
S0(0000)-->S4(0100): x11xxxxx1xxxxxxx1xxx
S1(0001)-->S2(0010): xxxxx1xxxxxx1xxxxxxx
S1(0001)-->S3(0011): xxx0x0xxxxxxxxxxxxxx
S1(0001)-->S3(0011): xxxxx0xxxxxxxx1xxxxx
S2(0010)-->S3(0011): xxxxxxxxxxxxx1xxxxxx
S3(0011)-->S1(0001): 0xxxxxxxxx1xxxxx1xxx
S3(0011)-->S1(0001): xxxxxxxxxx1xxxx01xxx
S4(0100)-->S5(0101): xxxx1xxxxxx11xxx1x10
S4(0100)-->S6(0110): xxxx0xxxxxx1xxxx11xx
S4(0100)-->S6(0110): xxxxxxxxxxx1xx1x110x
S4(0100)-->S6(0110): xxxxxxxxxxx1xxxx1111
S4(0100)-->S6(0110): xxxxxxxxxxx1xxxx1100
S5(0101)-->S4(0100): xxxxxxxxxxxxx1xxx0xx
S5(0101)-->S6(0110): xxxxxxxxxxxxx1xxx1xx
S6(0110)-->S0(0000): xxxxxxxxx1xxxxxx1xxx
S3(0011)-->S0(0000): 1xxxxxxxxx1xxxx11xxx

I: FSM jtag_state_fsm[2:0] inferred.
FSM jtag_state_fsm[2:0] STG:
Number of reachable states: 4
Input nets: N73 N77 N85 N97 N163 N342 N351 N404 ddr_req_ready ddr_rsp_valid jtag_cmd_valid 
S0(000)-->S1(001): 1111x01xxx1
S0(000)-->S3(011): 1111x1xxxx1
S0(000)-->S3(011): 1111xx0xxx1
S1(001)-->S2(010): xxxxxxxx1xx
S2(010)-->S3(011): xxxxxxxxx1x
S3(011)-->S0(000): xxxxxxx1xxx
S0(000)-->S0(000): 01xxxxxxxxx
S0(000)-->S0(000): x10xxxxxxxx
S0(000)-->S0(000): x1x0xxxxxxx
S0(000)-->S0(000): x1xxxxxxxx0
S3(011)-->S0(000): x1xxxxx1xxx

I: FSM state_fsm[1:0] inferred.
FSM state_fsm[1:0] STG:
Number of reachable states: 3
Input nets: N6 N8 N10 N14 N18 N56 N291 N328 N346 N354 N715 req_valid 
S0(00)-->S1(01): 11111xxx11x1
S1(01)-->S2(10): xxxxxxx111xx
S2(10)-->S1(01): xxxxx10x11xx
S2(10)-->S0(00): xxxxx11x11xx
S0(00)-->S0(00): xxxxxxxxxx1x
S1(01)-->S0(00): xxxxxxxxxx1x
S2(10)-->S0(00): xxxxxxxxxx1x

I: FSM arlen_fsm[7:0] inferred.
FSM arlen_fsm[7:0] STG:
Number of reachable states: 2
Input nets: N661 N662 data_rd_cache_line inst_rd_cache_line 
S0(00000000)-->S0(00000000): 1x0x
S1(00000011)-->S0(00000000): 1x0x
S0(00000000)-->S0(00000000): x1x0
S1(00000011)-->S0(00000000): x1x0
S0(00000000)-->S1(00000011): 1x1x
S1(00000011)-->S1(00000011): 1x1x
S0(00000000)-->S1(00000011): x1x1
S1(00000011)-->S1(00000011): x1x1

I: FSM write_requst_state_fsm[2:0] inferred.
FSM write_requst_state_fsm[2:0] STG:
Number of reachable states: 4
Input nets: N15 awready data_wr_req wlast wready 
S0(000)-->S2(101): xx1xx
S1(100)-->S1(100): xxx01
S1(100)-->S3(110): xxx11
S2(101)-->S1(100): x1xxx
S3(110)-->S0(000): 1xxxx

I: FSM jtag_state_fsm[3:0] inferred.
FSM jtag_state_fsm[3:0] STG:
Number of reachable states: 16
Input nets: jtag_TMS 
S0(0000)-->S0(0000): 1
S1(0001)-->S2(0010): 1
S0(0000)-->S1(0001): 0
S1(0001)-->S1(0001): 0
S2(0010)-->S3(0011): 0
S2(0010)-->S9(1001): 1
S3(0011)-->S5(0101): 1
S4(0100)-->S4(0100): 0
S4(0100)-->S5(0101): 1
S5(0101)-->S6(0110): 0
S6(0110)-->S6(0110): 0
S6(0110)-->S7(0111): 1
S5(0101)-->S8(1000): 1
S7(0111)-->S8(1000): 1
S3(0011)-->S4(0100): 0
S7(0111)-->S4(0100): 0
S8(1000)-->S2(0010): 1
S9(1001)-->S0(0000): 1
S9(1001)-->S10(1010): 0
S10(1010)-->S11(1011): 0
S11(1011)-->S11(1011): 0
S10(1010)-->S12(1100): 1
S11(1011)-->S12(1100): 1
S13(1101)-->S14(1110): 1
S12(1100)-->S13(1101): 0
S13(1101)-->S13(1101): 0
S15(1111)-->S1(0001): 0
S15(1111)-->S2(0010): 1
S12(1100)-->S15(1111): 1
S14(1110)-->S15(1111): 1
S10(1010)-->S11(1011): 0
S14(1110)-->S11(1011): 0
S0(0000)-->S1(0001): 0
S8(1000)-->S1(0001): 0

I: FSM state_fsm[2:0] inferred.
FSM state_fsm[2:0] STG:
Number of reachable states: 3
Input nets: rx_valid 
S0(001)-->S1(010): 1
S1(010)-->S2(100): x
S2(100)-->S0(001): x

I: FSM bus_p_fsm[1:0] inferred.
FSM bus_p_fsm[1:0] STG:
Number of reachable states: 4
Input nets: N1278 N1279 dmi_w_bus jtag_icb_cmd_ready jtag_icb_rsp_valid 
S0(00)-->S0(00): x1xxx
S0(00)-->S1(01): xx1xx
S0(00)-->S2(10): 1xxxx
S1(01)-->S0(00): xxx1x
S1(01)-->S1(01): xxx0x
S0(00)-->S0(00): x1x1x
S1(01)-->S0(00): x1x1x
S0(00)-->S1(01): xx10x
S1(01)-->S1(01): xx10x
S2(10)-->S2(10): xxx0x
S2(10)-->S3(11): xxx1x
S3(11)-->S0(00): xxxx1
S3(11)-->S2(10): xxxx0
S2(10)-->S2(10): xxx00
S3(11)-->S2(10): xxx00
S0(00)-->S2(10): 1xx0x
S2(10)-->S2(10): 1xx0x
S1(01)-->S0(00): xxx11
S3(11)-->S0(00): xxx11

I: FSM state_fsm[2:0] inferred.
FSM state_fsm[2:0] STG:
Number of reachable states: 3
Input nets: N9 req_i 
S0(001)-->S1(010): x1
S0(001)-->S0(001): x0
S1(010)-->S1(010): 1x
S1(010)-->S2(100): 0x
S2(100)-->S2(100): 0x
S2(100)-->S0(001): 1x

I: FSM state_fsm[1:0] inferred.
FSM state_fsm[1:0] STG:
Number of reachable states: 2
Input nets: req 
S0(01)-->S1(10): 1
S1(10)-->S1(10): 1
S0(01)-->S0(01): 0
S1(10)-->S0(01): 0

Executing : FSM inference successfully. Time elapsed: 0.106s wall, 0.047s user + 0.000s system = 0.047s CPU (44.2%)

Start sdm2adm.
W: Loop was found during constant probe.
W: Loop was found during constant probe.
W: Loop was found during constant probe.
W: Loop was found during constant probe.
W: Loop was found during constant probe.
W: Loop was found during constant probe.
W: Loop was found during constant probe.
I: Constant propagation done on N17_0 (bmsREDAND).
I: Constant propagation done on N17_1 (bmsREDAND).
I: Constant propagation done on N17_2 (bmsREDAND).
I: Constant propagation done on N17_3 (bmsREDAND).
I: Constant propagation done on N17_4 (bmsREDAND).
I: Constant propagation done on N17_5 (bmsREDAND).
I: Constant propagation done on N17_6 (bmsREDAND).
I: Constant propagation done on N17_7 (bmsREDAND).
I: Constant propagation done on N17_8 (bmsREDAND).
I: Constant propagation done on N17_9 (bmsREDAND).
W: Loop was found during constant probe.
W: Loop was found during constant probe.
W: Loop was found during constant probe.
W: Loop was found during constant probe.
W: Loop was found during constant probe.
W: Loop was found during constant probe.
W: Loop was found during constant probe.
W: Loop was found during constant probe.
W: Loop was found during constant probe.
W: Loop was found during constant probe.
W: Loop was found during constant probe.
W: Loop was found during constant probe.
W: Loop was found during constant probe.
W: Loop was found during constant probe.
W: Loop was found during constant probe.
W: Loop was found during constant probe.
W: Loop was found during constant probe.
W: Loop was found during constant probe.
W: Loop was found during constant probe.
W: Loop was found during constant probe.
W: Loop was found during constant probe.
W: Loop was found during constant probe.
W: Loop was found during constant probe.
W: Loop was found during constant probe.
W: Loop was found during constant probe.
W: Loop was found during constant probe.
W: Loop was found during constant probe.
W: Loop was found during constant probe.
W: Loop was found during constant probe.
W: Loop was found during constant probe.
W: Loop was found during constant probe.
W: Loop was found during constant probe.
W: Loop was found during constant probe.
W: Loop was found during constant probe.
W: Loop was found during constant probe.
W: Loop was found during constant probe.
W: Loop was found during constant probe.
W: Loop was found during constant probe.
W: Loop was found during constant probe.
C: DRC-2021: [F:/SocFpga/soc/Hfpga_soc.v(line number: 865)] The net g_ddr_profile.dbg_id_ins [31] is un-driven, tie it to 0.
C: DRC-2021: [F:/SocFpga/soc/Hfpga_soc.v(line number: 865)] The net g_ddr_profile.dbg_id_ins [30] is un-driven, tie it to 0.
C: DRC-2021: [F:/SocFpga/soc/Hfpga_soc.v(line number: 865)] The net g_ddr_profile.dbg_id_ins [29] is un-driven, tie it to 0.
C: DRC-2021: [F:/SocFpga/soc/Hfpga_soc.v(line number: 865)] The net g_ddr_profile.dbg_id_ins [28] is un-driven, tie it to 0.
C: DRC-2021: [F:/SocFpga/soc/Hfpga_soc.v(line number: 865)] The net g_ddr_profile.dbg_id_ins [27] is un-driven, tie it to 0.
C: DRC-2021: [F:/SocFpga/soc/Hfpga_soc.v(line number: 865)] The net g_ddr_profile.dbg_id_ins [26] is un-driven, tie it to 0.
C: DRC-2021: [F:/SocFpga/soc/Hfpga_soc.v(line number: 865)] The net g_ddr_profile.dbg_id_ins [25] is un-driven, tie it to 0.
C: DRC-2021: [F:/SocFpga/soc/Hfpga_soc.v(line number: 865)] The net g_ddr_profile.dbg_id_ins [24] is un-driven, tie it to 0.
C: DRC-2021: [F:/SocFpga/soc/Hfpga_soc.v(line number: 865)] The net g_ddr_profile.dbg_id_ins [23] is un-driven, tie it to 0.
C: DRC-2021: [F:/SocFpga/soc/Hfpga_soc.v(line number: 865)] The net g_ddr_profile.dbg_id_ins [22] is un-driven, tie it to 0.
C: DRC-2021: [F:/SocFpga/soc/Hfpga_soc.v(line number: 865)] The net g_ddr_profile.dbg_id_ins [21] is un-driven, tie it to 0.
C: DRC-2021: [F:/SocFpga/soc/Hfpga_soc.v(line number: 865)] The net g_ddr_profile.dbg_id_ins [20] is un-driven, tie it to 0.
C: DRC-2021: [F:/SocFpga/soc/Hfpga_soc.v(line number: 865)] The net g_ddr_profile.dbg_id_ins [19] is un-driven, tie it to 0.
C: DRC-2021: [F:/SocFpga/soc/Hfpga_soc.v(line number: 865)] The net g_ddr_profile.dbg_id_ins [18] is un-driven, tie it to 0.
C: DRC-2021: [F:/SocFpga/soc/Hfpga_soc.v(line number: 865)] The net g_ddr_profile.dbg_id_ins [17] is un-driven, tie it to 0.
C: DRC-2021: [F:/SocFpga/soc/Hfpga_soc.v(line number: 865)] The net g_ddr_profile.dbg_id_ins [16] is un-driven, tie it to 0.
C: DRC-2021: [F:/SocFpga/soc/Hfpga_soc.v(line number: 865)] The net g_ddr_profile.dbg_id_ins [15] is un-driven, tie it to 0.
C: DRC-2021: [F:/SocFpga/soc/Hfpga_soc.v(line number: 865)] The net g_ddr_profile.dbg_id_ins [14] is un-driven, tie it to 0.
C: DRC-2021: [F:/SocFpga/soc/Hfpga_soc.v(line number: 865)] The net g_ddr_profile.dbg_id_ins [13] is un-driven, tie it to 0.
C: DRC-2021: [F:/SocFpga/soc/Hfpga_soc.v(line number: 865)] The net g_ddr_profile.dbg_id_ins [12] is un-driven, tie it to 0.
C: DRC-2021: [F:/SocFpga/soc/Hfpga_soc.v(line number: 865)] The net g_ddr_profile.dbg_id_ins [11] is un-driven, tie it to 0.
C: DRC-2021: [F:/SocFpga/soc/Hfpga_soc.v(line number: 865)] The net g_ddr_profile.dbg_id_ins [10] is un-driven, tie it to 0.
C: DRC-2021: [F:/SocFpga/soc/Hfpga_soc.v(line number: 865)] The net g_ddr_profile.dbg_id_ins [9] is un-driven, tie it to 0.
C: DRC-2021: [F:/SocFpga/soc/Hfpga_soc.v(line number: 865)] The net g_ddr_profile.dbg_id_ins [8] is un-driven, tie it to 0.
C: DRC-2021: [F:/SocFpga/soc/Hfpga_soc.v(line number: 865)] The net g_ddr_profile.dbg_id_ins [7] is un-driven, tie it to 0.
C: DRC-2021: [F:/SocFpga/soc/Hfpga_soc.v(line number: 865)] The net g_ddr_profile.dbg_id_ins [6] is un-driven, tie it to 0.
C: DRC-2021: [F:/SocFpga/soc/Hfpga_soc.v(line number: 865)] The net g_ddr_profile.dbg_id_ins [5] is un-driven, tie it to 0.
C: DRC-2021: [F:/SocFpga/soc/Hfpga_soc.v(line number: 865)] The net g_ddr_profile.dbg_id_ins [4] is un-driven, tie it to 0.
C: DRC-2021: [F:/SocFpga/soc/Hfpga_soc.v(line number: 865)] The net g_ddr_profile.dbg_id_ins [3] is un-driven, tie it to 0.
C: DRC-2021: [F:/SocFpga/soc/Hfpga_soc.v(line number: 865)] The net g_ddr_profile.dbg_id_ins [2] is un-driven, tie it to 0.
C: DRC-2021: [F:/SocFpga/soc/Hfpga_soc.v(line number: 865)] The net g_ddr_profile.dbg_id_ins [1] is un-driven, tie it to 0.
C: DRC-2021: [F:/SocFpga/soc/Hfpga_soc.v(line number: 865)] The net g_ddr_profile.dbg_id_ins [0] is un-driven, tie it to 0.
C: DRC-2021: [F:/SocFpga/soc/Hfpga_soc.v(line number: 866)] The net g_ddr_profile.dbg_btb_predict_next_pc [31] is un-driven, tie it to 0.
C: DRC-2021: [F:/SocFpga/soc/Hfpga_soc.v(line number: 866)] The net g_ddr_profile.dbg_btb_predict_next_pc [30] is un-driven, tie it to 0.
C: DRC-2021: [F:/SocFpga/soc/Hfpga_soc.v(line number: 866)] The net g_ddr_profile.dbg_btb_predict_next_pc [29] is un-driven, tie it to 0.
C: DRC-2021: [F:/SocFpga/soc/Hfpga_soc.v(line number: 866)] The net g_ddr_profile.dbg_btb_predict_next_pc [28] is un-driven, tie it to 0.
C: DRC-2021: [F:/SocFpga/soc/Hfpga_soc.v(line number: 866)] The net g_ddr_profile.dbg_btb_predict_next_pc [27] is un-driven, tie it to 0.
C: DRC-2021: [F:/SocFpga/soc/Hfpga_soc.v(line number: 866)] The net g_ddr_profile.dbg_btb_predict_next_pc [26] is un-driven, tie it to 0.
C: DRC-2021: [F:/SocFpga/soc/Hfpga_soc.v(line number: 866)] The net g_ddr_profile.dbg_btb_predict_next_pc [25] is un-driven, tie it to 0.
C: DRC-2021: [F:/SocFpga/soc/Hfpga_soc.v(line number: 866)] The net g_ddr_profile.dbg_btb_predict_next_pc [24] is un-driven, tie it to 0.
C: DRC-2021: [F:/SocFpga/soc/Hfpga_soc.v(line number: 866)] The net g_ddr_profile.dbg_btb_predict_next_pc [23] is un-driven, tie it to 0.
C: DRC-2021: [F:/SocFpga/soc/Hfpga_soc.v(line number: 866)] The net g_ddr_profile.dbg_btb_predict_next_pc [22] is un-driven, tie it to 0.
C: DRC-2021: [F:/SocFpga/soc/Hfpga_soc.v(line number: 866)] The net g_ddr_profile.dbg_btb_predict_next_pc [21] is un-driven, tie it to 0.
C: DRC-2021: [F:/SocFpga/soc/Hfpga_soc.v(line number: 866)] The net g_ddr_profile.dbg_btb_predict_next_pc [20] is un-driven, tie it to 0.
C: DRC-2021: [F:/SocFpga/soc/Hfpga_soc.v(line number: 866)] The net g_ddr_profile.dbg_btb_predict_next_pc [19] is un-driven, tie it to 0.
C: DRC-2021: [F:/SocFpga/soc/Hfpga_soc.v(line number: 866)] The net g_ddr_profile.dbg_btb_predict_next_pc [18] is un-driven, tie it to 0.
C: DRC-2021: [F:/SocFpga/soc/Hfpga_soc.v(line number: 866)] The net g_ddr_profile.dbg_btb_predict_next_pc [17] is un-driven, tie it to 0.
C: DRC-2021: [F:/SocFpga/soc/Hfpga_soc.v(line number: 866)] The net g_ddr_profile.dbg_btb_predict_next_pc [16] is un-driven, tie it to 0.
C: DRC-2021: [F:/SocFpga/soc/Hfpga_soc.v(line number: 866)] The net g_ddr_profile.dbg_btb_predict_next_pc [15] is un-driven, tie it to 0.
C: DRC-2021: [F:/SocFpga/soc/Hfpga_soc.v(line number: 866)] The net g_ddr_profile.dbg_btb_predict_next_pc [14] is un-driven, tie it to 0.
C: DRC-2021: [F:/SocFpga/soc/Hfpga_soc.v(line number: 866)] The net g_ddr_profile.dbg_btb_predict_next_pc [13] is un-driven, tie it to 0.
C: DRC-2021: [F:/SocFpga/soc/Hfpga_soc.v(line number: 866)] The net g_ddr_profile.dbg_btb_predict_next_pc [12] is un-driven, tie it to 0.
C: DRC-2021: [F:/SocFpga/soc/Hfpga_soc.v(line number: 866)] The net g_ddr_profile.dbg_btb_predict_next_pc [11] is un-driven, tie it to 0.
C: DRC-2021: [F:/SocFpga/soc/Hfpga_soc.v(line number: 866)] The net g_ddr_profile.dbg_btb_predict_next_pc [10] is un-driven, tie it to 0.
C: DRC-2021: [F:/SocFpga/soc/Hfpga_soc.v(line number: 866)] The net g_ddr_profile.dbg_btb_predict_next_pc [9] is un-driven, tie it to 0.
C: DRC-2021: [F:/SocFpga/soc/Hfpga_soc.v(line number: 866)] The net g_ddr_profile.dbg_btb_predict_next_pc [8] is un-driven, tie it to 0.
C: DRC-2021: [F:/SocFpga/soc/Hfpga_soc.v(line number: 866)] The net g_ddr_profile.dbg_btb_predict_next_pc [7] is un-driven, tie it to 0.
C: DRC-2021: [F:/SocFpga/soc/Hfpga_soc.v(line number: 866)] The net g_ddr_profile.dbg_btb_predict_next_pc [6] is un-driven, tie it to 0.
C: DRC-2021: [F:/SocFpga/soc/Hfpga_soc.v(line number: 866)] The net g_ddr_profile.dbg_btb_predict_next_pc [5] is un-driven, tie it to 0.
C: DRC-2021: [F:/SocFpga/soc/Hfpga_soc.v(line number: 866)] The net g_ddr_profile.dbg_btb_predict_next_pc [4] is un-driven, tie it to 0.
C: DRC-2021: [F:/SocFpga/soc/Hfpga_soc.v(line number: 866)] The net g_ddr_profile.dbg_btb_predict_next_pc [3] is un-driven, tie it to 0.
C: DRC-2021: [F:/SocFpga/soc/Hfpga_soc.v(line number: 866)] The net g_ddr_profile.dbg_btb_predict_next_pc [2] is un-driven, tie it to 0.
C: DRC-2021: [F:/SocFpga/soc/Hfpga_soc.v(line number: 866)] The net g_ddr_profile.dbg_btb_predict_next_pc [1] is un-driven, tie it to 0.
C: DRC-2021: [F:/SocFpga/soc/Hfpga_soc.v(line number: 866)] The net g_ddr_profile.dbg_btb_predict_next_pc [0] is un-driven, tie it to 0.
C: DRC-2021: [F:/SocFpga/soc/Hfpga_soc.v(line number: 867)] The net g_ddr_profile.dbg_actual_next_pc [31] is un-driven, tie it to 0.
C: DRC-2021: [F:/SocFpga/soc/Hfpga_soc.v(line number: 867)] The net g_ddr_profile.dbg_actual_next_pc [30] is un-driven, tie it to 0.
C: DRC-2021: [F:/SocFpga/soc/Hfpga_soc.v(line number: 867)] The net g_ddr_profile.dbg_actual_next_pc [29] is un-driven, tie it to 0.
C: DRC-2021: [F:/SocFpga/soc/Hfpga_soc.v(line number: 867)] The net g_ddr_profile.dbg_actual_next_pc [28] is un-driven, tie it to 0.
C: DRC-2021: [F:/SocFpga/soc/Hfpga_soc.v(line number: 867)] The net g_ddr_profile.dbg_actual_next_pc [27] is un-driven, tie it to 0.
C: DRC-2021: [F:/SocFpga/soc/Hfpga_soc.v(line number: 867)] The net g_ddr_profile.dbg_actual_next_pc [26] is un-driven, tie it to 0.
C: DRC-2021: [F:/SocFpga/soc/Hfpga_soc.v(line number: 867)] The net g_ddr_profile.dbg_actual_next_pc [25] is un-driven, tie it to 0.
C: DRC-2021: [F:/SocFpga/soc/Hfpga_soc.v(line number: 867)] The net g_ddr_profile.dbg_actual_next_pc [24] is un-driven, tie it to 0.
C: DRC-2021: [F:/SocFpga/soc/Hfpga_soc.v(line number: 867)] The net g_ddr_profile.dbg_actual_next_pc [23] is un-driven, tie it to 0.
C: DRC-2021: [F:/SocFpga/soc/Hfpga_soc.v(line number: 867)] The net g_ddr_profile.dbg_actual_next_pc [22] is un-driven, tie it to 0.
C: DRC-2021: [F:/SocFpga/soc/Hfpga_soc.v(line number: 867)] The net g_ddr_profile.dbg_actual_next_pc [21] is un-driven, tie it to 0.
C: DRC-2021: [F:/SocFpga/soc/Hfpga_soc.v(line number: 867)] The net g_ddr_profile.dbg_actual_next_pc [20] is un-driven, tie it to 0.
C: DRC-2021: [F:/SocFpga/soc/Hfpga_soc.v(line number: 867)] The net g_ddr_profile.dbg_actual_next_pc [19] is un-driven, tie it to 0.
C: DRC-2021: [F:/SocFpga/soc/Hfpga_soc.v(line number: 867)] The net g_ddr_profile.dbg_actual_next_pc [18] is un-driven, tie it to 0.
C: DRC-2021: [F:/SocFpga/soc/Hfpga_soc.v(line number: 867)] The net g_ddr_profile.dbg_actual_next_pc [17] is un-driven, tie it to 0.
C: DRC-2021: [F:/SocFpga/soc/Hfpga_soc.v(line number: 867)] The net g_ddr_profile.dbg_actual_next_pc [16] is un-driven, tie it to 0.
C: DRC-2021: [F:/SocFpga/soc/Hfpga_soc.v(line number: 867)] The net g_ddr_profile.dbg_actual_next_pc [15] is un-driven, tie it to 0.
C: DRC-2021: [F:/SocFpga/soc/Hfpga_soc.v(line number: 867)] The net g_ddr_profile.dbg_actual_next_pc [14] is un-driven, tie it to 0.
C: DRC-2021: [F:/SocFpga/soc/Hfpga_soc.v(line number: 867)] The net g_ddr_profile.dbg_actual_next_pc [13] is un-driven, tie it to 0.
C: DRC-2021: [F:/SocFpga/soc/Hfpga_soc.v(line number: 867)] The net g_ddr_profile.dbg_actual_next_pc [12] is un-driven, tie it to 0.
C: DRC-2021: [F:/SocFpga/soc/Hfpga_soc.v(line number: 867)] The net g_ddr_profile.dbg_actual_next_pc [11] is un-driven, tie it to 0.
C: DRC-2021: [F:/SocFpga/soc/Hfpga_soc.v(line number: 867)] The net g_ddr_profile.dbg_actual_next_pc [10] is un-driven, tie it to 0.
C: DRC-2021: [F:/SocFpga/soc/Hfpga_soc.v(line number: 867)] The net g_ddr_profile.dbg_actual_next_pc [9] is un-driven, tie it to 0.
C: DRC-2021: [F:/SocFpga/soc/Hfpga_soc.v(line number: 867)] The net g_ddr_profile.dbg_actual_next_pc [8] is un-driven, tie it to 0.
C: DRC-2021: [F:/SocFpga/soc/Hfpga_soc.v(line number: 867)] The net g_ddr_profile.dbg_actual_next_pc [7] is un-driven, tie it to 0.
C: DRC-2021: [F:/SocFpga/soc/Hfpga_soc.v(line number: 867)] The net g_ddr_profile.dbg_actual_next_pc [6] is un-driven, tie it to 0.
C: DRC-2021: [F:/SocFpga/soc/Hfpga_soc.v(line number: 867)] The net g_ddr_profile.dbg_actual_next_pc [5] is un-driven, tie it to 0.
C: DRC-2021: [F:/SocFpga/soc/Hfpga_soc.v(line number: 867)] The net g_ddr_profile.dbg_actual_next_pc [4] is un-driven, tie it to 0.
C: DRC-2021: [F:/SocFpga/soc/Hfpga_soc.v(line number: 867)] The net g_ddr_profile.dbg_actual_next_pc [3] is un-driven, tie it to 0.
C: DRC-2021: [F:/SocFpga/soc/Hfpga_soc.v(line number: 867)] The net g_ddr_profile.dbg_actual_next_pc [2] is un-driven, tie it to 0.
C: DRC-2021: [F:/SocFpga/soc/Hfpga_soc.v(line number: 867)] The net g_ddr_profile.dbg_actual_next_pc [1] is un-driven, tie it to 0.
C: DRC-2021: [F:/SocFpga/soc/Hfpga_soc.v(line number: 867)] The net g_ddr_profile.dbg_actual_next_pc [0] is un-driven, tie it to 0.
C: DRC-2021: [F:/SocFpga/soc/Hfpga_soc.v(line number: 868)] The net g_ddr_profile.dbg_flush_pc [31] is un-driven, tie it to 0.
C: DRC-2021: [F:/SocFpga/soc/Hfpga_soc.v(line number: 868)] The net g_ddr_profile.dbg_flush_pc [30] is un-driven, tie it to 0.
C: DRC-2021: [F:/SocFpga/soc/Hfpga_soc.v(line number: 868)] The net g_ddr_profile.dbg_flush_pc [29] is un-driven, tie it to 0.
C: DRC-2021: [F:/SocFpga/soc/Hfpga_soc.v(line number: 868)] The net g_ddr_profile.dbg_flush_pc [28] is un-driven, tie it to 0.
C: DRC-2021: [F:/SocFpga/soc/Hfpga_soc.v(line number: 868)] The net g_ddr_profile.dbg_flush_pc [27] is un-driven, tie it to 0.
C: DRC-2021: [F:/SocFpga/soc/Hfpga_soc.v(line number: 868)] The net g_ddr_profile.dbg_flush_pc [26] is un-driven, tie it to 0.
C: DRC-2021: [F:/SocFpga/soc/Hfpga_soc.v(line number: 868)] The net g_ddr_profile.dbg_flush_pc [25] is un-driven, tie it to 0.
C: DRC-2021: [F:/SocFpga/soc/Hfpga_soc.v(line number: 868)] The net g_ddr_profile.dbg_flush_pc [24] is un-driven, tie it to 0.
C: DRC-2021: [F:/SocFpga/soc/Hfpga_soc.v(line number: 868)] The net g_ddr_profile.dbg_flush_pc [23] is un-driven, tie it to 0.
C: DRC-2021: [F:/SocFpga/soc/Hfpga_soc.v(line number: 868)] The net g_ddr_profile.dbg_flush_pc [22] is un-driven, tie it to 0.
C: DRC-2021: [F:/SocFpga/soc/Hfpga_soc.v(line number: 868)] The net g_ddr_profile.dbg_flush_pc [21] is un-driven, tie it to 0.
C: DRC-2021: [F:/SocFpga/soc/Hfpga_soc.v(line number: 868)] The net g_ddr_profile.dbg_flush_pc [20] is un-driven, tie it to 0.
C: DRC-2021: [F:/SocFpga/soc/Hfpga_soc.v(line number: 868)] The net g_ddr_profile.dbg_flush_pc [19] is un-driven, tie it to 0.
C: DRC-2021: [F:/SocFpga/soc/Hfpga_soc.v(line number: 868)] The net g_ddr_profile.dbg_flush_pc [18] is un-driven, tie it to 0.
C: DRC-2021: [F:/SocFpga/soc/Hfpga_soc.v(line number: 868)] The net g_ddr_profile.dbg_flush_pc [17] is un-driven, tie it to 0.
C: DRC-2021: [F:/SocFpga/soc/Hfpga_soc.v(line number: 868)] The net g_ddr_profile.dbg_flush_pc [16] is un-driven, tie it to 0.
C: DRC-2021: [F:/SocFpga/soc/Hfpga_soc.v(line number: 868)] The net g_ddr_profile.dbg_flush_pc [15] is un-driven, tie it to 0.
C: DRC-2021: [F:/SocFpga/soc/Hfpga_soc.v(line number: 868)] The net g_ddr_profile.dbg_flush_pc [14] is un-driven, tie it to 0.
C: DRC-2021: [F:/SocFpga/soc/Hfpga_soc.v(line number: 868)] The net g_ddr_profile.dbg_flush_pc [13] is un-driven, tie it to 0.
C: DRC-2021: [F:/SocFpga/soc/Hfpga_soc.v(line number: 868)] The net g_ddr_profile.dbg_flush_pc [12] is un-driven, tie it to 0.
C: DRC-2021: [F:/SocFpga/soc/Hfpga_soc.v(line number: 868)] The net g_ddr_profile.dbg_flush_pc [11] is un-driven, tie it to 0.
C: DRC-2021: [F:/SocFpga/soc/Hfpga_soc.v(line number: 868)] The net g_ddr_profile.dbg_flush_pc [10] is un-driven, tie it to 0.
C: DRC-2021: [F:/SocFpga/soc/Hfpga_soc.v(line number: 868)] The net g_ddr_profile.dbg_flush_pc [9] is un-driven, tie it to 0.
C: DRC-2021: [F:/SocFpga/soc/Hfpga_soc.v(line number: 868)] The net g_ddr_profile.dbg_flush_pc [8] is un-driven, tie it to 0.
C: DRC-2021: [F:/SocFpga/soc/Hfpga_soc.v(line number: 868)] The net g_ddr_profile.dbg_flush_pc [7] is un-driven, tie it to 0.
C: DRC-2021: [F:/SocFpga/soc/Hfpga_soc.v(line number: 868)] The net g_ddr_profile.dbg_flush_pc [6] is un-driven, tie it to 0.
C: DRC-2021: [F:/SocFpga/soc/Hfpga_soc.v(line number: 868)] The net g_ddr_profile.dbg_flush_pc [5] is un-driven, tie it to 0.
C: DRC-2021: [F:/SocFpga/soc/Hfpga_soc.v(line number: 868)] The net g_ddr_profile.dbg_flush_pc [4] is un-driven, tie it to 0.
C: DRC-2021: [F:/SocFpga/soc/Hfpga_soc.v(line number: 868)] The net g_ddr_profile.dbg_flush_pc [3] is un-driven, tie it to 0.
C: DRC-2021: [F:/SocFpga/soc/Hfpga_soc.v(line number: 868)] The net g_ddr_profile.dbg_flush_pc [2] is un-driven, tie it to 0.
C: DRC-2021: [F:/SocFpga/soc/Hfpga_soc.v(line number: 868)] The net g_ddr_profile.dbg_flush_pc [1] is un-driven, tie it to 0.
C: DRC-2021: [F:/SocFpga/soc/Hfpga_soc.v(line number: 868)] The net g_ddr_profile.dbg_flush_pc [0] is un-driven, tie it to 0.
C: DRC-2021: [F:/SocFpga/soc/Hfpga_soc.v(line number: 869)] The net g_ddr_profile.dbg_ctrl [30] is un-driven, tie it to 0.
C: DRC-2021: [F:/SocFpga/soc/Hfpga_soc.v(line number: 869)] The net g_ddr_profile.dbg_ctrl [29] is un-driven, tie it to 0.
C: DRC-2021: [F:/SocFpga/soc/Hfpga_soc.v(line number: 869)] The net g_ddr_profile.dbg_ctrl [28] is un-driven, tie it to 0.
C: DRC-2021: [F:/SocFpga/soc/Hfpga_soc.v(line number: 869)] The net g_ddr_profile.dbg_ctrl [27] is un-driven, tie it to 0.
C: DRC-2021: [F:/SocFpga/soc/Hfpga_soc.v(line number: 869)] The net g_ddr_profile.dbg_ctrl [26] is un-driven, tie it to 0.
C: DRC-2021: [F:/SocFpga/soc/Hfpga_soc.v(line number: 869)] The net g_ddr_profile.dbg_ctrl [25] is un-driven, tie it to 0.
C: DRC-2021: [F:/SocFpga/soc/Hfpga_soc.v(line number: 869)] The net g_ddr_profile.dbg_ctrl [24] is un-driven, tie it to 0.
C: DRC-2021: [F:/SocFpga/soc/Hfpga_soc.v(line number: 869)] The net g_ddr_profile.dbg_ctrl [23] is un-driven, tie it to 0.
C: DRC-2021: [F:/SocFpga/soc/Hfpga_soc.v(line number: 869)] The net g_ddr_profile.dbg_ctrl [22] is un-driven, tie it to 0.
C: DRC-2021: [F:/SocFpga/soc/Hfpga_soc.v(line number: 869)] The net g_ddr_profile.dbg_ctrl [21] is un-driven, tie it to 0.
C: DRC-2021: [F:/SocFpga/soc/Hfpga_soc.v(line number: 869)] The net g_ddr_profile.dbg_ctrl [20] is un-driven, tie it to 0.
C: DRC-2021: [F:/SocFpga/soc/Hfpga_soc.v(line number: 869)] The net g_ddr_profile.dbg_ctrl [19] is un-driven, tie it to 0.
C: DRC-2021: [F:/SocFpga/soc/Hfpga_soc.v(line number: 869)] The net g_ddr_profile.dbg_ctrl [18] is un-driven, tie it to 0.
C: DRC-2021: [F:/SocFpga/soc/Hfpga_soc.v(line number: 869)] The net g_ddr_profile.dbg_ctrl [17] is un-driven, tie it to 0.
C: DRC-2021: [F:/SocFpga/soc/Hfpga_soc.v(line number: 869)] The net g_ddr_profile.dbg_ctrl [16] is un-driven, tie it to 0.
C: DRC-2021: [F:/SocFpga/soc/Hfpga_soc.v(line number: 869)] The net g_ddr_profile.dbg_ctrl [15] is un-driven, tie it to 0.
C: DRC-2021: [F:/SocFpga/soc/Hfpga_soc.v(line number: 869)] The net g_ddr_profile.dbg_ctrl [14] is un-driven, tie it to 0.
C: DRC-2021: [F:/SocFpga/soc/Hfpga_soc.v(line number: 869)] The net g_ddr_profile.dbg_ctrl [13] is un-driven, tie it to 0.
C: DRC-2021: [F:/SocFpga/soc/Hfpga_soc.v(line number: 869)] The net g_ddr_profile.dbg_ctrl [12] is un-driven, tie it to 0.
C: DRC-2021: [F:/SocFpga/soc/Hfpga_soc.v(line number: 869)] The net g_ddr_profile.dbg_ctrl [11] is un-driven, tie it to 0.
C: DRC-2021: [F:/SocFpga/soc/Hfpga_soc.v(line number: 869)] The net g_ddr_profile.dbg_ctrl [10] is un-driven, tie it to 0.
C: DRC-2021: [F:/SocFpga/soc/Hfpga_soc.v(line number: 869)] The net g_ddr_profile.dbg_ctrl [9] is un-driven, tie it to 0.
C: DRC-2021: [F:/SocFpga/soc/Hfpga_soc.v(line number: 869)] The net g_ddr_profile.dbg_ctrl [8] is un-driven, tie it to 0.
C: DRC-2021: [F:/SocFpga/soc/Hfpga_soc.v(line number: 869)] The net g_ddr_profile.dbg_ctrl [7] is un-driven, tie it to 0.
C: DRC-2021: [F:/SocFpga/soc/Hfpga_soc.v(line number: 869)] The net g_ddr_profile.dbg_ctrl [6] is un-driven, tie it to 0.
C: DRC-2021: [F:/SocFpga/soc/Hfpga_soc.v(line number: 869)] The net g_ddr_profile.dbg_ctrl [5] is un-driven, tie it to 0.
C: DRC-2021: [F:/SocFpga/soc/Hfpga_soc.v(line number: 869)] The net g_ddr_profile.dbg_ctrl [4] is un-driven, tie it to 0.
C: DRC-2021: [F:/SocFpga/soc/Hfpga_soc.v(line number: 869)] The net g_ddr_profile.dbg_ctrl [3] is un-driven, tie it to 0.
C: DRC-2021: [F:/SocFpga/soc/Hfpga_soc.v(line number: 869)] The net g_ddr_profile.dbg_ctrl [2] is un-driven, tie it to 0.
C: DRC-2021: [F:/SocFpga/soc/Hfpga_soc.v(line number: 869)] The net g_ddr_profile.dbg_ctrl [1] is un-driven, tie it to 0.
C: DRC-2021: [F:/SocFpga/soc/Hfpga_soc.v(line number: 869)] The net g_ddr_profile.dbg_ctrl [0] is un-driven, tie it to 0.
C: DRC-2021: [F:/SocFpga/soc/Hfpga_soc.v(line number: 863)] The net g_ddr_profile.dbg_if_pc [31] is un-driven, tie it to 0.
C: DRC-2021: [F:/SocFpga/soc/Hfpga_soc.v(line number: 863)] The net g_ddr_profile.dbg_if_pc [30] is un-driven, tie it to 0.
C: DRC-2021: [F:/SocFpga/soc/Hfpga_soc.v(line number: 863)] The net g_ddr_profile.dbg_if_pc [29] is un-driven, tie it to 0.
C: DRC-2021: [F:/SocFpga/soc/Hfpga_soc.v(line number: 863)] The net g_ddr_profile.dbg_if_pc [28] is un-driven, tie it to 0.
C: DRC-2021: [F:/SocFpga/soc/Hfpga_soc.v(line number: 863)] The net g_ddr_profile.dbg_if_pc [27] is un-driven, tie it to 0.
C: DRC-2021: [F:/SocFpga/soc/Hfpga_soc.v(line number: 863)] The net g_ddr_profile.dbg_if_pc [26] is un-driven, tie it to 0.
C: DRC-2021: [F:/SocFpga/soc/Hfpga_soc.v(line number: 863)] The net g_ddr_profile.dbg_if_pc [25] is un-driven, tie it to 0.
C: DRC-2021: [F:/SocFpga/soc/Hfpga_soc.v(line number: 863)] The net g_ddr_profile.dbg_if_pc [24] is un-driven, tie it to 0.
C: DRC-2021: [F:/SocFpga/soc/Hfpga_soc.v(line number: 863)] The net g_ddr_profile.dbg_if_pc [23] is un-driven, tie it to 0.
C: DRC-2021: [F:/SocFpga/soc/Hfpga_soc.v(line number: 863)] The net g_ddr_profile.dbg_if_pc [22] is un-driven, tie it to 0.
C: DRC-2021: [F:/SocFpga/soc/Hfpga_soc.v(line number: 863)] The net g_ddr_profile.dbg_if_pc [21] is un-driven, tie it to 0.
C: DRC-2021: [F:/SocFpga/soc/Hfpga_soc.v(line number: 863)] The net g_ddr_profile.dbg_if_pc [20] is un-driven, tie it to 0.
C: DRC-2021: [F:/SocFpga/soc/Hfpga_soc.v(line number: 863)] The net g_ddr_profile.dbg_if_pc [19] is un-driven, tie it to 0.
C: DRC-2021: [F:/SocFpga/soc/Hfpga_soc.v(line number: 863)] The net g_ddr_profile.dbg_if_pc [18] is un-driven, tie it to 0.
C: DRC-2021: [F:/SocFpga/soc/Hfpga_soc.v(line number: 863)] The net g_ddr_profile.dbg_if_pc [17] is un-driven, tie it to 0.
C: DRC-2021: [F:/SocFpga/soc/Hfpga_soc.v(line number: 863)] The net g_ddr_profile.dbg_if_pc [16] is un-driven, tie it to 0.
C: DRC-2021: [F:/SocFpga/soc/Hfpga_soc.v(line number: 863)] The net g_ddr_profile.dbg_if_pc [15] is un-driven, tie it to 0.
C: DRC-2021: [F:/SocFpga/soc/Hfpga_soc.v(line number: 863)] The net g_ddr_profile.dbg_if_pc [14] is un-driven, tie it to 0.
C: DRC-2021: [F:/SocFpga/soc/Hfpga_soc.v(line number: 863)] The net g_ddr_profile.dbg_if_pc [13] is un-driven, tie it to 0.
C: DRC-2021: [F:/SocFpga/soc/Hfpga_soc.v(line number: 863)] The net g_ddr_profile.dbg_if_pc [12] is un-driven, tie it to 0.
C: DRC-2021: [F:/SocFpga/soc/Hfpga_soc.v(line number: 863)] The net g_ddr_profile.dbg_if_pc [11] is un-driven, tie it to 0.
C: DRC-2021: [F:/SocFpga/soc/Hfpga_soc.v(line number: 863)] The net g_ddr_profile.dbg_if_pc [10] is un-driven, tie it to 0.
C: DRC-2021: [F:/SocFpga/soc/Hfpga_soc.v(line number: 863)] The net g_ddr_profile.dbg_if_pc [9] is un-driven, tie it to 0.
C: DRC-2021: [F:/SocFpga/soc/Hfpga_soc.v(line number: 863)] The net g_ddr_profile.dbg_if_pc [8] is un-driven, tie it to 0.
C: DRC-2021: [F:/SocFpga/soc/Hfpga_soc.v(line number: 863)] The net g_ddr_profile.dbg_if_pc [7] is un-driven, tie it to 0.
C: DRC-2021: [F:/SocFpga/soc/Hfpga_soc.v(line number: 863)] The net g_ddr_profile.dbg_if_pc [6] is un-driven, tie it to 0.
C: DRC-2021: [F:/SocFpga/soc/Hfpga_soc.v(line number: 863)] The net g_ddr_profile.dbg_if_pc [5] is un-driven, tie it to 0.
C: DRC-2021: [F:/SocFpga/soc/Hfpga_soc.v(line number: 863)] The net g_ddr_profile.dbg_if_pc [4] is un-driven, tie it to 0.
C: DRC-2021: [F:/SocFpga/soc/Hfpga_soc.v(line number: 863)] The net g_ddr_profile.dbg_if_pc [3] is un-driven, tie it to 0.
C: DRC-2021: [F:/SocFpga/soc/Hfpga_soc.v(line number: 863)] The net g_ddr_profile.dbg_if_pc [2] is un-driven, tie it to 0.
C: DRC-2021: [F:/SocFpga/soc/Hfpga_soc.v(line number: 863)] The net g_ddr_profile.dbg_if_pc [1] is un-driven, tie it to 0.
C: DRC-2021: [F:/SocFpga/soc/Hfpga_soc.v(line number: 863)] The net g_ddr_profile.dbg_if_pc [0] is un-driven, tie it to 0.
C: DRC-2021: [F:/SocFpga/soc/Hfpga_soc.v(line number: 864)] The net g_ddr_profile.dbg_id_pc [31] is un-driven, tie it to 0.
C: DRC-2021: [F:/SocFpga/soc/Hfpga_soc.v(line number: 864)] The net g_ddr_profile.dbg_id_pc [30] is un-driven, tie it to 0.
C: DRC-2021: [F:/SocFpga/soc/Hfpga_soc.v(line number: 864)] The net g_ddr_profile.dbg_id_pc [29] is un-driven, tie it to 0.
C: DRC-2021: [F:/SocFpga/soc/Hfpga_soc.v(line number: 864)] The net g_ddr_profile.dbg_id_pc [28] is un-driven, tie it to 0.
C: DRC-2021: [F:/SocFpga/soc/Hfpga_soc.v(line number: 864)] The net g_ddr_profile.dbg_id_pc [27] is un-driven, tie it to 0.
C: DRC-2021: [F:/SocFpga/soc/Hfpga_soc.v(line number: 864)] The net g_ddr_profile.dbg_id_pc [26] is un-driven, tie it to 0.
C: DRC-2021: [F:/SocFpga/soc/Hfpga_soc.v(line number: 864)] The net g_ddr_profile.dbg_id_pc [25] is un-driven, tie it to 0.
C: DRC-2021: [F:/SocFpga/soc/Hfpga_soc.v(line number: 864)] The net g_ddr_profile.dbg_id_pc [24] is un-driven, tie it to 0.
C: DRC-2021: [F:/SocFpga/soc/Hfpga_soc.v(line number: 864)] The net g_ddr_profile.dbg_id_pc [23] is un-driven, tie it to 0.
C: DRC-2021: [F:/SocFpga/soc/Hfpga_soc.v(line number: 864)] The net g_ddr_profile.dbg_id_pc [22] is un-driven, tie it to 0.
C: DRC-2021: [F:/SocFpga/soc/Hfpga_soc.v(line number: 864)] The net g_ddr_profile.dbg_id_pc [21] is un-driven, tie it to 0.
C: DRC-2021: [F:/SocFpga/soc/Hfpga_soc.v(line number: 864)] The net g_ddr_profile.dbg_id_pc [20] is un-driven, tie it to 0.
C: DRC-2021: [F:/SocFpga/soc/Hfpga_soc.v(line number: 864)] The net g_ddr_profile.dbg_id_pc [19] is un-driven, tie it to 0.
C: DRC-2021: [F:/SocFpga/soc/Hfpga_soc.v(line number: 864)] The net g_ddr_profile.dbg_id_pc [18] is un-driven, tie it to 0.
C: DRC-2021: [F:/SocFpga/soc/Hfpga_soc.v(line number: 864)] The net g_ddr_profile.dbg_id_pc [17] is un-driven, tie it to 0.
C: DRC-2021: [F:/SocFpga/soc/Hfpga_soc.v(line number: 864)] The net g_ddr_profile.dbg_id_pc [16] is un-driven, tie it to 0.
C: DRC-2021: [F:/SocFpga/soc/Hfpga_soc.v(line number: 864)] The net g_ddr_profile.dbg_id_pc [15] is un-driven, tie it to 0.
C: DRC-2021: [F:/SocFpga/soc/Hfpga_soc.v(line number: 864)] The net g_ddr_profile.dbg_id_pc [14] is un-driven, tie it to 0.
C: DRC-2021: [F:/SocFpga/soc/Hfpga_soc.v(line number: 864)] The net g_ddr_profile.dbg_id_pc [13] is un-driven, tie it to 0.
C: DRC-2021: [F:/SocFpga/soc/Hfpga_soc.v(line number: 864)] The net g_ddr_profile.dbg_id_pc [12] is un-driven, tie it to 0.
C: DRC-2021: [F:/SocFpga/soc/Hfpga_soc.v(line number: 864)] The net g_ddr_profile.dbg_id_pc [11] is un-driven, tie it to 0.
C: DRC-2021: [F:/SocFpga/soc/Hfpga_soc.v(line number: 864)] The net g_ddr_profile.dbg_id_pc [10] is un-driven, tie it to 0.
C: DRC-2021: [F:/SocFpga/soc/Hfpga_soc.v(line number: 864)] The net g_ddr_profile.dbg_id_pc [9] is un-driven, tie it to 0.
C: DRC-2021: [F:/SocFpga/soc/Hfpga_soc.v(line number: 864)] The net g_ddr_profile.dbg_id_pc [8] is un-driven, tie it to 0.
C: DRC-2021: [F:/SocFpga/soc/Hfpga_soc.v(line number: 864)] The net g_ddr_profile.dbg_id_pc [7] is un-driven, tie it to 0.
C: DRC-2021: [F:/SocFpga/soc/Hfpga_soc.v(line number: 864)] The net g_ddr_profile.dbg_id_pc [6] is un-driven, tie it to 0.
C: DRC-2021: [F:/SocFpga/soc/Hfpga_soc.v(line number: 864)] The net g_ddr_profile.dbg_id_pc [5] is un-driven, tie it to 0.
C: DRC-2021: [F:/SocFpga/soc/Hfpga_soc.v(line number: 864)] The net g_ddr_profile.dbg_id_pc [4] is un-driven, tie it to 0.
C: DRC-2021: [F:/SocFpga/soc/Hfpga_soc.v(line number: 864)] The net g_ddr_profile.dbg_id_pc [3] is un-driven, tie it to 0.
C: DRC-2021: [F:/SocFpga/soc/Hfpga_soc.v(line number: 864)] The net g_ddr_profile.dbg_id_pc [2] is un-driven, tie it to 0.
C: DRC-2021: [F:/SocFpga/soc/Hfpga_soc.v(line number: 864)] The net g_ddr_profile.dbg_id_pc [1] is un-driven, tie it to 0.
C: DRC-2021: [F:/SocFpga/soc/Hfpga_soc.v(line number: 864)] The net g_ddr_profile.dbg_id_pc [0] is un-driven, tie it to 0.
Executing : sdm2adm successfully. Time elapsed: 0.192s wall, 0.078s user + 0.000s system = 0.078s CPU (40.7%)

Saving design to DB.
Action compile: Real time elapsed is 0h:0m:12s
Action compile: CPU time elapsed is 0h:0m:1s
Action compile: Process CPU time elapsed is 0h:0m:1s
Current time: Tue Oct  6 18:13:25 2026
Action compile: Peak memory pool usage is 179 MB
Action from compile to compile: Total Real Time elapsed is 0h:0m:12s
Action from compile to compile: Total CPU time elapsed is 0h:0m:1s
Action from compile to compile: Total Process CPU Time elapsed is 0h:0m:1s
Compiling architecture definition.
Analyzing project file 'F:/SocFpga/project/project.pds'.
License checkout: fabric_ads from F:\Jichuang-small_eyes\pango_license\new_pds_F4A80DA47D72.lic
Compiling verification operator library.
Compiling common defs.
Loading technology operator library.
Compiling technology operator library.
Compiling technology operator (valence) library.
Reading design from compile DB
Reading design from compile DB successfully.
NOTE: The technology fpga was specified.
NOTE: delay_model specified was generic_cmos.
NOTE: Using the fpga syntax tables...
Totals:
 Calls to malloc = 0
 Calls to calloc = 148672

Constraint check start.
Compiling prim grid devices.
Building architecture model.
Loading device packaging model.
Building architecture floorplan logic view.
Executing : get_ports clk
Executing : get_ports clk successfully.
Executing : create_clock -period 37.037 [get_ports clk] -name clk
Executing : create_clock -period 37.037 [get_ports clk] -name clk successfully.
Executing : get_ports JTAG_TCK
Executing : get_ports JTAG_TCK successfully.
Executing : create_clock -period 100.000 [get_ports JTAG_TCK] -name JTAG_CLK
Executing : create_clock -period 100.000 [get_ports JTAG_TCK] -name JTAG_CLK successfully.
Executing : get_ports cam1_pclk
Executing : get_ports cam1_pclk successfully.
Executing : create_clock -period 10.000 [get_ports cam1_pclk] -name CAM1_PCLK
Executing : create_clock -period 10.000 [get_ports cam1_pclk] -name CAM1_PCLK successfully.
Executing : get_ports cam2_pclk
Executing : get_ports cam2_pclk successfully.
Executing : create_clock -period 10.000 [get_ports cam2_pclk] -name CAM2_PCLK
Executing : create_clock -period 10.000 [get_ports cam2_pclk] -name CAM2_PCLK successfully.
Executing : get_ports clk
Executing : get_ports clk successfully.
Executing : get_pins g_bram_profile.u_bram_profile/u_pll/u_gpll:CLKOUT0
Executing : get_pins g_bram_profile.u_bram_profile/u_pll/u_gpll:CLKOUT0 successfully.
Executing : create_generated_clock -name cpu_clk -source [get_ports clk] -master_clock clk -multiply_by 70 -divide_by 27 [get_pins g_bram_profile.u_bram_profile/u_pll/u_gpll:CLKOUT0]
Executing : create_generated_clock -name cpu_clk -source [get_ports clk] -master_clock clk -multiply_by 70 -divide_by 27 [get_pins g_bram_profile.u_bram_profile/u_pll/u_gpll:CLKOUT0] successfully.
Executing : get_clocks cpu_clk
Executing : get_clocks cpu_clk successfully.
Executing : get_clocks JTAG_CLK
Executing : get_clocks JTAG_CLK successfully.
Executing : set_clock_groups -asynchronous -group [get_clocks cpu_clk] -group [get_clocks JTAG_CLK]
Executing : set_clock_groups -asynchronous -group [get_clocks cpu_clk] -group [get_clocks JTAG_CLK] successfully.
Executing : get_clocks cpu_clk
Executing : get_clocks cpu_clk successfully.
Executing : get_clocks CAM1_PCLK
Executing : get_clocks CAM1_PCLK successfully.
Executing : get_clocks CAM2_PCLK
Executing : get_clocks CAM2_PCLK successfully.
Executing : set_clock_groups -asynchronous -group [get_clocks cpu_clk] -group [get_clocks CAM1_PCLK] -group [get_clocks CAM2_PCLK]
Executing : set_clock_groups -asynchronous -group [get_clocks cpu_clk] -group [get_clocks CAM1_PCLK] -group [get_clocks CAM2_PCLK] successfully.
C: ConstraintEditor-2009: p:cam1_scl is lack of PAP_IO_SLEW, OUTPUT or INOUT PORT had better set PAP_IO_SLEW, the optional value is {SLOW, FAST}.
C: ConstraintEditor-2009: p:cam1_sda is lack of PAP_IO_SLEW, OUTPUT or INOUT PORT had better set PAP_IO_SLEW, the optional value is {SLOW, FAST}.
C: ConstraintEditor-2009: p:cam1_reset_n is lack of PAP_IO_SLEW, OUTPUT or INOUT PORT had better set PAP_IO_SLEW, the optional value is {SLOW, FAST}.
C: ConstraintEditor-2009: p:cam2_scl is lack of PAP_IO_SLEW, OUTPUT or INOUT PORT had better set PAP_IO_SLEW, the optional value is {SLOW, FAST}.
C: ConstraintEditor-2009: p:cam2_sda is lack of PAP_IO_SLEW, OUTPUT or INOUT PORT had better set PAP_IO_SLEW, the optional value is {SLOW, FAST}.
C: ConstraintEditor-2009: p:cam2_reset_n is lack of PAP_IO_SLEW, OUTPUT or INOUT PORT had better set PAP_IO_SLEW, the optional value is {SLOW, FAST}.
C: ConstraintEditor-2009: p:core_active is lack of PAP_IO_DRIVE, OUTPUT or INOUT PORT had better set PAP_IO_DRIVE, the optional value is {8, 4, 12, 16}.
C: ConstraintEditor-2009: p:core_active is lack of PAP_IO_SLEW, OUTPUT or INOUT PORT had better set PAP_IO_SLEW, the optional value is {SLOW, FAST}.
C: ConstraintEditor-2002: [F:/SocFpga/soc.fdc(line number: 186)] | Port JTAG_TDI has been placed at location R20, whose type is share pin.
C: ConstraintEditor-2002: [F:/SocFpga/soc.fdc(line number: 192)] | Port JTAG_TMS has been placed at location P19, whose type is share pin.
C: ConstraintEditor-2002: [F:/SocFpga/soc.fdc(line number: 198)] | Port JTAG_TCK has been placed at location M24, whose type is share pin.
C: ConstraintEditor-2009: p:JTAG_TDO is lack of PAP_IO_DRIVE, OUTPUT or INOUT PORT had better set PAP_IO_DRIVE, the optional value is {8, 4, 12, 16}.
C: ConstraintEditor-2009: p:fpioa[0] is lack of PAP_IO_DRIVE, OUTPUT or INOUT PORT had better set PAP_IO_DRIVE, the optional value is {8, 4, 12, 16}.
C: ConstraintEditor-2009: p:fpioa[0] is lack of PAP_IO_SLEW, OUTPUT or INOUT PORT had better set PAP_IO_SLEW, the optional value is {SLOW, FAST}.
C: ConstraintEditor-2009: p:fpioa[1] is lack of PAP_IO_DRIVE, OUTPUT or INOUT PORT had better set PAP_IO_DRIVE, the optional value is {8, 4, 12, 16}.
C: ConstraintEditor-2009: p:fpioa[1] is lack of PAP_IO_SLEW, OUTPUT or INOUT PORT had better set PAP_IO_SLEW, the optional value is {SLOW, FAST}.
C: ConstraintEditor-2002: [F:/SocFpga/soc.fdc(line number: 229)] | Port fpioa[2] has been placed at location T22, whose type is share pin.
C: ConstraintEditor-2009: p:fpioa[2] is lack of PAP_IO_DRIVE, OUTPUT or INOUT PORT had better set PAP_IO_DRIVE, the optional value is {8, 4, 12, 16}.
C: ConstraintEditor-2009: p:fpioa[2] is lack of PAP_IO_SLEW, OUTPUT or INOUT PORT had better set PAP_IO_SLEW, the optional value is {SLOW, FAST}.
C: ConstraintEditor-2002: [F:/SocFpga/soc.fdc(line number: 235)] | Port fpioa[3] has been placed at location K25, whose type is share pin.
C: ConstraintEditor-2009: p:fpioa[3] is lack of PAP_IO_DRIVE, OUTPUT or INOUT PORT had better set PAP_IO_DRIVE, the optional value is {8, 4, 12, 16}.
C: ConstraintEditor-2009: p:fpioa[3] is lack of PAP_IO_SLEW, OUTPUT or INOUT PORT had better set PAP_IO_SLEW, the optional value is {SLOW, FAST}.
C: ConstraintEditor-2009: p:fpioa[4] is lack of PAP_IO_DRIVE, OUTPUT or INOUT PORT had better set PAP_IO_DRIVE, the optional value is {8, 4, 12, 16}.
C: ConstraintEditor-2009: p:fpioa[4] is lack of PAP_IO_SLEW, OUTPUT or INOUT PORT had better set PAP_IO_SLEW, the optional value is {SLOW, FAST}.
C: ConstraintEditor-2009: p:fpioa[5] is lack of PAP_IO_DRIVE, OUTPUT or INOUT PORT had better set PAP_IO_DRIVE, the optional value is {8, 4, 12, 16}.
C: ConstraintEditor-2009: p:fpioa[5] is lack of PAP_IO_SLEW, OUTPUT or INOUT PORT had better set PAP_IO_SLEW, the optional value is {SLOW, FAST}.
C: ConstraintEditor-2009: p:fpioa[6] is lack of PAP_IO_DRIVE, OUTPUT or INOUT PORT had better set PAP_IO_DRIVE, the optional value is {8, 4, 12, 16}.
C: ConstraintEditor-2009: p:fpioa[6] is lack of PAP_IO_SLEW, OUTPUT or INOUT PORT had better set PAP_IO_SLEW, the optional value is {SLOW, FAST}.
C: ConstraintEditor-2009: p:fpioa[7] is lack of PAP_IO_DRIVE, OUTPUT or INOUT PORT had better set PAP_IO_DRIVE, the optional value is {8, 4, 12, 16}.
C: ConstraintEditor-2009: p:fpioa[7] is lack of PAP_IO_SLEW, OUTPUT or INOUT PORT had better set PAP_IO_SLEW, the optional value is {SLOW, FAST}.
C: ConstraintEditor-2009: p:fpioa[8] is lack of PAP_IO_DRIVE, OUTPUT or INOUT PORT had better set PAP_IO_DRIVE, the optional value is {8, 4, 12, 16}.
C: ConstraintEditor-2009: p:fpioa[8] is lack of PAP_IO_SLEW, OUTPUT or INOUT PORT had better set PAP_IO_SLEW, the optional value is {SLOW, FAST}.
C: ConstraintEditor-2009: p:fpioa[9] is lack of PAP_IO_DRIVE, OUTPUT or INOUT PORT had better set PAP_IO_DRIVE, the optional value is {8, 4, 12, 16}.
C: ConstraintEditor-2009: p:fpioa[9] is lack of PAP_IO_SLEW, OUTPUT or INOUT PORT had better set PAP_IO_SLEW, the optional value is {SLOW, FAST}.
C: ConstraintEditor-2009: p:fpioa[10] is lack of PAP_IO_DRIVE, OUTPUT or INOUT PORT had better set PAP_IO_DRIVE, the optional value is {8, 4, 12, 16}.
C: ConstraintEditor-2009: p:fpioa[10] is lack of PAP_IO_SLEW, OUTPUT or INOUT PORT had better set PAP_IO_SLEW, the optional value is {SLOW, FAST}.
C: ConstraintEditor-2009: p:fpioa[11] is lack of PAP_IO_DRIVE, OUTPUT or INOUT PORT had better set PAP_IO_DRIVE, the optional value is {8, 4, 12, 16}.
C: ConstraintEditor-2009: p:fpioa[11] is lack of PAP_IO_SLEW, OUTPUT or INOUT PORT had better set PAP_IO_SLEW, the optional value is {SLOW, FAST}.
C: ConstraintEditor-2009: p:fpioa[12] is lack of PAP_IO_DRIVE, OUTPUT or INOUT PORT had better set PAP_IO_DRIVE, the optional value is {8, 4, 12, 16}.
C: ConstraintEditor-2009: p:fpioa[12] is lack of PAP_IO_SLEW, OUTPUT or INOUT PORT had better set PAP_IO_SLEW, the optional value is {SLOW, FAST}.
C: ConstraintEditor-2009: p:fpioa[13] is lack of PAP_IO_DRIVE, OUTPUT or INOUT PORT had better set PAP_IO_DRIVE, the optional value is {8, 4, 12, 16}.
C: ConstraintEditor-2009: p:fpioa[13] is lack of PAP_IO_SLEW, OUTPUT or INOUT PORT had better set PAP_IO_SLEW, the optional value is {SLOW, FAST}.
C: ConstraintEditor-2009: p:fpioa[14] is lack of PAP_IO_DRIVE, OUTPUT or INOUT PORT had better set PAP_IO_DRIVE, the optional value is {8, 4, 12, 16}.
C: ConstraintEditor-2009: p:fpioa[14] is lack of PAP_IO_SLEW, OUTPUT or INOUT PORT had better set PAP_IO_SLEW, the optional value is {SLOW, FAST}.
C: ConstraintEditor-2009: p:fpioa[15] is lack of PAP_IO_DRIVE, OUTPUT or INOUT PORT had better set PAP_IO_DRIVE, the optional value is {8, 4, 12, 16}.
C: ConstraintEditor-2009: p:fpioa[15] is lack of PAP_IO_SLEW, OUTPUT or INOUT PORT had better set PAP_IO_SLEW, the optional value is {SLOW, FAST}.
C: ConstraintEditor-2009: p:fpioa[16] is lack of PAP_IO_DRIVE, OUTPUT or INOUT PORT had better set PAP_IO_DRIVE, the optional value is {8, 4, 12, 16}.
C: ConstraintEditor-2009: p:fpioa[16] is lack of PAP_IO_SLEW, OUTPUT or INOUT PORT had better set PAP_IO_SLEW, the optional value is {SLOW, FAST}.
C: ConstraintEditor-2009: p:fpioa[17] is lack of PAP_IO_DRIVE, OUTPUT or INOUT PORT had better set PAP_IO_DRIVE, the optional value is {8, 4, 12, 16}.
C: ConstraintEditor-2009: p:fpioa[17] is lack of PAP_IO_SLEW, OUTPUT or INOUT PORT had better set PAP_IO_SLEW, the optional value is {SLOW, FAST}.
C: UserConstraintEditor-2001: [F:/SocFpga/soc.fdc(line number: 322)] IO Direction INPUT is incorrect, change it to INOUT.
C: ConstraintEditor-2009: p:fpioa[18] is lack of PAP_IO_DRIVE, OUTPUT or INOUT PORT had better set PAP_IO_DRIVE, the optional value is {8, 4, 12, 16}.
C: ConstraintEditor-2009: p:fpioa[18] is lack of PAP_IO_SLEW, OUTPUT or INOUT PORT had better set PAP_IO_SLEW, the optional value is {SLOW, FAST}.
C: ConstraintEditor-2009: p:fpioa[19] is lack of PAP_IO_DRIVE, OUTPUT or INOUT PORT had better set PAP_IO_DRIVE, the optional value is {8, 4, 12, 16}.
C: ConstraintEditor-2009: p:fpioa[19] is lack of PAP_IO_SLEW, OUTPUT or INOUT PORT had better set PAP_IO_SLEW, the optional value is {SLOW, FAST}.
C: ConstraintEditor-2002: [F:/SocFpga/soc.fdc(line number: 337)] | Port fpioa[20] has been placed at location R23, whose type is share pin.
C: ConstraintEditor-2009: p:fpioa[20] is lack of PAP_IO_DRIVE, OUTPUT or INOUT PORT had better set PAP_IO_DRIVE, the optional value is {8, 4, 12, 16}.
C: ConstraintEditor-2009: p:fpioa[20] is lack of PAP_IO_SLEW, OUTPUT or INOUT PORT had better set PAP_IO_SLEW, the optional value is {SLOW, FAST}.
C: ConstraintEditor-2002: [F:/SocFpga/soc.fdc(line number: 343)] | Port fpioa[21] has been placed at location T23, whose type is share pin.
C: ConstraintEditor-2009: p:fpioa[21] is lack of PAP_IO_DRIVE, OUTPUT or INOUT PORT had better set PAP_IO_DRIVE, the optional value is {8, 4, 12, 16}.
C: ConstraintEditor-2009: p:fpioa[21] is lack of PAP_IO_SLEW, OUTPUT or INOUT PORT had better set PAP_IO_SLEW, the optional value is {SLOW, FAST}.
C: ConstraintEditor-2002: [F:/SocFpga/soc.fdc(line number: 349)] | Port fpioa[22] has been placed at location P26, whose type is share pin.
C: ConstraintEditor-2009: p:fpioa[22] is lack of PAP_IO_DRIVE, OUTPUT or INOUT PORT had better set PAP_IO_DRIVE, the optional value is {8, 4, 12, 16}.
C: ConstraintEditor-2009: p:fpioa[22] is lack of PAP_IO_SLEW, OUTPUT or INOUT PORT had better set PAP_IO_SLEW, the optional value is {SLOW, FAST}.
C: ConstraintEditor-2002: [F:/SocFpga/soc.fdc(line number: 355)] | Port fpioa[23] has been placed at location R26, whose type is share pin.
C: ConstraintEditor-2009: p:fpioa[23] is lack of PAP_IO_DRIVE, OUTPUT or INOUT PORT had better set PAP_IO_DRIVE, the optional value is {8, 4, 12, 16}.
C: ConstraintEditor-2009: p:fpioa[23] is lack of PAP_IO_SLEW, OUTPUT or INOUT PORT had better set PAP_IO_SLEW, the optional value is {SLOW, FAST}.
C: ConstraintEditor-2002: [F:/SocFpga/soc.fdc(line number: 361)] | Port fpioa[24] has been placed at location M26, whose type is share pin.
C: ConstraintEditor-2009: p:fpioa[24] is lack of PAP_IO_DRIVE, OUTPUT or INOUT PORT had better set PAP_IO_DRIVE, the optional value is {8, 4, 12, 16}.
C: ConstraintEditor-2009: p:fpioa[24] is lack of PAP_IO_SLEW, OUTPUT or INOUT PORT had better set PAP_IO_SLEW, the optional value is {SLOW, FAST}.
C: ConstraintEditor-2002: [F:/SocFpga/soc.fdc(line number: 367)] | Port fpioa[25] has been placed at location N26, whose type is share pin.
C: ConstraintEditor-2009: p:fpioa[25] is lack of PAP_IO_DRIVE, OUTPUT or INOUT PORT had better set PAP_IO_DRIVE, the optional value is {8, 4, 12, 16}.
C: ConstraintEditor-2009: p:fpioa[25] is lack of PAP_IO_SLEW, OUTPUT or INOUT PORT had better set PAP_IO_SLEW, the optional value is {SLOW, FAST}.
C: ConstraintEditor-2009: p:fpioa[26] is lack of PAP_IO_DRIVE, OUTPUT or INOUT PORT had better set PAP_IO_DRIVE, the optional value is {8, 4, 12, 16}.
C: ConstraintEditor-2009: p:fpioa[26] is lack of PAP_IO_SLEW, OUTPUT or INOUT PORT had better set PAP_IO_SLEW, the optional value is {SLOW, FAST}.
C: ConstraintEditor-2009: p:fpioa[27] is lack of PAP_IO_DRIVE, OUTPUT or INOUT PORT had better set PAP_IO_DRIVE, the optional value is {8, 4, 12, 16}.
C: ConstraintEditor-2009: p:fpioa[27] is lack of PAP_IO_SLEW, OUTPUT or INOUT PORT had better set PAP_IO_SLEW, the optional value is {SLOW, FAST}.
C: UserConstraintEditor-2001: [F:/SocFpga/soc.fdc(line number: 384)] IO Direction INPUT is incorrect, change it to INOUT.
C: ConstraintEditor-2009: p:fpioa[28] is lack of PAP_IO_DRIVE, OUTPUT or INOUT PORT had better set PAP_IO_DRIVE, the optional value is {8, 4, 12, 16}.
C: ConstraintEditor-2009: p:fpioa[28] is lack of PAP_IO_SLEW, OUTPUT or INOUT PORT had better set PAP_IO_SLEW, the optional value is {SLOW, FAST}.
C: UserConstraintEditor-2001: [F:/SocFpga/soc.fdc(line number: 390)] IO Direction INPUT is incorrect, change it to INOUT.
C: ConstraintEditor-2009: p:fpioa[29] is lack of PAP_IO_DRIVE, OUTPUT or INOUT PORT had better set PAP_IO_DRIVE, the optional value is {8, 4, 12, 16}.
C: ConstraintEditor-2009: p:fpioa[29] is lack of PAP_IO_SLEW, OUTPUT or INOUT PORT had better set PAP_IO_SLEW, the optional value is {SLOW, FAST}.
C: ConstraintEditor-2009: p:fpioa[30] is lack of PAP_IO_DRIVE, OUTPUT or INOUT PORT had better set PAP_IO_DRIVE, the optional value is {8, 4, 12, 16}.
C: ConstraintEditor-2009: p:fpioa[30] is lack of PAP_IO_SLEW, OUTPUT or INOUT PORT had better set PAP_IO_SLEW, the optional value is {SLOW, FAST}.
C: ConstraintEditor-2009: p:fpioa[31] is lack of PAP_IO_DRIVE, OUTPUT or INOUT PORT had better set PAP_IO_DRIVE, the optional value is {8, 4, 12, 16}.
C: ConstraintEditor-2009: p:fpioa[31] is lack of PAP_IO_SLEW, OUTPUT or INOUT PORT had better set PAP_IO_SLEW, the optional value is {SLOW, FAST}.
C: ConstraintEditor-2002: [F:/SocFpga/soc.fdc(line number: 532)] | Port mem_dq[15] has been placed at location G6, whose type is share pin.
C: ConstraintEditor-2002: [F:/SocFpga/soc.fdc(line number: 546)] | Port mem_dq[13] has been placed at location E6, whose type is share pin.
C: ConstraintEditor-2002: [F:/SocFpga/soc.fdc(line number: 553)] | Port mem_dq[12] has been placed at location G8, whose type is share pin.
C: ConstraintEditor-2002: [F:/SocFpga/soc.fdc(line number: 560)] | Port mem_dq[11] has been placed at location D6, whose type is share pin.
C: ConstraintEditor-2002: [F:/SocFpga/soc.fdc(line number: 567)] | Port mem_dq[10] has been placed at location H8, whose type is share pin.
C: ConstraintEditor-2002: [F:/SocFpga/soc.fdc(line number: 581)] | Port mem_dq[8] has been placed at location H6, whose type is share pin.
C: ConstraintEditor-2002: [F:/SocFpga/soc.fdc(line number: 588)] | Port mem_dq[7] has been placed at location J5, whose type is share pin.
C: ConstraintEditor-2002: [F:/SocFpga/soc.fdc(line number: 602)] | Port mem_dq[5] has been placed at location K7, whose type is share pin.
C: ConstraintEditor-2002: [F:/SocFpga/soc.fdc(line number: 616)] | Port mem_dq[3] has been placed at location L8, whose type is share pin.
C: ConstraintEditor-2002: [F:/SocFpga/soc.fdc(line number: 630)] | Port mem_dq[1] has been placed at location J6, whose type is share pin.
C: ConstraintEditor-2002: [F:/SocFpga/soc.fdc(line number: 763)] | Port mem_dqs[1] has been placed at location H7, whose type is share pin.
C: ConstraintEditor-2002: [F:/SocFpga/soc.fdc(line number: 770)] | Port mem_dqs[0] has been placed at location J4, whose type is share pin.
C: ConstraintEditor-2002: [F:/SocFpga/soc.fdc(line number: 791)] | Port mem_dqs_n[1] has been placed at location G7, whose type is share pin.
C: ConstraintEditor-2002: [F:/SocFpga/soc.fdc(line number: 798)] | Port mem_dqs_n[0] has been placed at location H4, whose type is share pin.
C: ConstraintEditor-2002: [F:/SocFpga/soc.fdc(line number: 847)] | Port mem_dm[0] has been placed at location K6, whose type is share pin.
C: ConstraintEditor-2002: [F:/SocFpga/soc.fdc(line number: 941)] | Port flash_cs_n has been placed at location P18, whose type is share pin.
C: ConstraintEditor-2009: p:flash_cs_n is lack of PAP_IO_DRIVE, OUTPUT or INOUT PORT had better set PAP_IO_DRIVE, the optional value is {8, 4, 12, 16}.
C: ConstraintEditor-2009: p:flash_cs_n is lack of PAP_IO_SLEW, OUTPUT or INOUT PORT had better set PAP_IO_SLEW, the optional value is {SLOW, FAST}.
C: ConstraintEditor-2002: [F:/SocFpga/soc.fdc(line number: 946)] | Port flash_cs2_n has been placed at location F25, whose type is share pin.
C: ConstraintEditor-2009: p:flash_cs2_n is lack of PAP_IO_DRIVE, OUTPUT or INOUT PORT had better set PAP_IO_DRIVE, the optional value is {8, 4, 12, 16}.
C: ConstraintEditor-2009: p:flash_cs2_n is lack of PAP_IO_SLEW, OUTPUT or INOUT PORT had better set PAP_IO_SLEW, the optional value is {SLOW, FAST}.
C: ConstraintEditor-2002: [F:/SocFpga/soc.fdc(line number: 951)] | Port flash_mosi has been placed at location R14, whose type is share pin.
C: ConstraintEditor-2009: p:flash_mosi is lack of PAP_IO_DRIVE, OUTPUT or INOUT PORT had better set PAP_IO_DRIVE, the optional value is {8, 4, 12, 16}.
C: ConstraintEditor-2009: p:flash_mosi is lack of PAP_IO_SLEW, OUTPUT or INOUT PORT had better set PAP_IO_SLEW, the optional value is {SLOW, FAST}.
C: ConstraintEditor-2002: [F:/SocFpga/soc.fdc(line number: 956)] | Port flash_miso has been placed at location R15, whose type is share pin.
C: ConstraintEditor-2002: [F:/SocFpga/soc.fdc(line number: 961)] | Port flash_wp_n has been placed at location P14, whose type is share pin.
C: ConstraintEditor-2009: p:flash_wp_n is lack of PAP_IO_DRIVE, OUTPUT or INOUT PORT had better set PAP_IO_DRIVE, the optional value is {8, 4, 12, 16}.
C: ConstraintEditor-2009: p:flash_wp_n is lack of PAP_IO_SLEW, OUTPUT or INOUT PORT had better set PAP_IO_SLEW, the optional value is {SLOW, FAST}.
C: ConstraintEditor-2002: [F:/SocFpga/soc.fdc(line number: 966)] | Port flash_hold_n has been placed at location N14, whose type is share pin.
C: ConstraintEditor-2009: p:flash_hold_n is lack of PAP_IO_DRIVE, OUTPUT or INOUT PORT had better set PAP_IO_DRIVE, the optional value is {8, 4, 12, 16}.
C: ConstraintEditor-2009: p:flash_hold_n is lack of PAP_IO_SLEW, OUTPUT or INOUT PORT had better set PAP_IO_SLEW, the optional value is {SLOW, FAST}.
Constraint check end.

Start pre-mapping.
W: Adm-4019: Unable to further flatten instance 'u_debug_core'. The design is empty.
I: Constant propagation done on g_bram_profile.u_bram_profile/u_cpu/u_exu/u_mul/N2 (bmsWIDEMUX).
I: Constant propagation done on g_bram_profile.u_bram_profile/u_cpu/u_exu/u_mul/N5 (bmsWIDEMUX).
I: Removed bmsPMUX inst N148 that is redundant to N131
I: Constant propagation done on g_bram_profile.u_bram_profile/u_jtag/u_jtag_dm/N889_1 (bmsWIDEMUX).
I: Constant propagation done on g_bram_profile.u_bram_profile/u_fpioa/N1120 (bmsWIDEINV).
I: Constant propagation done on g_bram_profile.u_bram_profile/u_fpioa/N1121 (bmsREDAND).
I: Constant propagation done on g_bram_profile.u_bram_profile/u_fpioa/N1122 (bmsREDAND).
I: Constant propagation done on g_bram_profile.u_bram_profile/u_fpioa/N1123 (bmsREDAND).
I: Constant propagation done on g_bram_profile.u_bram_profile/u_fpioa/N1124 (bmsREDAND).
I: Constant propagation done on g_bram_profile.u_bram_profile/u_fpioa/N1125 (bmsREDAND).
I: Constant propagation done on g_bram_profile.u_bram_profile/u_fpioa/N1126 (bmsREDAND).
I: Removed bmsPMUX inst N1084_1 that is redundant to N779_1
I: Removed bmsDECODER inst ND3_0 that is redundant to ND2_0
I: Removed bmsDECODER inst ND2_0 that is redundant to ND1_0
I: Removed bmsDECODER inst ND1_0 that is redundant to ND4
I: Encoding type of FSM 'write_requst_state_fsm[2:0]' is: onehot.
I: Encoding table of FSM 'write_requst_state_fsm[2:0]':
I: from  g_bram_profile.u_bram_profile/u_cpu/u_axi_bridge/write_requst_state[2] g_bram_profile.u_bram_profile/u_cpu/u_axi_bridge/write_requst_state[1] g_bram_profile.u_bram_profile/u_cpu/u_axi_bridge/write_requst_state[0]
I: to  g_bram_profile.u_bram_profile/u_cpu/u_axi_bridge/write_requst_state_reg[3] g_bram_profile.u_bram_profile/u_cpu/u_axi_bridge/write_requst_state_reg[2] g_bram_profile.u_bram_profile/u_cpu/u_axi_bridge/write_requst_state_reg[1] g_bram_profile.u_bram_profile/u_cpu/u_axi_bridge/write_requst_state_reg[0]
I: 000 => 0001
I: 100 => 0010
I: 101 => 0100
I: 110 => 1000
I: Encoding type of FSM 'arlen_fsm[7:0]' is: onehot.
W: [F:/SocFpga/cpu/axi_bridge.v(line number:163)] The forced initial state for regs on FSM arlen_fsm[7:0] is 00000000 and be encoded 01.
I: Encoding table of FSM 'arlen_fsm[7:0]':
I: from  g_bram_profile.u_bram_profile/u_cpu/u_axi_bridge/arlen[7] g_bram_profile.u_bram_profile/u_cpu/u_axi_bridge/arlen[6] g_bram_profile.u_bram_profile/u_cpu/u_axi_bridge/arlen[5] g_bram_profile.u_bram_profile/u_cpu/u_axi_bridge/arlen[4] g_bram_profile.u_bram_profile/u_cpu/u_axi_bridge/arlen[3] g_bram_profile.u_bram_profile/u_cpu/u_axi_bridge/arlen[2] g_bram_profile.u_bram_profile/u_cpu/u_axi_bridge/arlen[1] g_bram_profile.u_bram_profile/u_cpu/u_axi_bridge/arlen[0]
I: to  g_bram_profile.u_bram_profile/u_cpu/u_axi_bridge/arlen_reg[1] g_bram_profile.u_bram_profile/u_cpu/u_axi_bridge/arlen_reg[0]
I: 00000000 => 01
I: 00000011 => 10
I: Encoding type of FSM 'bus_p_fsm[1:0]' is: onehot.
I: Encoding table of FSM 'bus_p_fsm[1:0]':
I: from  g_bram_profile.u_bram_profile/u_jtag/u_jtag_dm/bus_p[1] g_bram_profile.u_bram_profile/u_jtag/u_jtag_dm/bus_p[0]
I: to  g_bram_profile.u_bram_profile/u_jtag/u_jtag_dm/bus_p_reg[3] g_bram_profile.u_bram_profile/u_jtag/u_jtag_dm/bus_p_reg[2] g_bram_profile.u_bram_profile/u_jtag/u_jtag_dm/bus_p_reg[1] g_bram_profile.u_bram_profile/u_jtag/u_jtag_dm/bus_p_reg[0]
I: 00 => 0001
I: 01 => 0010
I: 10 => 0100
I: 11 => 1000
I: Encoding type of FSM 'state_fsm[2:0]' is: onehot.
I: Encoding table of FSM 'state_fsm[2:0]':
I: from  g_bram_profile.u_bram_profile/u_jtag/u_jtag_dm/state[2] g_bram_profile.u_bram_profile/u_jtag/u_jtag_dm/state[1] g_bram_profile.u_bram_profile/u_jtag/u_jtag_dm/state[0]
I: to  g_bram_profile.u_bram_profile/u_jtag/u_jtag_dm/state_reg[2] g_bram_profile.u_bram_profile/u_jtag/u_jtag_dm/state_reg[1] g_bram_profile.u_bram_profile/u_jtag/u_jtag_dm/state_reg[0]
I: 001 => 001
I: 010 => 010
I: 100 => 100
I: Encoding type of FSM 'state_fsm[2:0]' is: onehot.
I: Encoding table of FSM 'state_fsm[2:0]':
I: from  g_bram_profile.u_bram_profile/u_jtag/u_jtag_dm/tx/state[2] g_bram_profile.u_bram_profile/u_jtag/u_jtag_dm/tx/state[1] g_bram_profile.u_bram_profile/u_jtag/u_jtag_dm/tx/state[0]
I: to  g_bram_profile.u_bram_profile/u_jtag/u_jtag_dm/tx/state_reg[2] g_bram_profile.u_bram_profile/u_jtag/u_jtag_dm/tx/state_reg[1] g_bram_profile.u_bram_profile/u_jtag/u_jtag_dm/tx/state_reg[0]
I: 001 => 001
I: 010 => 010
I: 100 => 100
I: Encoding type of FSM 'state_fsm[1:0]' is: onehot.
I: Encoding table of FSM 'state_fsm[1:0]':
I: from  g_bram_profile.u_bram_profile/u_jtag/u_jtag_dm/rx/state[1] g_bram_profile.u_bram_profile/u_jtag/u_jtag_dm/rx/state[0]
I: to  g_bram_profile.u_bram_profile/u_jtag/u_jtag_dm/rx/state_reg[1] g_bram_profile.u_bram_profile/u_jtag/u_jtag_dm/rx/state_reg[0]
I: 01 => 01
I: 10 => 10
I: Encoding type of FSM 'state_fsm[3:0]' is: onehot.
I: Encoding table of FSM 'state_fsm[3:0]':
I: from  g_bram_profile.u_bram_profile/u_flash_bram_boot/state[3] g_bram_profile.u_bram_profile/u_flash_bram_boot/state[2] g_bram_profile.u_bram_profile/u_flash_bram_boot/state[1] g_bram_profile.u_bram_profile/u_flash_bram_boot/state[0]
I: to  g_bram_profile.u_bram_profile/u_flash_bram_boot/state_reg[7] g_bram_profile.u_bram_profile/u_flash_bram_boot/state_reg[6] g_bram_profile.u_bram_profile/u_flash_bram_boot/state_reg[5] g_bram_profile.u_bram_profile/u_flash_bram_boot/state_reg[4] g_bram_profile.u_bram_profile/u_flash_bram_boot/state_reg[3] g_bram_profile.u_bram_profile/u_flash_bram_boot/state_reg[2] g_bram_profile.u_bram_profile/u_flash_bram_boot/state_reg[1] g_bram_profile.u_bram_profile/u_flash_bram_boot/state_reg[0]
I: 0000 => 00000001
I: 0001 => 00000010
I: 0010 => 00000100
I: 0011 => 00001000
I: 0100 => 00010000
I: 0101 => 00100000
I: 0110 => 01000000
I: 0111 => 10000000
I: Encoding type of FSM 'state_fsm[1:0]' is: onehot.
I: Encoding table of FSM 'state_fsm[1:0]':
I: from  g_bram_profile.u_bram_profile/u_flash_bram_boot/u_flash_reader/state[1] g_bram_profile.u_bram_profile/u_flash_bram_boot/u_flash_reader/state[0]
I: to  g_bram_profile.u_bram_profile/u_flash_bram_boot/u_flash_reader/state_reg[2] g_bram_profile.u_bram_profile/u_flash_bram_boot/u_flash_reader/state_reg[1] g_bram_profile.u_bram_profile/u_flash_bram_boot/u_flash_reader/state_reg[0]
I: 00 => 001
I: 01 => 010
I: 10 => 100
I: Encoding type of FSM 'jtag_state_fsm[2:0]' is: onehot.
I: Encoding table of FSM 'jtag_state_fsm[2:0]':
I: from  g_bram_profile.u_bram_profile/u_mem/jtag_state[2] g_bram_profile.u_bram_profile/u_mem/jtag_state[1] g_bram_profile.u_bram_profile/u_mem/jtag_state[0]
I: to  g_bram_profile.u_bram_profile/u_mem/jtag_state_reg[3] g_bram_profile.u_bram_profile/u_mem/jtag_state_reg[2] g_bram_profile.u_bram_profile/u_mem/jtag_state_reg[1] g_bram_profile.u_bram_profile/u_mem/jtag_state_reg[0]
I: 000 => 0001
I: 001 => 0010
I: 010 => 0100
I: 011 => 1000
I: Encoding type of FSM 'state_fsm[3:0]' is: onehot.
I: Encoding table of FSM 'state_fsm[3:0]':
I: from  g_bram_profile.u_bram_profile/u_mem/state[3] g_bram_profile.u_bram_profile/u_mem/state[2] g_bram_profile.u_bram_profile/u_mem/state[1] g_bram_profile.u_bram_profile/u_mem/state[0]
I: to  g_bram_profile.u_bram_profile/u_mem/state_reg[6] g_bram_profile.u_bram_profile/u_mem/state_reg[5] g_bram_profile.u_bram_profile/u_mem/state_reg[4] g_bram_profile.u_bram_profile/u_mem/state_reg[3] g_bram_profile.u_bram_profile/u_mem/state_reg[2] g_bram_profile.u_bram_profile/u_mem/state_reg[1] g_bram_profile.u_bram_profile/u_mem/state_reg[0]
I: 0000 => 0000001
I: 0001 => 0000010
I: 0010 => 0000100
I: 0011 => 0001000
I: 0100 => 0010000
I: 0101 => 0100000
I: 0110 => 1000000
I: Encoding type of FSM 'jtag_state_fsm[3:0]' is: onehot.
I: Encoding table of FSM 'jtag_state_fsm[3:0]':
I: from  g_bram_profile.u_bram_profile/u_jtag/u_jtag_driver/jtag_state[3] g_bram_profile.u_bram_profile/u_jtag/u_jtag_driver/jtag_state[2] g_bram_profile.u_bram_profile/u_jtag/u_jtag_driver/jtag_state[1] g_bram_profile.u_bram_profile/u_jtag/u_jtag_driver/jtag_state[0]
I: to  g_bram_profile.u_bram_profile/u_jtag/u_jtag_driver/jtag_state_reg[15] g_bram_profile.u_bram_profile/u_jtag/u_jtag_driver/jtag_state_reg[14] g_bram_profile.u_bram_profile/u_jtag/u_jtag_driver/jtag_state_reg[13] g_bram_profile.u_bram_profile/u_jtag/u_jtag_driver/jtag_state_reg[12] g_bram_profile.u_bram_profile/u_jtag/u_jtag_driver/jtag_state_reg[11] g_bram_profile.u_bram_profile/u_jtag/u_jtag_driver/jtag_state_reg[10] g_bram_profile.u_bram_profile/u_jtag/u_jtag_driver/jtag_state_reg[9] g_bram_profile.u_bram_profile/u_jtag/u_jtag_driver/jtag_state_reg[8] g_bram_profile.u_bram_profile/u_jtag/u_jtag_driver/jtag_state_reg[7] g_bram_profile.u_bram_profile/u_jtag/u_jtag_driver/jtag_state_reg[6] g_bram_profile.u_bram_profile/u_jtag/u_jtag_driver/jtag_state_reg[5] g_bram_profile.u_bram_profile/u_jtag/u_jtag_driver/jtag_state_reg[4] g_bram_profile.u_bram_profile/u_jtag/u_jtag_driver/jtag_state_reg[3] g_bram_profile.u_bram_profile/u_jtag/u_jtag_driver/jtag_state_reg[2] g_bram_profile.u_bram_profile/u_jtag/u_jtag_driver/jtag_state_reg[1] g_bram_profile.u_bram_profile/u_jtag/u_jtag_driver/jtag_state_reg[0]
I: 0000 => 0000000000000001
I: 0001 => 0000000000000010
I: 0010 => 0000000000000100
I: 0011 => 0000000000001000
I: 0100 => 0000000000010000
I: 0101 => 0000000000100000
I: 0110 => 0000000001000000
I: 0111 => 0000000010000000
I: 1000 => 0000000100000000
I: 1001 => 0000001000000000
I: 1010 => 0000010000000000
I: 1011 => 0000100000000000
I: 1100 => 0001000000000000
I: 1101 => 0010000000000000
I: 1110 => 0100000000000000
I: 1111 => 1000000000000000
I: Encoding type of FSM 'state_fsm[2:0]' is: onehot.
I: Encoding table of FSM 'state_fsm[2:0]':
I: from  g_bram_profile.u_bram_profile/u_jtag/u_jtag_driver/tx/state[2] g_bram_profile.u_bram_profile/u_jtag/u_jtag_driver/tx/state[1] g_bram_profile.u_bram_profile/u_jtag/u_jtag_driver/tx/state[0]
I: to  g_bram_profile.u_bram_profile/u_jtag/u_jtag_driver/tx/state_reg[2] g_bram_profile.u_bram_profile/u_jtag/u_jtag_driver/tx/state_reg[1] g_bram_profile.u_bram_profile/u_jtag/u_jtag_driver/tx/state_reg[0]
I: 001 => 001
I: 010 => 010
I: 100 => 100
I: Encoding type of FSM 'state_fsm[1:0]' is: onehot.
I: Encoding table of FSM 'state_fsm[1:0]':
I: from  g_bram_profile.u_bram_profile/u_jtag/u_jtag_driver/rx/state[1] g_bram_profile.u_bram_profile/u_jtag/u_jtag_driver/rx/state[0]
I: to  g_bram_profile.u_bram_profile/u_jtag/u_jtag_driver/rx/state_reg[1] g_bram_profile.u_bram_profile/u_jtag/u_jtag_driver/rx/state_reg[0]
I: 01 => 01
I: 10 => 10
W: Removed bmsWIDEDFFRSE inst csr_mepc[31:0] at 0 that is stuck at constant 0.
W: Removed bmsWIDEDFFRSE inst csr_mie[31:0] at 0 that is stuck at constant 0.
W: Removed bmsWIDEDFFPATRE inst csr_mstatus[31:0] at 0 that is stuck at constant 0.
W: Removed bmsWIDEDFFPATRE inst csr_mstatus[31:0] at 1 that is stuck at constant 0.
W: Removed bmsWIDEDFFPATRE inst csr_mstatus[31:0] at 2 that is stuck at constant 0.
W: Removed bmsWIDEDFFPATRE inst csr_mstatus[31:0] at 4 that is stuck at constant 0.
W: Removed bmsWIDEDFFPATRE inst csr_mstatus[31:0] at 5 that is stuck at constant 0.
W: Removed bmsWIDEDFFPATRE inst csr_mstatus[31:0] at 6 that is stuck at constant 0.
W: Removed bmsWIDEDFFPATRE inst csr_mstatus[31:0] at 8 that is stuck at constant 0.
W: Removed bmsWIDEDFFPATRE inst csr_mstatus[31:0] at 9 that is stuck at constant 0.
W: Removed bmsWIDEDFFPATRE inst csr_mstatus[31:0] at 10 that is stuck at constant 0.
W: Removed bmsWIDEDFFPATRE inst csr_mstatus[31:0] at 11 that is stuck at constant 1.
W: Removed bmsWIDEDFFPATRE inst csr_mstatus[31:0] at 12 that is stuck at constant 1.
W: Removed bmsWIDEDFFPATRE inst csr_mstatus[31:0] at 13 that is stuck at constant 0.
W: Removed bmsWIDEDFFPATRE inst csr_mstatus[31:0] at 14 that is stuck at constant 0.
W: Removed bmsWIDEDFFPATRE inst csr_mstatus[31:0] at 15 that is stuck at constant 0.
W: Removed bmsWIDEDFFPATRE inst csr_mstatus[31:0] at 16 that is stuck at constant 0.
W: Removed bmsWIDEDFFPATRE inst csr_mstatus[31:0] at 17 that is stuck at constant 0.
W: Removed bmsWIDEDFFPATRE inst csr_mstatus[31:0] at 18 that is stuck at constant 0.
W: Removed bmsWIDEDFFPATRE inst csr_mstatus[31:0] at 19 that is stuck at constant 0.
W: Removed bmsWIDEDFFPATRE inst csr_mstatus[31:0] at 20 that is stuck at constant 0.
W: Removed bmsWIDEDFFPATRE inst csr_mstatus[31:0] at 21 that is stuck at constant 0.
W: Removed bmsWIDEDFFPATRE inst csr_mstatus[31:0] at 22 that is stuck at constant 0.
W: Removed bmsWIDEDFFPATRE inst csr_mstatus[31:0] at 23 that is stuck at constant 0.
W: Removed bmsWIDEDFFPATRE inst csr_mstatus[31:0] at 24 that is stuck at constant 0.
W: Removed bmsWIDEDFFPATRE inst csr_mstatus[31:0] at 25 that is stuck at constant 0.
W: Removed bmsWIDEDFFPATRE inst csr_mstatus[31:0] at 26 that is stuck at constant 0.
W: Removed bmsWIDEDFFPATRE inst csr_mstatus[31:0] at 27 that is stuck at constant 0.
W: Removed bmsWIDEDFFPATRE inst csr_mstatus[31:0] at 28 that is stuck at constant 0.
W: Removed bmsWIDEDFFPATRE inst csr_mstatus[31:0] at 29 that is stuck at constant 0.
W: Removed bmsWIDEDFFPATRE inst csr_mstatus[31:0] at 30 that is stuck at constant 0.
W: Removed bmsWIDEDFFPATRE inst csr_mstatus[31:0] at 31 that is stuck at constant 0.
W: Removed bmsWIDEDFFRSE inst csr_mtvec[31:0] at 0 that is stuck at constant 0.
W: Removed bmsWIDEDFFRSE inst arid[3:0] at 1 that is stuck at constant 0.
W: Removed bmsWIDEDFFRSE inst awlen[7:0] at 1 that is stuck at constant 0.
W: Removed bmsWIDEDFFRSE inst write_buffer_data[127:0] at 96 that is stuck at constant 0.
W: Removed bmsWIDEDFFCPE inst abstractcs_cmderr[2:0] at 1 that is stuck at constant 0.
W: Removed bmsWIDEDFFCPE inst dcsr[31:0] at 0 that is stuck at constant 0.
W: Removed bmsWIDEDFFPATCE inst dmstatus[7:0] at 0 that is stuck at constant 0.
W: Removed bmsWIDEDFFPATCE inst dmstatus[7:0] at 1 that is stuck at constant 1.
W: Removed bmsWIDEDFFPATCE inst dmstatus[7:0] at 2 that is stuck at constant 0.
W: Removed bmsWIDEDFFPATCE inst dmstatus[7:0] at 3 that is stuck at constant 0.
W: Removed bmsWIDEDFFPATCE inst dmstatus[7:0] at 4 that is stuck at constant 0.
W: Removed bmsWIDEDFFPATCE inst dmstatus[7:0] at 5 that is stuck at constant 0.
W: Removed bmsWIDEDFFPATCE inst dmstatus[7:0] at 6 that is stuck at constant 0.
W: Removed bmsWIDEDFFPATCE inst dmstatus[7:0] at 7 that is stuck at constant 1.
W: Removed bmsWIDEDFFPATCE inst dmstatus[31:12] at 0 that is stuck at constant 0.
W: Removed bmsWIDEDFFPATCE inst dmstatus[31:12] at 1 that is stuck at constant 0.
W: Removed bmsWIDEDFFPATCE inst dmstatus[31:12] at 2 that is stuck at constant 0.
W: Removed bmsWIDEDFFPATCE inst dmstatus[31:12] at 3 that is stuck at constant 0.
W: Removed bmsWIDEDFFPATCE inst dmstatus[31:12] at 4 that is stuck at constant 1.
W: Removed bmsWIDEDFFPATCE inst dmstatus[31:12] at 5 that is stuck at constant 1.
W: Removed bmsWIDEDFFPATCE inst dmstatus[31:12] at 6 that is stuck at constant 0.
W: Removed bmsWIDEDFFPATCE inst dmstatus[31:12] at 7 that is stuck at constant 0.
W: Removed bmsWIDEDFFPATCE inst dmstatus[31:12] at 8 that is stuck at constant 0.
W: Removed bmsWIDEDFFPATCE inst dmstatus[31:12] at 9 that is stuck at constant 0.
W: Removed bmsWIDEDFFPATCE inst dmstatus[31:12] at 10 that is stuck at constant 1.
W: Removed bmsWIDEDFFPATCE inst dmstatus[31:12] at 11 that is stuck at constant 0.
W: Removed bmsWIDEDFFPATCE inst dmstatus[31:12] at 12 that is stuck at constant 0.
W: Removed bmsWIDEDFFPATCE inst dmstatus[31:12] at 13 that is stuck at constant 0.
W: Removed bmsWIDEDFFPATCE inst dmstatus[31:12] at 14 that is stuck at constant 0.
W: Removed bmsWIDEDFFPATCE inst dmstatus[31:12] at 15 that is stuck at constant 0.
W: Removed bmsWIDEDFFPATCE inst dmstatus[31:12] at 16 that is stuck at constant 0.
W: Removed bmsWIDEDFFPATCE inst dmstatus[31:12] at 17 that is stuck at constant 0.
W: Removed bmsWIDEDFFPATCE inst dmstatus[31:12] at 18 that is stuck at constant 0.
W: Removed bmsWIDEDFFPATCE inst dmstatus[31:12] at 19 that is stuck at constant 0.
W: Removed bmsWIDEDFFCPE inst boot_error_code[3:0] at 3 that is stuck at constant 0.
W: Removed bmsWIDEDFFCPE inst shift_reg[9:0] at 9 that is stuck at constant 1.
Executing : pre-mapping successfully. Time elapsed: 0.413s wall, 0.281s user + 0.000s system = 0.281s CPU (68.1%)

Start mod-gen.
W: Public-4008: Instance 'tx/idle' of 'bmsWIDEDFFCPE' unit is dangling and will be cleaned.
W: Public-4008: Instance 'u_cpu/u_memu/mem_pc[31:0]' of 'bmsWIDEDFFRSE' unit is dangling and will be cleaned.
W: Public-4008: Instance 'u_cpu/u_memu/mem_ins[31:0]' of 'bmsWIDEDFFRSE' unit is dangling and will be cleaned.
W: Public-4008: Instance 'u_cpu/u_memu/mem_is_ebreak' of 'bmsWIDEDFFRSE' unit is dangling and will be cleaned.
W: Public-4008: Instance 'u_cpu/u_wbu/wb_ins[31:0]' of 'bmsWIDEDFFPATRE' unit is dangling and will be cleaned.
W: Public-4008: Instance 'u_cpu/u_wbu/wb_is_ebreak_reg' of 'bmsWIDEDFFRSE' unit is dangling and will be cleaned.
W: Public-4008: Instance 'u_cpu/u_wbu/wb_pc[31:0]' of 'bmsWIDEDFFRSE' unit is dangling and will be cleaned.
W: Public-4008: Instance 'u_cpu/u_axi_bridge/arsize[2:0]' of 'bmsWIDEDFFRSE' unit is dangling and will be cleaned.
W: Public-4008: Instance 'u_cpu/u_axi_bridge/awsize[2:0]' of 'bmsWIDEDFFRSE' unit is dangling and will be cleaned.
W: Public-4008: Instance 'u_jtag/u_jtag_dm/dm_mem_wdata[31:0]' of 'bmsWIDEDFFRSE' unit is dangling and will be cleaned.
W: Public-4008: Instance 'u_jtag/u_jtag_dm/dm_reg_addr[4:0]' of 'bmsWIDEDFFCPE' unit is dangling and will be cleaned.
W: Public-4008: Instance 'u_jtag/u_jtag_dm/dm_reg_wdata[31:0]' of 'bmsWIDEDFFCPE' unit is dangling and will be cleaned.
W: Public-4008: Instance 'u_flash_bram_boot/boot_error_code[3:0]' of 'bmsWIDEDFFCPE' unit is dangling and will be cleaned.
W: Public-4008: Instance 'u_mem/aw_id_reg[3:0]' of 'bmsWIDEDFFCPE' unit is dangling and will be cleaned.
W: Public-4008: Instance 'u_mem/jtag_addr_reg[31:0]' of 'bmsWIDEDFFCPE' unit is dangling and will be cleaned.
W: Public-4008: Instance 'u_mem/jtag_rsp_err_reg' of 'bmsWIDEDFFCPE' unit is dangling and will be cleaned.
W: Public-4008: Instance 'u_mem/jtag_wdata_reg[31:0]' of 'bmsWIDEDFFCPE' unit is dangling and will be cleaned.
W: Public-4008: Instance 'u_mem/jtag_wmask_reg[3:0]' of 'bmsWIDEDFFCPE' unit is dangling and will be cleaned.
W: Removed bmsWIDEDFFRSE inst g_bram_profile.u_bram_profile/u_cpu/u_axi_bridge/awaddr[31:0] at 0 that is stuck at constant 0.
W: Removed bmsWIDEDFFRSE inst g_bram_profile.u_bram_profile/u_cpu/u_axi_bridge/awaddr[31:0] at 1 that is stuck at constant 0.
W: Removed bmsWIDEDFFCPE inst g_bram_profile.u_bram_profile/u_mem/aw_len_reg[7:0] at 2 that is stuck at constant 0.
W: Removed bmsWIDEDFFCPE inst g_bram_profile.u_bram_profile/u_mem/aw_len_reg[7:0] at 3 that is stuck at constant 0.
W: Removed bmsWIDEDFFCPE inst g_bram_profile.u_bram_profile/u_mem/aw_len_reg[7:0] at 4 that is stuck at constant 0.
W: Removed bmsWIDEDFFCPE inst g_bram_profile.u_bram_profile/u_mem/aw_len_reg[7:0] at 5 that is stuck at constant 0.
W: Removed bmsWIDEDFFCPE inst g_bram_profile.u_bram_profile/u_mem/aw_len_reg[7:0] at 6 that is stuck at constant 0.
W: Removed bmsWIDEDFFCPE inst g_bram_profile.u_bram_profile/u_mem/aw_len_reg[7:0] at 7 that is stuck at constant 0.
W: Removed bmsWIDEDFFCPE inst g_bram_profile.u_bram_profile/u_mem/read_pending_id[3:0] at 1 that is stuck at constant 0.
W: Removed bmsWIDEDFFCPE inst g_bram_profile.u_bram_profile/u_mem/read_pending_id[3:0] at 2 that is stuck at constant 0.
W: Removed bmsWIDEDFFCPE inst g_bram_profile.u_bram_profile/u_mem/read_pending_id[3:0] at 3 that is stuck at constant 0.
W: Removed bmsWIDEDFFCPE inst g_bram_profile.u_bram_profile/u_mem/read_pending_len[7:0] at 2 that is stuck at constant 0.
W: Removed bmsWIDEDFFCPE inst g_bram_profile.u_bram_profile/u_mem/read_pending_len[7:0] at 3 that is stuck at constant 0.
W: Removed bmsWIDEDFFCPE inst g_bram_profile.u_bram_profile/u_mem/read_pending_len[7:0] at 4 that is stuck at constant 0.
W: Removed bmsWIDEDFFCPE inst g_bram_profile.u_bram_profile/u_mem/read_pending_len[7:0] at 5 that is stuck at constant 0.
W: Removed bmsWIDEDFFCPE inst g_bram_profile.u_bram_profile/u_mem/read_pending_len[7:0] at 6 that is stuck at constant 0.
W: Removed bmsWIDEDFFCPE inst g_bram_profile.u_bram_profile/u_mem/read_pending_len[7:0] at 7 that is stuck at constant 0.
W: Removed bmsWIDEDFFRSE inst g_bram_profile.u_bram_profile/u_cpu/u_axi_bridge/awlen[7:0] at 0 that is stuck at constant 0.
W: Removed bmsWIDEDFFRSE inst g_bram_profile.u_bram_profile/u_cpu/u_axi_bridge/write_buffer_data[127:0] at 64 that is stuck at constant 0.
W: Removed bmsWIDEDFFRSE inst g_bram_profile.u_bram_profile/u_cpu/u_axi_bridge/write_buffer_data[127:0] at 65 that is stuck at constant 0.
W: Removed bmsWIDEDFFRSE inst g_bram_profile.u_bram_profile/u_cpu/u_axi_bridge/write_buffer_data[127:0] at 66 that is stuck at constant 0.
W: Removed bmsWIDEDFFRSE inst g_bram_profile.u_bram_profile/u_cpu/u_axi_bridge/write_buffer_data[127:0] at 67 that is stuck at constant 0.
W: Removed bmsWIDEDFFRSE inst g_bram_profile.u_bram_profile/u_cpu/u_axi_bridge/write_buffer_data[127:0] at 68 that is stuck at constant 0.
W: Removed bmsWIDEDFFRSE inst g_bram_profile.u_bram_profile/u_cpu/u_axi_bridge/write_buffer_data[127:0] at 69 that is stuck at constant 0.
W: Removed bmsWIDEDFFRSE inst g_bram_profile.u_bram_profile/u_cpu/u_axi_bridge/write_buffer_data[127:0] at 70 that is stuck at constant 0.
W: Removed bmsWIDEDFFRSE inst g_bram_profile.u_bram_profile/u_cpu/u_axi_bridge/write_buffer_data[127:0] at 71 that is stuck at constant 0.
W: Removed bmsWIDEDFFRSE inst g_bram_profile.u_bram_profile/u_cpu/u_axi_bridge/write_buffer_data[127:0] at 72 that is stuck at constant 0.
W: Removed bmsWIDEDFFRSE inst g_bram_profile.u_bram_profile/u_cpu/u_axi_bridge/write_buffer_data[127:0] at 73 that is stuck at constant 0.
W: Removed bmsWIDEDFFRSE inst g_bram_profile.u_bram_profile/u_cpu/u_axi_bridge/write_buffer_data[127:0] at 74 that is stuck at constant 0.
W: Removed bmsWIDEDFFRSE inst g_bram_profile.u_bram_profile/u_cpu/u_axi_bridge/write_buffer_data[127:0] at 75 that is stuck at constant 0.
W: Removed bmsWIDEDFFRSE inst g_bram_profile.u_bram_profile/u_cpu/u_axi_bridge/write_buffer_data[127:0] at 76 that is stuck at constant 0.
W: Removed bmsWIDEDFFRSE inst g_bram_profile.u_bram_profile/u_cpu/u_axi_bridge/write_buffer_data[127:0] at 77 that is stuck at constant 0.
W: Removed bmsWIDEDFFRSE inst g_bram_profile.u_bram_profile/u_cpu/u_axi_bridge/write_buffer_data[127:0] at 78 that is stuck at constant 0.
W: Removed bmsWIDEDFFRSE inst g_bram_profile.u_bram_profile/u_cpu/u_axi_bridge/write_buffer_data[127:0] at 79 that is stuck at constant 0.
W: Removed bmsWIDEDFFRSE inst g_bram_profile.u_bram_profile/u_cpu/u_axi_bridge/write_buffer_data[127:0] at 80 that is stuck at constant 0.
W: Removed bmsWIDEDFFRSE inst g_bram_profile.u_bram_profile/u_cpu/u_axi_bridge/write_buffer_data[127:0] at 81 that is stuck at constant 0.
W: Removed bmsWIDEDFFRSE inst g_bram_profile.u_bram_profile/u_cpu/u_axi_bridge/write_buffer_data[127:0] at 82 that is stuck at constant 0.
W: Removed bmsWIDEDFFRSE inst g_bram_profile.u_bram_profile/u_cpu/u_axi_bridge/write_buffer_data[127:0] at 83 that is stuck at constant 0.
W: Removed bmsWIDEDFFRSE inst g_bram_profile.u_bram_profile/u_cpu/u_axi_bridge/write_buffer_data[127:0] at 84 that is stuck at constant 0.
W: Removed bmsWIDEDFFRSE inst g_bram_profile.u_bram_profile/u_cpu/u_axi_bridge/write_buffer_data[127:0] at 85 that is stuck at constant 0.
W: Removed bmsWIDEDFFRSE inst g_bram_profile.u_bram_profile/u_cpu/u_axi_bridge/write_buffer_data[127:0] at 86 that is stuck at constant 0.
W: Removed bmsWIDEDFFRSE inst g_bram_profile.u_bram_profile/u_cpu/u_axi_bridge/write_buffer_data[127:0] at 87 that is stuck at constant 0.
W: Removed bmsWIDEDFFRSE inst g_bram_profile.u_bram_profile/u_cpu/u_axi_bridge/write_buffer_data[127:0] at 88 that is stuck at constant 0.
W: Removed bmsWIDEDFFRSE inst g_bram_profile.u_bram_profile/u_cpu/u_axi_bridge/write_buffer_data[127:0] at 89 that is stuck at constant 0.
W: Removed bmsWIDEDFFRSE inst g_bram_profile.u_bram_profile/u_cpu/u_axi_bridge/write_buffer_data[127:0] at 90 that is stuck at constant 0.
W: Removed bmsWIDEDFFRSE inst g_bram_profile.u_bram_profile/u_cpu/u_axi_bridge/write_buffer_data[127:0] at 91 that is stuck at constant 0.
W: Removed bmsWIDEDFFRSE inst g_bram_profile.u_bram_profile/u_cpu/u_axi_bridge/write_buffer_data[127:0] at 92 that is stuck at constant 0.
W: Removed bmsWIDEDFFRSE inst g_bram_profile.u_bram_profile/u_cpu/u_axi_bridge/write_buffer_data[127:0] at 93 that is stuck at constant 0.
W: Removed bmsWIDEDFFRSE inst g_bram_profile.u_bram_profile/u_cpu/u_axi_bridge/write_buffer_data[127:0] at 94 that is stuck at constant 0.
W: Removed bmsWIDEDFFRSE inst g_bram_profile.u_bram_profile/u_cpu/u_axi_bridge/write_buffer_data[127:0] at 95 that is stuck at constant 0.
W: Removed bmsWIDEDFFCPE inst g_bram_profile.u_bram_profile/u_mem/aw_base_reg[31:0] at 0 that is stuck at constant 0.
W: Removed bmsWIDEDFFCPE inst g_bram_profile.u_bram_profile/u_mem/aw_base_reg[31:0] at 1 that is stuck at constant 0.
W: Removed bmsWIDEDFFCPE inst g_bram_profile.u_bram_profile/u_jtag/u_jtag_dm/tx/req_data[39:0] at 0 that is stuck at constant 0.
W: Removed bmsWIDEDFFCPE inst g_bram_profile.u_bram_profile/u_jtag/u_jtag_dm/tx/req_data[39:0] at 1 that is stuck at constant 0.
W: Removed bmsWIDEDFFCPE inst g_bram_profile.u_bram_profile/u_flash_bram_boot/u_flash_reader/tx_shift[31:0] at 0 that is stuck at constant 0.
W: Removed bmsWIDEDFFCPE inst g_bram_profile.u_bram_profile/u_mem/jtag_rsp_rdata[31:0] at 0 that is stuck at constant 0.
W: Removed bmsWIDEDFFCPE inst g_bram_profile.u_bram_profile/u_mem/jtag_rsp_rdata[31:0] at 1 that is stuck at constant 0.
W: Removed bmsWIDEDFFCPE inst g_bram_profile.u_bram_profile/u_mem/jtag_rsp_rdata[31:0] at 2 that is stuck at constant 0.
W: Removed bmsWIDEDFFCPE inst g_bram_profile.u_bram_profile/u_mem/jtag_rsp_rdata[31:0] at 3 that is stuck at constant 0.
W: Removed bmsWIDEDFFCPE inst g_bram_profile.u_bram_profile/u_mem/jtag_rsp_rdata[31:0] at 4 that is stuck at constant 0.
W: Removed bmsWIDEDFFCPE inst g_bram_profile.u_bram_profile/u_mem/jtag_rsp_rdata[31:0] at 5 that is stuck at constant 0.
W: Removed bmsWIDEDFFCPE inst g_bram_profile.u_bram_profile/u_mem/jtag_rsp_rdata[31:0] at 6 that is stuck at constant 0.
W: Removed bmsWIDEDFFCPE inst g_bram_profile.u_bram_profile/u_mem/jtag_rsp_rdata[31:0] at 7 that is stuck at constant 0.
W: Removed bmsWIDEDFFCPE inst g_bram_profile.u_bram_profile/u_mem/jtag_rsp_rdata[31:0] at 8 that is stuck at constant 0.
W: Removed bmsWIDEDFFCPE inst g_bram_profile.u_bram_profile/u_mem/jtag_rsp_rdata[31:0] at 9 that is stuck at constant 0.
W: Removed bmsWIDEDFFCPE inst g_bram_profile.u_bram_profile/u_mem/jtag_rsp_rdata[31:0] at 10 that is stuck at constant 0.
W: Removed bmsWIDEDFFCPE inst g_bram_profile.u_bram_profile/u_mem/jtag_rsp_rdata[31:0] at 11 that is stuck at constant 0.
W: Removed bmsWIDEDFFCPE inst g_bram_profile.u_bram_profile/u_mem/jtag_rsp_rdata[31:0] at 12 that is stuck at constant 0.
W: Removed bmsWIDEDFFCPE inst g_bram_profile.u_bram_profile/u_mem/jtag_rsp_rdata[31:0] at 13 that is stuck at constant 0.
W: Removed bmsWIDEDFFCPE inst g_bram_profile.u_bram_profile/u_mem/jtag_rsp_rdata[31:0] at 14 that is stuck at constant 0.
W: Removed bmsWIDEDFFCPE inst g_bram_profile.u_bram_profile/u_mem/jtag_rsp_rdata[31:0] at 15 that is stuck at constant 0.
W: Removed bmsWIDEDFFCPE inst g_bram_profile.u_bram_profile/u_mem/jtag_rsp_rdata[31:0] at 16 that is stuck at constant 0.
W: Removed bmsWIDEDFFCPE inst g_bram_profile.u_bram_profile/u_mem/jtag_rsp_rdata[31:0] at 17 that is stuck at constant 0.
W: Removed bmsWIDEDFFCPE inst g_bram_profile.u_bram_profile/u_mem/jtag_rsp_rdata[31:0] at 18 that is stuck at constant 0.
W: Removed bmsWIDEDFFCPE inst g_bram_profile.u_bram_profile/u_mem/jtag_rsp_rdata[31:0] at 19 that is stuck at constant 0.
W: Removed bmsWIDEDFFCPE inst g_bram_profile.u_bram_profile/u_mem/jtag_rsp_rdata[31:0] at 20 that is stuck at constant 0.
W: Removed bmsWIDEDFFCPE inst g_bram_profile.u_bram_profile/u_mem/jtag_rsp_rdata[31:0] at 21 that is stuck at constant 0.
W: Removed bmsWIDEDFFCPE inst g_bram_profile.u_bram_profile/u_mem/jtag_rsp_rdata[31:0] at 22 that is stuck at constant 0.
W: Removed bmsWIDEDFFCPE inst g_bram_profile.u_bram_profile/u_mem/jtag_rsp_rdata[31:0] at 23 that is stuck at constant 0.
W: Removed bmsWIDEDFFCPE inst g_bram_profile.u_bram_profile/u_mem/jtag_rsp_rdata[31:0] at 24 that is stuck at constant 0.
W: Removed bmsWIDEDFFCPE inst g_bram_profile.u_bram_profile/u_mem/jtag_rsp_rdata[31:0] at 25 that is stuck at constant 0.
W: Removed bmsWIDEDFFCPE inst g_bram_profile.u_bram_profile/u_mem/jtag_rsp_rdata[31:0] at 26 that is stuck at constant 0.
W: Removed bmsWIDEDFFCPE inst g_bram_profile.u_bram_profile/u_mem/jtag_rsp_rdata[31:0] at 27 that is stuck at constant 0.
W: Removed bmsWIDEDFFCPE inst g_bram_profile.u_bram_profile/u_mem/jtag_rsp_rdata[31:0] at 28 that is stuck at constant 0.
W: Removed bmsWIDEDFFCPE inst g_bram_profile.u_bram_profile/u_mem/jtag_rsp_rdata[31:0] at 29 that is stuck at constant 0.
W: Removed bmsWIDEDFFCPE inst g_bram_profile.u_bram_profile/u_mem/jtag_rsp_rdata[31:0] at 30 that is stuck at constant 0.
W: Removed bmsWIDEDFFCPE inst g_bram_profile.u_bram_profile/u_mem/jtag_rsp_rdata[31:0] at 31 that is stuck at constant 0.
W: Removed bmsWIDEDFFCPE inst g_bram_profile.u_bram_profile/u_mem/aw_len_reg[7:0] at 0 that is stuck at constant 0.
W: Removed bmsWIDEDFFCPE inst g_bram_profile.u_bram_profile/u_mem/aw_len_reg[7:0] at 1 that is stuck at constant 0.
W: Removed bmsWIDEDFFRSE inst g_bram_profile.u_bram_profile/u_jtag/u_jtag_dm/dm_mem_rdata[31:0] at 0 that is stuck at constant 0.
W: Removed bmsWIDEDFFRSE inst g_bram_profile.u_bram_profile/u_jtag/u_jtag_dm/dm_mem_rdata[31:0] at 1 that is stuck at constant 0.
W: Removed bmsWIDEDFFRSE inst g_bram_profile.u_bram_profile/u_jtag/u_jtag_dm/dm_mem_rdata[31:0] at 2 that is stuck at constant 0.
W: Removed bmsWIDEDFFRSE inst g_bram_profile.u_bram_profile/u_jtag/u_jtag_dm/dm_mem_rdata[31:0] at 3 that is stuck at constant 0.
W: Removed bmsWIDEDFFRSE inst g_bram_profile.u_bram_profile/u_jtag/u_jtag_dm/dm_mem_rdata[31:0] at 4 that is stuck at constant 0.
W: Removed bmsWIDEDFFRSE inst g_bram_profile.u_bram_profile/u_jtag/u_jtag_dm/dm_mem_rdata[31:0] at 5 that is stuck at constant 0.
W: Removed bmsWIDEDFFRSE inst g_bram_profile.u_bram_profile/u_jtag/u_jtag_dm/dm_mem_rdata[31:0] at 6 that is stuck at constant 0.
W: Removed bmsWIDEDFFRSE inst g_bram_profile.u_bram_profile/u_jtag/u_jtag_dm/dm_mem_rdata[31:0] at 7 that is stuck at constant 0.
W: Removed bmsWIDEDFFRSE inst g_bram_profile.u_bram_profile/u_jtag/u_jtag_dm/dm_mem_rdata[31:0] at 8 that is stuck at constant 0.
W: Removed bmsWIDEDFFRSE inst g_bram_profile.u_bram_profile/u_jtag/u_jtag_dm/dm_mem_rdata[31:0] at 9 that is stuck at constant 0.
W: Removed bmsWIDEDFFRSE inst g_bram_profile.u_bram_profile/u_jtag/u_jtag_dm/dm_mem_rdata[31:0] at 10 that is stuck at constant 0.
W: Removed bmsWIDEDFFRSE inst g_bram_profile.u_bram_profile/u_jtag/u_jtag_dm/dm_mem_rdata[31:0] at 11 that is stuck at constant 0.
W: Removed bmsWIDEDFFRSE inst g_bram_profile.u_bram_profile/u_jtag/u_jtag_dm/dm_mem_rdata[31:0] at 12 that is stuck at constant 0.
W: Removed bmsWIDEDFFRSE inst g_bram_profile.u_bram_profile/u_jtag/u_jtag_dm/dm_mem_rdata[31:0] at 13 that is stuck at constant 0.
W: Removed bmsWIDEDFFRSE inst g_bram_profile.u_bram_profile/u_jtag/u_jtag_dm/dm_mem_rdata[31:0] at 14 that is stuck at constant 0.
W: Removed bmsWIDEDFFRSE inst g_bram_profile.u_bram_profile/u_jtag/u_jtag_dm/dm_mem_rdata[31:0] at 15 that is stuck at constant 0.
W: Removed bmsWIDEDFFRSE inst g_bram_profile.u_bram_profile/u_jtag/u_jtag_dm/dm_mem_rdata[31:0] at 16 that is stuck at constant 0.
W: Removed bmsWIDEDFFRSE inst g_bram_profile.u_bram_profile/u_jtag/u_jtag_dm/dm_mem_rdata[31:0] at 17 that is stuck at constant 0.
W: Removed bmsWIDEDFFRSE inst g_bram_profile.u_bram_profile/u_jtag/u_jtag_dm/dm_mem_rdata[31:0] at 18 that is stuck at constant 0.
W: Removed bmsWIDEDFFRSE inst g_bram_profile.u_bram_profile/u_jtag/u_jtag_dm/dm_mem_rdata[31:0] at 19 that is stuck at constant 0.
W: Removed bmsWIDEDFFRSE inst g_bram_profile.u_bram_profile/u_jtag/u_jtag_dm/dm_mem_rdata[31:0] at 20 that is stuck at constant 0.
W: Removed bmsWIDEDFFRSE inst g_bram_profile.u_bram_profile/u_jtag/u_jtag_dm/dm_mem_rdata[31:0] at 21 that is stuck at constant 0.
W: Removed bmsWIDEDFFRSE inst g_bram_profile.u_bram_profile/u_jtag/u_jtag_dm/dm_mem_rdata[31:0] at 22 that is stuck at constant 0.
W: Removed bmsWIDEDFFRSE inst g_bram_profile.u_bram_profile/u_jtag/u_jtag_dm/dm_mem_rdata[31:0] at 23 that is stuck at constant 0.
W: Removed bmsWIDEDFFRSE inst g_bram_profile.u_bram_profile/u_jtag/u_jtag_dm/dm_mem_rdata[31:0] at 24 that is stuck at constant 0.
W: Removed bmsWIDEDFFRSE inst g_bram_profile.u_bram_profile/u_jtag/u_jtag_dm/dm_mem_rdata[31:0] at 25 that is stuck at constant 0.
W: Removed bmsWIDEDFFRSE inst g_bram_profile.u_bram_profile/u_jtag/u_jtag_dm/dm_mem_rdata[31:0] at 26 that is stuck at constant 0.
W: Removed bmsWIDEDFFRSE inst g_bram_profile.u_bram_profile/u_jtag/u_jtag_dm/dm_mem_rdata[31:0] at 27 that is stuck at constant 0.
W: Removed bmsWIDEDFFRSE inst g_bram_profile.u_bram_profile/u_jtag/u_jtag_dm/dm_mem_rdata[31:0] at 28 that is stuck at constant 0.
W: Removed bmsWIDEDFFRSE inst g_bram_profile.u_bram_profile/u_jtag/u_jtag_dm/dm_mem_rdata[31:0] at 29 that is stuck at constant 0.
W: Removed bmsWIDEDFFRSE inst g_bram_profile.u_bram_profile/u_jtag/u_jtag_dm/dm_mem_rdata[31:0] at 30 that is stuck at constant 0.
W: Removed bmsWIDEDFFRSE inst g_bram_profile.u_bram_profile/u_jtag/u_jtag_dm/dm_mem_rdata[31:0] at 31 that is stuck at constant 0.
W: Removed bmsWIDEDFFCPE inst g_bram_profile.u_bram_profile/u_mem/ar_len_reg[7:0] at 2 that is stuck at constant 0.
W: Removed bmsWIDEDFFCPE inst g_bram_profile.u_bram_profile/u_mem/ar_len_reg[7:0] at 3 that is stuck at constant 0.
W: Removed bmsWIDEDFFCPE inst g_bram_profile.u_bram_profile/u_mem/ar_len_reg[7:0] at 4 that is stuck at constant 0.
W: Removed bmsWIDEDFFCPE inst g_bram_profile.u_bram_profile/u_mem/ar_len_reg[7:0] at 5 that is stuck at constant 0.
W: Removed bmsWIDEDFFCPE inst g_bram_profile.u_bram_profile/u_mem/ar_len_reg[7:0] at 6 that is stuck at constant 0.
W: Removed bmsWIDEDFFCPE inst g_bram_profile.u_bram_profile/u_mem/ar_len_reg[7:0] at 7 that is stuck at constant 0.
W: Removed bmsWIDEDFFRSE inst g_bram_profile.u_bram_profile/u_cpu/u_axi_bridge/write_buffer_data[127:0] at 32 that is stuck at constant 0.
W: Removed bmsWIDEDFFRSE inst g_bram_profile.u_bram_profile/u_cpu/u_axi_bridge/write_buffer_data[127:0] at 33 that is stuck at constant 0.
W: Removed bmsWIDEDFFRSE inst g_bram_profile.u_bram_profile/u_cpu/u_axi_bridge/write_buffer_data[127:0] at 34 that is stuck at constant 0.
W: Removed bmsWIDEDFFRSE inst g_bram_profile.u_bram_profile/u_cpu/u_axi_bridge/write_buffer_data[127:0] at 35 that is stuck at constant 0.
W: Removed bmsWIDEDFFRSE inst g_bram_profile.u_bram_profile/u_cpu/u_axi_bridge/write_buffer_data[127:0] at 36 that is stuck at constant 0.
W: Removed bmsWIDEDFFRSE inst g_bram_profile.u_bram_profile/u_cpu/u_axi_bridge/write_buffer_data[127:0] at 37 that is stuck at constant 0.
W: Removed bmsWIDEDFFRSE inst g_bram_profile.u_bram_profile/u_cpu/u_axi_bridge/write_buffer_data[127:0] at 38 that is stuck at constant 0.
W: Removed bmsWIDEDFFRSE inst g_bram_profile.u_bram_profile/u_cpu/u_axi_bridge/write_buffer_data[127:0] at 39 that is stuck at constant 0.
W: Removed bmsWIDEDFFRSE inst g_bram_profile.u_bram_profile/u_cpu/u_axi_bridge/write_buffer_data[127:0] at 40 that is stuck at constant 0.
W: Removed bmsWIDEDFFRSE inst g_bram_profile.u_bram_profile/u_cpu/u_axi_bridge/write_buffer_data[127:0] at 41 that is stuck at constant 0.
W: Removed bmsWIDEDFFRSE inst g_bram_profile.u_bram_profile/u_cpu/u_axi_bridge/write_buffer_data[127:0] at 42 that is stuck at constant 0.
W: Removed bmsWIDEDFFRSE inst g_bram_profile.u_bram_profile/u_cpu/u_axi_bridge/write_buffer_data[127:0] at 43 that is stuck at constant 0.
W: Removed bmsWIDEDFFRSE inst g_bram_profile.u_bram_profile/u_cpu/u_axi_bridge/write_buffer_data[127:0] at 44 that is stuck at constant 0.
W: Removed bmsWIDEDFFRSE inst g_bram_profile.u_bram_profile/u_cpu/u_axi_bridge/write_buffer_data[127:0] at 45 that is stuck at constant 0.
W: Removed bmsWIDEDFFRSE inst g_bram_profile.u_bram_profile/u_cpu/u_axi_bridge/write_buffer_data[127:0] at 46 that is stuck at constant 0.
W: Removed bmsWIDEDFFRSE inst g_bram_profile.u_bram_profile/u_cpu/u_axi_bridge/write_buffer_data[127:0] at 47 that is stuck at constant 0.
W: Removed bmsWIDEDFFRSE inst g_bram_profile.u_bram_profile/u_cpu/u_axi_bridge/write_buffer_data[127:0] at 48 that is stuck at constant 0.
W: Removed bmsWIDEDFFRSE inst g_bram_profile.u_bram_profile/u_cpu/u_axi_bridge/write_buffer_data[127:0] at 49 that is stuck at constant 0.
W: Removed bmsWIDEDFFRSE inst g_bram_profile.u_bram_profile/u_cpu/u_axi_bridge/write_buffer_data[127:0] at 50 that is stuck at constant 0.
W: Removed bmsWIDEDFFRSE inst g_bram_profile.u_bram_profile/u_cpu/u_axi_bridge/write_buffer_data[127:0] at 51 that is stuck at constant 0.
W: Removed bmsWIDEDFFRSE inst g_bram_profile.u_bram_profile/u_cpu/u_axi_bridge/write_buffer_data[127:0] at 52 that is stuck at constant 0.
W: Removed bmsWIDEDFFRSE inst g_bram_profile.u_bram_profile/u_cpu/u_axi_bridge/write_buffer_data[127:0] at 53 that is stuck at constant 0.
W: Removed bmsWIDEDFFRSE inst g_bram_profile.u_bram_profile/u_cpu/u_axi_bridge/write_buffer_data[127:0] at 54 that is stuck at constant 0.
W: Removed bmsWIDEDFFRSE inst g_bram_profile.u_bram_profile/u_cpu/u_axi_bridge/write_buffer_data[127:0] at 55 that is stuck at constant 0.
W: Removed bmsWIDEDFFRSE inst g_bram_profile.u_bram_profile/u_cpu/u_axi_bridge/write_buffer_data[127:0] at 56 that is stuck at constant 0.
W: Removed bmsWIDEDFFRSE inst g_bram_profile.u_bram_profile/u_cpu/u_axi_bridge/write_buffer_data[127:0] at 57 that is stuck at constant 0.
W: Removed bmsWIDEDFFRSE inst g_bram_profile.u_bram_profile/u_cpu/u_axi_bridge/write_buffer_data[127:0] at 58 that is stuck at constant 0.
W: Removed bmsWIDEDFFRSE inst g_bram_profile.u_bram_profile/u_cpu/u_axi_bridge/write_buffer_data[127:0] at 59 that is stuck at constant 0.
W: Removed bmsWIDEDFFRSE inst g_bram_profile.u_bram_profile/u_cpu/u_axi_bridge/write_buffer_data[127:0] at 60 that is stuck at constant 0.
W: Removed bmsWIDEDFFRSE inst g_bram_profile.u_bram_profile/u_cpu/u_axi_bridge/write_buffer_data[127:0] at 61 that is stuck at constant 0.
W: Removed bmsWIDEDFFRSE inst g_bram_profile.u_bram_profile/u_cpu/u_axi_bridge/write_buffer_data[127:0] at 62 that is stuck at constant 0.
W: Removed bmsWIDEDFFRSE inst g_bram_profile.u_bram_profile/u_cpu/u_axi_bridge/write_buffer_data[127:0] at 63 that is stuck at constant 0.
W: Removed bmsWIDEDFFCPE inst g_bram_profile.u_bram_profile/u_jtag/u_jtag_driver/rx/recv_data[39:0] at 0 that is stuck at constant 0.
W: Removed bmsWIDEDFFCPE inst g_bram_profile.u_bram_profile/u_jtag/u_jtag_driver/rx/recv_data[39:0] at 1 that is stuck at constant 0.
W: Removed bmsWIDEDFFCPE inst g_bram_profile.u_bram_profile/u_flash_bram_boot/u_flash_reader/tx_shift[31:0] at 1 that is stuck at constant 0.
W: Removed bmsWIDEDFFCPE inst g_bram_profile.u_bram_profile/u_jtag/u_jtag_driver/dm_resp_data[39:0] at 0 that is stuck at constant 0.
W: Removed bmsWIDEDFFCPE inst g_bram_profile.u_bram_profile/u_jtag/u_jtag_driver/dm_resp_data[39:0] at 1 that is stuck at constant 0.
W: Removed bmsWIDEDFFRSE inst g_bram_profile.u_bram_profile/u_cpu/u_axi_bridge/write_buffer_data[127:0] at 0 that is stuck at constant 0.
W: Removed bmsWIDEDFFRSE inst g_bram_profile.u_bram_profile/u_cpu/u_axi_bridge/write_buffer_data[127:0] at 1 that is stuck at constant 0.
W: Removed bmsWIDEDFFRSE inst g_bram_profile.u_bram_profile/u_cpu/u_axi_bridge/write_buffer_data[127:0] at 2 that is stuck at constant 0.
W: Removed bmsWIDEDFFRSE inst g_bram_profile.u_bram_profile/u_cpu/u_axi_bridge/write_buffer_data[127:0] at 3 that is stuck at constant 0.
W: Removed bmsWIDEDFFRSE inst g_bram_profile.u_bram_profile/u_cpu/u_axi_bridge/write_buffer_data[127:0] at 4 that is stuck at constant 0.
W: Removed bmsWIDEDFFRSE inst g_bram_profile.u_bram_profile/u_cpu/u_axi_bridge/write_buffer_data[127:0] at 5 that is stuck at constant 0.
W: Removed bmsWIDEDFFRSE inst g_bram_profile.u_bram_profile/u_cpu/u_axi_bridge/write_buffer_data[127:0] at 6 that is stuck at constant 0.
W: Removed bmsWIDEDFFRSE inst g_bram_profile.u_bram_profile/u_cpu/u_axi_bridge/write_buffer_data[127:0] at 7 that is stuck at constant 0.
W: Removed bmsWIDEDFFRSE inst g_bram_profile.u_bram_profile/u_cpu/u_axi_bridge/write_buffer_data[127:0] at 8 that is stuck at constant 0.
W: Removed bmsWIDEDFFRSE inst g_bram_profile.u_bram_profile/u_cpu/u_axi_bridge/write_buffer_data[127:0] at 9 that is stuck at constant 0.
W: Removed bmsWIDEDFFRSE inst g_bram_profile.u_bram_profile/u_cpu/u_axi_bridge/write_buffer_data[127:0] at 10 that is stuck at constant 0.
W: Removed bmsWIDEDFFRSE inst g_bram_profile.u_bram_profile/u_cpu/u_axi_bridge/write_buffer_data[127:0] at 11 that is stuck at constant 0.
W: Removed bmsWIDEDFFRSE inst g_bram_profile.u_bram_profile/u_cpu/u_axi_bridge/write_buffer_data[127:0] at 12 that is stuck at constant 0.
W: Removed bmsWIDEDFFRSE inst g_bram_profile.u_bram_profile/u_cpu/u_axi_bridge/write_buffer_data[127:0] at 13 that is stuck at constant 0.
W: Removed bmsWIDEDFFRSE inst g_bram_profile.u_bram_profile/u_cpu/u_axi_bridge/write_buffer_data[127:0] at 14 that is stuck at constant 0.
W: Removed bmsWIDEDFFRSE inst g_bram_profile.u_bram_profile/u_cpu/u_axi_bridge/write_buffer_data[127:0] at 15 that is stuck at constant 0.
W: Removed bmsWIDEDFFRSE inst g_bram_profile.u_bram_profile/u_cpu/u_axi_bridge/write_buffer_data[127:0] at 16 that is stuck at constant 0.
W: Removed bmsWIDEDFFRSE inst g_bram_profile.u_bram_profile/u_cpu/u_axi_bridge/write_buffer_data[127:0] at 17 that is stuck at constant 0.
W: Removed bmsWIDEDFFRSE inst g_bram_profile.u_bram_profile/u_cpu/u_axi_bridge/write_buffer_data[127:0] at 18 that is stuck at constant 0.
W: Removed bmsWIDEDFFRSE inst g_bram_profile.u_bram_profile/u_cpu/u_axi_bridge/write_buffer_data[127:0] at 19 that is stuck at constant 0.
W: Removed bmsWIDEDFFRSE inst g_bram_profile.u_bram_profile/u_cpu/u_axi_bridge/write_buffer_data[127:0] at 20 that is stuck at constant 0.
W: Removed bmsWIDEDFFRSE inst g_bram_profile.u_bram_profile/u_cpu/u_axi_bridge/write_buffer_data[127:0] at 21 that is stuck at constant 0.
W: Removed bmsWIDEDFFRSE inst g_bram_profile.u_bram_profile/u_cpu/u_axi_bridge/write_buffer_data[127:0] at 22 that is stuck at constant 0.
W: Removed bmsWIDEDFFRSE inst g_bram_profile.u_bram_profile/u_cpu/u_axi_bridge/write_buffer_data[127:0] at 23 that is stuck at constant 0.
W: Removed bmsWIDEDFFRSE inst g_bram_profile.u_bram_profile/u_cpu/u_axi_bridge/write_buffer_data[127:0] at 24 that is stuck at constant 0.
W: Removed bmsWIDEDFFRSE inst g_bram_profile.u_bram_profile/u_cpu/u_axi_bridge/write_buffer_data[127:0] at 25 that is stuck at constant 0.
W: Removed bmsWIDEDFFRSE inst g_bram_profile.u_bram_profile/u_cpu/u_axi_bridge/write_buffer_data[127:0] at 26 that is stuck at constant 0.
W: Removed bmsWIDEDFFRSE inst g_bram_profile.u_bram_profile/u_cpu/u_axi_bridge/write_buffer_data[127:0] at 27 that is stuck at constant 0.
W: Removed bmsWIDEDFFRSE inst g_bram_profile.u_bram_profile/u_cpu/u_axi_bridge/write_buffer_data[127:0] at 28 that is stuck at constant 0.
W: Removed bmsWIDEDFFRSE inst g_bram_profile.u_bram_profile/u_cpu/u_axi_bridge/write_buffer_data[127:0] at 29 that is stuck at constant 0.
W: Removed bmsWIDEDFFRSE inst g_bram_profile.u_bram_profile/u_cpu/u_axi_bridge/write_buffer_data[127:0] at 30 that is stuck at constant 0.
W: Removed bmsWIDEDFFRSE inst g_bram_profile.u_bram_profile/u_cpu/u_axi_bridge/write_buffer_data[127:0] at 31 that is stuck at constant 0.
W: Removed bmsWIDEDFFCPE inst g_bram_profile.u_bram_profile/u_flash_bram_boot/u_flash_reader/tx_shift[31:0] at 2 that is stuck at constant 0.
W: Removed bmsWIDEDFFCPE inst g_bram_profile.u_bram_profile/u_flash_bram_boot/u_flash_reader/tx_shift[31:0] at 3 that is stuck at constant 0.
W: Removed bmsWIDEDFFCPE inst g_bram_profile.u_bram_profile/u_flash_bram_boot/u_flash_reader/tx_shift[31:0] at 4 that is stuck at constant 0.
W: Removed bmsWIDEDFFCPE inst g_bram_profile.u_bram_profile/u_flash_bram_boot/u_flash_reader/tx_shift[31:0] at 5 that is stuck at constant 0.
W: Removed bmsWIDEDFFCPE inst g_bram_profile.u_bram_profile/u_flash_bram_boot/u_flash_reader/tx_shift[31:0] at 6 that is stuck at constant 0.
W: Removed bmsWIDEDFFCPE inst g_bram_profile.u_bram_profile/u_flash_bram_boot/u_flash_reader/tx_shift[31:0] at 7 that is stuck at constant 0.
W: Removed bmsWIDEDFFCPE inst g_bram_profile.u_bram_profile/u_flash_bram_boot/u_flash_reader/tx_shift[31:0] at 8 that is stuck at constant 0.
W: Removed bmsWIDEDFFCPE inst g_bram_profile.u_bram_profile/u_flash_bram_boot/u_flash_reader/tx_shift[31:0] at 9 that is stuck at constant 0.
W: Removed bmsWIDEDFFCPE inst g_bram_profile.u_bram_profile/u_flash_bram_boot/u_flash_reader/tx_shift[31:0] at 10 that is stuck at constant 0.
W: Removed bmsWIDEDFFCPE inst g_bram_profile.u_bram_profile/u_flash_bram_boot/u_flash_reader/tx_shift[31:0] at 11 that is stuck at constant 0.
W: Removed bmsWIDEDFFCPE inst g_bram_profile.u_bram_profile/u_flash_bram_boot/u_flash_reader/tx_shift[31:0] at 12 that is stuck at constant 0.
W: Removed bmsWIDEDFFCPE inst g_bram_profile.u_bram_profile/u_flash_bram_boot/u_flash_reader/tx_shift[31:0] at 13 that is stuck at constant 0.
W: Removed bmsWIDEDFFCPE inst g_bram_profile.u_bram_profile/u_flash_bram_boot/u_flash_reader/tx_shift[31:0] at 14 that is stuck at constant 0.
W: Removed bmsWIDEDFFCPE inst g_bram_profile.u_bram_profile/u_flash_bram_boot/u_flash_reader/tx_shift[31:0] at 15 that is stuck at constant 0.
W: Removed bmsWIDEDFFCPE inst g_bram_profile.u_bram_profile/u_flash_bram_boot/u_flash_reader/tx_shift[31:0] at 16 that is stuck at constant 0.
W: Removed bmsWIDEDFFCPE inst g_bram_profile.u_bram_profile/u_flash_bram_boot/u_flash_reader/tx_shift[31:0] at 17 that is stuck at constant 0.
W: Removed bmsWIDEDFFCPE inst g_bram_profile.u_bram_profile/u_flash_bram_boot/u_flash_reader/tx_shift[31:0] at 18 that is stuck at constant 0.
W: Removed bmsWIDEDFFCPE inst g_bram_profile.u_bram_profile/u_flash_bram_boot/u_flash_reader/tx_shift[31:0] at 19 that is stuck at constant 0.
W: Removed bmsWIDEDFFCPE inst g_bram_profile.u_bram_profile/u_flash_bram_boot/u_flash_reader/tx_shift[31:0] at 20 that is stuck at constant 0.
W: Removed bmsWIDEDFFRSE inst g_bram_profile.u_bram_profile/u_cpu/u_axi_bridge/arid[3:0] at 0 that is stuck at constant 1.
I: Removed bmsEQUAL inst g_bram_profile.u_bram_profile/u_cpu/u_idu/N299 that is redundant to g_bram_profile.u_bram_profile/u_cpu/u_idu/N262
I: Removed bmsADD inst g_bram_profile.u_bram_profile/u_cpu/u_exu/u_csr/N207 that is redundant to g_bram_profile.u_bram_profile/u_cpu/u_exu/N131
I: Removed bmsEQUAL inst g_bram_profile.u_bram_profile/u_cpu/u_idu/N297 that is redundant to g_bram_profile.u_bram_profile/u_cpu/u_idu/N246
W: Removed bmsWIDEDFFRSE inst g_bram_profile.u_bram_profile/u_cpu/u_axi_bridge/arlen_reg[0] that is stuck at constant 1.
W: Removed bmsWIDEDFFRSE inst g_bram_profile.u_bram_profile/u_cpu/u_axi_bridge/araddr[31:0] at 0 that is stuck at constant 0.
W: Removed bmsWIDEDFFPATCE inst g_bram_profile.u_bram_profile/u_mem/jtag_state_reg at 2 that is stuck at constant 0.
W: Removed bmsWIDEDFFPATCE inst g_bram_profile.u_bram_profile/u_mem/state_reg at 2 that is stuck at constant 0.
W: Removed bmsWIDEDFFPATCE inst g_bram_profile.u_bram_profile/u_mem/state_reg at 5 that is stuck at constant 0.
W: Removed bmsWIDEDFFCPE inst g_bram_profile.u_bram_profile/u_mem/read_pending_base[31:0] at 0 that is stuck at constant 0.
W: Removed bmsWIDEDFFCPE inst g_bram_profile.u_bram_profile/u_mem/read_pending_len[7:0] at 0 that is stuck at constant 0.
W: Removed bmsWIDEDFFCPE inst g_bram_profile.u_bram_profile/u_mem/ar_base_reg[31:0] at 0 that is stuck at constant 0.
W: Removed bmsWIDEDFFCPE inst g_bram_profile.u_bram_profile/u_mem/ar_len_reg[7:0] at 0 that is stuck at constant 0.
W: Public-4008: Instance 'g_bram_profile.u_bram_profile/u_mem/jtag_read_reg' of 'bmsWIDEDFFCPE' unit is dangling and will be cleaned.
W: Removed bmsWIDEDFFRSE inst g_bram_profile.u_bram_profile/u_cpu/u_exu/u_div/count[5:0] at 5 that is stuck at constant 0.
W: Removed bmsWIDEDFFCPE inst g_bram_profile.u_bram_profile/u_flash_bram_boot/word_index[31:0] at 13 that is stuck at constant 0.
I: Removed inst g_bram_profile.u_bram_profile/u_cpu/u_axi_bridge/arvalid which is redundant to g_bram_profile.u_bram_profile/u_cpu/u_axi_bridge/read_requst_state (type bmsWIDEDFFRSE)
W: Removed bmsWIDEDFFRSE inst g_bram_profile.u_bram_profile/u_cpu/gen_cpu_bram.u_bram_mem/prog_read_addr_q[31:0] at 0 that is stuck at constant 0.
W: Removed bmsWIDEDFFRSE inst g_bram_profile.u_bram_profile/u_cpu/gen_cpu_bram.u_bram_mem/prog_read_addr_q[31:0] at 1 that is stuck at constant 0.
W: Removed bmsWIDEDFFRSE inst g_bram_profile.u_bram_profile/u_cpu/gen_cpu_bram.u_bram_mem/prog_read_addr_q[31:0] at 15 that is stuck at constant 0.
W: Removed bmsWIDEDFFRSE inst g_bram_profile.u_bram_profile/u_cpu/gen_cpu_bram.u_bram_mem/prog_read_addr_q[31:0] at 16 that is stuck at constant 0.
W: Removed bmsWIDEDFFRSE inst g_bram_profile.u_bram_profile/u_cpu/gen_cpu_bram.u_bram_mem/prog_read_addr_q[31:0] at 17 that is stuck at constant 0.
W: Removed bmsWIDEDFFRSE inst g_bram_profile.u_bram_profile/u_cpu/gen_cpu_bram.u_bram_mem/prog_read_addr_q[31:0] at 18 that is stuck at constant 0.
W: Removed bmsWIDEDFFRSE inst g_bram_profile.u_bram_profile/u_cpu/gen_cpu_bram.u_bram_mem/prog_read_addr_q[31:0] at 19 that is stuck at constant 0.
W: Removed bmsWIDEDFFRSE inst g_bram_profile.u_bram_profile/u_cpu/gen_cpu_bram.u_bram_mem/prog_read_addr_q[31:0] at 20 that is stuck at constant 0.
W: Removed bmsWIDEDFFRSE inst g_bram_profile.u_bram_profile/u_cpu/gen_cpu_bram.u_bram_mem/prog_read_addr_q[31:0] at 21 that is stuck at constant 0.
W: Removed bmsWIDEDFFRSE inst g_bram_profile.u_bram_profile/u_cpu/gen_cpu_bram.u_bram_mem/prog_read_addr_q[31:0] at 22 that is stuck at constant 0.
W: Removed bmsWIDEDFFRSE inst g_bram_profile.u_bram_profile/u_cpu/gen_cpu_bram.u_bram_mem/prog_read_addr_q[31:0] at 23 that is stuck at constant 0.
W: Removed bmsWIDEDFFRSE inst g_bram_profile.u_bram_profile/u_cpu/gen_cpu_bram.u_bram_mem/prog_read_addr_q[31:0] at 24 that is stuck at constant 0.
W: Removed bmsWIDEDFFRSE inst g_bram_profile.u_bram_profile/u_cpu/gen_cpu_bram.u_bram_mem/prog_read_addr_q[31:0] at 25 that is stuck at constant 0.
W: Removed bmsWIDEDFFRSE inst g_bram_profile.u_bram_profile/u_cpu/gen_cpu_bram.u_bram_mem/prog_read_addr_q[31:0] at 26 that is stuck at constant 0.
W: Removed bmsWIDEDFFRSE inst g_bram_profile.u_bram_profile/u_cpu/gen_cpu_bram.u_bram_mem/prog_read_addr_q[31:0] at 27 that is stuck at constant 0.
W: Removed bmsWIDEDFFRSE inst g_bram_profile.u_bram_profile/u_cpu/gen_cpu_bram.u_bram_mem/prog_read_addr_q[31:0] at 28 that is stuck at constant 0.
W: Removed bmsWIDEDFFRSE inst g_bram_profile.u_bram_profile/u_cpu/gen_cpu_bram.u_bram_mem/prog_read_addr_q[31:0] at 29 that is stuck at constant 0.
W: Removed bmsWIDEDFFRSE inst g_bram_profile.u_bram_profile/u_cpu/gen_cpu_bram.u_bram_mem/prog_read_addr_q[31:0] at 30 that is stuck at constant 0.
W: Removed bmsWIDEDFFRSE inst g_bram_profile.u_bram_profile/u_cpu/gen_cpu_bram.u_bram_mem/prog_read_addr_q[31:0] at 31 that is stuck at constant 1.
Executing : mod-gen successfully. Time elapsed: 1.291s wall, 0.625s user + 0.016s system = 0.641s CPU (49.6%)

Start logic-optimization.
W: Removed bmsWIDEDFFRSE inst g_bram_profile.u_bram_profile/u_cpu/u_memu/mem_load_resp_received that is stuck at constant 0.
W: Removed bmsWIDEDFFPATCE inst g_bram_profile.u_bram_profile/u_flash_bram_boot/reader_req_length[31:0] at 0 that is stuck at constant 0.
W: Removed bmsWIDEDFFPATCE inst g_bram_profile.u_bram_profile/u_flash_bram_boot/reader_req_length[31:0] at 1 that is stuck at constant 0.
W: Removed bmsWIDEDFFPATCE inst g_bram_profile.u_bram_profile/u_flash_bram_boot/reader_req_length[31:0] at 2 that is stuck at constant 0.
W: Removed bmsWIDEDFFPATCE inst g_bram_profile.u_bram_profile/u_flash_bram_boot/reader_req_length[31:0] at 3 that is stuck at constant 0.
W: Removed bmsWIDEDFFPATCE inst g_bram_profile.u_bram_profile/u_flash_bram_boot/reader_req_length[31:0] at 4 that is stuck at constant 0.
W: Removed bmsWIDEDFFPATCE inst g_bram_profile.u_bram_profile/u_flash_bram_boot/reader_req_length[31:0] at 5 that is stuck at constant 0.
W: Removed bmsWIDEDFFPATCE inst g_bram_profile.u_bram_profile/u_flash_bram_boot/reader_req_length[31:0] at 6 that is stuck at constant 0.
W: Removed bmsWIDEDFFPATCE inst g_bram_profile.u_bram_profile/u_flash_bram_boot/reader_req_length[31:0] at 7 that is stuck at constant 0.
W: Removed bmsWIDEDFFPATCE inst g_bram_profile.u_bram_profile/u_flash_bram_boot/reader_req_length[31:0] at 8 that is stuck at constant 0.
W: Removed bmsWIDEDFFPATCE inst g_bram_profile.u_bram_profile/u_flash_bram_boot/reader_req_length[31:0] at 9 that is stuck at constant 0.
W: Removed bmsWIDEDFFPATCE inst g_bram_profile.u_bram_profile/u_flash_bram_boot/reader_req_length[31:0] at 10 that is stuck at constant 0.
W: Removed bmsWIDEDFFPATCE inst g_bram_profile.u_bram_profile/u_flash_bram_boot/reader_req_length[31:0] at 11 that is stuck at constant 0.
W: Removed bmsWIDEDFFPATCE inst g_bram_profile.u_bram_profile/u_flash_bram_boot/reader_req_length[31:0] at 12 that is stuck at constant 0.
W: Removed bmsWIDEDFFPATCE inst g_bram_profile.u_bram_profile/u_flash_bram_boot/reader_req_length[31:0] at 13 that is stuck at constant 0.
W: Removed bmsWIDEDFFPATCE inst g_bram_profile.u_bram_profile/u_flash_bram_boot/reader_req_length[31:0] at 14 that is stuck at constant 0.
W: Removed bmsWIDEDFFPATCE inst g_bram_profile.u_bram_profile/u_flash_bram_boot/reader_req_length[31:0] at 15 that is stuck at constant 1.
W: Removed bmsWIDEDFFPATCE inst g_bram_profile.u_bram_profile/u_flash_bram_boot/reader_req_length[31:0] at 16 that is stuck at constant 0.
W: Removed bmsWIDEDFFPATCE inst g_bram_profile.u_bram_profile/u_flash_bram_boot/reader_req_length[31:0] at 17 that is stuck at constant 0.
W: Removed bmsWIDEDFFPATCE inst g_bram_profile.u_bram_profile/u_flash_bram_boot/reader_req_length[31:0] at 18 that is stuck at constant 0.
W: Removed bmsWIDEDFFPATCE inst g_bram_profile.u_bram_profile/u_flash_bram_boot/reader_req_length[31:0] at 19 that is stuck at constant 0.
W: Removed bmsWIDEDFFPATCE inst g_bram_profile.u_bram_profile/u_flash_bram_boot/reader_req_length[31:0] at 20 that is stuck at constant 0.
W: Removed bmsWIDEDFFPATCE inst g_bram_profile.u_bram_profile/u_flash_bram_boot/reader_req_length[31:0] at 21 that is stuck at constant 0.
W: Removed bmsWIDEDFFPATCE inst g_bram_profile.u_bram_profile/u_flash_bram_boot/reader_req_length[31:0] at 22 that is stuck at constant 0.
W: Removed bmsWIDEDFFPATCE inst g_bram_profile.u_bram_profile/u_flash_bram_boot/reader_req_length[31:0] at 23 that is stuck at constant 0.
W: Removed bmsWIDEDFFPATCE inst g_bram_profile.u_bram_profile/u_flash_bram_boot/reader_req_length[31:0] at 24 that is stuck at constant 0.
W: Removed bmsWIDEDFFPATCE inst g_bram_profile.u_bram_profile/u_flash_bram_boot/reader_req_length[31:0] at 25 that is stuck at constant 0.
W: Removed bmsWIDEDFFPATCE inst g_bram_profile.u_bram_profile/u_flash_bram_boot/reader_req_length[31:0] at 26 that is stuck at constant 0.
W: Removed bmsWIDEDFFPATCE inst g_bram_profile.u_bram_profile/u_flash_bram_boot/reader_req_length[31:0] at 27 that is stuck at constant 0.
W: Removed bmsWIDEDFFPATCE inst g_bram_profile.u_bram_profile/u_flash_bram_boot/reader_req_length[31:0] at 28 that is stuck at constant 0.
W: Removed bmsWIDEDFFPATCE inst g_bram_profile.u_bram_profile/u_flash_bram_boot/reader_req_length[31:0] at 29 that is stuck at constant 0.
W: Removed bmsWIDEDFFPATCE inst g_bram_profile.u_bram_profile/u_flash_bram_boot/reader_req_length[31:0] at 30 that is stuck at constant 0.
W: Removed bmsWIDEDFFPATCE inst g_bram_profile.u_bram_profile/u_flash_bram_boot/reader_req_length[31:0] at 31 that is stuck at constant 0.
W: Public-4008: Instance 'g_bram_profile.u_bram_profile/u_cpu/u_memu/mem_load_resp_data[31:0]' of 'bmsWIDEDFFRSE' unit is dangling and will be cleaned.
W: Public-4008: Instance 'g_bram_profile.u_bram_profile/u_cpu/u_idu/u_rf/rf[0][31:0]' of 'bmsWIDEDFFRSE' unit is dangling and will be cleaned.
Executing : logic-optimization successfully. Time elapsed: 4.062s wall, 0.844s user + 0.000s system = 0.844s CPU (20.8%)

Start tech-mapping phase 1.
W: Public-4008: Instance 'g_bram_profile.u_bram_profile/u_mem/state_reg[2]' of 'bmsWIDEDFFCPE' unit is dangling and will be cleaned.
W: Public-4008: Instance 'g_bram_profile.u_bram_profile/u_mem/state_reg[5]' of 'bmsWIDEDFFCPE' unit is dangling and will be cleaned.
W: Public-4008: Instance 'g_bram_profile.u_bram_profile/u_jtag/u_jtag_driver/rx/recv_data[0]' of 'bmsWIDEDFFCPE' unit is dangling and will be cleaned.
W: Public-4008: Instance 'g_bram_profile.u_bram_profile/u_jtag/u_jtag_driver/rx/recv_data[1]' of 'bmsWIDEDFFCPE' unit is dangling and will be cleaned.
W: Public-4008: Instance 'g_bram_profile.u_bram_profile/u_mem/jtag_state_reg[1]' of 'bmsWIDEDFFCPE' unit is dangling and will be cleaned.
W: Public-4008: Instance 'g_bram_profile.u_bram_profile/u_mem/jtag_state_reg[2]' of 'bmsWIDEDFFCPE' unit is dangling and will be cleaned.
W: Public-4008: Instance 'g_bram_profile.u_bram_profile/u_cpu/u_exu/u_mul/product_q[64]' of 'bmsWIDEDFFRSE' unit is dangling and will be cleaned.
W: Public-4008: Instance 'g_bram_profile.u_bram_profile/u_cpu/u_exu/u_mul/product_q[65]' of 'bmsWIDEDFFRSE' unit is dangling and will be cleaned.
W: Public-4008: Instance 'g_bram_profile.u_bram_profile/u_cpu/u_exu/ex_ins[7]' of 'bmsWIDEDFFRSE' unit is dangling and will be cleaned.
W: Public-4008: Instance 'g_bram_profile.u_bram_profile/u_cpu/u_exu/ex_ins[8]' of 'bmsWIDEDFFRSE' unit is dangling and will be cleaned.
W: Public-4008: Instance 'g_bram_profile.u_bram_profile/u_cpu/u_exu/ex_ins[9]' of 'bmsWIDEDFFRSE' unit is dangling and will be cleaned.
W: Public-4008: Instance 'g_bram_profile.u_bram_profile/u_cpu/u_exu/ex_ins[10]' of 'bmsWIDEDFFRSE' unit is dangling and will be cleaned.
W: Public-4008: Instance 'g_bram_profile.u_bram_profile/u_cpu/u_exu/ex_ins[11]' of 'bmsWIDEDFFRSE' unit is dangling and will be cleaned.
W: Public-4008: Instance 'g_bram_profile.u_bram_profile/u_cpu/u_exu/ex_ins[12]' of 'bmsWIDEDFFRSE' unit is dangling and will be cleaned.
W: Public-4008: Instance 'g_bram_profile.u_bram_profile/u_cpu/u_exu/ex_ins[13]' of 'bmsWIDEDFFRSE' unit is dangling and will be cleaned.
W: Public-4008: Instance 'g_bram_profile.u_bram_profile/u_cpu/u_exu/ex_ins[14]' of 'bmsWIDEDFFRSE' unit is dangling and will be cleaned.
W: Public-4008: Instance 'g_bram_profile.u_bram_profile/u_cpu/u_exu/ex_ins[15]' of 'bmsWIDEDFFRSE' unit is dangling and will be cleaned.
W: Public-4008: Instance 'g_bram_profile.u_bram_profile/u_cpu/u_exu/ex_ins[16]' of 'bmsWIDEDFFRSE' unit is dangling and will be cleaned.
W: Public-4008: Instance 'g_bram_profile.u_bram_profile/u_cpu/u_exu/ex_ins[17]' of 'bmsWIDEDFFRSE' unit is dangling and will be cleaned.
W: Public-4008: Instance 'g_bram_profile.u_bram_profile/u_cpu/u_exu/ex_ins[18]' of 'bmsWIDEDFFRSE' unit is dangling and will be cleaned.
W: Public-4008: Instance 'g_bram_profile.u_bram_profile/u_cpu/u_exu/ex_ins[19]' of 'bmsWIDEDFFRSE' unit is dangling and will be cleaned.
W: Public-4008: Instance 'g_bram_profile.u_bram_profile/u_cpu/u_exu/ex_ins[20]' of 'bmsWIDEDFFRSE' unit is dangling and will be cleaned.
W: Public-4008: Instance 'g_bram_profile.u_bram_profile/u_cpu/u_exu/ex_ins[21]' of 'bmsWIDEDFFRSE' unit is dangling and will be cleaned.
W: Public-4008: Instance 'g_bram_profile.u_bram_profile/u_cpu/u_exu/ex_ins[22]' of 'bmsWIDEDFFRSE' unit is dangling and will be cleaned.
W: Public-4008: Instance 'g_bram_profile.u_bram_profile/u_cpu/u_exu/ex_ins[23]' of 'bmsWIDEDFFRSE' unit is dangling and will be cleaned.
W: Public-4008: Instance 'g_bram_profile.u_bram_profile/u_cpu/u_exu/ex_ins[24]' of 'bmsWIDEDFFRSE' unit is dangling and will be cleaned.
W: Public-4008: Instance 'g_bram_profile.u_bram_profile/u_cpu/u_exu/ex_ins[25]' of 'bmsWIDEDFFRSE' unit is dangling and will be cleaned.
W: Public-4008: Instance 'g_bram_profile.u_bram_profile/u_cpu/u_exu/ex_ins[26]' of 'bmsWIDEDFFRSE' unit is dangling and will be cleaned.
W: Public-4008: Instance 'g_bram_profile.u_bram_profile/u_cpu/u_exu/ex_ins[27]' of 'bmsWIDEDFFRSE' unit is dangling and will be cleaned.
W: Public-4008: Instance 'g_bram_profile.u_bram_profile/u_cpu/u_exu/ex_ins[28]' of 'bmsWIDEDFFRSE' unit is dangling and will be cleaned.
W: Public-4008: Instance 'g_bram_profile.u_bram_profile/u_cpu/u_exu/ex_ins[29]' of 'bmsWIDEDFFRSE' unit is dangling and will be cleaned.
W: Public-4008: Instance 'g_bram_profile.u_bram_profile/u_cpu/u_exu/ex_ins[30]' of 'bmsWIDEDFFRSE' unit is dangling and will be cleaned.
W: Public-4008: Instance 'g_bram_profile.u_bram_profile/u_cpu/u_exu/ex_ins[31]' of 'bmsWIDEDFFRSE' unit is dangling and will be cleaned.
W: Public-4008: Instance 'g_bram_profile.u_bram_profile/u_cpu/u_exu/u_csr/csr_mtvec[0]' of 'bmsWIDEDFFRSE' unit is dangling and will be cleaned.
W: Public-4008: Instance 'g_bram_profile.u_bram_profile/u_cpu/u_exu/u_csr/csr_mtvec[1]' of 'bmsWIDEDFFRSE' unit is dangling and will be cleaned.
W: Public-4008: Instance 'g_bram_profile.u_bram_profile/u_mem/read_pending_base[0]' of 'bmsWIDEDFFCPE' unit is dangling and will be cleaned.
W: Public-4008: Instance 'g_bram_profile.u_bram_profile/u_mem/read_pending_base[1]' of 'bmsWIDEDFFCPE' unit is dangling and will be cleaned.
W: Public-4008: Instance 'g_bram_profile.u_bram_profile/u_cpu/u_exu/u_csr/csr_mepc[0]' of 'bmsWIDEDFFRSE' unit is dangling and will be cleaned.
W: Public-4008: Instance 'g_bram_profile.u_bram_profile/u_cpu/u_exu/u_csr/csr_mepc[1]' of 'bmsWIDEDFFRSE' unit is dangling and will be cleaned.
W: Public-4008: Instance 'g_bram_profile.u_bram_profile/u_cpu/u_exu/u_csr/csr_mie[0]' of 'bmsWIDEDFFRSE' unit is dangling and will be cleaned.
W: Public-4008: Instance 'g_bram_profile.u_bram_profile/u_cpu/u_exu/u_csr/csr_mie[1]' of 'bmsWIDEDFFRSE' unit is dangling and will be cleaned.
W: Public-4008: Instance 'g_bram_profile.u_bram_profile/u_cpu/u_exu/u_csr/csr_mie[2]' of 'bmsWIDEDFFRSE' unit is dangling and will be cleaned.
W: Public-4008: Instance 'g_bram_profile.u_bram_profile/u_cpu/u_exu/u_csr/csr_mie[3]' of 'bmsWIDEDFFRSE' unit is dangling and will be cleaned.
W: Public-4008: Instance 'g_bram_profile.u_bram_profile/u_cpu/u_exu/u_csr/csr_mie[4]' of 'bmsWIDEDFFRSE' unit is dangling and will be cleaned.
W: Public-4008: Instance 'g_bram_profile.u_bram_profile/u_cpu/u_exu/u_csr/csr_mie[5]' of 'bmsWIDEDFFRSE' unit is dangling and will be cleaned.
W: Public-4008: Instance 'g_bram_profile.u_bram_profile/u_cpu/u_exu/u_csr/csr_mie[6]' of 'bmsWIDEDFFRSE' unit is dangling and will be cleaned.
W: Public-4008: Instance 'g_bram_profile.u_bram_profile/u_cpu/u_exu/u_csr/csr_mie[8]' of 'bmsWIDEDFFRSE' unit is dangling and will be cleaned.
W: Public-4008: Instance 'g_bram_profile.u_bram_profile/u_cpu/u_exu/u_csr/csr_mie[9]' of 'bmsWIDEDFFRSE' unit is dangling and will be cleaned.
W: Public-4008: Instance 'g_bram_profile.u_bram_profile/u_cpu/u_exu/u_csr/csr_mie[10]' of 'bmsWIDEDFFRSE' unit is dangling and will be cleaned.
W: Public-4008: Instance 'g_bram_profile.u_bram_profile/u_cpu/u_exu/u_csr/csr_mie[12]' of 'bmsWIDEDFFRSE' unit is dangling and will be cleaned.
W: Public-4008: Instance 'g_bram_profile.u_bram_profile/u_cpu/u_exu/u_csr/csr_mie[13]' of 'bmsWIDEDFFRSE' unit is dangling and will be cleaned.
W: Public-4008: Instance 'g_bram_profile.u_bram_profile/u_cpu/u_exu/u_csr/csr_mie[14]' of 'bmsWIDEDFFRSE' unit is dangling and will be cleaned.
W: Public-4008: Instance 'g_bram_profile.u_bram_profile/u_cpu/u_exu/u_csr/csr_mie[15]' of 'bmsWIDEDFFRSE' unit is dangling and will be cleaned.
W: Public-4008: Instance 'g_bram_profile.u_bram_profile/u_cpu/u_exu/u_csr/csr_mie[16]' of 'bmsWIDEDFFRSE' unit is dangling and will be cleaned.
W: Public-4008: Instance 'g_bram_profile.u_bram_profile/u_cpu/u_exu/u_csr/csr_mie[17]' of 'bmsWIDEDFFRSE' unit is dangling and will be cleaned.
W: Public-4008: Instance 'g_bram_profile.u_bram_profile/u_cpu/u_exu/u_csr/csr_mie[18]' of 'bmsWIDEDFFRSE' unit is dangling and will be cleaned.
W: Public-4008: Instance 'g_bram_profile.u_bram_profile/u_cpu/u_exu/u_csr/csr_mie[19]' of 'bmsWIDEDFFRSE' unit is dangling and will be cleaned.
W: Public-4008: Instance 'g_bram_profile.u_bram_profile/u_cpu/u_exu/u_csr/csr_mie[20]' of 'bmsWIDEDFFRSE' unit is dangling and will be cleaned.
W: Public-4008: Instance 'g_bram_profile.u_bram_profile/u_cpu/u_exu/u_csr/csr_mie[21]' of 'bmsWIDEDFFRSE' unit is dangling and will be cleaned.
W: Public-4008: Instance 'g_bram_profile.u_bram_profile/u_cpu/u_exu/u_csr/csr_mie[22]' of 'bmsWIDEDFFRSE' unit is dangling and will be cleaned.
W: Public-4008: Instance 'g_bram_profile.u_bram_profile/u_cpu/u_exu/u_csr/csr_mie[23]' of 'bmsWIDEDFFRSE' unit is dangling and will be cleaned.
W: Public-4008: Instance 'g_bram_profile.u_bram_profile/u_cpu/u_exu/u_csr/csr_mie[24]' of 'bmsWIDEDFFRSE' unit is dangling and will be cleaned.
W: Public-4008: Instance 'g_bram_profile.u_bram_profile/u_cpu/u_exu/u_csr/csr_mie[25]' of 'bmsWIDEDFFRSE' unit is dangling and will be cleaned.
W: Public-4008: Instance 'g_bram_profile.u_bram_profile/u_cpu/u_exu/u_csr/csr_mie[26]' of 'bmsWIDEDFFRSE' unit is dangling and will be cleaned.
W: Public-4008: Instance 'g_bram_profile.u_bram_profile/u_cpu/u_exu/u_csr/csr_mie[27]' of 'bmsWIDEDFFRSE' unit is dangling and will be cleaned.
W: Public-4008: Instance 'g_bram_profile.u_bram_profile/u_cpu/u_exu/u_csr/csr_mie[28]' of 'bmsWIDEDFFRSE' unit is dangling and will be cleaned.
W: Public-4008: Instance 'g_bram_profile.u_bram_profile/u_cpu/u_exu/u_csr/csr_mie[29]' of 'bmsWIDEDFFRSE' unit is dangling and will be cleaned.
W: Public-4008: Instance 'g_bram_profile.u_bram_profile/u_cpu/u_exu/u_csr/csr_mie[30]' of 'bmsWIDEDFFRSE' unit is dangling and will be cleaned.
W: Public-4008: Instance 'g_bram_profile.u_bram_profile/u_cpu/u_exu/u_csr/csr_mie[31]' of 'bmsWIDEDFFRSE' unit is dangling and will be cleaned.
W: Public-4008: Instance 'g_bram_profile.u_bram_profile/u_cpu/u_exu/u_csr/csr_mstatus[0]' of 'bmsWIDEDFFRSE' unit is dangling and will be cleaned.
W: Public-4008: Instance 'g_bram_profile.u_bram_profile/u_cpu/u_exu/u_csr/csr_mstatus[1]' of 'bmsWIDEDFFRSE' unit is dangling and will be cleaned.
W: Public-4008: Instance 'g_bram_profile.u_bram_profile/u_cpu/u_exu/u_csr/csr_mstatus[2]' of 'bmsWIDEDFFRSE' unit is dangling and will be cleaned.
W: Public-4008: Instance 'g_bram_profile.u_bram_profile/u_cpu/u_exu/u_csr/csr_mstatus[4]' of 'bmsWIDEDFFRSE' unit is dangling and will be cleaned.
W: Public-4008: Instance 'g_bram_profile.u_bram_profile/u_cpu/u_exu/u_csr/csr_mstatus[5]' of 'bmsWIDEDFFRSE' unit is dangling and will be cleaned.
W: Public-4008: Instance 'g_bram_profile.u_bram_profile/u_cpu/u_exu/u_csr/csr_mstatus[6]' of 'bmsWIDEDFFRSE' unit is dangling and will be cleaned.
W: Public-4008: Instance 'g_bram_profile.u_bram_profile/u_cpu/u_exu/u_csr/csr_mstatus[8]' of 'bmsWIDEDFFRSE' unit is dangling and will be cleaned.
W: Public-4008: Instance 'g_bram_profile.u_bram_profile/u_cpu/u_exu/u_csr/csr_mstatus[9]' of 'bmsWIDEDFFRSE' unit is dangling and will be cleaned.
W: Public-4008: Instance 'g_bram_profile.u_bram_profile/u_cpu/u_exu/u_csr/csr_mstatus[10]' of 'bmsWIDEDFFRSE' unit is dangling and will be cleaned.
W: Public-4008: Instance 'g_bram_profile.u_bram_profile/u_cpu/u_exu/u_csr/csr_mstatus[11]' of 'bmsWIDEDFFRSE' unit is dangling and will be cleaned.
W: Public-4008: Instance 'g_bram_profile.u_bram_profile/u_cpu/u_exu/u_csr/csr_mstatus[12]' of 'bmsWIDEDFFRSE' unit is dangling and will be cleaned.
W: Public-4008: Instance 'g_bram_profile.u_bram_profile/u_cpu/u_exu/u_csr/csr_mstatus[13]' of 'bmsWIDEDFFRSE' unit is dangling and will be cleaned.
W: Public-4008: Instance 'g_bram_profile.u_bram_profile/u_cpu/u_exu/u_csr/csr_mstatus[14]' of 'bmsWIDEDFFRSE' unit is dangling and will be cleaned.
W: Public-4008: Instance 'g_bram_profile.u_bram_profile/u_cpu/u_exu/u_csr/csr_mstatus[15]' of 'bmsWIDEDFFRSE' unit is dangling and will be cleaned.
W: Public-4008: Instance 'g_bram_profile.u_bram_profile/u_cpu/u_exu/u_csr/csr_mstatus[16]' of 'bmsWIDEDFFRSE' unit is dangling and will be cleaned.
W: Public-4008: Instance 'g_bram_profile.u_bram_profile/u_cpu/u_exu/u_csr/csr_mstatus[17]' of 'bmsWIDEDFFRSE' unit is dangling and will be cleaned.
W: Public-4008: Instance 'g_bram_profile.u_bram_profile/u_cpu/u_exu/u_csr/csr_mstatus[18]' of 'bmsWIDEDFFRSE' unit is dangling and will be cleaned.
W: Public-4008: Instance 'g_bram_profile.u_bram_profile/u_cpu/u_exu/u_csr/csr_mstatus[19]' of 'bmsWIDEDFFRSE' unit is dangling and will be cleaned.
W: Public-4008: Instance 'g_bram_profile.u_bram_profile/u_cpu/u_exu/u_csr/csr_mstatus[20]' of 'bmsWIDEDFFRSE' unit is dangling and will be cleaned.
W: Public-4008: Instance 'g_bram_profile.u_bram_profile/u_cpu/u_exu/u_csr/csr_mstatus[21]' of 'bmsWIDEDFFRSE' unit is dangling and will be cleaned.
W: Public-4008: Instance 'g_bram_profile.u_bram_profile/u_cpu/u_exu/u_csr/csr_mstatus[22]' of 'bmsWIDEDFFRSE' unit is dangling and will be cleaned.
W: Public-4008: Instance 'g_bram_profile.u_bram_profile/u_cpu/u_exu/u_csr/csr_mstatus[23]' of 'bmsWIDEDFFRSE' unit is dangling and will be cleaned.
W: Public-4008: Instance 'g_bram_profile.u_bram_profile/u_cpu/u_exu/u_csr/csr_mstatus[24]' of 'bmsWIDEDFFRSE' unit is dangling and will be cleaned.
W: Public-4008: Instance 'g_bram_profile.u_bram_profile/u_cpu/u_exu/u_csr/csr_mstatus[25]' of 'bmsWIDEDFFRSE' unit is dangling and will be cleaned.
W: Public-4008: Instance 'g_bram_profile.u_bram_profile/u_cpu/u_exu/u_csr/csr_mstatus[26]' of 'bmsWIDEDFFRSE' unit is dangling and will be cleaned.
W: Public-4008: Instance 'g_bram_profile.u_bram_profile/u_cpu/u_exu/u_csr/csr_mstatus[27]' of 'bmsWIDEDFFRSE' unit is dangling and will be cleaned.
W: Public-4008: Instance 'g_bram_profile.u_bram_profile/u_cpu/u_exu/u_csr/csr_mstatus[28]' of 'bmsWIDEDFFRSE' unit is dangling and will be cleaned.
W: Public-4008: Instance 'g_bram_profile.u_bram_profile/u_cpu/u_exu/u_csr/csr_mstatus[29]' of 'bmsWIDEDFFRSE' unit is dangling and will be cleaned.
W: Public-4008: Instance 'g_bram_profile.u_bram_profile/u_cpu/u_exu/u_csr/csr_mstatus[30]' of 'bmsWIDEDFFRSE' unit is dangling and will be cleaned.
W: Public-4008: Instance 'g_bram_profile.u_bram_profile/u_cpu/u_exu/u_csr/csr_mstatus[31]' of 'bmsWIDEDFFRSE' unit is dangling and will be cleaned.
W: Public-4008: Instance 'g_bram_profile.u_bram_profile/u_mem/read_pending_id[1]' of 'bmsWIDEDFFCPE' unit is dangling and will be cleaned.
W: Public-4008: Instance 'g_bram_profile.u_bram_profile/u_mem/read_pending_id[2]' of 'bmsWIDEDFFCPE' unit is dangling and will be cleaned.
W: Public-4008: Instance 'g_bram_profile.u_bram_profile/u_mem/read_pending_id[3]' of 'bmsWIDEDFFCPE' unit is dangling and will be cleaned.
W: Public-4008: Instance 'g_bram_profile.u_bram_profile/u_cpu/u_exu/u_div/count[5]' of 'bmsWIDEDFFRSE' unit is dangling and will be cleaned.
W: Public-4008: Instance 'g_bram_profile.u_bram_profile/u_cpu/u_exu/u_div/quotient_work[31]' of 'bmsWIDEDFFRSE' unit is dangling and will be cleaned.
W: Public-4008: Instance 'g_bram_profile.u_bram_profile/u_mem/aw_base_reg[0]' of 'bmsWIDEDFFCPE' unit is dangling and will be cleaned.
W: Public-4008: Instance 'g_bram_profile.u_bram_profile/u_mem/aw_base_reg[1]' of 'bmsWIDEDFFCPE' unit is dangling and will be cleaned.
W: Public-4008: Instance 'g_bram_profile.u_bram_profile/u_mem/ar_id_reg[1]' of 'bmsWIDEDFFCPE' unit is dangling and will be cleaned.
W: Public-4008: Instance 'g_bram_profile.u_bram_profile/u_mem/ar_id_reg[2]' of 'bmsWIDEDFFCPE' unit is dangling and will be cleaned.
W: Public-4008: Instance 'g_bram_profile.u_bram_profile/u_mem/ar_id_reg[3]' of 'bmsWIDEDFFCPE' unit is dangling and will be cleaned.
W: Public-4008: Instance 'g_bram_profile.u_bram_profile/u_cpu/gen_cpu_bram.u_bram_mem/prog_read_addr_q[0]' of 'bmsWIDEDFFRSE' unit is dangling and will be cleaned.
W: Public-4008: Instance 'g_bram_profile.u_bram_profile/u_cpu/gen_cpu_bram.u_bram_mem/prog_read_addr_q[1]' of 'bmsWIDEDFFRSE' unit is dangling and will be cleaned.
W: Public-4008: Instance 'g_bram_profile.u_bram_profile/u_cpu/gen_cpu_bram.u_bram_mem/prog_read_addr_q[15]' of 'bmsWIDEDFFRSE' unit is dangling and will be cleaned.
W: Public-4008: Instance 'g_bram_profile.u_bram_profile/u_cpu/gen_cpu_bram.u_bram_mem/prog_read_addr_q[16]' of 'bmsWIDEDFFRSE' unit is dangling and will be cleaned.
W: Public-4008: Instance 'g_bram_profile.u_bram_profile/u_cpu/gen_cpu_bram.u_bram_mem/prog_read_addr_q[17]' of 'bmsWIDEDFFRSE' unit is dangling and will be cleaned.
W: Public-4008: Instance 'g_bram_profile.u_bram_profile/u_cpu/gen_cpu_bram.u_bram_mem/prog_read_addr_q[18]' of 'bmsWIDEDFFRSE' unit is dangling and will be cleaned.
W: Public-4008: Instance 'g_bram_profile.u_bram_profile/u_cpu/gen_cpu_bram.u_bram_mem/prog_read_addr_q[19]' of 'bmsWIDEDFFRSE' unit is dangling and will be cleaned.
W: Public-4008: Instance 'g_bram_profile.u_bram_profile/u_cpu/gen_cpu_bram.u_bram_mem/prog_read_addr_q[20]' of 'bmsWIDEDFFRSE' unit is dangling and will be cleaned.
W: Public-4008: Instance 'g_bram_profile.u_bram_profile/u_cpu/gen_cpu_bram.u_bram_mem/prog_read_addr_q[21]' of 'bmsWIDEDFFRSE' unit is dangling and will be cleaned.
W: Public-4008: Instance 'g_bram_profile.u_bram_profile/u_cpu/gen_cpu_bram.u_bram_mem/prog_read_addr_q[22]' of 'bmsWIDEDFFRSE' unit is dangling and will be cleaned.
W: Public-4008: Instance 'g_bram_profile.u_bram_profile/u_cpu/gen_cpu_bram.u_bram_mem/prog_read_addr_q[23]' of 'bmsWIDEDFFRSE' unit is dangling and will be cleaned.
W: Public-4008: Instance 'g_bram_profile.u_bram_profile/u_cpu/gen_cpu_bram.u_bram_mem/prog_read_addr_q[24]' of 'bmsWIDEDFFRSE' unit is dangling and will be cleaned.
W: Public-4008: Instance 'g_bram_profile.u_bram_profile/u_cpu/gen_cpu_bram.u_bram_mem/prog_read_addr_q[25]' of 'bmsWIDEDFFRSE' unit is dangling and will be cleaned.
W: Public-4008: Instance 'g_bram_profile.u_bram_profile/u_cpu/gen_cpu_bram.u_bram_mem/prog_read_addr_q[26]' of 'bmsWIDEDFFRSE' unit is dangling and will be cleaned.
W: Public-4008: Instance 'g_bram_profile.u_bram_profile/u_cpu/gen_cpu_bram.u_bram_mem/prog_read_addr_q[27]' of 'bmsWIDEDFFRSE' unit is dangling and will be cleaned.
W: Public-4008: Instance 'g_bram_profile.u_bram_profile/u_cpu/gen_cpu_bram.u_bram_mem/prog_read_addr_q[28]' of 'bmsWIDEDFFRSE' unit is dangling and will be cleaned.
W: Public-4008: Instance 'g_bram_profile.u_bram_profile/u_cpu/gen_cpu_bram.u_bram_mem/prog_read_addr_q[29]' of 'bmsWIDEDFFRSE' unit is dangling and will be cleaned.
W: Public-4008: Instance 'g_bram_profile.u_bram_profile/u_cpu/gen_cpu_bram.u_bram_mem/prog_read_addr_q[30]' of 'bmsWIDEDFFRSE' unit is dangling and will be cleaned.
W: Public-4008: Instance 'g_bram_profile.u_bram_profile/u_cpu/gen_cpu_bram.u_bram_mem/prog_read_addr_q[31]' of 'bmsWIDEDFFRSE' unit is dangling and will be cleaned.
W: Public-4008: Instance 'g_bram_profile.u_bram_profile/u_cpu/u_axi_bridge/awaddr[0]' of 'bmsWIDEDFFRSE' unit is dangling and will be cleaned.
W: Public-4008: Instance 'g_bram_profile.u_bram_profile/u_cpu/u_axi_bridge/awaddr[1]' of 'bmsWIDEDFFRSE' unit is dangling and will be cleaned.
W: Public-4008: Instance 'g_bram_profile.u_bram_profile/u_cpu/u_axi_bridge/araddr[0]' of 'bmsWIDEDFFRSE' unit is dangling and will be cleaned.
W: Public-4008: Instance 'g_bram_profile.u_bram_profile/u_cpu/u_axi_bridge/araddr[1]' of 'bmsWIDEDFFRSE' unit is dangling and will be cleaned.
W: Public-4008: Instance 'g_bram_profile.u_bram_profile/u_jtag/u_jtag_driver/dm_resp_data[0]' of 'bmsWIDEDFFCPE' unit is dangling and will be cleaned.
W: Public-4008: Instance 'g_bram_profile.u_bram_profile/u_jtag/u_jtag_driver/dm_resp_data[1]' of 'bmsWIDEDFFCPE' unit is dangling and will be cleaned.
W: Public-4008: Instance 'g_bram_profile.u_bram_profile/u_uart0_tx/shift_reg[0]' of 'bmsWIDEDFFCPE' unit is dangling and will be cleaned.
W: Public-4008: Instance 'g_bram_profile.u_bram_profile/u_uart0_tx/shift_reg[9]' of 'bmsWIDEDFFCPE' unit is dangling and will be cleaned.
W: Public-4008: Instance 'g_bram_profile.u_bram_profile/u_mem/ar_base_reg[0]' of 'bmsWIDEDFFCPE' unit is dangling and will be cleaned.
W: Public-4008: Instance 'g_bram_profile.u_bram_profile/u_mem/ar_base_reg[1]' of 'bmsWIDEDFFCPE' unit is dangling and will be cleaned.
W: Public-4008: Instance 'g_bram_profile.u_bram_profile/u_jtag/u_jtag_dm/abstractcs_cmderr[1]' of 'bmsWIDEDFFCPE' unit is dangling and will be cleaned.
W: Public-4008: Instance 'g_bram_profile.u_bram_profile/u_jtag/u_jtag_dm/abstractcs_cmderr[2]' of 'bmsWIDEDFFCPE' unit is dangling and will be cleaned.
W: Public-4008: Instance 'g_bram_profile.u_bram_profile/u_jtag/u_jtag_dm/dcsr[0]' of 'bmsWIDEDFFCPE' unit is dangling and will be cleaned.
W: Public-4008: Instance 'g_bram_profile.u_bram_profile/u_jtag/u_jtag_dm/dcsr[1]' of 'bmsWIDEDFFCPE' unit is dangling and will be cleaned.
W: Public-4008: Instance 'g_bram_profile.u_bram_profile/u_jtag/u_jtag_dm/dcsr[2]' of 'bmsWIDEDFFCPE' unit is dangling and will be cleaned.
W: Public-4008: Instance 'g_bram_profile.u_bram_profile/u_jtag/u_jtag_dm/dcsr[3]' of 'bmsWIDEDFFCPE' unit is dangling and will be cleaned.
W: Public-4008: Instance 'g_bram_profile.u_bram_profile/u_jtag/u_jtag_dm/dcsr[4]' of 'bmsWIDEDFFCPE' unit is dangling and will be cleaned.
W: Public-4008: Instance 'g_bram_profile.u_bram_profile/u_jtag/u_jtag_dm/dcsr[5]' of 'bmsWIDEDFFCPE' unit is dangling and will be cleaned.
W: Public-4008: Instance 'g_bram_profile.u_bram_profile/u_jtag/u_jtag_dm/dcsr[7]' of 'bmsWIDEDFFCPE' unit is dangling and will be cleaned.
W: Public-4008: Instance 'g_bram_profile.u_bram_profile/u_jtag/u_jtag_dm/dcsr[8]' of 'bmsWIDEDFFCPE' unit is dangling and will be cleaned.
W: Public-4008: Instance 'g_bram_profile.u_bram_profile/u_jtag/u_jtag_dm/dcsr[9]' of 'bmsWIDEDFFCPE' unit is dangling and will be cleaned.
W: Public-4008: Instance 'g_bram_profile.u_bram_profile/u_jtag/u_jtag_dm/dcsr[10]' of 'bmsWIDEDFFCPE' unit is dangling and will be cleaned.
W: Public-4008: Instance 'g_bram_profile.u_bram_profile/u_jtag/u_jtag_dm/dcsr[11]' of 'bmsWIDEDFFCPE' unit is dangling and will be cleaned.
W: Public-4008: Instance 'g_bram_profile.u_bram_profile/u_jtag/u_jtag_dm/dcsr[12]' of 'bmsWIDEDFFCPE' unit is dangling and will be cleaned.
W: Public-4008: Instance 'g_bram_profile.u_bram_profile/u_jtag/u_jtag_dm/dcsr[13]' of 'bmsWIDEDFFCPE' unit is dangling and will be cleaned.
W: Public-4008: Instance 'g_bram_profile.u_bram_profile/u_jtag/u_jtag_dm/dcsr[14]' of 'bmsWIDEDFFCPE' unit is dangling and will be cleaned.
W: Public-4008: Instance 'g_bram_profile.u_bram_profile/u_jtag/u_jtag_dm/dcsr[15]' of 'bmsWIDEDFFCPE' unit is dangling and will be cleaned.
W: Public-4008: Instance 'g_bram_profile.u_bram_profile/u_jtag/u_jtag_dm/dcsr[16]' of 'bmsWIDEDFFCPE' unit is dangling and will be cleaned.
W: Public-4008: Instance 'g_bram_profile.u_bram_profile/u_jtag/u_jtag_dm/dcsr[17]' of 'bmsWIDEDFFCPE' unit is dangling and will be cleaned.
W: Public-4008: Instance 'g_bram_profile.u_bram_profile/u_jtag/u_jtag_dm/dcsr[18]' of 'bmsWIDEDFFCPE' unit is dangling and will be cleaned.
W: Public-4008: Instance 'g_bram_profile.u_bram_profile/u_jtag/u_jtag_dm/dcsr[19]' of 'bmsWIDEDFFCPE' unit is dangling and will be cleaned.
W: Public-4008: Instance 'g_bram_profile.u_bram_profile/u_jtag/u_jtag_dm/dcsr[20]' of 'bmsWIDEDFFCPE' unit is dangling and will be cleaned.
W: Public-4008: Instance 'g_bram_profile.u_bram_profile/u_jtag/u_jtag_dm/dcsr[21]' of 'bmsWIDEDFFCPE' unit is dangling and will be cleaned.
W: Public-4008: Instance 'g_bram_profile.u_bram_profile/u_jtag/u_jtag_dm/dcsr[22]' of 'bmsWIDEDFFCPE' unit is dangling and will be cleaned.
W: Public-4008: Instance 'g_bram_profile.u_bram_profile/u_jtag/u_jtag_dm/dcsr[23]' of 'bmsWIDEDFFCPE' unit is dangling and will be cleaned.
W: Public-4008: Instance 'g_bram_profile.u_bram_profile/u_jtag/u_jtag_dm/dcsr[24]' of 'bmsWIDEDFFCPE' unit is dangling and will be cleaned.
W: Public-4008: Instance 'g_bram_profile.u_bram_profile/u_jtag/u_jtag_dm/dcsr[25]' of 'bmsWIDEDFFCPE' unit is dangling and will be cleaned.
W: Public-4008: Instance 'g_bram_profile.u_bram_profile/u_jtag/u_jtag_dm/dcsr[26]' of 'bmsWIDEDFFCPE' unit is dangling and will be cleaned.
W: Public-4008: Instance 'g_bram_profile.u_bram_profile/u_jtag/u_jtag_dm/dcsr[27]' of 'bmsWIDEDFFCPE' unit is dangling and will be cleaned.
W: Public-4008: Instance 'g_bram_profile.u_bram_profile/u_jtag/u_jtag_dm/dcsr[28]' of 'bmsWIDEDFFCPE' unit is dangling and will be cleaned.
W: Public-4008: Instance 'g_bram_profile.u_bram_profile/u_jtag/u_jtag_dm/dcsr[29]' of 'bmsWIDEDFFCPE' unit is dangling and will be cleaned.
W: Public-4008: Instance 'g_bram_profile.u_bram_profile/u_jtag/u_jtag_dm/dcsr[30]' of 'bmsWIDEDFFCPE' unit is dangling and will be cleaned.
W: Public-4008: Instance 'g_bram_profile.u_bram_profile/u_jtag/u_jtag_dm/dcsr[31]' of 'bmsWIDEDFFCPE' unit is dangling and will be cleaned.
W: Public-4008: Instance 'g_bram_profile.u_bram_profile/u_jtag/u_jtag_dm/tx/req_data[0]' of 'bmsWIDEDFFCPE' unit is dangling and will be cleaned.
W: Public-4008: Instance 'g_bram_profile.u_bram_profile/u_jtag/u_jtag_dm/tx/req_data[1]' of 'bmsWIDEDFFCPE' unit is dangling and will be cleaned.
W: Public-4008: Instance 'g_bram_profile.u_bram_profile/u_flash_bram_boot/byte_count[2]' of 'bmsWIDEDFFCPE' unit is dangling and will be cleaned.
W: Public-4008: Instance 'g_bram_profile.u_bram_profile/u_flash_bram_boot/byte_count[3]' of 'bmsWIDEDFFCPE' unit is dangling and will be cleaned.
W: Public-4008: Instance 'g_bram_profile.u_bram_profile/u_flash_bram_boot/byte_count[4]' of 'bmsWIDEDFFCPE' unit is dangling and will be cleaned.
W: Public-4008: Instance 'g_bram_profile.u_bram_profile/u_flash_bram_boot/byte_count[5]' of 'bmsWIDEDFFCPE' unit is dangling and will be cleaned.
W: Public-4008: Instance 'g_bram_profile.u_bram_profile/u_flash_bram_boot/byte_count[6]' of 'bmsWIDEDFFCPE' unit is dangling and will be cleaned.
W: Public-4008: Instance 'g_bram_profile.u_bram_profile/u_flash_bram_boot/byte_count[7]' of 'bmsWIDEDFFCPE' unit is dangling and will be cleaned.
W: Public-4008: Instance 'g_bram_profile.u_bram_profile/u_flash_bram_boot/byte_count[8]' of 'bmsWIDEDFFCPE' unit is dangling and will be cleaned.
W: Public-4008: Instance 'g_bram_profile.u_bram_profile/u_flash_bram_boot/byte_count[9]' of 'bmsWIDEDFFCPE' unit is dangling and will be cleaned.
W: Public-4008: Instance 'g_bram_profile.u_bram_profile/u_flash_bram_boot/byte_count[10]' of 'bmsWIDEDFFCPE' unit is dangling and will be cleaned.
W: Public-4008: Instance 'g_bram_profile.u_bram_profile/u_flash_bram_boot/byte_count[11]' of 'bmsWIDEDFFCPE' unit is dangling and will be cleaned.
W: Public-4008: Instance 'g_bram_profile.u_bram_profile/u_flash_bram_boot/byte_count[12]' of 'bmsWIDEDFFCPE' unit is dangling and will be cleaned.
W: Public-4008: Instance 'g_bram_profile.u_bram_profile/u_flash_bram_boot/byte_count[13]' of 'bmsWIDEDFFCPE' unit is dangling and will be cleaned.
W: Public-4008: Instance 'g_bram_profile.u_bram_profile/u_flash_bram_boot/byte_count[14]' of 'bmsWIDEDFFCPE' unit is dangling and will be cleaned.
W: Public-4008: Instance 'g_bram_profile.u_bram_profile/u_flash_bram_boot/byte_count[15]' of 'bmsWIDEDFFCPE' unit is dangling and will be cleaned.
W: Public-4008: Instance 'g_bram_profile.u_bram_profile/u_flash_bram_boot/byte_count[16]' of 'bmsWIDEDFFCPE' unit is dangling and will be cleaned.
W: Public-4008: Instance 'g_bram_profile.u_bram_profile/u_flash_bram_boot/byte_count[17]' of 'bmsWIDEDFFCPE' unit is dangling and will be cleaned.
W: Public-4008: Instance 'g_bram_profile.u_bram_profile/u_flash_bram_boot/byte_count[18]' of 'bmsWIDEDFFCPE' unit is dangling and will be cleaned.
W: Public-4008: Instance 'g_bram_profile.u_bram_profile/u_flash_bram_boot/byte_count[19]' of 'bmsWIDEDFFCPE' unit is dangling and will be cleaned.
W: Public-4008: Instance 'g_bram_profile.u_bram_profile/u_flash_bram_boot/byte_count[20]' of 'bmsWIDEDFFCPE' unit is dangling and will be cleaned.
W: Public-4008: Instance 'g_bram_profile.u_bram_profile/u_flash_bram_boot/byte_count[21]' of 'bmsWIDEDFFCPE' unit is dangling and will be cleaned.
W: Public-4008: Instance 'g_bram_profile.u_bram_profile/u_flash_bram_boot/byte_count[22]' of 'bmsWIDEDFFCPE' unit is dangling and will be cleaned.
W: Public-4008: Instance 'g_bram_profile.u_bram_profile/u_flash_bram_boot/byte_count[23]' of 'bmsWIDEDFFCPE' unit is dangling and will be cleaned.
W: Public-4008: Instance 'g_bram_profile.u_bram_profile/u_flash_bram_boot/byte_count[24]' of 'bmsWIDEDFFCPE' unit is dangling and will be cleaned.
W: Public-4008: Instance 'g_bram_profile.u_bram_profile/u_flash_bram_boot/byte_count[25]' of 'bmsWIDEDFFCPE' unit is dangling and will be cleaned.
W: Public-4008: Instance 'g_bram_profile.u_bram_profile/u_flash_bram_boot/byte_count[26]' of 'bmsWIDEDFFCPE' unit is dangling and will be cleaned.
W: Public-4008: Instance 'g_bram_profile.u_bram_profile/u_flash_bram_boot/byte_count[27]' of 'bmsWIDEDFFCPE' unit is dangling and will be cleaned.
W: Public-4008: Instance 'g_bram_profile.u_bram_profile/u_flash_bram_boot/byte_count[28]' of 'bmsWIDEDFFCPE' unit is dangling and will be cleaned.
W: Public-4008: Instance 'g_bram_profile.u_bram_profile/u_flash_bram_boot/byte_count[29]' of 'bmsWIDEDFFCPE' unit is dangling and will be cleaned.
W: Public-4008: Instance 'g_bram_profile.u_bram_profile/u_flash_bram_boot/byte_count[30]' of 'bmsWIDEDFFCPE' unit is dangling and will be cleaned.
W: Public-4008: Instance 'g_bram_profile.u_bram_profile/u_flash_bram_boot/byte_count[31]' of 'bmsWIDEDFFCPE' unit is dangling and will be cleaned.
W: Public-4008: Instance 'g_bram_profile.u_bram_profile/u_flash_bram_boot/word_index[13]' of 'bmsWIDEDFFCPE' unit is dangling and will be cleaned.
W: Public-4008: Instance 'g_bram_profile.u_bram_profile/u_flash_bram_boot/word_index[14]' of 'bmsWIDEDFFCPE' unit is dangling and will be cleaned.
W: Public-4008: Instance 'g_bram_profile.u_bram_profile/u_flash_bram_boot/word_index[15]' of 'bmsWIDEDFFCPE' unit is dangling and will be cleaned.
W: Public-4008: Instance 'g_bram_profile.u_bram_profile/u_flash_bram_boot/word_index[16]' of 'bmsWIDEDFFCPE' unit is dangling and will be cleaned.
W: Public-4008: Instance 'g_bram_profile.u_bram_profile/u_flash_bram_boot/word_index[17]' of 'bmsWIDEDFFCPE' unit is dangling and will be cleaned.
W: Public-4008: Instance 'g_bram_profile.u_bram_profile/u_flash_bram_boot/word_index[18]' of 'bmsWIDEDFFCPE' unit is dangling and will be cleaned.
W: Public-4008: Instance 'g_bram_profile.u_bram_profile/u_flash_bram_boot/word_index[19]' of 'bmsWIDEDFFCPE' unit is dangling and will be cleaned.
W: Public-4008: Instance 'g_bram_profile.u_bram_profile/u_flash_bram_boot/word_index[20]' of 'bmsWIDEDFFCPE' unit is dangling and will be cleaned.
W: Public-4008: Instance 'g_bram_profile.u_bram_profile/u_flash_bram_boot/word_index[21]' of 'bmsWIDEDFFCPE' unit is dangling and will be cleaned.
W: Public-4008: Instance 'g_bram_profile.u_bram_profile/u_flash_bram_boot/word_index[22]' of 'bmsWIDEDFFCPE' unit is dangling and will be cleaned.
W: Public-4008: Instance 'g_bram_profile.u_bram_profile/u_flash_bram_boot/word_index[23]' of 'bmsWIDEDFFCPE' unit is dangling and will be cleaned.
W: Public-4008: Instance 'g_bram_profile.u_bram_profile/u_flash_bram_boot/word_index[24]' of 'bmsWIDEDFFCPE' unit is dangling and will be cleaned.
W: Public-4008: Instance 'g_bram_profile.u_bram_profile/u_flash_bram_boot/word_index[25]' of 'bmsWIDEDFFCPE' unit is dangling and will be cleaned.
W: Public-4008: Instance 'g_bram_profile.u_bram_profile/u_flash_bram_boot/word_index[26]' of 'bmsWIDEDFFCPE' unit is dangling and will be cleaned.
W: Public-4008: Instance 'g_bram_profile.u_bram_profile/u_flash_bram_boot/word_index[27]' of 'bmsWIDEDFFCPE' unit is dangling and will be cleaned.
W: Public-4008: Instance 'g_bram_profile.u_bram_profile/u_flash_bram_boot/word_index[28]' of 'bmsWIDEDFFCPE' unit is dangling and will be cleaned.
W: Public-4008: Instance 'g_bram_profile.u_bram_profile/u_flash_bram_boot/word_index[29]' of 'bmsWIDEDFFCPE' unit is dangling and will be cleaned.
W: Public-4008: Instance 'g_bram_profile.u_bram_profile/u_flash_bram_boot/word_index[30]' of 'bmsWIDEDFFCPE' unit is dangling and will be cleaned.
W: Public-4008: Instance 'g_bram_profile.u_bram_profile/u_flash_bram_boot/word_index[31]' of 'bmsWIDEDFFCPE' unit is dangling and will be cleaned.
W: Public-4008: Instance 'g_bram_profile.u_bram_profile/u_flash_bram_boot/u_flash_reader/tx_shift[0]' of 'bmsWIDEDFFCPE' unit is dangling and will be cleaned.
W: Public-4008: Instance 'g_bram_profile.u_bram_profile/u_flash_bram_boot/u_flash_reader/tx_shift[1]' of 'bmsWIDEDFFCPE' unit is dangling and will be cleaned.
W: Public-4008: Instance 'g_bram_profile.u_bram_profile/u_flash_bram_boot/u_flash_reader/tx_shift[2]' of 'bmsWIDEDFFCPE' unit is dangling and will be cleaned.
W: Public-4008: Instance 'g_bram_profile.u_bram_profile/u_flash_bram_boot/u_flash_reader/tx_shift[3]' of 'bmsWIDEDFFCPE' unit is dangling and will be cleaned.
W: Public-4008: Instance 'g_bram_profile.u_bram_profile/u_flash_bram_boot/u_flash_reader/tx_shift[4]' of 'bmsWIDEDFFCPE' unit is dangling and will be cleaned.
W: Public-4008: Instance 'g_bram_profile.u_bram_profile/u_flash_bram_boot/u_flash_reader/tx_shift[5]' of 'bmsWIDEDFFCPE' unit is dangling and will be cleaned.
W: Public-4008: Instance 'g_bram_profile.u_bram_profile/u_flash_bram_boot/u_flash_reader/tx_shift[6]' of 'bmsWIDEDFFCPE' unit is dangling and will be cleaned.
W: Public-4008: Instance 'g_bram_profile.u_bram_profile/u_flash_bram_boot/u_flash_reader/tx_shift[7]' of 'bmsWIDEDFFCPE' unit is dangling and will be cleaned.
W: Public-4008: Instance 'g_bram_profile.u_bram_profile/u_flash_bram_boot/u_flash_reader/tx_shift[8]' of 'bmsWIDEDFFCPE' unit is dangling and will be cleaned.
W: Public-4008: Instance 'g_bram_profile.u_bram_profile/u_flash_bram_boot/u_flash_reader/tx_shift[9]' of 'bmsWIDEDFFCPE' unit is dangling and will be cleaned.
W: Public-4008: Instance 'g_bram_profile.u_bram_profile/u_flash_bram_boot/u_flash_reader/tx_shift[10]' of 'bmsWIDEDFFCPE' unit is dangling and will be cleaned.
W: Public-4008: Instance 'g_bram_profile.u_bram_profile/u_flash_bram_boot/u_flash_reader/tx_shift[11]' of 'bmsWIDEDFFCPE' unit is dangling and will be cleaned.
W: Public-4008: Instance 'g_bram_profile.u_bram_profile/u_flash_bram_boot/u_flash_reader/tx_shift[12]' of 'bmsWIDEDFFCPE' unit is dangling and will be cleaned.
W: Public-4008: Instance 'g_bram_profile.u_bram_profile/u_flash_bram_boot/u_flash_reader/tx_shift[13]' of 'bmsWIDEDFFCPE' unit is dangling and will be cleaned.
W: Public-4008: Instance 'g_bram_profile.u_bram_profile/u_flash_bram_boot/u_flash_reader/tx_shift[14]' of 'bmsWIDEDFFCPE' unit is dangling and will be cleaned.
W: Public-4008: Instance 'g_bram_profile.u_bram_profile/u_flash_bram_boot/u_flash_reader/tx_shift[15]' of 'bmsWIDEDFFCPE' unit is dangling and will be cleaned.
W: Public-4008: Instance 'g_bram_profile.u_bram_profile/u_flash_bram_boot/u_flash_reader/tx_shift[16]' of 'bmsWIDEDFFCPE' unit is dangling and will be cleaned.
W: Public-4008: Instance 'g_bram_profile.u_bram_profile/u_flash_bram_boot/u_flash_reader/tx_shift[17]' of 'bmsWIDEDFFCPE' unit is dangling and will be cleaned.
W: Public-4008: Instance 'g_bram_profile.u_bram_profile/u_flash_bram_boot/u_flash_reader/tx_shift[18]' of 'bmsWIDEDFFCPE' unit is dangling and will be cleaned.
W: Public-4008: Instance 'g_bram_profile.u_bram_profile/u_flash_bram_boot/u_flash_reader/tx_shift[19]' of 'bmsWIDEDFFCPE' unit is dangling and will be cleaned.
W: Public-4008: Instance 'g_bram_profile.u_bram_profile/u_flash_bram_boot/u_flash_reader/tx_shift[20]' of 'bmsWIDEDFFCPE' unit is dangling and will be cleaned.
W: Public-4008: Instance 'g_bram_profile.u_bram_profile/u_flash_bram_boot/u_flash_reader/tx_shift[31]' of 'bmsWIDEDFFCPE' unit is dangling and will be cleaned.
I: Removed GTP_DFF_PE inst g_bram_profile.u_bram_profile/u_jtag/u_jtag_dm/dmstatus[11] that is redundant to g_bram_profile.u_bram_profile/u_jtag/u_jtag_dm/dmstatus[10]
I: Removed GTP_DFF_RE inst g_bram_profile.u_bram_profile/u_cpu/u_exu/ex_imm[0] that is redundant to g_bram_profile.u_bram_profile/u_cpu/u_exu/ex_csr_imm[0]
I: Removed GTP_DFF_RE inst g_bram_profile.u_bram_profile/u_cpu/u_exu/ex_imm[1] that is redundant to g_bram_profile.u_bram_profile/u_cpu/u_exu/ex_csr_imm[1]
I: Removed GTP_DFF_RE inst g_bram_profile.u_bram_profile/u_cpu/u_exu/ex_imm[2] that is redundant to g_bram_profile.u_bram_profile/u_cpu/u_exu/ex_csr_imm[2]
I: Removed GTP_DFF_RE inst g_bram_profile.u_bram_profile/u_cpu/u_exu/ex_imm[3] that is redundant to g_bram_profile.u_bram_profile/u_cpu/u_exu/ex_csr_imm[3]
I: Removed GTP_DFF_RE inst g_bram_profile.u_bram_profile/u_cpu/u_exu/ex_imm[4] that is redundant to g_bram_profile.u_bram_profile/u_cpu/u_exu/ex_csr_imm[4]
I: Removed GTP_DFF_CE inst g_bram_profile.u_bram_profile/u_jtag/u_jtag_dm/dmstatus[8] that is redundant to g_bram_profile.u_bram_profile/u_jtag/u_jtag_dm/dm_halt_req
I: Removed GTP_DFF_CE inst g_bram_profile.u_bram_profile/u_jtag/u_jtag_dm/dmstatus[9] that is redundant to g_bram_profile.u_bram_profile/u_jtag/u_jtag_dm/dm_halt_req
Executing : tech-mapping phase 1 successfully. Time elapsed: 0.622s wall, 0.109s user + 0.000s system = 0.109s CPU (17.6%)

Start tech-mapping phase 2.
Executing : tech-mapping phase 2 successfully. Time elapsed: 5.739s wall, 0.875s user + 0.016s system = 0.891s CPU (15.5%)

Start tech-optimization.
Executing : tech-optimization successfully. Time elapsed: 0.965s wall, 0.125s user + 0.000s system = 0.125s CPU (13.0%)

Start phys-optimization.
Executing : phys-optimization successfully. Time elapsed: 0.000s wall, 0.000s user + 0.000s system = 0.000s CPU (n/a%)

Start restore-hierarchy.
Executing : restore-hierarchy successfully. Time elapsed: 0.771s wall, 0.078s user + 0.000s system = 0.078s CPU (10.1%)

W: syn_maxfan of lutcarry N131_1_29 is more than 10000 on net N131[31], but wasn't replicated.
W: syn_maxfan of lutcarry N131_1_28 is more than 10000 on net N131[30], but wasn't replicated.
W: syn_maxfan of lutcarry N131_1_27 is more than 10000 on net N131[29], but wasn't replicated.
W: syn_maxfan of lutcarry N131_1_26 is more than 10000 on net N131[28], but wasn't replicated.
W: syn_maxfan of lutcarry N131_1_25 is more than 10000 on net N131[27], but wasn't replicated.
W: syn_maxfan of lutcarry N131_1_24 is more than 10000 on net N131[26], but wasn't replicated.
W: syn_maxfan of lutcarry N131_1_23 is more than 10000 on net N131[25], but wasn't replicated.
W: syn_maxfan of lutcarry N131_1_22 is more than 10000 on net N131[24], but wasn't replicated.
W: syn_maxfan of lutcarry N131_1_21 is more than 10000 on net N131[23], but wasn't replicated.
W: syn_maxfan of lutcarry N131_1_20 is more than 10000 on net N131[22], but wasn't replicated.
W: syn_maxfan of lutcarry N131_1_19 is more than 10000 on net N131[21], but wasn't replicated.
W: syn_maxfan of lutcarry N131_1_18 is more than 10000 on net N131[20], but wasn't replicated.
W: syn_maxfan of lutcarry N131_1_17 is more than 10000 on net N131[19], but wasn't replicated.
W: syn_maxfan of lutcarry N131_1_16 is more than 10000 on net N131[18], but wasn't replicated.
W: syn_maxfan of lutcarry N131_1_15 is more than 10000 on net N131[17], but wasn't replicated.
W: syn_maxfan of lutcarry N131_1_14 is more than 10000 on net N131[16], but wasn't replicated.
W: syn_maxfan of lutcarry N131_1_13 is more than 10000 on net N131[15], but wasn't replicated.
W: syn_maxfan of lutcarry N131_1_12 is more than 10000 on net N131[14], but wasn't replicated.
W: syn_maxfan of lutcarry N131_1_11 is more than 10000 on net N131[13], but wasn't replicated.
W: syn_maxfan of lutcarry N131_1_10 is more than 10000 on net N131[12], but wasn't replicated.
W: syn_maxfan of lutcarry N131_1_9 is more than 10000 on net N131[11], but wasn't replicated.
W: syn_maxfan of lutcarry N131_1_8 is more than 10000 on net N131[10], but wasn't replicated.
W: syn_maxfan of lutcarry N131_1_7 is more than 10000 on net N131[9], but wasn't replicated.
W: syn_maxfan of lutcarry N131_1_6 is more than 10000 on net N131[8], but wasn't replicated.
W: syn_maxfan of lutcarry N131_1_5 is more than 10000 on net N131[7], but wasn't replicated.
W: syn_maxfan of lutcarry N131_1_4 is more than 10000 on net N131[6], but wasn't replicated.
W: syn_maxfan of lutcarry N131_1_3 is more than 10000 on net N131[5], but wasn't replicated.
W: syn_maxfan of lutcarry N131_1_2 is more than 10000 on net N131[4], but wasn't replicated.
W: syn_maxfan of lutcarry N131_1_1 is more than 10000 on net N131[3], but wasn't replicated.
W: syn_maxfan of lutcarry N131_1_29 is more than 10000 on net N131[31], but wasn't replicated.
W: syn_maxfan of lutcarry N131_1_28 is more than 10000 on net N131[30], but wasn't replicated.
W: syn_maxfan of lutcarry N131_1_27 is more than 10000 on net N131[29], but wasn't replicated.
W: syn_maxfan of lutcarry N131_1_26 is more than 10000 on net N131[28], but wasn't replicated.
W: syn_maxfan of lutcarry N131_1_25 is more than 10000 on net N131[27], but wasn't replicated.
W: syn_maxfan of lutcarry N131_1_24 is more than 10000 on net N131[26], but wasn't replicated.
W: syn_maxfan of lutcarry N131_1_23 is more than 10000 on net N131[25], but wasn't replicated.
W: syn_maxfan of lutcarry N131_1_22 is more than 10000 on net N131[24], but wasn't replicated.
W: syn_maxfan of lutcarry N131_1_21 is more than 10000 on net N131[23], but wasn't replicated.
W: syn_maxfan of lutcarry N131_1_20 is more than 10000 on net N131[22], but wasn't replicated.
W: syn_maxfan of lutcarry N131_1_19 is more than 10000 on net N131[21], but wasn't replicated.
W: syn_maxfan of lutcarry N131_1_18 is more than 10000 on net N131[20], but wasn't replicated.
W: syn_maxfan of lutcarry N131_1_17 is more than 10000 on net N131[19], but wasn't replicated.
W: syn_maxfan of lutcarry N131_1_16 is more than 10000 on net N131[18], but wasn't replicated.
W: syn_maxfan of lutcarry N131_1_15 is more than 10000 on net N131[17], but wasn't replicated.
W: syn_maxfan of lutcarry N131_1_14 is more than 10000 on net N131[16], but wasn't replicated.
W: syn_maxfan of lutcarry N131_1_13 is more than 10000 on net N131[15], but wasn't replicated.
W: syn_maxfan of lutcarry N131_1_12 is more than 10000 on net N131[14], but wasn't replicated.
W: syn_maxfan of lutcarry N131_1_11 is more than 10000 on net N131[13], but wasn't replicated.
W: syn_maxfan of lutcarry N131_1_10 is more than 10000 on net N131[12], but wasn't replicated.
W: syn_maxfan of lutcarry N131_1_9 is more than 10000 on net N131[11], but wasn't replicated.
W: syn_maxfan of lutcarry N131_1_8 is more than 10000 on net N131[10], but wasn't replicated.
W: syn_maxfan of lutcarry N131_1_7 is more than 10000 on net N131[9], but wasn't replicated.
W: syn_maxfan of lutcarry N131_1_6 is more than 10000 on net N131[8], but wasn't replicated.
W: syn_maxfan of lutcarry N131_1_5 is more than 10000 on net N131[7], but wasn't replicated.
W: syn_maxfan of lutcarry N131_1_4 is more than 10000 on net N131[6], but wasn't replicated.
W: syn_maxfan of lutcarry N131_1_3 is more than 10000 on net N131[5], but wasn't replicated.
W: syn_maxfan of lutcarry N131_1_2 is more than 10000 on net N131[4], but wasn't replicated.
W: syn_maxfan of lutcarry N131_1_1 is more than 10000 on net N131[3], but wasn't replicated.
W: prevent name conflict by renaming net g_bram_profile.u_bram_profile/u_fpioa/fpioa_oe[4]_inv to g_bram_profile.u_bram_profile/u_fpioa/fpioa_oe[4]_inv_rnmt
W: prevent name conflict by renaming net g_bram_profile.u_bram_profile/u_fpioa/fpioa_oe[3]_inv to g_bram_profile.u_bram_profile/u_fpioa/fpioa_oe[3]_inv_rnmt
W: prevent name conflict by renaming net g_bram_profile.u_bram_profile/u_fpioa/fpioa_oe[2]_inv to g_bram_profile.u_bram_profile/u_fpioa/fpioa_oe[2]_inv_rnmt
W: prevent name conflict by renaming net g_bram_profile.u_bram_profile/u_fpioa/fpioa_oe[1]_inv to g_bram_profile.u_bram_profile/u_fpioa/fpioa_oe[1]_inv_rnmt
W: prevent name conflict by renaming net g_bram_profile.u_bram_profile/u_fpioa/fpioa_oe[0]_inv to g_bram_profile.u_bram_profile/u_fpioa/fpioa_oe[0]_inv_rnmt
W: prevent name conflict by renaming net g_bram_profile.u_bram_profile/u_fpioa/fpioa_oe[5]_inv to g_bram_profile.u_bram_profile/u_fpioa/fpioa_oe[5]_inv_rnmt
W: prevent name conflict by renaming net g_bram_profile.u_bram_profile/u_fpioa/fpioa_oe[6]_inv to g_bram_profile.u_bram_profile/u_fpioa/fpioa_oe[6]_inv_rnmt
W: prevent name conflict by renaming net g_bram_profile.u_bram_profile/u_fpioa/fpioa_oe[7]_inv to g_bram_profile.u_bram_profile/u_fpioa/fpioa_oe[7]_inv_rnmt
W: prevent name conflict by renaming net g_bram_profile.u_bram_profile/u_fpioa/fpioa_oe[8]_inv to g_bram_profile.u_bram_profile/u_fpioa/fpioa_oe[8]_inv_rnmt
W: prevent name conflict by renaming net g_bram_profile.u_bram_profile/u_fpioa/fpioa_oe[9]_inv to g_bram_profile.u_bram_profile/u_fpioa/fpioa_oe[9]_inv_rnmt
W: prevent name conflict by renaming net g_bram_profile.u_bram_profile/u_fpioa/fpioa_oe[10]_inv to g_bram_profile.u_bram_profile/u_fpioa/fpioa_oe[10]_inv_rnmt
W: prevent name conflict by renaming net g_bram_profile.u_bram_profile/u_fpioa/fpioa_oe[11]_inv to g_bram_profile.u_bram_profile/u_fpioa/fpioa_oe[11]_inv_rnmt
W: prevent name conflict by renaming net g_bram_profile.u_bram_profile/u_fpioa/fpioa_oe[12]_inv to g_bram_profile.u_bram_profile/u_fpioa/fpioa_oe[12]_inv_rnmt
W: prevent name conflict by renaming net g_bram_profile.u_bram_profile/u_fpioa/fpioa_oe[13]_inv to g_bram_profile.u_bram_profile/u_fpioa/fpioa_oe[13]_inv_rnmt
W: prevent name conflict by renaming net g_bram_profile.u_bram_profile/u_fpioa/fpioa_oe[14]_inv to g_bram_profile.u_bram_profile/u_fpioa/fpioa_oe[14]_inv_rnmt
W: prevent name conflict by renaming net g_bram_profile.u_bram_profile/u_fpioa/fpioa_oe[15]_inv to g_bram_profile.u_bram_profile/u_fpioa/fpioa_oe[15]_inv_rnmt
W: prevent name conflict by renaming net g_bram_profile.u_bram_profile/u_fpioa/fpioa_oe[16]_inv to g_bram_profile.u_bram_profile/u_fpioa/fpioa_oe[16]_inv_rnmt
W: prevent name conflict by renaming net g_bram_profile.u_bram_profile/u_fpioa/fpioa_oe[17]_inv to g_bram_profile.u_bram_profile/u_fpioa/fpioa_oe[17]_inv_rnmt
W: prevent name conflict by renaming net g_bram_profile.u_bram_profile/u_fpioa/fpioa_oe[19]_inv to g_bram_profile.u_bram_profile/u_fpioa/fpioa_oe[19]_inv_rnmt
W: prevent name conflict by renaming net g_bram_profile.u_bram_profile/u_fpioa/fpioa_oe[20]_inv to g_bram_profile.u_bram_profile/u_fpioa/fpioa_oe[20]_inv_rnmt
W: prevent name conflict by renaming net g_bram_profile.u_bram_profile/u_fpioa/fpioa_oe[21]_inv to g_bram_profile.u_bram_profile/u_fpioa/fpioa_oe[21]_inv_rnmt
W: prevent name conflict by renaming net g_bram_profile.u_bram_profile/u_fpioa/fpioa_oe[22]_inv to g_bram_profile.u_bram_profile/u_fpioa/fpioa_oe[22]_inv_rnmt
W: prevent name conflict by renaming net g_bram_profile.u_bram_profile/u_fpioa/fpioa_oe[23]_inv to g_bram_profile.u_bram_profile/u_fpioa/fpioa_oe[23]_inv_rnmt
W: prevent name conflict by renaming net g_bram_profile.u_bram_profile/u_fpioa/fpioa_oe[24]_inv to g_bram_profile.u_bram_profile/u_fpioa/fpioa_oe[24]_inv_rnmt
W: prevent name conflict by renaming net g_bram_profile.u_bram_profile/u_fpioa/fpioa_oe[25]_inv to g_bram_profile.u_bram_profile/u_fpioa/fpioa_oe[25]_inv_rnmt
W: prevent name conflict by renaming net g_bram_profile.u_bram_profile/u_fpioa/fpioa_oe[26]_inv to g_bram_profile.u_bram_profile/u_fpioa/fpioa_oe[26]_inv_rnmt
W: prevent name conflict by renaming net g_bram_profile.u_bram_profile/u_fpioa/fpioa_oe[27]_inv to g_bram_profile.u_bram_profile/u_fpioa/fpioa_oe[27]_inv_rnmt
W: prevent name conflict by renaming net g_bram_profile.u_bram_profile/u_fpioa/fpioa_oe[30]_inv to g_bram_profile.u_bram_profile/u_fpioa/fpioa_oe[30]_inv_rnmt
W: prevent name conflict by renaming net g_bram_profile.u_bram_profile/u_fpioa/fpioa_oe[31]_inv to g_bram_profile.u_bram_profile/u_fpioa/fpioa_oe[31]_inv_rnmt

Cell Usage:
GTP_APM_E2                    4 uses
GTP_CFGCLK                    1 use
GTP_DFF                       7 uses
GTP_DFF_C                    54 uses
GTP_DFF_CE                  989 uses
GTP_DFF_E                   181 uses
GTP_DFF_P                     7 uses
GTP_DFF_PE                   47 uses
GTP_DFF_R                    20 uses
GTP_DFF_RE                 3085 uses
GTP_DFF_S                     1 use
GTP_DFF_SE                  149 uses
GTP_DRM36K_E1                20 uses
GTP_GPLL                      1 use
GTP_GRS                       1 use
GTP_INV                       2 uses
GTP_LUT1                      4 uses
GTP_LUT2                     37 uses
GTP_LUT3                    183 uses
GTP_LUT4                    192 uses
GTP_LUT5                    742 uses
GTP_LUT6                   1783 uses
GTP_LUT6CARRY              1024 uses
GTP_LUT6D                   534 uses
GTP_MUX2LUT7                506 uses
GTP_MUX2LUT8                213 uses

I/O ports: 122
GTP_INBUF                   6 uses
GTP_IOBUF                  32 uses
GTP_OUTBUF                 40 uses
GTP_OUTBUFT                44 uses

Mapping Summary:
Total LUTs: 4499 of 159800 (2.82%)
	LUTs as dram: 0 of 39500 (0.00%)
	LUTs as logic: 4499
Total Registers: 4540 of 319600 (1.42%)
Total Latches: 0

DRM36K/FIFO:
Total DRM = 20.0 of 415 (4.82%)

APMs:
Total APMs = 4.00 of 740 (0.54%)

Total I/O ports = 122 of 400 (30.50%)


Overview of Control Sets:

Number of unique control sets : 185

Histogram:
**************************************************************
  Fanout      | Count    | Sync Set/Reset    Async Set/Reset
--------------------------------------------------------------
  [0, 2)      | 3        | 1                 2
  [2, 4)      | 26       | 20                6
  [4, 6)      | 27       | 7                 20
  [6, 8)      | 3        | 1                 2
  [8, 10)     | 11       | 0                 11
  [10, 12)    | 9        | 0                 9
  [12, 14)    | 3        | 2                 1
  [14, 16)    | 0        | 0                 0
  [16, Inf)   | 103      | 79                24
--------------------------------------------------------------
  The maximum fanout: 179
==============================================================

Flip-Flop Distribution:
************************************************************************
  Clock Enable    Sync Set/Reset    Async Set/Reset    Total Registers
------------------------------------------------------------------------
  NO              NO                NO                 7
  NO              NO                YES                61
  NO              YES               NO                 21
  YES             NO                NO                 181
  YES             NO                YES                1036
  YES             YES               NO                 3234
========================================================================

Latch Distribution:
************************************************
  Gate Enable    Preset/Clear    Total Latches
************************************************
  NO             NO              0
  NO             YES             0
  YES            NO              0
  YES            YES             0
************************************************

Design 'Hfpga_soc' has been successfully synthesized to architecture-specific objects.
Saving design to DB.
I: Adm-6003: Trying to disconnect un-connected pin 'Z[0]' of instance 'ND0[0]'.
I: Adm-6003: Trying to disconnect un-connected pin 'Z[0]' of instance 'ND0[1]'.
I: Adm-6003: Trying to disconnect un-connected pin 'Z[0]' of instance 'ND0[2]'.
I: Adm-6003: Trying to disconnect un-connected pin 'Z[0]' of instance 'ND0[3]'.
I: Adm-6003: Trying to disconnect un-connected pin 'Z[0]' of instance 'ND0[4]'.
I: Adm-6003: Trying to disconnect un-connected pin 'Z[0]' of instance 'ND0[5]'.
I: Adm-6003: Trying to disconnect un-connected pin 'Z[0]' of instance 'ND0[6]'.
I: Adm-6003: Trying to disconnect un-connected pin 'Z[0]' of instance 'ND0[7]'.
I: Adm-6003: Trying to disconnect un-connected pin 'Z[0]' of instance 'ND0[8]'.
I: Adm-6003: Trying to disconnect un-connected pin 'Z[0]' of instance 'ND0[9]'.
I: Adm-6003: Trying to disconnect un-connected pin 'Z[0]' of instance 'ND0[10]'.
I: Adm-6003: Trying to disconnect un-connected pin 'Z[0]' of instance 'ND0[11]'.
I: Adm-6003: Trying to disconnect un-connected pin 'Z[0]' of instance 'ND0[12]'.
I: Adm-6003: Trying to disconnect un-connected pin 'Z[0]' of instance 'ND0[13]'.
I: Adm-6003: Trying to disconnect un-connected pin 'Z[0]' of instance 'ND0[14]'.
I: Adm-6003: Trying to disconnect un-connected pin 'Z[0]' of instance 'ND0[15]'.
I: Adm-6003: Trying to disconnect un-connected pin 'Z[0]' of instance 'ND0[16]'.
I: Adm-6003: Trying to disconnect un-connected pin 'Z[0]' of instance 'ND0[17]'.
I: Adm-6003: Trying to disconnect un-connected pin 'Z[0]' of instance 'ND0[18]'.
I: Adm-6003: Trying to disconnect un-connected pin 'Z[0]' of instance 'ND0[19]'.
I: Adm-6003: Trying to disconnect un-connected pin 'Z[0]' of instance 'ND0[20]'.
I: Adm-6003: Trying to disconnect un-connected pin 'Z[0]' of instance 'ND0[21]'.
I: Adm-6003: Trying to disconnect un-connected pin 'Z[0]' of instance 'ND0[22]'.
I: Adm-6003: Trying to disconnect un-connected pin 'Z[0]' of instance 'ND0[23]'.
I: Adm-6003: Trying to disconnect un-connected pin 'Z[0]' of instance 'ND0[24]'.
I: Adm-6003: Trying to disconnect un-connected pin 'Z[0]' of instance 'ND0[25]'.
I: Adm-6003: Trying to disconnect un-connected pin 'Z[0]' of instance 'ND0[26]'.
I: Adm-6003: Trying to disconnect un-connected pin 'Z[0]' of instance 'ND0[27]'.
I: Adm-6003: Trying to disconnect un-connected pin 'Z[0]' of instance 'ND0[28]'.
I: Adm-6003: Trying to disconnect un-connected pin 'Z[0]' of instance 'ND0[29]'.
I: Adm-6003: Trying to disconnect un-connected pin 'Z[0]' of instance 'ND0[30]'.
I: Adm-6003: Trying to disconnect un-connected pin 'Z[0]' of instance 'ND0[31]'.
I: Adm-6003: Trying to disconnect un-connected pin 'Z[0]' of instance 'ND1[0]'.
I: Adm-6003: Trying to disconnect un-connected pin 'Z[0]' of instance 'ND1[1]'.
I: Adm-6003: Trying to disconnect un-connected pin 'Z[0]' of instance 'ND1[2]'.
I: Adm-6003: Trying to disconnect un-connected pin 'Z[0]' of instance 'ND1[3]'.
I: Adm-6003: Trying to disconnect un-connected pin 'Z[0]' of instance 'ND1[4]'.
I: Adm-6003: Trying to disconnect un-connected pin 'Z[0]' of instance 'ND1[5]'.
I: Adm-6003: Trying to disconnect un-connected pin 'Z[0]' of instance 'ND1[6]'.
I: Adm-6003: Trying to disconnect un-connected pin 'Z[0]' of instance 'ND1[7]'.
I: Adm-6003: Trying to disconnect un-connected pin 'Z[0]' of instance 'ND1[8]'.
I: Adm-6003: Trying to disconnect un-connected pin 'Z[0]' of instance 'ND1[9]'.
I: Adm-6003: Trying to disconnect un-connected pin 'Z[0]' of instance 'ND1[10]'.
I: Adm-6003: Trying to disconnect un-connected pin 'Z[0]' of instance 'ND1[11]'.
I: Adm-6003: Trying to disconnect un-connected pin 'Z[0]' of instance 'ND1[12]'.
I: Adm-6003: Trying to disconnect un-connected pin 'Z[0]' of instance 'ND1[13]'.
I: Adm-6003: Trying to disconnect un-connected pin 'Z[0]' of instance 'ND1[14]'.
I: Adm-6003: Trying to disconnect un-connected pin 'Z[0]' of instance 'ND1[15]'.
I: Adm-6003: Trying to disconnect un-connected pin 'Z[0]' of instance 'ND1[16]'.
I: Adm-6003: Trying to disconnect un-connected pin 'Z[0]' of instance 'ND1[17]'.
I: Adm-6003: Trying to disconnect un-connected pin 'Z[0]' of instance 'ND1[18]'.
I: Adm-6003: Trying to disconnect un-connected pin 'Z[0]' of instance 'ND1[19]'.
I: Adm-6003: Trying to disconnect un-connected pin 'Z[0]' of instance 'ND1[20]'.
I: Adm-6003: Trying to disconnect un-connected pin 'Z[0]' of instance 'ND1[21]'.
I: Adm-6003: Trying to disconnect un-connected pin 'Z[0]' of instance 'ND1[22]'.
I: Adm-6003: Trying to disconnect un-connected pin 'Z[0]' of instance 'ND1[23]'.
I: Adm-6003: Trying to disconnect un-connected pin 'Z[0]' of instance 'ND1[24]'.
I: Adm-6003: Trying to disconnect un-connected pin 'Z[0]' of instance 'ND1[25]'.
I: Adm-6003: Trying to disconnect un-connected pin 'Z[0]' of instance 'ND1[26]'.
I: Adm-6003: Trying to disconnect un-connected pin 'Z[0]' of instance 'ND1[27]'.
I: Adm-6003: Trying to disconnect un-connected pin 'Z[0]' of instance 'ND1[28]'.
I: Adm-6003: Trying to disconnect un-connected pin 'Z[0]' of instance 'ND1[29]'.
I: Adm-6003: Trying to disconnect un-connected pin 'Z[0]' of instance 'ND1[30]'.
I: Adm-6003: Trying to disconnect un-connected pin 'Z[0]' of instance 'ND1[31]'.
I: Adm-6003: Trying to disconnect un-connected pin 'Z[0]' of instance 'ND2[0]'.
I: Adm-6003: Trying to disconnect un-connected pin 'Z[0]' of instance 'ND2[1]'.
I: Adm-6003: Trying to disconnect un-connected pin 'Z[0]' of instance 'ND2[2]'.
I: Adm-6003: Trying to disconnect un-connected pin 'Z[0]' of instance 'ND2[3]'.
I: Adm-6003: Trying to disconnect un-connected pin 'Z[0]' of instance 'ND2[4]'.
I: Adm-6003: Trying to disconnect un-connected pin 'Z[0]' of instance 'ND2[5]'.
I: Adm-6003: Trying to disconnect un-connected pin 'Z[0]' of instance 'ND2[6]'.
I: Adm-6003: Trying to disconnect un-connected pin 'Z[0]' of instance 'ND2[7]'.
I: Adm-6003: Trying to disconnect un-connected pin 'Z[0]' of instance 'ND2[8]'.
I: Adm-6003: Trying to disconnect un-connected pin 'Z[0]' of instance 'ND2[9]'.
I: Adm-6003: Trying to disconnect un-connected pin 'Z[0]' of instance 'ND2[10]'.
I: Adm-6003: Trying to disconnect un-connected pin 'Z[0]' of instance 'ND2[11]'.
I: Adm-6003: Trying to disconnect un-connected pin 'Z[0]' of instance 'ND2[12]'.
I: Adm-6003: Trying to disconnect un-connected pin 'Z[0]' of instance 'ND2[13]'.
I: Adm-6003: Trying to disconnect un-connected pin 'Z[0]' of instance 'ND2[14]'.
I: Adm-6003: Trying to disconnect un-connected pin 'Z[0]' of instance 'ND2[15]'.
I: Adm-6003: Trying to disconnect un-connected pin 'Z[0]' of instance 'ND2[16]'.
I: Adm-6003: Trying to disconnect un-connected pin 'Z[0]' of instance 'ND2[17]'.
I: Adm-6003: Trying to disconnect un-connected pin 'Z[0]' of instance 'ND2[18]'.
I: Adm-6003: Trying to disconnect un-connected pin 'Z[0]' of instance 'ND2[19]'.
I: Adm-6003: Trying to disconnect un-connected pin 'Z[0]' of instance 'ND2[20]'.
I: Adm-6003: Trying to disconnect un-connected pin 'Z[0]' of instance 'ND2[21]'.
I: Adm-6003: Trying to disconnect un-connected pin 'Z[0]' of instance 'ND2[22]'.
I: Adm-6003: Trying to disconnect un-connected pin 'Z[0]' of instance 'ND2[23]'.
I: Adm-6003: Trying to disconnect un-connected pin 'Z[0]' of instance 'ND2[24]'.
I: Adm-6003: Trying to disconnect un-connected pin 'Z[0]' of instance 'ND2[25]'.
I: Adm-6003: Trying to disconnect un-connected pin 'Z[0]' of instance 'ND2[26]'.
I: Adm-6003: Trying to disconnect un-connected pin 'Z[0]' of instance 'ND2[27]'.
I: Adm-6003: Trying to disconnect un-connected pin 'Z[0]' of instance 'ND2[28]'.
I: Adm-6003: Trying to disconnect un-connected pin 'Z[0]' of instance 'ND2[29]'.
I: Adm-6003: Trying to disconnect un-connected pin 'Z[0]' of instance 'ND2[30]'.
I: Adm-6003: Trying to disconnect un-connected pin 'Z[0]' of instance 'ND2[31]'.
I: Adm-6003: Trying to disconnect un-connected pin 'Z[0]' of instance 'ND3[0]'.
I: Adm-6003: Trying to disconnect un-connected pin 'Z[0]' of instance 'ND3[1]'.
I: Adm-6003: Trying to disconnect un-connected pin 'Z[0]' of instance 'ND3[2]'.
I: Adm-6003: Trying to disconnect un-connected pin 'Z[0]' of instance 'ND3[3]'.
I: Adm-6003: Trying to disconnect un-connected pin 'Z[0]' of instance 'ND3[4]'.
I: Adm-6003: Trying to disconnect un-connected pin 'Z[0]' of instance 'ND3[5]'.
I: Adm-6003: Trying to disconnect un-connected pin 'Z[0]' of instance 'ND3[6]'.
I: Adm-6003: Trying to disconnect un-connected pin 'Z[0]' of instance 'ND3[7]'.
I: Adm-6003: Trying to disconnect un-connected pin 'Z[0]' of instance 'ND3[8]'.
I: Adm-6003: Trying to disconnect un-connected pin 'Z[0]' of instance 'ND3[9]'.
I: Adm-6003: Trying to disconnect un-connected pin 'Z[0]' of instance 'ND3[10]'.
I: Adm-6003: Trying to disconnect un-connected pin 'Z[0]' of instance 'ND3[11]'.
I: Adm-6003: Trying to disconnect un-connected pin 'Z[0]' of instance 'ND3[12]'.
I: Adm-6003: Trying to disconnect un-connected pin 'Z[0]' of instance 'ND3[13]'.
I: Adm-6003: Trying to disconnect un-connected pin 'Z[0]' of instance 'ND3[14]'.
I: Adm-6003: Trying to disconnect un-connected pin 'Z[0]' of instance 'ND3[15]'.
I: Adm-6003: Trying to disconnect un-connected pin 'Z[0]' of instance 'ND3[16]'.
I: Adm-6003: Trying to disconnect un-connected pin 'Z[0]' of instance 'ND3[17]'.
I: Adm-6003: Trying to disconnect un-connected pin 'Z[0]' of instance 'ND3[18]'.
I: Adm-6003: Trying to disconnect un-connected pin 'Z[0]' of instance 'ND3[19]'.
I: Adm-6003: Trying to disconnect un-connected pin 'Z[0]' of instance 'ND3[20]'.
I: Adm-6003: Trying to disconnect un-connected pin 'Z[0]' of instance 'ND3[21]'.
I: Adm-6003: Trying to disconnect un-connected pin 'Z[0]' of instance 'ND3[22]'.
I: Adm-6003: Trying to disconnect un-connected pin 'Z[0]' of instance 'ND3[23]'.
I: Adm-6003: Trying to disconnect un-connected pin 'Z[0]' of instance 'ND3[24]'.
I: Adm-6003: Trying to disconnect un-connected pin 'Z[0]' of instance 'ND3[25]'.
I: Adm-6003: Trying to disconnect un-connected pin 'Z[0]' of instance 'ND3[26]'.
I: Adm-6003: Trying to disconnect un-connected pin 'Z[0]' of instance 'ND3[27]'.
I: Adm-6003: Trying to disconnect un-connected pin 'Z[0]' of instance 'ND3[28]'.
I: Adm-6003: Trying to disconnect un-connected pin 'Z[0]' of instance 'ND3[29]'.
I: Adm-6003: Trying to disconnect un-connected pin 'Z[0]' of instance 'ND3[30]'.
I: Adm-6003: Trying to disconnect un-connected pin 'Z[0]' of instance 'ND3[31]'.
I: Adm-6003: Trying to disconnect un-connected pin 'Z[0]' of instance 'ND4[0]'.
I: Adm-6003: Trying to disconnect un-connected pin 'Z[0]' of instance 'ND4[1]'.
I: Adm-6003: Trying to disconnect un-connected pin 'Z[0]' of instance 'ND4[2]'.
I: Adm-6003: Trying to disconnect un-connected pin 'Z[0]' of instance 'ND4[3]'.
I: Adm-6003: Trying to disconnect un-connected pin 'Z[0]' of instance 'ND4[4]'.
I: Adm-6003: Trying to disconnect un-connected pin 'Z[0]' of instance 'ND4[5]'.
I: Adm-6003: Trying to disconnect un-connected pin 'Z[0]' of instance 'ND4[6]'.
I: Adm-6003: Trying to disconnect un-connected pin 'Z[0]' of instance 'ND4[7]'.
I: Adm-6003: Trying to disconnect un-connected pin 'Z[0]' of instance 'ND4[8]'.
I: Adm-6003: Trying to disconnect un-connected pin 'Z[0]' of instance 'ND4[9]'.
I: Adm-6003: Trying to disconnect un-connected pin 'Z[0]' of instance 'ND4[10]'.
I: Adm-6003: Trying to disconnect un-connected pin 'Z[0]' of instance 'ND4[11]'.
I: Adm-6003: Trying to disconnect un-connected pin 'Z[0]' of instance 'ND4[12]'.
I: Adm-6003: Trying to disconnect un-connected pin 'Z[0]' of instance 'ND4[13]'.
I: Adm-6003: Trying to disconnect un-connected pin 'Z[0]' of instance 'ND4[14]'.
I: Adm-6003: Trying to disconnect un-connected pin 'Z[0]' of instance 'ND4[15]'.
I: Adm-6003: Trying to disconnect un-connected pin 'Z[0]' of instance 'ND4[16]'.
I: Adm-6003: Trying to disconnect un-connected pin 'Z[0]' of instance 'ND4[17]'.
I: Adm-6003: Trying to disconnect un-connected pin 'Z[0]' of instance 'ND4[18]'.
I: Adm-6003: Trying to disconnect un-connected pin 'Z[0]' of instance 'ND4[19]'.
I: Adm-6003: Trying to disconnect un-connected pin 'Z[0]' of instance 'ND4[20]'.
I: Adm-6003: Trying to disconnect un-connected pin 'Z[0]' of instance 'ND4[21]'.
I: Adm-6003: Trying to disconnect un-connected pin 'Z[0]' of instance 'ND4[22]'.
I: Adm-6003: Trying to disconnect un-connected pin 'Z[0]' of instance 'ND4[23]'.
I: Adm-6003: Trying to disconnect un-connected pin 'Z[0]' of instance 'ND4[24]'.
I: Adm-6003: Trying to disconnect un-connected pin 'Z[0]' of instance 'ND4[25]'.
I: Adm-6003: Trying to disconnect un-connected pin 'Z[0]' of instance 'ND4[26]'.
I: Adm-6003: Trying to disconnect un-connected pin 'Z[0]' of instance 'ND4[27]'.
I: Adm-6003: Trying to disconnect un-connected pin 'Z[0]' of instance 'ND4[28]'.
I: Adm-6003: Trying to disconnect un-connected pin 'Z[0]' of instance 'ND4[29]'.
I: Adm-6003: Trying to disconnect un-connected pin 'Z[0]' of instance 'ND4[30]'.
I: Adm-6003: Trying to disconnect un-connected pin 'Z[0]' of instance 'ND4[31]'.
I: Adm-6003: Trying to disconnect un-connected pin 'Z[0]' of instance 'ND5[0]'.
I: Adm-6003: Trying to disconnect un-connected pin 'Z[0]' of instance 'ND5[1]'.
I: Adm-6003: Trying to disconnect un-connected pin 'Z[0]' of instance 'ND5[2]'.
I: Adm-6003: Trying to disconnect un-connected pin 'Z[0]' of instance 'ND5[3]'.
I: Adm-6003: Trying to disconnect un-connected pin 'Z[0]' of instance 'ND5[4]'.
I: Adm-6003: Trying to disconnect un-connected pin 'Z[0]' of instance 'ND5[5]'.
I: Adm-6003: Trying to disconnect un-connected pin 'Z[0]' of instance 'ND5[6]'.
I: Adm-6003: Trying to disconnect un-connected pin 'Z[0]' of instance 'ND5[7]'.
I: Adm-6003: Trying to disconnect un-connected pin 'Z[0]' of instance 'ND5[8]'.
I: Adm-6003: Trying to disconnect un-connected pin 'Z[0]' of instance 'ND5[9]'.
I: Adm-6003: Trying to disconnect un-connected pin 'Z[0]' of instance 'ND5[10]'.
I: Adm-6003: Trying to disconnect un-connected pin 'Z[0]' of instance 'ND5[11]'.
I: Adm-6003: Trying to disconnect un-connected pin 'Z[0]' of instance 'ND5[12]'.
I: Adm-6003: Trying to disconnect un-connected pin 'Z[0]' of instance 'ND5[13]'.
I: Adm-6003: Trying to disconnect un-connected pin 'Z[0]' of instance 'ND5[14]'.
I: Adm-6003: Trying to disconnect un-connected pin 'Z[0]' of instance 'ND5[15]'.
I: Adm-6003: Trying to disconnect un-connected pin 'Z[0]' of instance 'ND5[16]'.
I: Adm-6003: Trying to disconnect un-connected pin 'Z[0]' of instance 'ND5[17]'.
I: Adm-6003: Trying to disconnect un-connected pin 'Z[0]' of instance 'ND5[18]'.
I: Adm-6003: Trying to disconnect un-connected pin 'Z[0]' of instance 'ND5[19]'.
I: Adm-6003: Trying to disconnect un-connected pin 'Z[0]' of instance 'ND5[20]'.
I: Adm-6003: Trying to disconnect un-connected pin 'Z[0]' of instance 'ND5[21]'.
I: Adm-6003: Trying to disconnect un-connected pin 'Z[0]' of instance 'ND5[22]'.
I: Adm-6003: Trying to disconnect un-connected pin 'Z[0]' of instance 'ND5[23]'.
I: Adm-6003: Trying to disconnect un-connected pin 'Z[0]' of instance 'ND5[24]'.
I: Adm-6003: Trying to disconnect un-connected pin 'Z[0]' of instance 'ND5[25]'.
I: Adm-6003: Trying to disconnect un-connected pin 'Z[0]' of instance 'ND5[26]'.
I: Adm-6003: Trying to disconnect un-connected pin 'Z[0]' of instance 'ND5[27]'.
I: Adm-6003: Trying to disconnect un-connected pin 'Z[0]' of instance 'ND5[28]'.
I: Adm-6003: Trying to disconnect un-connected pin 'Z[0]' of instance 'ND5[29]'.
I: Adm-6003: Trying to disconnect un-connected pin 'Z[0]' of instance 'ND5[30]'.
I: Adm-6003: Trying to disconnect un-connected pin 'Z[0]' of instance 'ND5[31]'.
I: Adm-6003: Trying to disconnect un-connected pin 'Z[0]' of instance 'ND6[0]'.
I: Adm-6003: Trying to disconnect un-connected pin 'Z[0]' of instance 'ND6[1]'.
I: Adm-6003: Trying to disconnect un-connected pin 'Z[0]' of instance 'ND6[2]'.
I: Adm-6003: Trying to disconnect un-connected pin 'Z[0]' of instance 'ND6[3]'.
I: Adm-6003: Trying to disconnect un-connected pin 'Z[0]' of instance 'ND6[4]'.
I: Adm-6003: Trying to disconnect un-connected pin 'Z[0]' of instance 'ND6[5]'.
I: Adm-6003: Trying to disconnect un-connected pin 'Z[0]' of instance 'ND6[6]'.
I: Adm-6003: Trying to disconnect un-connected pin 'Z[0]' of instance 'ND6[7]'.
I: Adm-6003: Trying to disconnect un-connected pin 'Z[0]' of instance 'ND6[8]'.
I: Adm-6003: Trying to disconnect un-connected pin 'Z[0]' of instance 'ND6[9]'.
I: Adm-6003: Trying to disconnect un-connected pin 'Z[0]' of instance 'ND6[10]'.
I: Adm-6003: Trying to disconnect un-connected pin 'Z[0]' of instance 'ND6[11]'.
I: Adm-6003: Trying to disconnect un-connected pin 'Z[0]' of instance 'ND6[12]'.
I: Adm-6003: Trying to disconnect un-connected pin 'Z[0]' of instance 'ND6[13]'.
I: Adm-6003: Trying to disconnect un-connected pin 'Z[0]' of instance 'ND6[14]'.
I: Adm-6003: Trying to disconnect un-connected pin 'Z[0]' of instance 'ND6[15]'.
I: Adm-6003: Trying to disconnect un-connected pin 'Z[0]' of instance 'ND6[16]'.
I: Adm-6003: Trying to disconnect un-connected pin 'Z[0]' of instance 'ND6[17]'.
I: Adm-6003: Trying to disconnect un-connected pin 'Z[0]' of instance 'ND6[18]'.
I: Adm-6003: Trying to disconnect un-connected pin 'Z[0]' of instance 'ND6[19]'.
I: Adm-6003: Trying to disconnect un-connected pin 'Z[0]' of instance 'ND6[20]'.
I: Adm-6003: Trying to disconnect un-connected pin 'Z[0]' of instance 'ND6[21]'.
I: Adm-6003: Trying to disconnect un-connected pin 'Z[0]' of instance 'ND6[22]'.
I: Adm-6003: Trying to disconnect un-connected pin 'Z[0]' of instance 'ND6[23]'.
I: Adm-6003: Trying to disconnect un-connected pin 'Z[0]' of instance 'ND6[24]'.
I: Adm-6003: Trying to disconnect un-connected pin 'Z[0]' of instance 'ND6[25]'.
I: Adm-6003: Trying to disconnect un-connected pin 'Z[0]' of instance 'ND6[26]'.
I: Adm-6003: Trying to disconnect un-connected pin 'Z[0]' of instance 'ND6[27]'.
I: Adm-6003: Trying to disconnect un-connected pin 'Z[0]' of instance 'ND6[28]'.
I: Adm-6003: Trying to disconnect un-connected pin 'Z[0]' of instance 'ND6[29]'.
I: Adm-6003: Trying to disconnect un-connected pin 'Z[0]' of instance 'ND6[30]'.
I: Adm-6003: Trying to disconnect un-connected pin 'Z[0]' of instance 'ND8[25]'.
I: Adm-6003: Trying to disconnect un-connected pin 'Z[0]' of instance 'ND8[24]'.
I: Adm-6003: Trying to disconnect un-connected pin 'Z[0]' of instance 'ND8[26]'.
I: Adm-6003: Trying to disconnect un-connected pin 'Z[0]' of instance 'ND8[27]'.
I: Adm-6003: Trying to disconnect un-connected pin 'Z[0]' of instance 'ND8[28]'.
I: Adm-6003: Trying to disconnect un-connected pin 'Z[0]' of instance 'ND8[29]'.
I: Adm-6003: Trying to disconnect un-connected pin 'Z[0]' of instance 'ND8[30]'.
I: Adm-6003: Trying to disconnect un-connected pin 'Z[0]' of instance 'ND7[23]'.
I: Adm-6003: Trying to disconnect un-connected pin 'Z[0]' of instance 'ND7[24]'.
I: Adm-6003: Trying to disconnect un-connected pin 'Z[0]' of instance 'ND7[25]'.
I: Adm-6003: Trying to disconnect un-connected pin 'Z[0]' of instance 'ND7[26]'.
I: Adm-6003: Trying to disconnect un-connected pin 'Z[0]' of instance 'ND7[27]'.
I: Adm-6003: Trying to disconnect un-connected pin 'Z[0]' of instance 'ND7[28]'.
I: Adm-6003: Trying to disconnect un-connected pin 'Z[0]' of instance 'ND7[29]'.
I: Adm-6003: Trying to disconnect un-connected pin 'Z[0]' of instance 'ND7[30]'.
I: Adm-6003: Trying to disconnect un-connected pin 'Z[0]' of instance 'ND7[31]'.
I: Adm-6003: Trying to disconnect un-connected pin 'Z[0]' of instance 'ND8[0]'.
I: Adm-6003: Trying to disconnect un-connected pin 'Z[0]' of instance 'ND8[1]'.
I: Adm-6003: Trying to disconnect un-connected pin 'Z[0]' of instance 'ND8[2]'.
I: Adm-6003: Trying to disconnect un-connected pin 'Z[0]' of instance 'ND8[3]'.
I: Adm-6003: Trying to disconnect un-connected pin 'Z[0]' of instance 'ND8[4]'.
I: Adm-6003: Trying to disconnect un-connected pin 'Z[0]' of instance 'ND8[5]'.
I: Adm-6003: Trying to disconnect un-connected pin 'Z[0]' of instance 'ND8[6]'.
I: Adm-6003: Trying to disconnect un-connected pin 'Z[0]' of instance 'ND8[7]'.
I: Adm-6003: Trying to disconnect un-connected pin 'Z[0]' of instance 'ND8[8]'.
I: Adm-6003: Trying to disconnect un-connected pin 'Z[0]' of instance 'ND8[9]'.
I: Adm-6003: Trying to disconnect un-connected pin 'Z[0]' of instance 'ND8[10]'.
I: Adm-6003: Trying to disconnect un-connected pin 'Z[0]' of instance 'ND8[11]'.
I: Adm-6003: Trying to disconnect un-connected pin 'Z[0]' of instance 'ND8[12]'.
I: Adm-6003: Trying to disconnect un-connected pin 'Z[0]' of instance 'ND8[13]'.
I: Adm-6003: Trying to disconnect un-connected pin 'Z[0]' of instance 'ND8[14]'.
I: Adm-6003: Trying to disconnect un-connected pin 'Z[0]' of instance 'ND8[15]'.
I: Adm-6003: Trying to disconnect un-connected pin 'Z[0]' of instance 'ND8[16]'.
I: Adm-6003: Trying to disconnect un-connected pin 'Z[0]' of instance 'ND8[17]'.
I: Adm-6003: Trying to disconnect un-connected pin 'Z[0]' of instance 'ND8[18]'.
I: Adm-6003: Trying to disconnect un-connected pin 'Z[0]' of instance 'ND8[19]'.
I: Adm-6003: Trying to disconnect un-connected pin 'Z[0]' of instance 'ND8[20]'.
I: Adm-6003: Trying to disconnect un-connected pin 'Z[0]' of instance 'ND8[21]'.
I: Adm-6003: Trying to disconnect un-connected pin 'Z[0]' of instance 'ND8[22]'.
I: Adm-6003: Trying to disconnect un-connected pin 'Z[0]' of instance 'ND8[23]'.
I: Adm-6003: Trying to disconnect un-connected pin 'Z[0]' of instance 'ND2[0]'.
I: Adm-6003: Trying to disconnect un-connected pin 'Z[0]' of instance 'ND2[1]'.
I: Adm-6003: Trying to disconnect un-connected pin 'Z[0]' of instance 'ND2[2]'.
I: Adm-6003: Trying to disconnect un-connected pin 'Z[0]' of instance 'ND2[3]'.
I: Adm-6003: Trying to disconnect un-connected pin 'Z[0]' of instance 'ND2[4]'.
I: Adm-6003: Trying to disconnect un-connected pin 'Z[0]' of instance 'ND2[5]'.
I: Adm-6003: Trying to disconnect un-connected pin 'Z[0]' of instance 'ND2[6]'.
I: Adm-6003: Trying to disconnect un-connected pin 'Z[0]' of instance 'ND2[7]'.
I: Adm-6003: Trying to disconnect un-connected pin 'Z[0]' of instance 'ND2[8]'.
I: Adm-6003: Trying to disconnect un-connected pin 'Z[0]' of instance 'ND2[9]'.
I: Adm-6003: Trying to disconnect un-connected pin 'Z[0]' of instance 'ND2[10]'.
I: Adm-6003: Trying to disconnect un-connected pin 'Z[0]' of instance 'ND2[11]'.
I: Adm-6003: Trying to disconnect un-connected pin 'Z[0]' of instance 'ND2[12]'.
I: Adm-6003: Trying to disconnect un-connected pin 'Z[0]' of instance 'ND2[13]'.
I: Adm-6003: Trying to disconnect un-connected pin 'Z[0]' of instance 'ND2[14]'.
I: Adm-6003: Trying to disconnect un-connected pin 'Z[0]' of instance 'ND2[15]'.
I: Adm-6003: Trying to disconnect un-connected pin 'Z[0]' of instance 'ND2[16]'.
I: Adm-6003: Trying to disconnect un-connected pin 'Z[0]' of instance 'ND2[17]'.
I: Adm-6003: Trying to disconnect un-connected pin 'Z[0]' of instance 'ND2[18]'.
I: Adm-6003: Trying to disconnect un-connected pin 'Z[0]' of instance 'ND2[19]'.
I: Adm-6003: Trying to disconnect un-connected pin 'Z[0]' of instance 'ND2[20]'.
I: Adm-6003: Trying to disconnect un-connected pin 'Z[0]' of instance 'ND2[21]'.
I: Adm-6003: Trying to disconnect un-connected pin 'Z[0]' of instance 'ND2[22]'.
I: Adm-6003: Trying to disconnect un-connected pin 'Z[0]' of instance 'ND2[23]'.
I: Adm-6003: Trying to disconnect un-connected pin 'Z[0]' of instance 'ND2[24]'.
I: Adm-6003: Trying to disconnect un-connected pin 'Z[0]' of instance 'ND2[25]'.
I: Adm-6003: Trying to disconnect un-connected pin 'Z[0]' of instance 'ND2[26]'.
I: Adm-6003: Trying to disconnect un-connected pin 'Z[0]' of instance 'ND2[27]'.
I: Adm-6003: Trying to disconnect un-connected pin 'Z[0]' of instance 'ND2[28]'.
I: Adm-6003: Trying to disconnect un-connected pin 'Z[0]' of instance 'ND2[29]'.
I: Adm-6003: Trying to disconnect un-connected pin 'Z[0]' of instance 'ND2[30]'.
I: Adm-6003: Trying to disconnect un-connected pin 'Z[0]' of instance 'ND2[31]'.
I: Adm-6003: Trying to disconnect un-connected pin 'Z[0]' of instance 'ND3[0]'.
I: Adm-6003: Trying to disconnect un-connected pin 'Z[0]' of instance 'ND3[1]'.
I: Adm-6003: Trying to disconnect un-connected pin 'Z[0]' of instance 'ND3[2]'.
I: Adm-6003: Trying to disconnect un-connected pin 'Z[0]' of instance 'ND3[3]'.
I: Adm-6003: Trying to disconnect un-connected pin 'Z[0]' of instance 'ND3[4]'.
I: Adm-6003: Trying to disconnect un-connected pin 'Z[0]' of instance 'ND3[5]'.
I: Adm-6003: Trying to disconnect un-connected pin 'Z[0]' of instance 'ND3[6]'.
I: Adm-6003: Trying to disconnect un-connected pin 'Z[0]' of instance 'ND3[7]'.
I: Adm-6003: Trying to disconnect un-connected pin 'Z[0]' of instance 'ND3[8]'.
I: Adm-6003: Trying to disconnect un-connected pin 'Z[0]' of instance 'ND3[9]'.
I: Adm-6003: Trying to disconnect un-connected pin 'Z[0]' of instance 'ND3[10]'.
I: Adm-6003: Trying to disconnect un-connected pin 'Z[0]' of instance 'ND3[11]'.
I: Adm-6003: Trying to disconnect un-connected pin 'Z[0]' of instance 'ND3[12]'.
I: Adm-6003: Trying to disconnect un-connected pin 'Z[0]' of instance 'ND3[13]'.
I: Adm-6003: Trying to disconnect un-connected pin 'Z[0]' of instance 'ND3[14]'.
I: Adm-6003: Trying to disconnect un-connected pin 'Z[0]' of instance 'ND3[15]'.
I: Adm-6003: Trying to disconnect un-connected pin 'Z[0]' of instance 'ND3[16]'.
I: Adm-6003: Trying to disconnect un-connected pin 'Z[0]' of instance 'ND3[17]'.
I: Adm-6003: Trying to disconnect un-connected pin 'Z[0]' of instance 'ND3[18]'.
I: Adm-6003: Trying to disconnect un-connected pin 'Z[0]' of instance 'ND3[19]'.
I: Adm-6003: Trying to disconnect un-connected pin 'Z[0]' of instance 'ND3[20]'.
I: Adm-6003: Trying to disconnect un-connected pin 'Z[0]' of instance 'ND3[21]'.
I: Adm-6003: Trying to disconnect un-connected pin 'Z[0]' of instance 'ND3[22]'.
I: Adm-6003: Trying to disconnect un-connected pin 'Z[0]' of instance 'ND3[23]'.
I: Adm-6003: Trying to disconnect un-connected pin 'Z[0]' of instance 'ND3[24]'.
I: Adm-6003: Trying to disconnect un-connected pin 'Z[0]' of instance 'ND3[25]'.
I: Adm-6003: Trying to disconnect un-connected pin 'Z[0]' of instance 'ND3[26]'.
I: Adm-6003: Trying to disconnect un-connected pin 'Z[0]' of instance 'ND3[27]'.
I: Adm-6003: Trying to disconnect un-connected pin 'Z[0]' of instance 'ND3[28]'.
I: Adm-6003: Trying to disconnect un-connected pin 'Z[0]' of instance 'ND3[29]'.
I: Adm-6003: Trying to disconnect un-connected pin 'Z[0]' of instance 'ND3[30]'.
I: Adm-6003: Trying to disconnect un-connected pin 'Z[0]' of instance 'ND3[31]'.
I: Adm-6003: Trying to disconnect un-connected pin 'Z[0]' of instance 'ND4[0]'.
I: Adm-6003: Trying to disconnect un-connected pin 'Z[0]' of instance 'ND4[1]'.
I: Adm-6003: Trying to disconnect un-connected pin 'Z[0]' of instance 'ND4[2]'.
I: Adm-6003: Trying to disconnect un-connected pin 'Z[0]' of instance 'ND4[3]'.
I: Adm-6003: Trying to disconnect un-connected pin 'Z[0]' of instance 'ND4[4]'.
I: Adm-6003: Trying to disconnect un-connected pin 'Z[0]' of instance 'ND4[5]'.
I: Adm-6003: Trying to disconnect un-connected pin 'Z[0]' of instance 'ND4[6]'.
I: Adm-6003: Trying to disconnect un-connected pin 'Z[0]' of instance 'ND4[7]'.
I: Adm-6003: Trying to disconnect un-connected pin 'Z[0]' of instance 'ND4[8]'.
I: Adm-6003: Trying to disconnect un-connected pin 'Z[0]' of instance 'ND4[9]'.
I: Adm-6003: Trying to disconnect un-connected pin 'Z[0]' of instance 'ND4[10]'.
I: Adm-6003: Trying to disconnect un-connected pin 'Z[0]' of instance 'ND4[11]'.
I: Adm-6003: Trying to disconnect un-connected pin 'Z[0]' of instance 'ND4[12]'.
I: Adm-6003: Trying to disconnect un-connected pin 'Z[0]' of instance 'ND4[13]'.
I: Adm-6003: Trying to disconnect un-connected pin 'Z[0]' of instance 'ND4[14]'.
I: Adm-6003: Trying to disconnect un-connected pin 'Z[0]' of instance 'ND4[15]'.
I: Adm-6003: Trying to disconnect un-connected pin 'Z[0]' of instance 'ND4[16]'.
I: Adm-6003: Trying to disconnect un-connected pin 'Z[0]' of instance 'ND4[17]'.
I: Adm-6003: Trying to disconnect un-connected pin 'Z[0]' of instance 'ND4[18]'.
I: Adm-6003: Trying to disconnect un-connected pin 'Z[0]' of instance 'ND4[19]'.
I: Adm-6003: Trying to disconnect un-connected pin 'Z[0]' of instance 'ND4[20]'.
I: Adm-6003: Trying to disconnect un-connected pin 'Z[0]' of instance 'ND4[21]'.
I: Adm-6003: Trying to disconnect un-connected pin 'Z[0]' of instance 'ND4[22]'.
I: Adm-6003: Trying to disconnect un-connected pin 'Z[0]' of instance 'ND4[23]'.
I: Adm-6003: Trying to disconnect un-connected pin 'Z[0]' of instance 'ND4[24]'.
I: Adm-6003: Trying to disconnect un-connected pin 'Z[0]' of instance 'ND4[25]'.
I: Adm-6003: Trying to disconnect un-connected pin 'Z[0]' of instance 'ND4[26]'.
I: Adm-6003: Trying to disconnect un-connected pin 'Z[0]' of instance 'ND4[27]'.
I: Adm-6003: Trying to disconnect un-connected pin 'Z[0]' of instance 'ND4[28]'.
I: Adm-6003: Trying to disconnect un-connected pin 'Z[0]' of instance 'ND4[29]'.
I: Adm-6003: Trying to disconnect un-connected pin 'Z[0]' of instance 'ND4[30]'.
I: Adm-6003: Trying to disconnect un-connected pin 'Z[0]' of instance 'ND4[31]'.
I: Adm-6003: Trying to disconnect un-connected pin 'Z[0]' of instance 'ND5[0]'.
I: Adm-6003: Trying to disconnect un-connected pin 'Z[0]' of instance 'ND5[1]'.
I: Adm-6003: Trying to disconnect un-connected pin 'Z[0]' of instance 'ND5[2]'.
I: Adm-6003: Trying to disconnect un-connected pin 'Z[0]' of instance 'ND5[3]'.
I: Adm-6003: Trying to disconnect un-connected pin 'Z[0]' of instance 'ND5[4]'.
I: Adm-6003: Trying to disconnect un-connected pin 'Z[0]' of instance 'ND5[5]'.
I: Adm-6003: Trying to disconnect un-connected pin 'Z[0]' of instance 'ND5[6]'.
I: Adm-6003: Trying to disconnect un-connected pin 'Z[0]' of instance 'ND5[7]'.
I: Adm-6003: Trying to disconnect un-connected pin 'Z[0]' of instance 'ND5[8]'.
I: Adm-6003: Trying to disconnect un-connected pin 'Z[0]' of instance 'ND5[9]'.
I: Adm-6003: Trying to disconnect un-connected pin 'Z[0]' of instance 'ND5[10]'.
I: Adm-6003: Trying to disconnect un-connected pin 'Z[0]' of instance 'ND5[11]'.
I: Adm-6003: Trying to disconnect un-connected pin 'Z[0]' of instance 'ND5[12]'.
I: Adm-6003: Trying to disconnect un-connected pin 'Z[0]' of instance 'ND5[13]'.
I: Adm-6003: Trying to disconnect un-connected pin 'Z[0]' of instance 'ND5[14]'.
I: Adm-6003: Trying to disconnect un-connected pin 'Z[0]' of instance 'ND5[15]'.
I: Adm-6003: Trying to disconnect un-connected pin 'Z[0]' of instance 'ND5[16]'.
I: Adm-6003: Trying to disconnect un-connected pin 'Z[0]' of instance 'ND5[17]'.
I: Adm-6003: Trying to disconnect un-connected pin 'Z[0]' of instance 'ND5[18]'.
I: Adm-6003: Trying to disconnect un-connected pin 'Z[0]' of instance 'ND5[19]'.
I: Adm-6003: Trying to disconnect un-connected pin 'Z[0]' of instance 'ND5[20]'.
I: Adm-6003: Trying to disconnect un-connected pin 'Z[0]' of instance 'ND5[21]'.
I: Adm-6003: Trying to disconnect un-connected pin 'Z[0]' of instance 'ND5[22]'.
I: Adm-6003: Trying to disconnect un-connected pin 'Z[0]' of instance 'ND5[23]'.
I: Adm-6003: Trying to disconnect un-connected pin 'Z[0]' of instance 'ND5[24]'.
I: Adm-6003: Trying to disconnect un-connected pin 'Z[0]' of instance 'ND5[25]'.
I: Adm-6003: Trying to disconnect un-connected pin 'Z[0]' of instance 'ND5[26]'.
I: Adm-6003: Trying to disconnect un-connected pin 'Z[0]' of instance 'ND5[27]'.
I: Adm-6003: Trying to disconnect un-connected pin 'Z[0]' of instance 'ND5[28]'.
I: Adm-6003: Trying to disconnect un-connected pin 'Z[0]' of instance 'ND5[29]'.
I: Adm-6003: Trying to disconnect un-connected pin 'Z[0]' of instance 'ND5[30]'.
I: Adm-6003: Trying to disconnect un-connected pin 'Z[0]' of instance 'ND5[31]'.
I: Adm-6003: Trying to disconnect un-connected pin 'Z[0]' of instance 'ND6[0]'.
I: Adm-6003: Trying to disconnect un-connected pin 'Z[0]' of instance 'ND6[1]'.
I: Adm-6003: Trying to disconnect un-connected pin 'Z[0]' of instance 'ND6[2]'.
I: Adm-6003: Trying to disconnect un-connected pin 'Z[0]' of instance 'ND6[3]'.
I: Adm-6003: Trying to disconnect un-connected pin 'Z[0]' of instance 'ND6[4]'.
I: Adm-6003: Trying to disconnect un-connected pin 'Z[0]' of instance 'ND6[5]'.
I: Adm-6003: Trying to disconnect un-connected pin 'Z[0]' of instance 'ND6[6]'.
I: Adm-6003: Trying to disconnect un-connected pin 'Z[0]' of instance 'ND6[7]'.
I: Adm-6003: Trying to disconnect un-connected pin 'Z[0]' of instance 'ND6[8]'.
I: Adm-6003: Trying to disconnect un-connected pin 'Z[0]' of instance 'ND6[9]'.
I: Adm-6003: Trying to disconnect un-connected pin 'Z[0]' of instance 'ND6[10]'.
I: Adm-6003: Trying to disconnect un-connected pin 'Z[0]' of instance 'ND6[11]'.
I: Adm-6003: Trying to disconnect un-connected pin 'Z[0]' of instance 'ND6[12]'.
I: Adm-6003: Trying to disconnect un-connected pin 'Z[0]' of instance 'ND6[13]'.
I: Adm-6003: Trying to disconnect un-connected pin 'Z[0]' of instance 'ND6[14]'.
I: Adm-6003: Trying to disconnect un-connected pin 'Z[0]' of instance 'ND6[15]'.
I: Adm-6003: Trying to disconnect un-connected pin 'Z[0]' of instance 'ND6[16]'.
I: Adm-6003: Trying to disconnect un-connected pin 'Z[0]' of instance 'ND6[17]'.
I: Adm-6003: Trying to disconnect un-connected pin 'Z[0]' of instance 'ND6[18]'.
I: Adm-6003: Trying to disconnect un-connected pin 'Z[0]' of instance 'ND6[19]'.
I: Adm-6003: Trying to disconnect un-connected pin 'Z[0]' of instance 'ND6[20]'.
I: Adm-6003: Trying to disconnect un-connected pin 'Z[0]' of instance 'ND6[21]'.
I: Adm-6003: Trying to disconnect un-connected pin 'Z[0]' of instance 'ND6[22]'.
I: Adm-6003: Trying to disconnect un-connected pin 'Z[0]' of instance 'ND6[23]'.
I: Adm-6003: Trying to disconnect un-connected pin 'Z[0]' of instance 'ND6[24]'.
I: Adm-6003: Trying to disconnect un-connected pin 'Z[0]' of instance 'ND6[25]'.
I: Adm-6003: Trying to disconnect un-connected pin 'Z[0]' of instance 'ND6[26]'.
I: Adm-6003: Trying to disconnect un-connected pin 'Z[0]' of instance 'ND6[27]'.
I: Adm-6003: Trying to disconnect un-connected pin 'Z[0]' of instance 'ND6[28]'.
I: Adm-6003: Trying to disconnect un-connected pin 'Z[0]' of instance 'ND6[29]'.
I: Adm-6003: Trying to disconnect un-connected pin 'Z[0]' of instance 'ND6[30]'.
I: Adm-6003: Trying to disconnect un-connected pin 'Z[0]' of instance 'ND6[31]'.
I: Adm-6003: Trying to disconnect un-connected pin 'Z[0]' of instance 'ND7[0]'.
I: Adm-6003: Trying to disconnect un-connected pin 'Z[0]' of instance 'ND7[1]'.
I: Adm-6003: Trying to disconnect un-connected pin 'Z[0]' of instance 'ND7[2]'.
I: Adm-6003: Trying to disconnect un-connected pin 'Z[0]' of instance 'ND7[3]'.
I: Adm-6003: Trying to disconnect un-connected pin 'Z[0]' of instance 'ND7[4]'.
I: Adm-6003: Trying to disconnect un-connected pin 'Z[0]' of instance 'ND7[5]'.
I: Adm-6003: Trying to disconnect un-connected pin 'Z[0]' of instance 'ND7[6]'.
I: Adm-6003: Trying to disconnect un-connected pin 'Z[0]' of instance 'ND7[7]'.
I: Adm-6003: Trying to disconnect un-connected pin 'Z[0]' of instance 'ND7[8]'.
I: Adm-6003: Trying to disconnect un-connected pin 'Z[0]' of instance 'ND7[9]'.
I: Adm-6003: Trying to disconnect un-connected pin 'Z[0]' of instance 'ND7[10]'.
I: Adm-6003: Trying to disconnect un-connected pin 'Z[0]' of instance 'ND7[11]'.
I: Adm-6003: Trying to disconnect un-connected pin 'Z[0]' of instance 'ND7[12]'.
I: Adm-6003: Trying to disconnect un-connected pin 'Z[0]' of instance 'ND7[13]'.
I: Adm-6003: Trying to disconnect un-connected pin 'Z[0]' of instance 'ND7[14]'.
I: Adm-6003: Trying to disconnect un-connected pin 'Z[0]' of instance 'ND7[15]'.
I: Adm-6003: Trying to disconnect un-connected pin 'Z[0]' of instance 'ND7[16]'.
I: Adm-6003: Trying to disconnect un-connected pin 'Z[0]' of instance 'ND7[17]'.
I: Adm-6003: Trying to disconnect un-connected pin 'Z[0]' of instance 'ND7[18]'.
I: Adm-6003: Trying to disconnect un-connected pin 'Z[0]' of instance 'ND7[19]'.
I: Adm-6003: Trying to disconnect un-connected pin 'Z[0]' of instance 'ND7[20]'.
I: Adm-6003: Trying to disconnect un-connected pin 'Z[0]' of instance 'ND7[21]'.
I: Adm-6003: Trying to disconnect un-connected pin 'Z[0]' of instance 'ND7[22]'.
Saving design to Hfpga_soc_syn.vm
Constructing timing graph ...
Timing graph has been constructed successfully
C: STA-3009: The clock CAM1_PCLK is not connected to any clock endpoints,it will be treated as a normal port or pin.
C: STA-3009: The clock CAM2_PCLK is not connected to any clock endpoints,it will be treated as a normal port or pin.
W: Timing-4087: Port 'cam1_scl' is not constrained, it is treated as combinational output.
W: Timing-4087: Port 'cam1_sda' is not constrained, it is treated as combinational output.
W: Timing-4087: Port 'cam2_scl' is not constrained, it is treated as combinational output.
W: Timing-4087: Port 'cam2_sda' is not constrained, it is treated as combinational output.
W: Timing-4086: Port 'fpioa[0]' is not constrained, it is treated as combinational input.
W: Timing-4087: Port 'fpioa[0]' is not constrained, it is treated as combinational output.
W: Timing-4086: Port 'fpioa[1]' is not constrained, it is treated as combinational input.
W: Timing-4087: Port 'fpioa[1]' is not constrained, it is treated as combinational output.
W: Timing-4086: Port 'fpioa[2]' is not constrained, it is treated as combinational input.
W: Timing-4087: Port 'fpioa[2]' is not constrained, it is treated as combinational output.
W: Timing-4086: Port 'fpioa[3]' is not constrained, it is treated as combinational input.
W: Timing-4087: Port 'fpioa[3]' is not constrained, it is treated as combinational output.
W: Timing-4086: Port 'fpioa[4]' is not constrained, it is treated as combinational input.
W: Timing-4087: Port 'fpioa[4]' is not constrained, it is treated as combinational output.
W: Timing-4086: Port 'fpioa[5]' is not constrained, it is treated as combinational input.
W: Timing-4087: Port 'fpioa[5]' is not constrained, it is treated as combinational output.
W: Timing-4086: Port 'fpioa[6]' is not constrained, it is treated as combinational input.
W: Timing-4087: Port 'fpioa[6]' is not constrained, it is treated as combinational output.
W: Timing-4086: Port 'fpioa[7]' is not constrained, it is treated as combinational input.
W: Timing-4087: Port 'fpioa[7]' is not constrained, it is treated as combinational output.
W: Timing-4086: Port 'fpioa[8]' is not constrained, it is treated as combinational input.
W: Timing-4087: Port 'fpioa[8]' is not constrained, it is treated as combinational output.
W: Timing-4086: Port 'fpioa[9]' is not constrained, it is treated as combinational input.
W: Timing-4087: Port 'fpioa[9]' is not constrained, it is treated as combinational output.
W: Timing-4086: Port 'fpioa[10]' is not constrained, it is treated as combinational input.
W: Timing-4087: Port 'fpioa[10]' is not constrained, it is treated as combinational output.
W: Timing-4086: Port 'fpioa[11]' is not constrained, it is treated as combinational input.
W: Timing-4087: Port 'fpioa[11]' is not constrained, it is treated as combinational output.
W: Timing-4086: Port 'fpioa[12]' is not constrained, it is treated as combinational input.
W: Timing-4087: Port 'fpioa[12]' is not constrained, it is treated as combinational output.
W: Timing-4086: Port 'fpioa[13]' is not constrained, it is treated as combinational input.
W: Timing-4087: Port 'fpioa[13]' is not constrained, it is treated as combinational output.
W: Timing-4086: Port 'fpioa[14]' is not constrained, it is treated as combinational input.
W: Timing-4087: Port 'fpioa[14]' is not constrained, it is treated as combinational output.
W: Timing-4086: Port 'fpioa[15]' is not constrained, it is treated as combinational input.
W: Timing-4087: Port 'fpioa[15]' is not constrained, it is treated as combinational output.
W: Timing-4086: Port 'fpioa[16]' is not constrained, it is treated as combinational input.
W: Timing-4087: Port 'fpioa[16]' is not constrained, it is treated as combinational output.
W: Timing-4086: Port 'fpioa[17]' is not constrained, it is treated as combinational input.
W: Timing-4087: Port 'fpioa[17]' is not constrained, it is treated as combinational output.
W: Timing-4086: Port 'fpioa[18]' is not constrained, it is treated as combinational input.
W: Timing-4087: Port 'fpioa[18]' is not constrained, it is treated as combinational output.
W: Timing-4086: Port 'fpioa[19]' is not constrained, it is treated as combinational input.
W: Timing-4087: Port 'fpioa[19]' is not constrained, it is treated as combinational output.
W: Timing-4086: Port 'fpioa[20]' is not constrained, it is treated as combinational input.
W: Timing-4087: Port 'fpioa[20]' is not constrained, it is treated as combinational output.
W: Timing-4086: Port 'fpioa[21]' is not constrained, it is treated as combinational input.
W: Timing-4087: Port 'fpioa[21]' is not constrained, it is treated as combinational output.
W: Timing-4086: Port 'fpioa[22]' is not constrained, it is treated as combinational input.
W: Timing-4087: Port 'fpioa[22]' is not constrained, it is treated as combinational output.
W: Timing-4086: Port 'fpioa[23]' is not constrained, it is treated as combinational input.
W: Timing-4087: Port 'fpioa[23]' is not constrained, it is treated as combinational output.
W: Timing-4086: Port 'fpioa[24]' is not constrained, it is treated as combinational input.
W: Timing-4087: Port 'fpioa[24]' is not constrained, it is treated as combinational output.
W: Timing-4086: Port 'fpioa[25]' is not constrained, it is treated as combinational input.
W: Timing-4087: Port 'fpioa[25]' is not constrained, it is treated as combinational output.
W: Timing-4086: Port 'fpioa[26]' is not constrained, it is treated as combinational input.
W: Timing-4087: Port 'fpioa[26]' is not constrained, it is treated as combinational output.
W: Timing-4086: Port 'fpioa[27]' is not constrained, it is treated as combinational input.
W: Timing-4087: Port 'fpioa[27]' is not constrained, it is treated as combinational output.
W: Timing-4086: Port 'fpioa[28]' is not constrained, it is treated as combinational input.
W: Timing-4087: Port 'fpioa[28]' is not constrained, it is treated as combinational output.
W: Timing-4086: Port 'fpioa[29]' is not constrained, it is treated as combinational input.
W: Timing-4087: Port 'fpioa[29]' is not constrained, it is treated as combinational output.
W: Timing-4086: Port 'fpioa[30]' is not constrained, it is treated as combinational input.
W: Timing-4087: Port 'fpioa[30]' is not constrained, it is treated as combinational output.
W: Timing-4086: Port 'fpioa[31]' is not constrained, it is treated as combinational input.
W: Timing-4087: Port 'fpioa[31]' is not constrained, it is treated as combinational output.
W: Timing-4087: Port 'mem_dq[0]' is not constrained, it is treated as combinational output.
W: Timing-4087: Port 'mem_dq[1]' is not constrained, it is treated as combinational output.
W: Timing-4087: Port 'mem_dq[2]' is not constrained, it is treated as combinational output.
W: Timing-4087: Port 'mem_dq[3]' is not constrained, it is treated as combinational output.
W: Timing-4087: Port 'mem_dq[4]' is not constrained, it is treated as combinational output.
W: Timing-4087: Port 'mem_dq[5]' is not constrained, it is treated as combinational output.
W: Timing-4087: Port 'mem_dq[6]' is not constrained, it is treated as combinational output.
W: Timing-4087: Port 'mem_dq[7]' is not constrained, it is treated as combinational output.
W: Timing-4087: Port 'mem_dq[8]' is not constrained, it is treated as combinational output.
W: Timing-4087: Port 'mem_dq[9]' is not constrained, it is treated as combinational output.
W: Timing-4087: Port 'mem_dq[10]' is not constrained, it is treated as combinational output.
W: Timing-4087: Port 'mem_dq[11]' is not constrained, it is treated as combinational output.
W: Timing-4087: Port 'mem_dq[12]' is not constrained, it is treated as combinational output.
W: Timing-4087: Port 'mem_dq[13]' is not constrained, it is treated as combinational output.
W: Timing-4087: Port 'mem_dq[14]' is not constrained, it is treated as combinational output.
W: Timing-4087: Port 'mem_dq[15]' is not constrained, it is treated as combinational output.
W: Timing-4087: Port 'mem_dq[16]' is not constrained, it is treated as combinational output.
W: Timing-4087: Port 'mem_dq[17]' is not constrained, it is treated as combinational output.
W: Timing-4087: Port 'mem_dq[18]' is not constrained, it is treated as combinational output.
W: Timing-4087: Port 'mem_dq[19]' is not constrained, it is treated as combinational output.
W: Timing-4087: Port 'mem_dq[20]' is not constrained, it is treated as combinational output.
W: Timing-4087: Port 'mem_dq[21]' is not constrained, it is treated as combinational output.
W: Timing-4087: Port 'mem_dq[22]' is not constrained, it is treated as combinational output.
W: Timing-4087: Port 'mem_dq[23]' is not constrained, it is treated as combinational output.
W: Timing-4087: Port 'mem_dq[24]' is not constrained, it is treated as combinational output.
W: Timing-4087: Port 'mem_dq[25]' is not constrained, it is treated as combinational output.
W: Timing-4087: Port 'mem_dq[26]' is not constrained, it is treated as combinational output.
W: Timing-4087: Port 'mem_dq[27]' is not constrained, it is treated as combinational output.
W: Timing-4087: Port 'mem_dq[28]' is not constrained, it is treated as combinational output.
W: Timing-4087: Port 'mem_dq[29]' is not constrained, it is treated as combinational output.
W: Timing-4087: Port 'mem_dq[30]' is not constrained, it is treated as combinational output.
W: Timing-4087: Port 'mem_dq[31]' is not constrained, it is treated as combinational output.
W: Timing-4087: Port 'mem_dqs[0]' is not constrained, it is treated as combinational output.
W: Timing-4087: Port 'mem_dqs[1]' is not constrained, it is treated as combinational output.
W: Timing-4087: Port 'mem_dqs[2]' is not constrained, it is treated as combinational output.
W: Timing-4087: Port 'mem_dqs[3]' is not constrained, it is treated as combinational output.
W: Timing-4087: Port 'mem_dqs_n[0]' is not constrained, it is treated as combinational output.
W: Timing-4087: Port 'mem_dqs_n[1]' is not constrained, it is treated as combinational output.
W: Timing-4087: Port 'mem_dqs_n[2]' is not constrained, it is treated as combinational output.
W: Timing-4087: Port 'mem_dqs_n[3]' is not constrained, it is treated as combinational output.
W: Timing-4087: Port 'JTAG_TDO' is not constrained, it is treated as combinational output.
W: Timing-4087: Port 'cam1_reset_n' is not constrained, it is treated as combinational output.
W: Timing-4087: Port 'cam2_reset_n' is not constrained, it is treated as combinational output.
W: Timing-4087: Port 'core_active' is not constrained, it is treated as combinational output.
W: Timing-4087: Port 'flash_cs2_n' is not constrained, it is treated as combinational output.
W: Timing-4087: Port 'flash_cs_n' is not constrained, it is treated as combinational output.
W: Timing-4087: Port 'flash_hold_n' is not constrained, it is treated as combinational output.
W: Timing-4087: Port 'flash_mosi' is not constrained, it is treated as combinational output.
W: Timing-4087: Port 'flash_wp_n' is not constrained, it is treated as combinational output.
W: Timing-4087: Port 'mem_a[0]' is not constrained, it is treated as combinational output.
W: Timing-4087: Port 'mem_a[1]' is not constrained, it is treated as combinational output.
W: Timing-4087: Port 'mem_a[2]' is not constrained, it is treated as combinational output.
W: Timing-4087: Port 'mem_a[3]' is not constrained, it is treated as combinational output.
W: Timing-4087: Port 'mem_a[4]' is not constrained, it is treated as combinational output.
W: Timing-4087: Port 'mem_a[5]' is not constrained, it is treated as combinational output.
W: Timing-4087: Port 'mem_a[6]' is not constrained, it is treated as combinational output.
W: Timing-4087: Port 'mem_a[7]' is not constrained, it is treated as combinational output.
W: Timing-4087: Port 'mem_a[8]' is not constrained, it is treated as combinational output.
W: Timing-4087: Port 'mem_a[9]' is not constrained, it is treated as combinational output.
W: Timing-4087: Port 'mem_a[10]' is not constrained, it is treated as combinational output.
W: Timing-4087: Port 'mem_a[11]' is not constrained, it is treated as combinational output.
W: Timing-4087: Port 'mem_a[12]' is not constrained, it is treated as combinational output.
W: Timing-4087: Port 'mem_a[13]' is not constrained, it is treated as combinational output.
W: Timing-4087: Port 'mem_a[14]' is not constrained, it is treated as combinational output.
W: Timing-4087: Port 'mem_ba[0]' is not constrained, it is treated as combinational output.
W: Timing-4087: Port 'mem_ba[1]' is not constrained, it is treated as combinational output.
W: Timing-4087: Port 'mem_ba[2]' is not constrained, it is treated as combinational output.
W: Timing-4087: Port 'mem_cas_n' is not constrained, it is treated as combinational output.
W: Timing-4087: Port 'mem_ck' is not constrained, it is treated as combinational output.
W: Timing-4087: Port 'mem_ck_n' is not constrained, it is treated as combinational output.
W: Timing-4087: Port 'mem_cke' is not constrained, it is treated as combinational output.
W: Timing-4087: Port 'mem_cs_n' is not constrained, it is treated as combinational output.
W: Timing-4087: Port 'mem_dm[0]' is not constrained, it is treated as combinational output.
W: Timing-4087: Port 'mem_dm[1]' is not constrained, it is treated as combinational output.
W: Timing-4087: Port 'mem_dm[2]' is not constrained, it is treated as combinational output.
W: Timing-4087: Port 'mem_dm[3]' is not constrained, it is treated as combinational output.
W: Timing-4087: Port 'mem_odt' is not constrained, it is treated as combinational output.
W: Timing-4087: Port 'mem_ras_n' is not constrained, it is treated as combinational output.
W: Timing-4087: Port 'mem_rst_n' is not constrained, it is treated as combinational output.
W: Timing-4087: Port 'mem_we_n' is not constrained, it is treated as combinational output.
W: Timing-4086: Port 'JTAG_TDI' is not constrained, it is treated as combinational input.
W: Timing-4086: Port 'JTAG_TMS' is not constrained, it is treated as combinational input.
W: Timing-4086: Port 'flash_miso' is not constrained, it is treated as combinational input.
W: Timing-4086: Port 'hard_rst_n' is not constrained, it is treated as combinational input.
Action synthesize: Real time elapsed is 0h:0m:25s
Action synthesize: CPU time elapsed is 0h:0m:6s
Action synthesize: Process CPU time elapsed is 0h:0m:6s
Current time: Tue Oct  6 18:13:49 2026
Action synthesize: Peak memory pool usage is 608 MB
Action from compile to synthesize: Total Real Time elapsed is 0h:0m:37s
Action from compile to synthesize: Total CPU time elapsed is 0h:0m:7s
Action from compile to synthesize: Total Process CPU Time elapsed is 0h:0m:7s
Compiling architecture definition.
Analyzing project file 'F:/SocFpga/project/project.pds'.
Compiling verification operator library.
Compiling common defs.
Loading technology operator library.
Compiling technology operator library.
Compiling technology operator (valence) library.
Compiling operator packing rules.
Compiling prim grid devices.
Compiling gate devices.
Compiling gate operators.
Compiling tech operator impls.
Building architecture model.
Loading device packaging model.
NOTE: The technology fpga was specified.
NOTE: delay_model specified was generic_cmos.
NOTE: Using the fpga syntax tables...
Totals:
 Calls to malloc = 0
 Calls to calloc = 148672

Flattening design 'Hfpga_soc'
Device mapping started.
Optimizing circuit logic.
Checking design netlist.
Processing tech operator.
I: The instance clkbufg_0(GTP_CLKBUFG) has been inserted on the net g_bram_profile.u_bram_profile/cpu_clk in design, driver pin CLKOUT0(instance g_bram_profile.u_bram_profile/u_pll/u_gpll) -> load pin CLK(instance g_bram_profile.u_bram_profile/cpu_rst_cnt[0]).
I: The instance clkbufg_1(GTP_CLKBUFG) has been inserted on the net g_bram_profile.u_bram_profile/JTAG_TCK_in in design, driver pin O(instance g_bram_profile.u_bram_profile/u_jtag_tck_buf) -> load pin I(instance g_bram_profile.u_bram_profile/u_jtag/u_jtag_driver/N358).
Converting tech operator to gate operator.
Processing gate operator.
I: Infer CARRY group, base inst: g_bram_profile.u_bram_profile/u_flash_bram_boot/N59_2_0/gateop, insts:17.
I: Infer CARRY group, base inst: g_bram_profile.u_bram_profile/u_flash_bram_boot/N74_1_0/gateop, insts:2.
I: Infer CARRY group, base inst: g_bram_profile.u_bram_profile/u_flash_bram_boot/N155.eq_0/gateop, insts:16.
I: Infer CARRY group, base inst: g_bram_profile.u_bram_profile/u_flash_bram_boot/N164_1_1/gateop, insts:12.
I: Infer CARRY group, base inst: g_bram_profile.u_bram_profile/u_mem/N5_1_1/gateop, insts:30.
I: Infer CARRY group, base inst: g_bram_profile.u_bram_profile/u_mem/N11_1_1/gateop, insts:30.
I: Infer CARRY group, base inst: g_bram_profile.u_bram_profile/u_uart0_tx/N63.lt_0/gateop, insts:8.
I: Infer CARRY group, base inst: g_bram_profile.u_bram_profile/u_uart0_tx/N79_1_0/gateop, insts:16.
I: Infer CARRY group, base inst: g_bram_profile.u_bram_profile/u_cpu/u_btb/N2.eq_0/gateop, insts:13.
I: Infer CARRY group, base inst: g_bram_profile.u_bram_profile/u_cpu/u_btb/N167.eq_0/gateop, insts:13.
I: Infer CARRY group, base inst: g_bram_profile.u_bram_profile/u_cpu/u_exu/N131_1_1/gateop, insts:29.
I: Infer CARRY group, base inst: g_bram_profile.u_bram_profile/u_cpu/u_idu/N274.eq_0/gateop, insts:16.
I: Infer CARRY group, base inst: g_bram_profile.u_bram_profile/u_cpu/u_idu/N277.slt_0/gateop, insts:16.
I: Infer CARRY group, base inst: g_bram_profile.u_bram_profile/u_cpu/u_idu/N280.lt_0/gateop, insts:16.
I: Infer CARRY group, base inst: g_bram_profile.u_bram_profile/u_cpu/u_idu/N322_0/gateop, insts:33.
I: Infer CARRY group, base inst: g_bram_profile.u_bram_profile/u_cpu/u_idu/N325_1/gateop, insts:32.
I: Infer CARRY group, base inst: g_bram_profile.u_bram_profile/u_cpu/u_idu/N336_1_1/gateop, insts:29.
I: Infer CARRY group, base inst: g_bram_profile.u_bram_profile/u_cpu/u_idu/N338_0.eq_0/gateop, insts:16.
I: Infer CARRY group, base inst: g_bram_profile.u_bram_profile/u_cpu/u_idu/N338_1.eq_0/gateop, insts:16.
I: Infer CARRY group, base inst: g_bram_profile.u_bram_profile/u_cpu/u_ifu/N3_1_0/gateop, insts:30.
I: Infer CARRY group, base inst: g_bram_profile.u_bram_profile/u_cpu/u_ifu/N29_1.fsub_1/gateop, insts:29.
I: Infer CARRY group, base inst: g_bram_profile.u_bram_profile/u_cpu/u_ifu/N34_1_1/gateop, insts:29.
I: Infer CARRY group, base inst: g_bram_profile.u_bram_profile/u_flash_bram_boot/u_flash_reader/N39_1_1/gateop, insts:31.
I: Infer CARRY group, base inst: g_bram_profile.u_bram_profile/u_flash_bram_boot/u_flash_reader/N121_1.fsub_1/gateop, insts:31.
I: Infer CARRY group, base inst: g_bram_profile.u_bram_profile/u_jtag/u_jtag_dm/N260_0/gateop, insts:33.
I: Infer CARRY group, base inst: g_bram_profile.u_bram_profile/u_cpu/u_exu/u_alu/N11.slt_0/gateop, insts:16.
I: Infer CARRY group, base inst: g_bram_profile.u_bram_profile/u_cpu/u_exu/u_alu/N16.lt_0/gateop, insts:16.
I: Infer CARRY group, base inst: g_bram_profile.u_bram_profile/u_cpu/u_exu/u_alu/N48_9_0/gateop, insts:33.
I: Infer CARRY group, base inst: g_bram_profile.u_bram_profile/u_cpu/u_exu/u_csr/N0.lt_0/gateop, insts:32.
I: Infer CARRY group, base inst: g_bram_profile.u_bram_profile/u_cpu/u_exu/u_csr/N142_1_1/gateop, insts:63.
I: Infer CARRY group, base inst: g_bram_profile.u_bram_profile/u_cpu/u_exu/u_csr/N173_1_1/gateop, insts:63.
I: Infer CARRY group, base inst: g_bram_profile.u_bram_profile/u_cpu/u_exu/u_div/N3_1_0/gateop, insts:32.
I: Infer CARRY group, base inst: g_bram_profile.u_bram_profile/u_cpu/u_exu/u_div/N8_1_0/gateop, insts:32.
I: Infer CARRY group, base inst: g_bram_profile.u_bram_profile/u_cpu/u_exu/u_div/N12.lt_0/gateop, insts:16.
I: Infer CARRY group, base inst: g_bram_profile.u_bram_profile/u_cpu/u_exu/u_div/N16_3.fsub_1/gateop, insts:32.
I: Infer CARRY group, base inst: g_bram_profile.u_bram_profile/u_cpu/u_exu/u_div/N30_1_1/gateop, insts:31.
I: Infer CARRY group, base inst: g_bram_profile.u_bram_profile/u_cpu/u_exu/u_div/N34_1_0/gateop, insts:32.
I: Infer CARRY group, base inst: g_bram_profile.u_bram_profile/u_cpu/u_exu/u_mul/N32_3_1/gateop, insts:35.
I: Infer CARRY group, base inst: g_bram_profile.u_bram_profile/u_cpu/u_exu/u_mul/N32_4_1/gateop, insts:48.
Device Utilization Summary:
+------------------------------------------------------------------------+
| Logic Utilization     | Used     | Available     | Utilization(%)     
+------------------------------------------------------------------------+
| APM                   | 4        | 740           | 1                  
| FF                    | 4540     | 319600        | 2                  
| LUT                   | 4494     | 159800        | 3                  
| Distributed RAM       | 0        | 39500         | 0                  
| DRM                   | 20       | 415           | 5                  
| IO                    | 122      | 400           | 31                 
| RCKB                  | 0        | 40            | 0                  
| SCANCHAIN             | 0        | 1             | 0                  
| USCM                  | 2        | 32            | 7                  
| CCS                   | 1        | 1             | 100                
| ADC                   | 0        | 1             | 0                  
| DDR_PHY               | 0        | 40            | 0                  
| HSSTLP                | 0        | 2             | 0                  
| GPLL                  | 1        | 10            | 10                 
| PPLL                  | 0        | 10            | 0                  
| DDRPHY_CPD            | 0        | 20            | 0                  
| HCKB                  | 0        | 120           | 0                  
| IOCKB                 | 0        | 40            | 0                  
| MRCKB                 | 0        | 20            | 0                  
| PCIE                  | 0        | 1             | 0                  
| DDRPHY_IOCLK_DIV      | 0        | 10            | 0                  
| ANALOG                | 0        | 1             | 0                  
| TSERDES               | 0        | 80            | 0                  
| KEYRAM                | 0        | 1             | 0                  
+------------------------------------------------------------------------+

Device mapping done.
Total device mapping takes 0.11 sec.

Design 'Hfpga_soc' has been successfully mapped to architecture-specific objects.
Saving design to DB.
W: Public-4010: Pcf file F:/SocFpga/project/device_map/Hfpga_soc.pcf has been covered.
Action dev_map: Real time elapsed is 0h:0m:12s
Action dev_map: CPU time elapsed is 0h:0m:2s
Action dev_map: Process CPU time elapsed is 0h:0m:2s
Current time: Tue Oct  6 18:14:01 2026
Action dev_map: Peak memory pool usage is 500 MB
Action from compile to dev_map: Total Real Time elapsed is 0h:0m:49s
Action from compile to dev_map: Total CPU time elapsed is 0h:0m:9s
Action from compile to dev_map: Total Process CPU Time elapsed is 0h:0m:9s
Compiling architecture definition.
Analyzing project file 'F:/SocFpga/project/project.pds'.
Compiling verification operator library.
Compiling common defs.
Compiling prim grid devices.
Compiling gate devices.
Compiling gate operators.
Building architecture model.
Loading device packaging model.
pnr strategy configuration : 
strategy name : 0
Building architecture floorplan logic view.
Constraint check start.
Executing : def_port {cam1_scl} LOC=W21 VCCIO=3.3 IOSTANDARD=LVCMOS33 DRIVE=4
C: ConstraintEditor-2009: cam1_scl is lack of SLEW, OUTPUT or INOUT PORT had better set SLEW, the optional value is {SLOW, FAST}.
Executing : def_port {cam1_scl} LOC=W21 VCCIO=3.3 IOSTANDARD=LVCMOS33 DRIVE=4 successfully
Executing : def_port {cam1_sda} LOC=U14 VCCIO=3.3 IOSTANDARD=LVCMOS33 DRIVE=4
C: ConstraintEditor-2009: cam1_sda is lack of SLEW, OUTPUT or INOUT PORT had better set SLEW, the optional value is {SLOW, FAST}.
Executing : def_port {cam1_sda} LOC=U14 VCCIO=3.3 IOSTANDARD=LVCMOS33 DRIVE=4 successfully
Executing : def_port {cam2_scl} LOC=W19 VCCIO=3.3 IOSTANDARD=LVCMOS33 DRIVE=4
C: ConstraintEditor-2009: cam2_scl is lack of SLEW, OUTPUT or INOUT PORT had better set SLEW, the optional value is {SLOW, FAST}.
Executing : def_port {cam2_scl} LOC=W19 VCCIO=3.3 IOSTANDARD=LVCMOS33 DRIVE=4 successfully
Executing : def_port {cam2_sda} LOC=V16 VCCIO=3.3 IOSTANDARD=LVCMOS33 DRIVE=4
C: ConstraintEditor-2009: cam2_sda is lack of SLEW, OUTPUT or INOUT PORT had better set SLEW, the optional value is {SLOW, FAST}.
Executing : def_port {cam2_sda} LOC=V16 VCCIO=3.3 IOSTANDARD=LVCMOS33 DRIVE=4 successfully
Executing : def_port {fpioa[0]} LOC=C24 VCCIO=3.3 IOSTANDARD=LVCMOS33
C: ConstraintEditor-2009: fpioa[0] is lack of SLEW, OUTPUT or INOUT PORT had better set SLEW, the optional value is {SLOW, FAST}.
C: ConstraintEditor-2009: fpioa[0] is lack of DRIVE, OUTPUT or INOUT PORT had better set DRIVE, the optional value is {8, 4, 12, 16}.
Executing : def_port {fpioa[0]} LOC=C24 VCCIO=3.3 IOSTANDARD=LVCMOS33 successfully
Executing : def_port {fpioa[1]} LOC=B24 VCCIO=3.3 IOSTANDARD=LVCMOS33
C: ConstraintEditor-2009: fpioa[1] is lack of SLEW, OUTPUT or INOUT PORT had better set SLEW, the optional value is {SLOW, FAST}.
C: ConstraintEditor-2009: fpioa[1] is lack of DRIVE, OUTPUT or INOUT PORT had better set DRIVE, the optional value is {8, 4, 12, 16}.
Executing : def_port {fpioa[1]} LOC=B24 VCCIO=3.3 IOSTANDARD=LVCMOS33 successfully
Executing : def_port {fpioa[2]} LOC=T22 VCCIO=3.3 IOSTANDARD=LVCMOS33
C: ConstraintEditor-2009: fpioa[2] is lack of SLEW, OUTPUT or INOUT PORT had better set SLEW, the optional value is {SLOW, FAST}.
C: ConstraintEditor-2009: fpioa[2] is lack of DRIVE, OUTPUT or INOUT PORT had better set DRIVE, the optional value is {8, 4, 12, 16}.
C: ConstraintEditor-2002: [F:/SocFpga/project/device_map/Hfpga_soc.pcf(line number: 9)] | Port fpioa[2] has been placed at location T22, whose type is share pin.
Executing : def_port {fpioa[2]} LOC=T22 VCCIO=3.3 IOSTANDARD=LVCMOS33 successfully
Executing : def_port {fpioa[3]} LOC=K25 VCCIO=3.3 IOSTANDARD=LVCMOS33
C: ConstraintEditor-2009: fpioa[3] is lack of SLEW, OUTPUT or INOUT PORT had better set SLEW, the optional value is {SLOW, FAST}.
C: ConstraintEditor-2009: fpioa[3] is lack of DRIVE, OUTPUT or INOUT PORT had better set DRIVE, the optional value is {8, 4, 12, 16}.
C: ConstraintEditor-2002: [F:/SocFpga/project/device_map/Hfpga_soc.pcf(line number: 10)] | Port fpioa[3] has been placed at location K25, whose type is share pin.
Executing : def_port {fpioa[3]} LOC=K25 VCCIO=3.3 IOSTANDARD=LVCMOS33 successfully
Executing : def_port {fpioa[4]} LOC=L22 VCCIO=3.3 IOSTANDARD=LVCMOS33
C: ConstraintEditor-2009: fpioa[4] is lack of SLEW, OUTPUT or INOUT PORT had better set SLEW, the optional value is {SLOW, FAST}.
C: ConstraintEditor-2009: fpioa[4] is lack of DRIVE, OUTPUT or INOUT PORT had better set DRIVE, the optional value is {8, 4, 12, 16}.
Executing : def_port {fpioa[4]} LOC=L22 VCCIO=3.3 IOSTANDARD=LVCMOS33 successfully
Executing : def_port {fpioa[5]} LOC=Y25 VCCIO=3.3 IOSTANDARD=LVCMOS33
C: ConstraintEditor-2009: fpioa[5] is lack of SLEW, OUTPUT or INOUT PORT had better set SLEW, the optional value is {SLOW, FAST}.
C: ConstraintEditor-2009: fpioa[5] is lack of DRIVE, OUTPUT or INOUT PORT had better set DRIVE, the optional value is {8, 4, 12, 16}.
Executing : def_port {fpioa[5]} LOC=Y25 VCCIO=3.3 IOSTANDARD=LVCMOS33 successfully
Executing : def_port {fpioa[6]} LOC=AA24 VCCIO=3.3 IOSTANDARD=LVCMOS33
C: ConstraintEditor-2009: fpioa[6] is lack of SLEW, OUTPUT or INOUT PORT had better set SLEW, the optional value is {SLOW, FAST}.
C: ConstraintEditor-2009: fpioa[6] is lack of DRIVE, OUTPUT or INOUT PORT had better set DRIVE, the optional value is {8, 4, 12, 16}.
Executing : def_port {fpioa[6]} LOC=AA24 VCCIO=3.3 IOSTANDARD=LVCMOS33 successfully
Executing : def_port {fpioa[7]} LOC=AB24 VCCIO=3.3 IOSTANDARD=LVCMOS33
C: ConstraintEditor-2009: fpioa[7] is lack of SLEW, OUTPUT or INOUT PORT had better set SLEW, the optional value is {SLOW, FAST}.
C: ConstraintEditor-2009: fpioa[7] is lack of DRIVE, OUTPUT or INOUT PORT had better set DRIVE, the optional value is {8, 4, 12, 16}.
Executing : def_port {fpioa[7]} LOC=AB24 VCCIO=3.3 IOSTANDARD=LVCMOS33 successfully
Executing : def_port {fpioa[8]} LOC=C19 VCCIO=3.3 IOSTANDARD=LVCMOS33
C: ConstraintEditor-2009: fpioa[8] is lack of SLEW, OUTPUT or INOUT PORT had better set SLEW, the optional value is {SLOW, FAST}.
C: ConstraintEditor-2009: fpioa[8] is lack of DRIVE, OUTPUT or INOUT PORT had better set DRIVE, the optional value is {8, 4, 12, 16}.
Executing : def_port {fpioa[8]} LOC=C19 VCCIO=3.3 IOSTANDARD=LVCMOS33 successfully
Executing : def_port {fpioa[9]} LOC=C18 VCCIO=3.3 IOSTANDARD=LVCMOS33
C: ConstraintEditor-2009: fpioa[9] is lack of SLEW, OUTPUT or INOUT PORT had better set SLEW, the optional value is {SLOW, FAST}.
C: ConstraintEditor-2009: fpioa[9] is lack of DRIVE, OUTPUT or INOUT PORT had better set DRIVE, the optional value is {8, 4, 12, 16}.
Executing : def_port {fpioa[9]} LOC=C18 VCCIO=3.3 IOSTANDARD=LVCMOS33 successfully
Executing : def_port {fpioa[10]} LOC=E18 VCCIO=3.3 IOSTANDARD=LVCMOS33
C: ConstraintEditor-2009: fpioa[10] is lack of SLEW, OUTPUT or INOUT PORT had better set SLEW, the optional value is {SLOW, FAST}.
C: ConstraintEditor-2009: fpioa[10] is lack of DRIVE, OUTPUT or INOUT PORT had better set DRIVE, the optional value is {8, 4, 12, 16}.
Executing : def_port {fpioa[10]} LOC=E18 VCCIO=3.3 IOSTANDARD=LVCMOS33 successfully
Executing : def_port {fpioa[11]} LOC=A17 VCCIO=3.3 IOSTANDARD=LVCMOS33
C: ConstraintEditor-2009: fpioa[11] is lack of SLEW, OUTPUT or INOUT PORT had better set SLEW, the optional value is {SLOW, FAST}.
C: ConstraintEditor-2009: fpioa[11] is lack of DRIVE, OUTPUT or INOUT PORT had better set DRIVE, the optional value is {8, 4, 12, 16}.
Executing : def_port {fpioa[11]} LOC=A17 VCCIO=3.3 IOSTANDARD=LVCMOS33 successfully
Executing : def_port {fpioa[12]} LOC=C23 VCCIO=3.3 IOSTANDARD=LVCMOS33
C: ConstraintEditor-2009: fpioa[12] is lack of SLEW, OUTPUT or INOUT PORT had better set SLEW, the optional value is {SLOW, FAST}.
C: ConstraintEditor-2009: fpioa[12] is lack of DRIVE, OUTPUT or INOUT PORT had better set DRIVE, the optional value is {8, 4, 12, 16}.
Executing : def_port {fpioa[12]} LOC=C23 VCCIO=3.3 IOSTANDARD=LVCMOS33 successfully
Executing : def_port {fpioa[13]} LOC=B22 VCCIO=3.3 IOSTANDARD=LVCMOS33
C: ConstraintEditor-2009: fpioa[13] is lack of SLEW, OUTPUT or INOUT PORT had better set SLEW, the optional value is {SLOW, FAST}.
C: ConstraintEditor-2009: fpioa[13] is lack of DRIVE, OUTPUT or INOUT PORT had better set DRIVE, the optional value is {8, 4, 12, 16}.
Executing : def_port {fpioa[13]} LOC=B22 VCCIO=3.3 IOSTANDARD=LVCMOS33 successfully
Executing : def_port {fpioa[14]} LOC=A22 VCCIO=3.3 IOSTANDARD=LVCMOS33
C: ConstraintEditor-2009: fpioa[14] is lack of SLEW, OUTPUT or INOUT PORT had better set SLEW, the optional value is {SLOW, FAST}.
C: ConstraintEditor-2009: fpioa[14] is lack of DRIVE, OUTPUT or INOUT PORT had better set DRIVE, the optional value is {8, 4, 12, 16}.
Executing : def_port {fpioa[14]} LOC=A22 VCCIO=3.3 IOSTANDARD=LVCMOS33 successfully
Executing : def_port {fpioa[15]} LOC=B20 VCCIO=3.3 IOSTANDARD=LVCMOS33
C: ConstraintEditor-2009: fpioa[15] is lack of SLEW, OUTPUT or INOUT PORT had better set SLEW, the optional value is {SLOW, FAST}.
C: ConstraintEditor-2009: fpioa[15] is lack of DRIVE, OUTPUT or INOUT PORT had better set DRIVE, the optional value is {8, 4, 12, 16}.
Executing : def_port {fpioa[15]} LOC=B20 VCCIO=3.3 IOSTANDARD=LVCMOS33 successfully
Executing : def_port {fpioa[16]} LOC=L23 VCCIO=3.3 IOSTANDARD=LVCMOS33
C: ConstraintEditor-2009: fpioa[16] is lack of SLEW, OUTPUT or INOUT PORT had better set SLEW, the optional value is {SLOW, FAST}.
C: ConstraintEditor-2009: fpioa[16] is lack of DRIVE, OUTPUT or INOUT PORT had better set DRIVE, the optional value is {8, 4, 12, 16}.
Executing : def_port {fpioa[16]} LOC=L23 VCCIO=3.3 IOSTANDARD=LVCMOS33 successfully
Executing : def_port {fpioa[17]} LOC=AA25 VCCIO=3.3 IOSTANDARD=LVCMOS33
C: ConstraintEditor-2009: fpioa[17] is lack of SLEW, OUTPUT or INOUT PORT had better set SLEW, the optional value is {SLOW, FAST}.
C: ConstraintEditor-2009: fpioa[17] is lack of DRIVE, OUTPUT or INOUT PORT had better set DRIVE, the optional value is {8, 4, 12, 16}.
Executing : def_port {fpioa[17]} LOC=AA25 VCCIO=3.3 IOSTANDARD=LVCMOS33 successfully
Executing : def_port {fpioa[18]} LOC=AB25 VCCIO=3.3 IOSTANDARD=LVCMOS33
C: ConstraintEditor-2009: fpioa[18] is lack of SLEW, OUTPUT or INOUT PORT had better set SLEW, the optional value is {SLOW, FAST}.
C: ConstraintEditor-2009: fpioa[18] is lack of DRIVE, OUTPUT or INOUT PORT had better set DRIVE, the optional value is {8, 4, 12, 16}.
Executing : def_port {fpioa[18]} LOC=AB25 VCCIO=3.3 IOSTANDARD=LVCMOS33 successfully
Executing : def_port {fpioa[19]} LOC=AC24 VCCIO=3.3 IOSTANDARD=LVCMOS33
C: ConstraintEditor-2009: fpioa[19] is lack of SLEW, OUTPUT or INOUT PORT had better set SLEW, the optional value is {SLOW, FAST}.
C: ConstraintEditor-2009: fpioa[19] is lack of DRIVE, OUTPUT or INOUT PORT had better set DRIVE, the optional value is {8, 4, 12, 16}.
Executing : def_port {fpioa[19]} LOC=AC24 VCCIO=3.3 IOSTANDARD=LVCMOS33 successfully
Executing : def_port {fpioa[20]} LOC=R23 VCCIO=3.3 IOSTANDARD=LVCMOS33
C: ConstraintEditor-2009: fpioa[20] is lack of SLEW, OUTPUT or INOUT PORT had better set SLEW, the optional value is {SLOW, FAST}.
C: ConstraintEditor-2009: fpioa[20] is lack of DRIVE, OUTPUT or INOUT PORT had better set DRIVE, the optional value is {8, 4, 12, 16}.
C: ConstraintEditor-2002: [F:/SocFpga/project/device_map/Hfpga_soc.pcf(line number: 27)] | Port fpioa[20] has been placed at location R23, whose type is share pin.
Executing : def_port {fpioa[20]} LOC=R23 VCCIO=3.3 IOSTANDARD=LVCMOS33 successfully
Executing : def_port {fpioa[21]} LOC=T23 VCCIO=3.3 IOSTANDARD=LVCMOS33
C: ConstraintEditor-2009: fpioa[21] is lack of SLEW, OUTPUT or INOUT PORT had better set SLEW, the optional value is {SLOW, FAST}.
C: ConstraintEditor-2009: fpioa[21] is lack of DRIVE, OUTPUT or INOUT PORT had better set DRIVE, the optional value is {8, 4, 12, 16}.
C: ConstraintEditor-2002: [F:/SocFpga/project/device_map/Hfpga_soc.pcf(line number: 28)] | Port fpioa[21] has been placed at location T23, whose type is share pin.
Executing : def_port {fpioa[21]} LOC=T23 VCCIO=3.3 IOSTANDARD=LVCMOS33 successfully
Executing : def_port {fpioa[22]} LOC=P26 VCCIO=3.3 IOSTANDARD=LVCMOS33
C: ConstraintEditor-2009: fpioa[22] is lack of SLEW, OUTPUT or INOUT PORT had better set SLEW, the optional value is {SLOW, FAST}.
C: ConstraintEditor-2009: fpioa[22] is lack of DRIVE, OUTPUT or INOUT PORT had better set DRIVE, the optional value is {8, 4, 12, 16}.
C: ConstraintEditor-2002: [F:/SocFpga/project/device_map/Hfpga_soc.pcf(line number: 29)] | Port fpioa[22] has been placed at location P26, whose type is share pin.
Executing : def_port {fpioa[22]} LOC=P26 VCCIO=3.3 IOSTANDARD=LVCMOS33 successfully
Executing : def_port {fpioa[23]} LOC=R26 VCCIO=3.3 IOSTANDARD=LVCMOS33
C: ConstraintEditor-2009: fpioa[23] is lack of SLEW, OUTPUT or INOUT PORT had better set SLEW, the optional value is {SLOW, FAST}.
C: ConstraintEditor-2009: fpioa[23] is lack of DRIVE, OUTPUT or INOUT PORT had better set DRIVE, the optional value is {8, 4, 12, 16}.
C: ConstraintEditor-2002: [F:/SocFpga/project/device_map/Hfpga_soc.pcf(line number: 30)] | Port fpioa[23] has been placed at location R26, whose type is share pin.
Executing : def_port {fpioa[23]} LOC=R26 VCCIO=3.3 IOSTANDARD=LVCMOS33 successfully
Executing : def_port {fpioa[24]} LOC=M26 VCCIO=3.3 IOSTANDARD=LVCMOS33
C: ConstraintEditor-2009: fpioa[24] is lack of SLEW, OUTPUT or INOUT PORT had better set SLEW, the optional value is {SLOW, FAST}.
C: ConstraintEditor-2009: fpioa[24] is lack of DRIVE, OUTPUT or INOUT PORT had better set DRIVE, the optional value is {8, 4, 12, 16}.
C: ConstraintEditor-2002: [F:/SocFpga/project/device_map/Hfpga_soc.pcf(line number: 31)] | Port fpioa[24] has been placed at location M26, whose type is share pin.
Executing : def_port {fpioa[24]} LOC=M26 VCCIO=3.3 IOSTANDARD=LVCMOS33 successfully
Executing : def_port {fpioa[25]} LOC=N26 VCCIO=3.3 IOSTANDARD=LVCMOS33
C: ConstraintEditor-2009: fpioa[25] is lack of SLEW, OUTPUT or INOUT PORT had better set SLEW, the optional value is {SLOW, FAST}.
C: ConstraintEditor-2009: fpioa[25] is lack of DRIVE, OUTPUT or INOUT PORT had better set DRIVE, the optional value is {8, 4, 12, 16}.
C: ConstraintEditor-2002: [F:/SocFpga/project/device_map/Hfpga_soc.pcf(line number: 32)] | Port fpioa[25] has been placed at location N26, whose type is share pin.
Executing : def_port {fpioa[25]} LOC=N26 VCCIO=3.3 IOSTANDARD=LVCMOS33 successfully
Executing : def_port {fpioa[26]} LOC=M22 VCCIO=3.3 IOSTANDARD=LVCMOS33
C: ConstraintEditor-2009: fpioa[26] is lack of SLEW, OUTPUT or INOUT PORT had better set SLEW, the optional value is {SLOW, FAST}.
C: ConstraintEditor-2009: fpioa[26] is lack of DRIVE, OUTPUT or INOUT PORT had better set DRIVE, the optional value is {8, 4, 12, 16}.
Executing : def_port {fpioa[26]} LOC=M22 VCCIO=3.3 IOSTANDARD=LVCMOS33 successfully
Executing : def_port {fpioa[27]} LOC=M21 VCCIO=3.3 IOSTANDARD=LVCMOS33
C: ConstraintEditor-2009: fpioa[27] is lack of SLEW, OUTPUT or INOUT PORT had better set SLEW, the optional value is {SLOW, FAST}.
C: ConstraintEditor-2009: fpioa[27] is lack of DRIVE, OUTPUT or INOUT PORT had better set DRIVE, the optional value is {8, 4, 12, 16}.
Executing : def_port {fpioa[27]} LOC=M21 VCCIO=3.3 IOSTANDARD=LVCMOS33 successfully
Executing : def_port {fpioa[28]} LOC=U26 VCCIO=3.3 IOSTANDARD=LVCMOS33
C: ConstraintEditor-2009: fpioa[28] is lack of SLEW, OUTPUT or INOUT PORT had better set SLEW, the optional value is {SLOW, FAST}.
C: ConstraintEditor-2009: fpioa[28] is lack of DRIVE, OUTPUT or INOUT PORT had better set DRIVE, the optional value is {8, 4, 12, 16}.
Executing : def_port {fpioa[28]} LOC=U26 VCCIO=3.3 IOSTANDARD=LVCMOS33 successfully
Executing : def_port {fpioa[29]} LOC=U25 VCCIO=3.3 IOSTANDARD=LVCMOS33
C: ConstraintEditor-2009: fpioa[29] is lack of SLEW, OUTPUT or INOUT PORT had better set SLEW, the optional value is {SLOW, FAST}.
C: ConstraintEditor-2009: fpioa[29] is lack of DRIVE, OUTPUT or INOUT PORT had better set DRIVE, the optional value is {8, 4, 12, 16}.
Executing : def_port {fpioa[29]} LOC=U25 VCCIO=3.3 IOSTANDARD=LVCMOS33 successfully
Executing : def_port {fpioa[30]} LOC=AC26 VCCIO=3.3 IOSTANDARD=LVCMOS33
C: ConstraintEditor-2009: fpioa[30] is lack of SLEW, OUTPUT or INOUT PORT had better set SLEW, the optional value is {SLOW, FAST}.
C: ConstraintEditor-2009: fpioa[30] is lack of DRIVE, OUTPUT or INOUT PORT had better set DRIVE, the optional value is {8, 4, 12, 16}.
Executing : def_port {fpioa[30]} LOC=AC26 VCCIO=3.3 IOSTANDARD=LVCMOS33 successfully
Executing : def_port {fpioa[31]} LOC=AB26 VCCIO=3.3 IOSTANDARD=LVCMOS33
C: ConstraintEditor-2009: fpioa[31] is lack of SLEW, OUTPUT or INOUT PORT had better set SLEW, the optional value is {SLOW, FAST}.
C: ConstraintEditor-2009: fpioa[31] is lack of DRIVE, OUTPUT or INOUT PORT had better set DRIVE, the optional value is {8, 4, 12, 16}.
Executing : def_port {fpioa[31]} LOC=AB26 VCCIO=3.3 IOSTANDARD=LVCMOS33 successfully
Executing : def_port {mem_dq[0]} LOC=G5 VCCIO=1.5 IOSTANDARD=HSTL15_I DRIVE=8 SLEW=SLOW NONE=TRUE
Executing : def_port {mem_dq[0]} LOC=G5 VCCIO=1.5 IOSTANDARD=HSTL15_I DRIVE=8 SLEW=SLOW NONE=TRUE successfully
Executing : def_port {mem_dq[1]} LOC=J6 VCCIO=1.5 IOSTANDARD=HSTL15_I DRIVE=8 SLEW=SLOW NONE=TRUE
C: ConstraintEditor-2002: [F:/SocFpga/project/device_map/Hfpga_soc.pcf(line number: 40)] | Port mem_dq[1] has been placed at location J6, whose type is share pin.
Executing : def_port {mem_dq[1]} LOC=J6 VCCIO=1.5 IOSTANDARD=HSTL15_I DRIVE=8 SLEW=SLOW NONE=TRUE successfully
Executing : def_port {mem_dq[2]} LOC=F5 VCCIO=1.5 IOSTANDARD=HSTL15_I DRIVE=8 SLEW=SLOW NONE=TRUE
Executing : def_port {mem_dq[2]} LOC=F5 VCCIO=1.5 IOSTANDARD=HSTL15_I DRIVE=8 SLEW=SLOW NONE=TRUE successfully
Executing : def_port {mem_dq[3]} LOC=L8 VCCIO=1.5 IOSTANDARD=HSTL15_I DRIVE=8 SLEW=SLOW NONE=TRUE
C: ConstraintEditor-2002: [F:/SocFpga/project/device_map/Hfpga_soc.pcf(line number: 42)] | Port mem_dq[3] has been placed at location L8, whose type is share pin.
Executing : def_port {mem_dq[3]} LOC=L8 VCCIO=1.5 IOSTANDARD=HSTL15_I DRIVE=8 SLEW=SLOW NONE=TRUE successfully
Executing : def_port {mem_dq[4]} LOC=G4 VCCIO=1.5 IOSTANDARD=HSTL15_I DRIVE=8 SLEW=SLOW NONE=TRUE
Executing : def_port {mem_dq[4]} LOC=G4 VCCIO=1.5 IOSTANDARD=HSTL15_I DRIVE=8 SLEW=SLOW NONE=TRUE successfully
Executing : def_port {mem_dq[5]} LOC=K7 VCCIO=1.5 IOSTANDARD=HSTL15_I DRIVE=8 SLEW=SLOW NONE=TRUE
C: ConstraintEditor-2002: [F:/SocFpga/project/device_map/Hfpga_soc.pcf(line number: 44)] | Port mem_dq[5] has been placed at location K7, whose type is share pin.
Executing : def_port {mem_dq[5]} LOC=K7 VCCIO=1.5 IOSTANDARD=HSTL15_I DRIVE=8 SLEW=SLOW NONE=TRUE successfully
Executing : def_port {mem_dq[6]} LOC=F4 VCCIO=1.5 IOSTANDARD=HSTL15_I DRIVE=8 SLEW=SLOW NONE=TRUE
Executing : def_port {mem_dq[6]} LOC=F4 VCCIO=1.5 IOSTANDARD=HSTL15_I DRIVE=8 SLEW=SLOW NONE=TRUE successfully
Executing : def_port {mem_dq[7]} LOC=J5 VCCIO=1.5 IOSTANDARD=HSTL15_I DRIVE=8 SLEW=SLOW NONE=TRUE
C: ConstraintEditor-2002: [F:/SocFpga/project/device_map/Hfpga_soc.pcf(line number: 46)] | Port mem_dq[7] has been placed at location J5, whose type is share pin.
Executing : def_port {mem_dq[7]} LOC=J5 VCCIO=1.5 IOSTANDARD=HSTL15_I DRIVE=8 SLEW=SLOW NONE=TRUE successfully
Executing : def_port {mem_dq[8]} LOC=H6 VCCIO=1.5 IOSTANDARD=HSTL15_I DRIVE=8 SLEW=SLOW NONE=TRUE
C: ConstraintEditor-2002: [F:/SocFpga/project/device_map/Hfpga_soc.pcf(line number: 47)] | Port mem_dq[8] has been placed at location H6, whose type is share pin.
Executing : def_port {mem_dq[8]} LOC=H6 VCCIO=1.5 IOSTANDARD=HSTL15_I DRIVE=8 SLEW=SLOW NONE=TRUE successfully
Executing : def_port {mem_dq[9]} LOC=F8 VCCIO=1.5 IOSTANDARD=HSTL15_I DRIVE=8 SLEW=SLOW NONE=TRUE
Executing : def_port {mem_dq[9]} LOC=F8 VCCIO=1.5 IOSTANDARD=HSTL15_I DRIVE=8 SLEW=SLOW NONE=TRUE successfully
Executing : def_port {mem_dq[10]} LOC=H8 VCCIO=1.5 IOSTANDARD=HSTL15_I DRIVE=8 SLEW=SLOW NONE=TRUE
C: ConstraintEditor-2002: [F:/SocFpga/project/device_map/Hfpga_soc.pcf(line number: 49)] | Port mem_dq[10] has been placed at location H8, whose type is share pin.
Executing : def_port {mem_dq[10]} LOC=H8 VCCIO=1.5 IOSTANDARD=HSTL15_I DRIVE=8 SLEW=SLOW NONE=TRUE successfully
Executing : def_port {mem_dq[11]} LOC=D6 VCCIO=1.5 IOSTANDARD=HSTL15_I DRIVE=8 SLEW=SLOW NONE=TRUE
C: ConstraintEditor-2002: [F:/SocFpga/project/device_map/Hfpga_soc.pcf(line number: 50)] | Port mem_dq[11] has been placed at location D6, whose type is share pin.
Executing : def_port {mem_dq[11]} LOC=D6 VCCIO=1.5 IOSTANDARD=HSTL15_I DRIVE=8 SLEW=SLOW NONE=TRUE successfully
Executing : def_port {mem_dq[12]} LOC=G8 VCCIO=1.5 IOSTANDARD=HSTL15_I DRIVE=8 SLEW=SLOW NONE=TRUE
C: ConstraintEditor-2002: [F:/SocFpga/project/device_map/Hfpga_soc.pcf(line number: 51)] | Port mem_dq[12] has been placed at location G8, whose type is share pin.
Executing : def_port {mem_dq[12]} LOC=G8 VCCIO=1.5 IOSTANDARD=HSTL15_I DRIVE=8 SLEW=SLOW NONE=TRUE successfully
Executing : def_port {mem_dq[13]} LOC=E6 VCCIO=1.5 IOSTANDARD=HSTL15_I DRIVE=8 SLEW=SLOW NONE=TRUE
C: ConstraintEditor-2002: [F:/SocFpga/project/device_map/Hfpga_soc.pcf(line number: 52)] | Port mem_dq[13] has been placed at location E6, whose type is share pin.
Executing : def_port {mem_dq[13]} LOC=E6 VCCIO=1.5 IOSTANDARD=HSTL15_I DRIVE=8 SLEW=SLOW NONE=TRUE successfully
Executing : def_port {mem_dq[14]} LOC=H9 VCCIO=1.5 IOSTANDARD=HSTL15_I DRIVE=8 SLEW=SLOW NONE=TRUE
Executing : def_port {mem_dq[14]} LOC=H9 VCCIO=1.5 IOSTANDARD=HSTL15_I DRIVE=8 SLEW=SLOW NONE=TRUE successfully
Executing : def_port {mem_dq[15]} LOC=G6 VCCIO=1.5 IOSTANDARD=HSTL15_I DRIVE=8 SLEW=SLOW NONE=TRUE
C: ConstraintEditor-2002: [F:/SocFpga/project/device_map/Hfpga_soc.pcf(line number: 54)] | Port mem_dq[15] has been placed at location G6, whose type is share pin.
Executing : def_port {mem_dq[15]} LOC=G6 VCCIO=1.5 IOSTANDARD=HSTL15_I DRIVE=8 SLEW=SLOW NONE=TRUE successfully
Executing : def_port {mem_dq[16]} LOC=C4 VCCIO=1.5 IOSTANDARD=HSTL15_I DRIVE=8 SLEW=SLOW NONE=TRUE
Executing : def_port {mem_dq[16]} LOC=C4 VCCIO=1.5 IOSTANDARD=HSTL15_I DRIVE=8 SLEW=SLOW NONE=TRUE successfully
Executing : def_port {mem_dq[17]} LOC=D4 VCCIO=1.5 IOSTANDARD=HSTL15_I DRIVE=8 SLEW=SLOW NONE=TRUE
Executing : def_port {mem_dq[17]} LOC=D4 VCCIO=1.5 IOSTANDARD=HSTL15_I DRIVE=8 SLEW=SLOW NONE=TRUE successfully
Executing : def_port {mem_dq[18]} LOC=A4 VCCIO=1.5 IOSTANDARD=HSTL15_I DRIVE=8 SLEW=SLOW NONE=TRUE
Executing : def_port {mem_dq[18]} LOC=A4 VCCIO=1.5 IOSTANDARD=HSTL15_I DRIVE=8 SLEW=SLOW NONE=TRUE successfully
Executing : def_port {mem_dq[19]} LOC=E3 VCCIO=1.5 IOSTANDARD=HSTL15_I DRIVE=8 SLEW=SLOW NONE=TRUE
Executing : def_port {mem_dq[19]} LOC=E3 VCCIO=1.5 IOSTANDARD=HSTL15_I DRIVE=8 SLEW=SLOW NONE=TRUE successfully
Executing : def_port {mem_dq[20]} LOC=C3 VCCIO=1.5 IOSTANDARD=HSTL15_I DRIVE=8 SLEW=SLOW NONE=TRUE
Executing : def_port {mem_dq[20]} LOC=C3 VCCIO=1.5 IOSTANDARD=HSTL15_I DRIVE=8 SLEW=SLOW NONE=TRUE successfully
Executing : def_port {mem_dq[21]} LOC=F3 VCCIO=1.5 IOSTANDARD=HSTL15_I DRIVE=8 SLEW=SLOW NONE=TRUE
Executing : def_port {mem_dq[21]} LOC=F3 VCCIO=1.5 IOSTANDARD=HSTL15_I DRIVE=8 SLEW=SLOW NONE=TRUE successfully
Executing : def_port {mem_dq[22]} LOC=B4 VCCIO=1.5 IOSTANDARD=HSTL15_I DRIVE=8 SLEW=SLOW NONE=TRUE
Executing : def_port {mem_dq[22]} LOC=B4 VCCIO=1.5 IOSTANDARD=HSTL15_I DRIVE=8 SLEW=SLOW NONE=TRUE successfully
Executing : def_port {mem_dq[23]} LOC=D3 VCCIO=1.5 IOSTANDARD=HSTL15_I DRIVE=8 SLEW=SLOW NONE=TRUE
Executing : def_port {mem_dq[23]} LOC=D3 VCCIO=1.5 IOSTANDARD=HSTL15_I DRIVE=8 SLEW=SLOW NONE=TRUE successfully
Executing : def_port {mem_dq[24]} LOC=F2 VCCIO=1.5 IOSTANDARD=HSTL15_I DRIVE=8 SLEW=SLOW NONE=TRUE
Executing : def_port {mem_dq[24]} LOC=F2 VCCIO=1.5 IOSTANDARD=HSTL15_I DRIVE=8 SLEW=SLOW NONE=TRUE successfully
Executing : def_port {mem_dq[25]} LOC=D1 VCCIO=1.5 IOSTANDARD=HSTL15_I DRIVE=8 SLEW=SLOW NONE=TRUE
Executing : def_port {mem_dq[25]} LOC=D1 VCCIO=1.5 IOSTANDARD=HSTL15_I DRIVE=8 SLEW=SLOW NONE=TRUE successfully
Executing : def_port {mem_dq[26]} LOC=G1 VCCIO=1.5 IOSTANDARD=HSTL15_I DRIVE=8 SLEW=SLOW NONE=TRUE
Executing : def_port {mem_dq[26]} LOC=G1 VCCIO=1.5 IOSTANDARD=HSTL15_I DRIVE=8 SLEW=SLOW NONE=TRUE successfully
Executing : def_port {mem_dq[27]} LOC=A2 VCCIO=1.5 IOSTANDARD=HSTL15_I DRIVE=8 SLEW=SLOW NONE=TRUE
Executing : def_port {mem_dq[27]} LOC=A2 VCCIO=1.5 IOSTANDARD=HSTL15_I DRIVE=8 SLEW=SLOW NONE=TRUE successfully
Executing : def_port {mem_dq[28]} LOC=E1 VCCIO=1.5 IOSTANDARD=HSTL15_I DRIVE=8 SLEW=SLOW NONE=TRUE
Executing : def_port {mem_dq[28]} LOC=E1 VCCIO=1.5 IOSTANDARD=HSTL15_I DRIVE=8 SLEW=SLOW NONE=TRUE successfully
Executing : def_port {mem_dq[29]} LOC=A3 VCCIO=1.5 IOSTANDARD=HSTL15_I DRIVE=8 SLEW=SLOW NONE=TRUE
Executing : def_port {mem_dq[29]} LOC=A3 VCCIO=1.5 IOSTANDARD=HSTL15_I DRIVE=8 SLEW=SLOW NONE=TRUE successfully
Executing : def_port {mem_dq[30]} LOC=G2 VCCIO=1.5 IOSTANDARD=HSTL15_I DRIVE=8 SLEW=SLOW NONE=TRUE
Executing : def_port {mem_dq[30]} LOC=G2 VCCIO=1.5 IOSTANDARD=HSTL15_I DRIVE=8 SLEW=SLOW NONE=TRUE successfully
Executing : def_port {mem_dq[31]} LOC=C2 VCCIO=1.5 IOSTANDARD=HSTL15_I DRIVE=8 SLEW=SLOW NONE=TRUE
Executing : def_port {mem_dq[31]} LOC=C2 VCCIO=1.5 IOSTANDARD=HSTL15_I DRIVE=8 SLEW=SLOW NONE=TRUE successfully
Executing : def_port {mem_dqs[0]} LOC=J4 VCCIO=1.5 IOSTANDARD=HSTL15_I DRIVE=8 SLEW=SLOW NONE=TRUE
C: ConstraintEditor-2002: [F:/SocFpga/project/device_map/Hfpga_soc.pcf(line number: 71)] | Port mem_dqs[0] has been placed at location J4, whose type is share pin.
Executing : def_port {mem_dqs[0]} LOC=J4 VCCIO=1.5 IOSTANDARD=HSTL15_I DRIVE=8 SLEW=SLOW NONE=TRUE successfully
Executing : def_port {mem_dqs[1]} LOC=H7 VCCIO=1.5 IOSTANDARD=HSTL15_I DRIVE=8 SLEW=SLOW NONE=TRUE
C: ConstraintEditor-2002: [F:/SocFpga/project/device_map/Hfpga_soc.pcf(line number: 72)] | Port mem_dqs[1] has been placed at location H7, whose type is share pin.
Executing : def_port {mem_dqs[1]} LOC=H7 VCCIO=1.5 IOSTANDARD=HSTL15_I DRIVE=8 SLEW=SLOW NONE=TRUE successfully
Executing : def_port {mem_dqs[2]} LOC=B5 VCCIO=1.5 IOSTANDARD=HSTL15_I DRIVE=8 SLEW=SLOW NONE=TRUE
Executing : def_port {mem_dqs[2]} LOC=B5 VCCIO=1.5 IOSTANDARD=HSTL15_I DRIVE=8 SLEW=SLOW NONE=TRUE successfully
Executing : def_port {mem_dqs[3]} LOC=C1 VCCIO=1.5 IOSTANDARD=HSTL15_I DRIVE=8 SLEW=SLOW NONE=TRUE
Executing : def_port {mem_dqs[3]} LOC=C1 VCCIO=1.5 IOSTANDARD=HSTL15_I DRIVE=8 SLEW=SLOW NONE=TRUE successfully
Executing : def_port {mem_dqs_n[0]} LOC=H4 VCCIO=1.5 IOSTANDARD=HSTL15_I DRIVE=8 SLEW=SLOW NONE=TRUE
C: ConstraintEditor-2002: [F:/SocFpga/project/device_map/Hfpga_soc.pcf(line number: 75)] | Port mem_dqs_n[0] has been placed at location H4, whose type is share pin.
Executing : def_port {mem_dqs_n[0]} LOC=H4 VCCIO=1.5 IOSTANDARD=HSTL15_I DRIVE=8 SLEW=SLOW NONE=TRUE successfully
Executing : def_port {mem_dqs_n[1]} LOC=G7 VCCIO=1.5 IOSTANDARD=HSTL15_I DRIVE=8 SLEW=SLOW NONE=TRUE
C: ConstraintEditor-2002: [F:/SocFpga/project/device_map/Hfpga_soc.pcf(line number: 76)] | Port mem_dqs_n[1] has been placed at location G7, whose type is share pin.
Executing : def_port {mem_dqs_n[1]} LOC=G7 VCCIO=1.5 IOSTANDARD=HSTL15_I DRIVE=8 SLEW=SLOW NONE=TRUE successfully
Executing : def_port {mem_dqs_n[2]} LOC=A5 VCCIO=1.5 IOSTANDARD=HSTL15_I DRIVE=8 SLEW=SLOW NONE=TRUE
Executing : def_port {mem_dqs_n[2]} LOC=A5 VCCIO=1.5 IOSTANDARD=HSTL15_I DRIVE=8 SLEW=SLOW NONE=TRUE successfully
Executing : def_port {mem_dqs_n[3]} LOC=B1 VCCIO=1.5 IOSTANDARD=HSTL15_I DRIVE=8 SLEW=SLOW NONE=TRUE
Executing : def_port {mem_dqs_n[3]} LOC=B1 VCCIO=1.5 IOSTANDARD=HSTL15_I DRIVE=8 SLEW=SLOW NONE=TRUE successfully
Executing : def_port {JTAG_TDO} LOC=T24 VCCIO=3.3 IOSTANDARD=LVCMOS33 SLEW=FAST
C: ConstraintEditor-2009: JTAG_TDO is lack of DRIVE, OUTPUT or INOUT PORT had better set DRIVE, the optional value is {8, 4, 12, 16}.
Executing : def_port {JTAG_TDO} LOC=T24 VCCIO=3.3 IOSTANDARD=LVCMOS33 SLEW=FAST successfully
Executing : def_port {cam1_reset_n} LOC=T20 VCCIO=3.3 IOSTANDARD=LVCMOS33 DRIVE=4
C: ConstraintEditor-2009: cam1_reset_n is lack of SLEW, OUTPUT or INOUT PORT had better set SLEW, the optional value is {SLOW, FAST}.
Executing : def_port {cam1_reset_n} LOC=T20 VCCIO=3.3 IOSTANDARD=LVCMOS33 DRIVE=4 successfully
Executing : def_port {cam2_reset_n} LOC=Y20 VCCIO=3.3 IOSTANDARD=LVCMOS33 DRIVE=4
C: ConstraintEditor-2009: cam2_reset_n is lack of SLEW, OUTPUT or INOUT PORT had better set SLEW, the optional value is {SLOW, FAST}.
Executing : def_port {cam2_reset_n} LOC=Y20 VCCIO=3.3 IOSTANDARD=LVCMOS33 DRIVE=4 successfully
Executing : def_port {core_active} LOC=A20 VCCIO=3.3 IOSTANDARD=LVCMOS33
C: ConstraintEditor-2009: core_active is lack of SLEW, OUTPUT or INOUT PORT had better set SLEW, the optional value is {SLOW, FAST}.
C: ConstraintEditor-2009: core_active is lack of DRIVE, OUTPUT or INOUT PORT had better set DRIVE, the optional value is {8, 4, 12, 16}.
Executing : def_port {core_active} LOC=A20 VCCIO=3.3 IOSTANDARD=LVCMOS33 successfully
Executing : def_port {flash_cs2_n} LOC=F25 VCCIO=3.3 IOSTANDARD=LVCMOS33
C: ConstraintEditor-2009: flash_cs2_n is lack of SLEW, OUTPUT or INOUT PORT had better set SLEW, the optional value is {SLOW, FAST}.
C: ConstraintEditor-2009: flash_cs2_n is lack of DRIVE, OUTPUT or INOUT PORT had better set DRIVE, the optional value is {8, 4, 12, 16}.
C: ConstraintEditor-2002: [F:/SocFpga/project/device_map/Hfpga_soc.pcf(line number: 83)] | Port flash_cs2_n has been placed at location F25, whose type is share pin.
Executing : def_port {flash_cs2_n} LOC=F25 VCCIO=3.3 IOSTANDARD=LVCMOS33 successfully
Executing : def_port {flash_cs_n} LOC=P18 VCCIO=3.3 IOSTANDARD=LVCMOS33
C: ConstraintEditor-2009: flash_cs_n is lack of SLEW, OUTPUT or INOUT PORT had better set SLEW, the optional value is {SLOW, FAST}.
C: ConstraintEditor-2009: flash_cs_n is lack of DRIVE, OUTPUT or INOUT PORT had better set DRIVE, the optional value is {8, 4, 12, 16}.
C: ConstraintEditor-2002: [F:/SocFpga/project/device_map/Hfpga_soc.pcf(line number: 84)] | Port flash_cs_n has been placed at location P18, whose type is share pin.
Executing : def_port {flash_cs_n} LOC=P18 VCCIO=3.3 IOSTANDARD=LVCMOS33 successfully
Executing : def_port {flash_hold_n} LOC=N14 VCCIO=3.3 IOSTANDARD=LVCMOS33
C: ConstraintEditor-2009: flash_hold_n is lack of SLEW, OUTPUT or INOUT PORT had better set SLEW, the optional value is {SLOW, FAST}.
C: ConstraintEditor-2009: flash_hold_n is lack of DRIVE, OUTPUT or INOUT PORT had better set DRIVE, the optional value is {8, 4, 12, 16}.
C: ConstraintEditor-2002: [F:/SocFpga/project/device_map/Hfpga_soc.pcf(line number: 85)] | Port flash_hold_n has been placed at location N14, whose type is share pin.
Executing : def_port {flash_hold_n} LOC=N14 VCCIO=3.3 IOSTANDARD=LVCMOS33 successfully
Executing : def_port {flash_mosi} LOC=R14 VCCIO=3.3 IOSTANDARD=LVCMOS33
C: ConstraintEditor-2009: flash_mosi is lack of SLEW, OUTPUT or INOUT PORT had better set SLEW, the optional value is {SLOW, FAST}.
C: ConstraintEditor-2009: flash_mosi is lack of DRIVE, OUTPUT or INOUT PORT had better set DRIVE, the optional value is {8, 4, 12, 16}.
C: ConstraintEditor-2002: [F:/SocFpga/project/device_map/Hfpga_soc.pcf(line number: 86)] | Port flash_mosi has been placed at location R14, whose type is share pin.
Executing : def_port {flash_mosi} LOC=R14 VCCIO=3.3 IOSTANDARD=LVCMOS33 successfully
Executing : def_port {flash_wp_n} LOC=P14 VCCIO=3.3 IOSTANDARD=LVCMOS33
C: ConstraintEditor-2009: flash_wp_n is lack of SLEW, OUTPUT or INOUT PORT had better set SLEW, the optional value is {SLOW, FAST}.
C: ConstraintEditor-2009: flash_wp_n is lack of DRIVE, OUTPUT or INOUT PORT had better set DRIVE, the optional value is {8, 4, 12, 16}.
C: ConstraintEditor-2002: [F:/SocFpga/project/device_map/Hfpga_soc.pcf(line number: 87)] | Port flash_wp_n has been placed at location P14, whose type is share pin.
Executing : def_port {flash_wp_n} LOC=P14 VCCIO=3.3 IOSTANDARD=LVCMOS33 successfully
Executing : def_port {mem_a[0]} LOC=J1 VCCIO=1.5 IOSTANDARD=HSTL15_I DRIVE=8 SLEW=SLOW NONE=TRUE
Executing : def_port {mem_a[0]} LOC=J1 VCCIO=1.5 IOSTANDARD=HSTL15_I DRIVE=8 SLEW=SLOW NONE=TRUE successfully
Executing : def_port {mem_a[1]} LOC=L3 VCCIO=1.5 IOSTANDARD=HSTL15_I DRIVE=8 SLEW=SLOW NONE=TRUE
Executing : def_port {mem_a[1]} LOC=L3 VCCIO=1.5 IOSTANDARD=HSTL15_I DRIVE=8 SLEW=SLOW NONE=TRUE successfully
Executing : def_port {mem_a[2]} LOC=L2 VCCIO=1.5 IOSTANDARD=HSTL15_I DRIVE=8 SLEW=SLOW NONE=TRUE
Executing : def_port {mem_a[2]} LOC=L2 VCCIO=1.5 IOSTANDARD=HSTL15_I DRIVE=8 SLEW=SLOW NONE=TRUE successfully
Executing : def_port {mem_a[3]} LOC=P3 VCCIO=1.5 IOSTANDARD=HSTL15_I DRIVE=8 SLEW=SLOW NONE=TRUE
Executing : def_port {mem_a[3]} LOC=P3 VCCIO=1.5 IOSTANDARD=HSTL15_I DRIVE=8 SLEW=SLOW NONE=TRUE successfully
Executing : def_port {mem_a[4]} LOC=T2 VCCIO=1.5 IOSTANDARD=HSTL15_I DRIVE=8 SLEW=SLOW NONE=TRUE
Executing : def_port {mem_a[4]} LOC=T2 VCCIO=1.5 IOSTANDARD=HSTL15_I DRIVE=8 SLEW=SLOW NONE=TRUE successfully
Executing : def_port {mem_a[5]} LOC=M1 VCCIO=1.5 IOSTANDARD=HSTL15_I DRIVE=8 SLEW=SLOW NONE=TRUE
Executing : def_port {mem_a[5]} LOC=M1 VCCIO=1.5 IOSTANDARD=HSTL15_I DRIVE=8 SLEW=SLOW NONE=TRUE successfully
Executing : def_port {mem_a[6]} LOC=U1 VCCIO=1.5 IOSTANDARD=HSTL15_I DRIVE=8 SLEW=SLOW NONE=TRUE
Executing : def_port {mem_a[6]} LOC=U1 VCCIO=1.5 IOSTANDARD=HSTL15_I DRIVE=8 SLEW=SLOW NONE=TRUE successfully
Executing : def_port {mem_a[7]} LOC=K1 VCCIO=1.5 IOSTANDARD=HSTL15_I DRIVE=8 SLEW=SLOW NONE=TRUE
Executing : def_port {mem_a[7]} LOC=K1 VCCIO=1.5 IOSTANDARD=HSTL15_I DRIVE=8 SLEW=SLOW NONE=TRUE successfully
Executing : def_port {mem_a[8]} LOC=U2 VCCIO=1.5 IOSTANDARD=HSTL15_I DRIVE=8 SLEW=SLOW NONE=TRUE
Executing : def_port {mem_a[8]} LOC=U2 VCCIO=1.5 IOSTANDARD=HSTL15_I DRIVE=8 SLEW=SLOW NONE=TRUE successfully
Executing : def_port {mem_a[9]} LOC=K2 VCCIO=1.5 IOSTANDARD=HSTL15_I DRIVE=8 SLEW=SLOW NONE=TRUE
Executing : def_port {mem_a[9]} LOC=K2 VCCIO=1.5 IOSTANDARD=HSTL15_I DRIVE=8 SLEW=SLOW NONE=TRUE successfully
Executing : def_port {mem_a[10]} LOC=T3 VCCIO=1.5 IOSTANDARD=HSTL15_I DRIVE=8 SLEW=SLOW NONE=TRUE
Executing : def_port {mem_a[10]} LOC=T3 VCCIO=1.5 IOSTANDARD=HSTL15_I DRIVE=8 SLEW=SLOW NONE=TRUE successfully
Executing : def_port {mem_a[11]} LOC=P1 VCCIO=1.5 IOSTANDARD=HSTL15_I DRIVE=8 SLEW=SLOW NONE=TRUE
Executing : def_port {mem_a[11]} LOC=P1 VCCIO=1.5 IOSTANDARD=HSTL15_I DRIVE=8 SLEW=SLOW NONE=TRUE successfully
Executing : def_port {mem_a[12]} LOC=T4 VCCIO=1.5 IOSTANDARD=HSTL15_I DRIVE=8 SLEW=SLOW NONE=TRUE
Executing : def_port {mem_a[12]} LOC=T4 VCCIO=1.5 IOSTANDARD=HSTL15_I DRIVE=8 SLEW=SLOW NONE=TRUE successfully
Executing : def_port {mem_a[13]} LOC=M2 VCCIO=1.5 IOSTANDARD=HSTL15_I DRIVE=8 SLEW=SLOW NONE=TRUE
Executing : def_port {mem_a[13]} LOC=M2 VCCIO=1.5 IOSTANDARD=HSTL15_I DRIVE=8 SLEW=SLOW NONE=TRUE successfully
Executing : def_port {mem_a[14]} LOC=N1 VCCIO=1.5 IOSTANDARD=HSTL15_I DRIVE=8 SLEW=SLOW NONE=TRUE
Executing : def_port {mem_a[14]} LOC=N1 VCCIO=1.5 IOSTANDARD=HSTL15_I DRIVE=8 SLEW=SLOW NONE=TRUE successfully
Executing : def_port {mem_ba[0]} LOC=P4 VCCIO=1.5 IOSTANDARD=HSTL15_I DRIVE=8 SLEW=SLOW NONE=TRUE
Executing : def_port {mem_ba[0]} LOC=P4 VCCIO=1.5 IOSTANDARD=HSTL15_I DRIVE=8 SLEW=SLOW NONE=TRUE successfully
Executing : def_port {mem_ba[1]} LOC=R2 VCCIO=1.5 IOSTANDARD=HSTL15_I DRIVE=8 SLEW=SLOW NONE=TRUE
Executing : def_port {mem_ba[1]} LOC=R2 VCCIO=1.5 IOSTANDARD=HSTL15_I DRIVE=8 SLEW=SLOW NONE=TRUE successfully
Executing : def_port {mem_ba[2]} LOC=T5 VCCIO=1.5 IOSTANDARD=HSTL15_I DRIVE=8 SLEW=SLOW NONE=TRUE
Executing : def_port {mem_ba[2]} LOC=T5 VCCIO=1.5 IOSTANDARD=HSTL15_I DRIVE=8 SLEW=SLOW NONE=TRUE successfully
Executing : def_port {mem_cas_n} LOC=T7 VCCIO=1.5 IOSTANDARD=HSTL15_I DRIVE=8 SLEW=SLOW NONE=TRUE
Executing : def_port {mem_cas_n} LOC=T7 VCCIO=1.5 IOSTANDARD=HSTL15_I DRIVE=8 SLEW=SLOW NONE=TRUE successfully
Executing : def_port {mem_ck} LOC=U6 VCCIO=1.5 IOSTANDARD=HSTL15_I DRIVE=8 SLEW=SLOW NONE=TRUE
Executing : def_port {mem_ck} LOC=U6 VCCIO=1.5 IOSTANDARD=HSTL15_I DRIVE=8 SLEW=SLOW NONE=TRUE successfully
Executing : def_port {mem_ck_n} LOC=U5 VCCIO=1.5 IOSTANDARD=HSTL15_I DRIVE=8 SLEW=SLOW NONE=TRUE
Executing : def_port {mem_ck_n} LOC=U5 VCCIO=1.5 IOSTANDARD=HSTL15_I DRIVE=8 SLEW=SLOW NONE=TRUE successfully
Executing : def_port {mem_cke} LOC=R1 VCCIO=1.5 IOSTANDARD=HSTL15_I DRIVE=8 SLEW=SLOW NONE=TRUE
Executing : def_port {mem_cke} LOC=R1 VCCIO=1.5 IOSTANDARD=HSTL15_I DRIVE=8 SLEW=SLOW NONE=TRUE successfully
Executing : def_port {mem_cs_n} LOC=N4 VCCIO=1.5 IOSTANDARD=HSTL15_I DRIVE=8 SLEW=SLOW NONE=TRUE
Executing : def_port {mem_cs_n} LOC=N4 VCCIO=1.5 IOSTANDARD=HSTL15_I DRIVE=8 SLEW=SLOW NONE=TRUE successfully
Executing : def_port {mem_dm[0]} LOC=K6 VCCIO=1.5 IOSTANDARD=HSTL15_I DRIVE=8 SLEW=SLOW NONE=TRUE
C: ConstraintEditor-2002: [F:/SocFpga/project/device_map/Hfpga_soc.pcf(line number: 111)] | Port mem_dm[0] has been placed at location K6, whose type is share pin.
Executing : def_port {mem_dm[0]} LOC=K6 VCCIO=1.5 IOSTANDARD=HSTL15_I DRIVE=8 SLEW=SLOW NONE=TRUE successfully
Executing : def_port {mem_dm[1]} LOC=F7 VCCIO=1.5 IOSTANDARD=HSTL15_I DRIVE=8 SLEW=SLOW NONE=TRUE
Executing : def_port {mem_dm[1]} LOC=F7 VCCIO=1.5 IOSTANDARD=HSTL15_I DRIVE=8 SLEW=SLOW NONE=TRUE successfully
Executing : def_port {mem_dm[2]} LOC=D5 VCCIO=1.5 IOSTANDARD=HSTL15_I DRIVE=8 SLEW=SLOW NONE=TRUE
Executing : def_port {mem_dm[2]} LOC=D5 VCCIO=1.5 IOSTANDARD=HSTL15_I DRIVE=8 SLEW=SLOW NONE=TRUE successfully
Executing : def_port {mem_dm[3]} LOC=E2 VCCIO=1.5 IOSTANDARD=HSTL15_I DRIVE=8 SLEW=SLOW NONE=TRUE
Executing : def_port {mem_dm[3]} LOC=E2 VCCIO=1.5 IOSTANDARD=HSTL15_I DRIVE=8 SLEW=SLOW NONE=TRUE successfully
Executing : def_port {mem_odt} LOC=H2 VCCIO=1.5 IOSTANDARD=HSTL15_I DRIVE=8 SLEW=SLOW NONE=TRUE
Executing : def_port {mem_odt} LOC=H2 VCCIO=1.5 IOSTANDARD=HSTL15_I DRIVE=8 SLEW=SLOW NONE=TRUE successfully
Executing : def_port {mem_ras_n} LOC=P6 VCCIO=1.5 IOSTANDARD=HSTL15_I DRIVE=8 SLEW=SLOW NONE=TRUE
Executing : def_port {mem_ras_n} LOC=P6 VCCIO=1.5 IOSTANDARD=HSTL15_I DRIVE=8 SLEW=SLOW NONE=TRUE successfully
Executing : def_port {mem_rst_n} LOC=H1 VCCIO=1.5 IOSTANDARD=HSTL15_I DRIVE=8 SLEW=SLOW NONE=TRUE
Executing : def_port {mem_rst_n} LOC=H1 VCCIO=1.5 IOSTANDARD=HSTL15_I DRIVE=8 SLEW=SLOW NONE=TRUE successfully
Executing : def_port {mem_we_n} LOC=T8 VCCIO=1.5 IOSTANDARD=HSTL15_I DRIVE=8 SLEW=SLOW NONE=TRUE
Executing : def_port {mem_we_n} LOC=T8 VCCIO=1.5 IOSTANDARD=HSTL15_I DRIVE=8 SLEW=SLOW NONE=TRUE successfully
Executing : def_port {JTAG_TCK} LOC=M24 VCCIO=3.3 IOSTANDARD=LVCMOS33 NONE=TRUE
C: ConstraintEditor-2002: [F:/SocFpga/project/device_map/Hfpga_soc.pcf(line number: 119)] | Port JTAG_TCK has been placed at location M24, whose type is share pin.
Executing : def_port {JTAG_TCK} LOC=M24 VCCIO=3.3 IOSTANDARD=LVCMOS33 NONE=TRUE successfully
Executing : def_port {JTAG_TDI} LOC=R20 VCCIO=3.3 IOSTANDARD=LVCMOS33 NONE=TRUE
C: ConstraintEditor-2002: [F:/SocFpga/project/device_map/Hfpga_soc.pcf(line number: 120)] | Port JTAG_TDI has been placed at location R20, whose type is share pin.
Executing : def_port {JTAG_TDI} LOC=R20 VCCIO=3.3 IOSTANDARD=LVCMOS33 NONE=TRUE successfully
Executing : def_port {JTAG_TMS} LOC=P19 VCCIO=3.3 IOSTANDARD=LVCMOS33 NONE=TRUE
C: ConstraintEditor-2002: [F:/SocFpga/project/device_map/Hfpga_soc.pcf(line number: 121)] | Port JTAG_TMS has been placed at location P19, whose type is share pin.
Executing : def_port {JTAG_TMS} LOC=P19 VCCIO=3.3 IOSTANDARD=LVCMOS33 NONE=TRUE successfully
Executing : def_port {cam1_data[0]} LOC=T14 VCCIO=3.3 IOSTANDARD=LVCMOS33
C: ConstraintEditor-2001: [F:/SocFpga/project/device_map/Hfpga_soc.pcf(line number: 122)] Object 'cam1_data[0]' is dangling, which has no connection. it will be ignored.
Executing : def_port {cam1_data[0]} LOC=T14 VCCIO=3.3 IOSTANDARD=LVCMOS33 failed
Executing : def_port {cam1_data[1]} LOC=U20 VCCIO=3.3 IOSTANDARD=LVCMOS33
C: ConstraintEditor-2001: [F:/SocFpga/project/device_map/Hfpga_soc.pcf(line number: 123)] Object 'cam1_data[1]' is dangling, which has no connection. it will be ignored.
Executing : def_port {cam1_data[1]} LOC=U20 VCCIO=3.3 IOSTANDARD=LVCMOS33 failed
Executing : def_port {cam1_data[2]} LOC=Y26 VCCIO=3.3 IOSTANDARD=LVCMOS33
C: ConstraintEditor-2001: [F:/SocFpga/project/device_map/Hfpga_soc.pcf(line number: 124)] Object 'cam1_data[2]' is dangling, which has no connection. it will be ignored.
Executing : def_port {cam1_data[2]} LOC=Y26 VCCIO=3.3 IOSTANDARD=LVCMOS33 failed
Executing : def_port {cam1_data[3]} LOC=W25 VCCIO=3.3 IOSTANDARD=LVCMOS33
C: ConstraintEditor-2001: [F:/SocFpga/project/device_map/Hfpga_soc.pcf(line number: 125)] Object 'cam1_data[3]' is dangling, which has no connection. it will be ignored.
Executing : def_port {cam1_data[3]} LOC=W25 VCCIO=3.3 IOSTANDARD=LVCMOS33 failed
Executing : def_port {cam1_data[4]} LOC=T15 VCCIO=3.3 IOSTANDARD=LVCMOS33
C: ConstraintEditor-2001: [F:/SocFpga/project/device_map/Hfpga_soc.pcf(line number: 126)] Object 'cam1_data[4]' is dangling, which has no connection. it will be ignored.
Executing : def_port {cam1_data[4]} LOC=T15 VCCIO=3.3 IOSTANDARD=LVCMOS33 failed
Executing : def_port {cam1_data[5]} LOC=Y21 VCCIO=3.3 IOSTANDARD=LVCMOS33
C: ConstraintEditor-2001: [F:/SocFpga/project/device_map/Hfpga_soc.pcf(line number: 127)] Object 'cam1_data[5]' is dangling, which has no connection. it will be ignored.
Executing : def_port {cam1_data[5]} LOC=Y21 VCCIO=3.3 IOSTANDARD=LVCMOS33 failed
Executing : def_port {cam1_data[6]} LOC=V18 VCCIO=3.3 IOSTANDARD=LVCMOS33
C: ConstraintEditor-2001: [F:/SocFpga/project/device_map/Hfpga_soc.pcf(line number: 128)] Object 'cam1_data[6]' is dangling, which has no connection. it will be ignored.
Executing : def_port {cam1_data[6]} LOC=V18 VCCIO=3.3 IOSTANDARD=LVCMOS33 failed
Executing : def_port {cam1_data[7]} LOC=V14 VCCIO=3.3 IOSTANDARD=LVCMOS33
C: ConstraintEditor-2001: [F:/SocFpga/project/device_map/Hfpga_soc.pcf(line number: 129)] Object 'cam1_data[7]' is dangling, which has no connection. it will be ignored.
Executing : def_port {cam1_data[7]} LOC=V14 VCCIO=3.3 IOSTANDARD=LVCMOS33 failed
Executing : def_port {cam1_href} LOC=W18 VCCIO=3.3 IOSTANDARD=LVCMOS33
C: ConstraintEditor-2001: [F:/SocFpga/project/device_map/Hfpga_soc.pcf(line number: 130)] Object 'cam1_href' is dangling, which has no connection. it will be ignored.
Executing : def_port {cam1_href} LOC=W18 VCCIO=3.3 IOSTANDARD=LVCMOS33 failed
Executing : def_port {cam1_pclk} LOC=Y22 VCCIO=3.3 IOSTANDARD=LVCMOS33
C: ConstraintEditor-2001: [F:/SocFpga/project/device_map/Hfpga_soc.pcf(line number: 131)] Object 'cam1_pclk' is dangling, which has no connection. it will be ignored.
Executing : def_port {cam1_pclk} LOC=Y22 VCCIO=3.3 IOSTANDARD=LVCMOS33 failed
Executing : def_port {cam1_vsync} LOC=Y23 VCCIO=3.3 IOSTANDARD=LVCMOS33
C: ConstraintEditor-2001: [F:/SocFpga/project/device_map/Hfpga_soc.pcf(line number: 132)] Object 'cam1_vsync' is dangling, which has no connection. it will be ignored.
Executing : def_port {cam1_vsync} LOC=Y23 VCCIO=3.3 IOSTANDARD=LVCMOS33 failed
Executing : def_port {cam2_data0} LOC=V21 VCCIO=3.3 IOSTANDARD=LVCMOS33
C: ConstraintEditor-2001: [F:/SocFpga/project/device_map/Hfpga_soc.pcf(line number: 133)] Object 'cam2_data0' is dangling, which has no connection. it will be ignored.
Executing : def_port {cam2_data0} LOC=V21 VCCIO=3.3 IOSTANDARD=LVCMOS33 failed
Executing : def_port {cam2_data3} LOC=V19 VCCIO=3.3 IOSTANDARD=LVCMOS33
C: ConstraintEditor-2001: [F:/SocFpga/project/device_map/Hfpga_soc.pcf(line number: 134)] Object 'cam2_data3' is dangling, which has no connection. it will be ignored.
Executing : def_port {cam2_data3} LOC=V19 VCCIO=3.3 IOSTANDARD=LVCMOS33 failed
Executing : def_port {cam2_data_hi[0]} LOC=AA23 VCCIO=3.3 IOSTANDARD=LVCMOS33
C: ConstraintEditor-2001: [F:/SocFpga/project/device_map/Hfpga_soc.pcf(line number: 135)] Object 'cam2_data_hi[0]' is dangling, which has no connection. it will be ignored.
Executing : def_port {cam2_data_hi[0]} LOC=AA23 VCCIO=3.3 IOSTANDARD=LVCMOS33 failed
Executing : def_port {cam2_data_hi[1]} LOC=T17 VCCIO=3.3 IOSTANDARD=LVCMOS33
C: ConstraintEditor-2001: [F:/SocFpga/project/device_map/Hfpga_soc.pcf(line number: 136)] Object 'cam2_data_hi[1]' is dangling, which has no connection. it will be ignored.
Executing : def_port {cam2_data_hi[1]} LOC=T17 VCCIO=3.3 IOSTANDARD=LVCMOS33 failed
Executing : def_port {cam2_data_hi[2]} LOC=T18 VCCIO=3.3 IOSTANDARD=LVCMOS33
C: ConstraintEditor-2001: [F:/SocFpga/project/device_map/Hfpga_soc.pcf(line number: 137)] Object 'cam2_data_hi[2]' is dangling, which has no connection. it will be ignored.
Executing : def_port {cam2_data_hi[2]} LOC=T18 VCCIO=3.3 IOSTANDARD=LVCMOS33 failed
Executing : def_port {cam2_href} LOC=W23 VCCIO=3.3 IOSTANDARD=LVCMOS33
C: ConstraintEditor-2001: [F:/SocFpga/project/device_map/Hfpga_soc.pcf(line number: 138)] Object 'cam2_href' is dangling, which has no connection. it will be ignored.
Executing : def_port {cam2_href} LOC=W23 VCCIO=3.3 IOSTANDARD=LVCMOS33 failed
Executing : def_port {cam2_pclk} LOC=U21 VCCIO=3.3 IOSTANDARD=LVCMOS33
C: ConstraintEditor-2001: [F:/SocFpga/project/device_map/Hfpga_soc.pcf(line number: 139)] Object 'cam2_pclk' is dangling, which has no connection. it will be ignored.
Executing : def_port {cam2_pclk} LOC=U21 VCCIO=3.3 IOSTANDARD=LVCMOS33 failed
Executing : def_port {cam2_vsync} LOC=V23 VCCIO=3.3 IOSTANDARD=LVCMOS33
C: ConstraintEditor-2001: [F:/SocFpga/project/device_map/Hfpga_soc.pcf(line number: 140)] Object 'cam2_vsync' is dangling, which has no connection. it will be ignored.
Executing : def_port {cam2_vsync} LOC=V23 VCCIO=3.3 IOSTANDARD=LVCMOS33 failed
Executing : def_port {clk} LOC=D18 VCCIO=3.3 IOSTANDARD=LVCMOS33
Executing : def_port {clk} LOC=D18 VCCIO=3.3 IOSTANDARD=LVCMOS33 successfully
Executing : def_port {clk_n} LOC=N2 VCCIO=1.5 IOSTANDARD=HSTL15D_I NONE=TRUE
C: ConstraintEditor-2001: [F:/SocFpga/project/device_map/Hfpga_soc.pcf(line number: 142)] Object 'clk_n' is dangling, which has no connection. it will be ignored.
Executing : def_port {clk_n} LOC=N2 VCCIO=1.5 IOSTANDARD=HSTL15D_I NONE=TRUE failed
Executing : def_port {clk_p} LOC=N3 VCCIO=1.5 IOSTANDARD=HSTL15D_I NONE=TRUE
C: ConstraintEditor-2001: [F:/SocFpga/project/device_map/Hfpga_soc.pcf(line number: 143)] Object 'clk_p' is dangling, which has no connection. it will be ignored.
Executing : def_port {clk_p} LOC=N3 VCCIO=1.5 IOSTANDARD=HSTL15D_I NONE=TRUE failed
Executing : def_port {flash_miso} LOC=R15 VCCIO=3.3 IOSTANDARD=LVCMOS33
C: ConstraintEditor-2002: [F:/SocFpga/project/device_map/Hfpga_soc.pcf(line number: 144)] | Port flash_miso has been placed at location R15, whose type is share pin.
Executing : def_port {flash_miso} LOC=R15 VCCIO=3.3 IOSTANDARD=LVCMOS33 successfully
Executing : def_port {hard_rst_n} LOC=C22 VCCIO=3.3 IOSTANDARD=LVCMOS33
Executing : def_port {hard_rst_n} LOC=C22 VCCIO=3.3 IOSTANDARD=LVCMOS33 successfully
Constraint check end.
NOTE: The technology fpga was specified.
NOTE: delay_model specified was generic_cmos.
NOTE: Using the fpga syntax tables...
Totals:
 Calls to malloc = 0
 Calls to calloc = 5993935

I: Column Clock Check open.
Read Column Clock Map.

Placement started.
Phase 1 Pre global placement started.
Mapping instance GRS_INST/grs_ccs to CCS_75_622.
Mapping instance g_bram_profile.u_bram_profile/u_pll/u_gpll/gpll_inst to GPLL_7_1381.
Phase 1.1 1st GP placement started.
Design Utilization : 3%.
Build SRB system takes 0.50 sec.
Wirelength after clock region global placement is 74394 and checksum is 860235C9D3B1CE1D.
1st GP placement takes 0.78 sec.

Phase 1.2 Clock placement started.
Mapping instance clkbufg_0/gopclkbufg to USCM_383_930.
C: Place-2028: GLOBAL_CLOCK: the driver g_bram_profile.u_bram_profile/u_jtag_tck_buf/opit_1 fixed at IOLHR_16_798 is unreasonable. Sub-optimal placement for a clock source and a clock buffer.
Mapping instance clkbufg_1/gopclkbufg to USCM_383_882.
Clock placement takes 0.00 sec.

Wirelength after Pre Global Placement is 74394 and checksum is 860235C9D3B1CE1D.
Pre global placement takes 0.92 sec.

Phase 2 Global placement started.
Phase 2.1 Fixed placement started.
First map gop timing takes 0.14 sec
Init coarse delay table.
Read place coarse delay table takes 0.20 sec.
Placed fixed group with base inst JTAG_TDI_ibuf/opit_1 on IOLHR_16_696.
Placed fixed group with base inst JTAG_TDO_obuf/opit_1 on IOLHR_16_660.
Placed fixed group with base inst JTAG_TMS_ibuf/opit_1 on IOLHR_16_720.
Placed fixed group with base inst cam1_reset_n_obuf/opit_1 on IOLHR_16_426.
Placed fixed group with base inst cam2_reset_n_obuf/opit_1 on IOLHR_16_408.
Placed fixed group with base inst clk_ibuf/opit_1 on IOLHR_16_1386.
Placed fixed group with base inst core_active_obuf/opit_1 on IOLHR_16_1338.
Placed fixed group with base inst flash_cs2_n_obuf/opit_1 on IOLHR_16_936.
Placed fixed group with base inst flash_cs_n_obuf/opit_1 on IOLHR_16_846.
Placed fixed group with base inst flash_hold_n_obuf/opit_1 on IOLHR_16_888.
Placed fixed group with base inst flash_miso_ibuf/opit_1 on IOLHR_16_900.
Placed fixed group with base inst flash_mosi_obuf/opit_1 on IOLHR_16_906.
Placed fixed group with base inst flash_wp_n_obuf/opit_1 on IOLHR_16_894.
Placed fixed group with base inst g_bram_profile.u_bram_profile.cam1_scl_tri/opit_1 on IOLHR_16_438.
Placed fixed group with base inst g_bram_profile.u_bram_profile.cam1_sda_tri/opit_1 on IOLHR_16_330.
Placed fixed group with base inst g_bram_profile.u_bram_profile.cam2_scl_tri/opit_1 on IOLHR_16_384.
Placed fixed group with base inst g_bram_profile.u_bram_profile.cam2_sda_tri/opit_1 on IOLHR_16_318.
Placed fixed group with base inst g_bram_profile.u_bram_profile.mem_dq_tri[0]/opit_1 on IOLHR_724_1080.
Placed fixed group with base inst g_bram_profile.u_bram_profile.mem_dq_tri[1]/opit_1 on IOLHR_724_1140.
Placed fixed group with base inst g_bram_profile.u_bram_profile.mem_dq_tri[2]/opit_1 on IOLHR_724_1074.
Placed fixed group with base inst g_bram_profile.u_bram_profile.mem_dq_tri[3]/opit_1 on IOLHR_724_1128.
Placed fixed group with base inst g_bram_profile.u_bram_profile.mem_dq_tri[4]/opit_1 on IOLHR_724_1092.
Placed fixed group with base inst g_bram_profile.u_bram_profile.mem_dq_tri[5]/opit_1 on IOLHR_724_1104.
Placed fixed group with base inst g_bram_profile.u_bram_profile.mem_dq_tri[6]/opit_1 on IOLHR_724_1086.
Placed fixed group with base inst g_bram_profile.u_bram_profile.mem_dq_tri[7]/opit_1 on IOLHR_724_1134.
Placed fixed group with base inst g_bram_profile.u_bram_profile.mem_dq_tri[8]/opit_1 on IOLHR_724_1164.
Placed fixed group with base inst g_bram_profile.u_bram_profile.mem_dq_tri[9]/opit_1 on IOLHR_724_1176.
Placed fixed group with base inst g_bram_profile.u_bram_profile.mem_dq_tri[10]/opit_1 on IOLHR_724_1200.
Placed fixed group with base inst g_bram_profile.u_bram_profile.mem_dq_tri[11]/opit_1 on IOLHR_724_1206.
Placed fixed group with base inst g_bram_profile.u_bram_profile.mem_dq_tri[12]/opit_1 on IOLHR_724_1194.
Placed fixed group with base inst g_bram_profile.u_bram_profile.mem_dq_tri[13]/opit_1 on IOLHR_724_1212.
Placed fixed group with base inst g_bram_profile.u_bram_profile.mem_dq_tri[14]/opit_1 on IOLHR_724_1152.
Placed fixed group with base inst g_bram_profile.u_bram_profile.mem_dq_tri[15]/opit_1 on IOLHR_724_1158.
Placed fixed group with base inst g_bram_profile.u_bram_profile.mem_dq_tri[16]/opit_1 on IOLHR_724_1044.
Placed fixed group with base inst g_bram_profile.u_bram_profile.mem_dq_tri[17]/opit_1 on IOLHR_724_1050.
Placed fixed group with base inst g_bram_profile.u_bram_profile.mem_dq_tri[18]/opit_1 on IOLHR_724_1020.
Placed fixed group with base inst g_bram_profile.u_bram_profile.mem_dq_tri[19]/opit_1 on IOLHR_724_996.
Placed fixed group with base inst g_bram_profile.u_bram_profile.mem_dq_tri[20]/opit_1 on IOLHR_724_1008.
Placed fixed group with base inst g_bram_profile.u_bram_profile.mem_dq_tri[21]/opit_1 on IOLHR_724_1002.
Placed fixed group with base inst g_bram_profile.u_bram_profile.mem_dq_tri[22]/opit_1 on IOLHR_724_1026.
Placed fixed group with base inst g_bram_profile.u_bram_profile.mem_dq_tri[23]/opit_1 on IOLHR_724_1014.
Placed fixed group with base inst g_bram_profile.u_bram_profile.mem_dq_tri[24]/opit_1 on IOLHR_724_954.
Placed fixed group with base inst g_bram_profile.u_bram_profile.mem_dq_tri[25]/opit_1 on IOLHR_724_936.
Placed fixed group with base inst g_bram_profile.u_bram_profile.mem_dq_tri[26]/opit_1 on IOLHR_724_924.
Placed fixed group with base inst g_bram_profile.u_bram_profile.mem_dq_tri[27]/opit_1 on IOLHR_724_972.
Placed fixed group with base inst g_bram_profile.u_bram_profile.mem_dq_tri[28]/opit_1 on IOLHR_724_942.
Placed fixed group with base inst g_bram_profile.u_bram_profile.mem_dq_tri[29]/opit_1 on IOLHR_724_978.
Placed fixed group with base inst g_bram_profile.u_bram_profile.mem_dq_tri[30]/opit_1 on IOLHR_724_930.
Placed fixed group with base inst g_bram_profile.u_bram_profile.mem_dq_tri[31]/opit_1 on IOLHR_724_990.
Placed fixed group with base inst g_bram_profile.u_bram_profile.mem_dqs_n_tri[0]/opit_1 on IOLHR_724_1110.
Placed fixed group with base inst g_bram_profile.u_bram_profile.mem_dqs_n_tri[1]/opit_1 on IOLHR_724_1182.
Placed fixed group with base inst g_bram_profile.u_bram_profile.mem_dqs_n_tri[2]/opit_1 on IOLHR_724_1032.
Placed fixed group with base inst g_bram_profile.u_bram_profile.mem_dqs_n_tri[3]/opit_1 on IOLHR_724_960.
Placed fixed group with base inst g_bram_profile.u_bram_profile.mem_dqs_tri[0]/opit_1 on IOLHR_724_1116.
Placed fixed group with base inst g_bram_profile.u_bram_profile.mem_dqs_tri[1]/opit_1 on IOLHR_724_1188.
Placed fixed group with base inst g_bram_profile.u_bram_profile.mem_dqs_tri[2]/opit_1 on IOLHR_724_1038.
Placed fixed group with base inst g_bram_profile.u_bram_profile.mem_dqs_tri[3]/opit_1 on IOLHR_724_966.
Placed fixed group with base inst g_bram_profile.u_bram_profile.u_fpioa.fpioa_tri[0]/opit_1 on IOLHR_16_1248.
Placed fixed group with base inst g_bram_profile.u_bram_profile.u_fpioa.fpioa_tri[1]/opit_1 on IOLHR_16_1242.
Placed fixed group with base inst g_bram_profile.u_bram_profile.u_fpioa.fpioa_tri[2]/opit_1 on IOLHR_16_636.
Placed fixed group with base inst g_bram_profile.u_bram_profile.u_fpioa.fpioa_tri[3]/opit_1 on IOLHR_16_834.
Placed fixed group with base inst g_bram_profile.u_bram_profile.u_fpioa.fpioa_tri[4]/opit_1 on IOLHR_16_786.
Placed fixed group with base inst g_bram_profile.u_bram_profile.u_fpioa.fpioa_tri[5]/opit_1 on IOLHR_16_552.
Placed fixed group with base inst g_bram_profile.u_bram_profile.u_fpioa.fpioa_tri[6]/opit_1 on IOLHR_16_528.
Placed fixed group with base inst g_bram_profile.u_bram_profile.u_fpioa.fpioa_tri[7]/opit_1 on IOLHR_16_504.
Placed fixed group with base inst g_bram_profile.u_bram_profile.u_fpioa.fpioa_tri[8]/opit_1 on IOLHR_16_1362.
Placed fixed group with base inst g_bram_profile.u_bram_profile.u_fpioa.fpioa_tri[9]/opit_1 on IOLHR_16_1380.
Placed fixed group with base inst g_bram_profile.u_bram_profile.u_fpioa.fpioa_tri[10]/opit_1 on IOLHR_16_1392.
Placed fixed group with base inst g_bram_profile.u_bram_profile.u_fpioa.fpioa_tri[11]/opit_1 on IOLHR_16_1422.
Placed fixed group with base inst g_bram_profile.u_bram_profile.u_fpioa.fpioa_tri[12]/opit_1 on IOLHR_16_1290.
Placed fixed group with base inst g_bram_profile.u_bram_profile.u_fpioa.fpioa_tri[13]/opit_1 on IOLHR_16_1320.
Placed fixed group with base inst g_bram_profile.u_bram_profile.u_fpioa.fpioa_tri[14]/opit_1 on IOLHR_16_1314.
Placed fixed group with base inst g_bram_profile.u_bram_profile.u_fpioa.fpioa_tri[15]/opit_1 on IOLHR_16_1344.
Placed fixed group with base inst g_bram_profile.u_bram_profile.u_fpioa.fpioa_tri[16]/opit_1 on IOLHR_16_780.
Placed fixed group with base inst g_bram_profile.u_bram_profile.u_fpioa.fpioa_tri[17]/opit_1 on IOLHR_16_546.
Placed fixed group with base inst g_bram_profile.u_bram_profile.u_fpioa.fpioa_tri[18]/opit_1 on IOLHR_16_522.
Placed fixed group with base inst g_bram_profile.u_bram_profile.u_fpioa.fpioa_tri[19]/opit_1 on IOLHR_16_498.
Placed fixed group with base inst g_bram_profile.u_bram_profile.u_fpioa.fpioa_tri[20]/opit_1 on IOLHR_16_618.
Placed fixed group with base inst g_bram_profile.u_bram_profile.u_fpioa.fpioa_tri[21]/opit_1 on IOLHR_16_624.
Placed fixed group with base inst g_bram_profile.u_bram_profile.u_fpioa.fpioa_tri[22]/opit_1 on IOLHR_16_642.
Placed fixed group with base inst g_bram_profile.u_bram_profile.u_fpioa.fpioa_tri[23]/opit_1 on IOLHR_16_648.
Placed fixed group with base inst g_bram_profile.u_bram_profile.u_fpioa.fpioa_tri[24]/opit_1 on IOLHR_16_666.
Placed fixed group with base inst g_bram_profile.u_bram_profile.u_fpioa.fpioa_tri[25]/opit_1 on IOLHR_16_672.
Placed fixed group with base inst g_bram_profile.u_bram_profile.u_fpioa.fpioa_tri[26]/opit_1 on IOLHR_16_768.
Placed fixed group with base inst g_bram_profile.u_bram_profile.u_fpioa.fpioa_tri[27]/opit_1 on IOLHR_16_774.
Placed fixed group with base inst g_bram_profile.u_bram_profile.u_fpioa.fpioa_tri[28]/opit_1 on IOLHR_16_594.
Placed fixed group with base inst g_bram_profile.u_bram_profile.u_fpioa.fpioa_tri[29]/opit_1 on IOLHR_16_600.
Placed fixed group with base inst g_bram_profile.u_bram_profile.u_fpioa.fpioa_tri[30]/opit_1 on IOLHR_16_570.
Placed fixed group with base inst g_bram_profile.u_bram_profile.u_fpioa.fpioa_tri[31]/opit_1 on IOLHR_16_576.
Placed fixed group with base inst g_bram_profile.u_bram_profile/u_jtag_tck_buf/opit_1 on IOLHR_16_798.
Placed fixed group with base inst hard_rst_n_ibuf/opit_1 on IOLHR_16_1296.
Placed fixed group with base inst mem_a_obuf[0]/opit_1 on IOLHR_724_828.
Placed fixed group with base inst mem_a_obuf[1]/opit_1 on IOLHR_724_822.
Placed fixed group with base inst mem_a_obuf[2]/opit_1 on IOLHR_724_780.
Placed fixed group with base inst mem_a_obuf[3]/opit_1 on IOLHR_724_750.
Placed fixed group with base inst mem_a_obuf[4]/opit_1 on IOLHR_724_708.
Placed fixed group with base inst mem_a_obuf[5]/opit_1 on IOLHR_724_804.
Placed fixed group with base inst mem_a_obuf[6]/opit_1 on IOLHR_724_690.
Placed fixed group with base inst mem_a_obuf[7]/opit_1 on IOLHR_724_834.
Placed fixed group with base inst mem_a_obuf[8]/opit_1 on IOLHR_724_696.
Placed fixed group with base inst mem_a_obuf[9]/opit_1 on IOLHR_724_816.
Placed fixed group with base inst mem_a_obuf[10]/opit_1 on IOLHR_724_714.
Placed fixed group with base inst mem_a_obuf[11]/opit_1 on IOLHR_724_726.
Placed fixed group with base inst mem_a_obuf[12]/opit_1 on IOLHR_724_720.
Placed fixed group with base inst mem_a_obuf[13]/opit_1 on IOLHR_724_786.
Placed fixed group with base inst mem_a_obuf[14]/opit_1 on IOLHR_724_810.
Placed fixed group with base inst mem_ba_obuf[0]/opit_1 on IOLHR_724_744.
Placed fixed group with base inst mem_ba_obuf[1]/opit_1 on IOLHR_724_702.
Placed fixed group with base inst mem_ba_obuf[2]/opit_1 on IOLHR_724_672.
Placed fixed group with base inst mem_cas_n_obuf/opit_1 on IOLHR_724_618.
Placed fixed group with base inst mem_ck_n_obuf/opit_1 on IOLHR_724_654.
Placed fixed group with base inst mem_ck_obuf/opit_1 on IOLHR_724_660.
Placed fixed group with base inst mem_cke_obuf/opit_1 on IOLHR_724_732.
Placed fixed group with base inst mem_cs_n_obuf/opit_1 on IOLHR_724_738.
Placed fixed group with base inst mem_dm_obuf[0]/opit_1 on IOLHR_724_1098.
Placed fixed group with base inst mem_dm_obuf[1]/opit_1 on IOLHR_724_1170.
Placed fixed group with base inst mem_dm_obuf[2]/opit_1 on IOLHR_724_1056.
Placed fixed group with base inst mem_dm_obuf[3]/opit_1 on IOLHR_724_948.
Placed fixed group with base inst mem_odt_obuf/opit_1 on IOLHR_724_798.
Placed fixed group with base inst mem_ras_n_obuf/opit_1 on IOLHR_724_684.
Placed fixed group with base inst mem_rst_n_obuf/opit_1 on IOLHR_724_792.
Placed fixed group with base inst mem_we_n_obuf/opit_1 on IOLHR_724_624.
Placed fixed instance GRS_INST/grs_ccs on CCS_75_622.
Placed fixed instance clkbufg_0/gopclkbufg on USCM_383_930.
Placed fixed instance clkbufg_1/gopclkbufg on USCM_383_882.
Placed fixed instance g_bram_profile.u_bram_profile/u_pll/u_gpll/gpll_inst on GPLL_7_1381.
Placed fixed instance BKCL_auto_0 on BKCL_1_1258.
Placed fixed instance BKCL_auto_1 on BKCL_1_952.
Placed fixed instance BKCL_auto_2 on BKCL_1_646.
Placed fixed instance BKCL_auto_3 on BKCL_1_340.
Placed fixed instance BKCL_auto_4 on BKCL_733_952.
Placed fixed instance BKCL_auto_5 on BKCL_733_646.
Fixed placement takes 0.55 sec.

Phase 2.2 Process placement started.
Process placement takes 0.00 sec.

Phase 2.3 IO placement started.
IO placement takes 0.02 sec.

PBM start.
Total cost after SA planning is 16409.800000.
SA total time: 1286 msec
PBM of GP end, takes 0.34 sec.
Phase 2.4 2nd GP placement started.
Run super clustering :
	Initial slack -11396.
	21 iterations finished.
	Final slack -3252.
Super clustering done.
Design Utilization : 3%.
I: GP end with result: density(0.003352)
Worst slack after global placement is 1187
2nd GP placement takes 2.11 sec.

Wirelength after global placement is 93268 and checksum is E9059BD190543B9C.
Global placement takes 3.02 sec.

Phase 3 Post global placement started.
Phase 3.1 Macro cell placement started.
I: Process macros using "Global".
Wirelength after macro cell placement is 95798 and checksum is 4E06AB289F14F2ED.
Macro cell placement takes 0.16 sec.

PBM start.
PBM of PostGP end, takes 0.00 sec.
Phase 3.2 3rd GP placement started.
Design Utilization : 3%.
I: GP end with result: density(0.001177)
Worst slack after post global placement is 970
3rd GP placement takes 0.70 sec.

Wirelength after post global placement is 86859 and checksum is C2D4E8E2258542D0.
Packing LUT6D started.
I: LUT6D pack result: There are 1926 LUT6 in collection, pack success:117
Packing LUT6D takes 0.19 sec.
Post global placement takes 1.06 sec.

Phase 4 Legalization started.
The average distance in LP is 0.356379.
Wirelength after legalization is 93660 and checksum is BD58B72460948AE7.
Legalization takes 0.08 sec.

Phase 5 Timing-driven detailed placement started.
Phase 5.1 Replication placement started.
Worst slack before Replication Place is 568.
Replication placement takes 0.06 sec.

Wirelength after replication placement is 93660 and checksum is BD58B72460948AE7.
Phase 5.2 Swapping placement started.
Worst slack before detailed placement is 568, TNS before detailed placement is 0. 
Cost at Swap iteration 0 : 568, wslk 568, tns 0, takes 0.12 sec.
    wire length at Swap iteration 0 : last 93546.00, curr 93458.00, change rate -0.09%
Cost at DP iteration 0 : 568, wslk 1450, tns 0, takes 0.09 sec.
    wire length at DP iteration 0 : last 93458.00, curr 95537.00, change rate 2.22%
Worst slack after detailed placement is 1450, TNS after detailed placement is 0. 
Swapping placement takes 0.27 sec.

Wirelength after detailed placement is 95648 and checksum is 63A5B2F4A8CBDFC1.
Timing-driven detailed placement takes 0.33 sec.

Worst slack is 1428, TNS after placement is 0.
Placement done.
Total placement takes 5.70 sec.
Finished placement.

Routing started.
Build routing arch for double attribute device.
Enter timing driven router mode.
Route thread size: 5
Building routing graph takes 8.62 sec.
Init coarse delay table.
Read place coarse delay table takes 0.27 sec.
Build SRB system takes 0.67 sec.
Setup STE netlist take 4482 msec.
Dispose control chain take 171 msec.
Collect const net info take 147 msec.
Worst slack is 1428, TNS before route is 0.
Total nets for routing: 7626.
Total loads for routing: 36791.
Direct connect net size: 1778
Build all design net take 318 msec.
Processing design graph takes 5.12 sec.
Delay table total memory: 72.73952103 MB
Route graph total memory: 320.99763584 MB
Route design total memory: 12.98876190 MB
Global routing takes 0.00 sec.
Total 7624 subnets.
Unrouted clock nets at iteration 0 (0.245 sec): 0
Total route nets size: 7619
Pre route takes 2.547 sec
Unrouted general nets at iteration 2 (MT total route time: 1.443 sec): 6712(overused: 46272)
Unrouted general nets at iteration 3 (MT total route time: 1.409 sec): 5989(overused: 35845)
Unrouted general nets at iteration 4 (MT total route time: 1.247 sec): 5177(overused: 26784)
Unrouted general nets at iteration 5 (MT total route time: 1.061 sec): 4504(overused: 20079)
Unrouted general nets at iteration 6 (MT total route time: 0.923 sec): 4046(overused: 15941)
Unrouted general nets at iteration 7 (MT total route time: 0.798 sec): 3327(overused: 13879)
Unrouted general nets at iteration 8 (MT total route time: 0.748 sec): 2830(overused: 11200)
Unrouted general nets at iteration 9 (MT total route time: 0.696 sec): 2321(overused: 8795)
Unrouted general nets at iteration 10 (MT total route time: 0.642 sec): 2008(overused: 7185)
Unrouted general nets at iteration 11 (MT total route time: 0.562 sec): 1687(overused: 5431)
Unrouted general nets at iteration 12 (MT total route time: 0.502 sec): 1443(overused: 4548)
Unrouted general nets at iteration 13 (MT total route time: 0.377 sec): 1285(overused: 3802)
Unrouted general nets at iteration 14 (MT total route time: 0.337 sec): 1107(overused: 3007)
Unrouted general nets at iteration 15 (MT total route time: 0.327 sec): 959(overused: 2653)
Unrouted general nets at iteration 16 (MT total route time: 0.259 sec): 817(overused: 2101)
Unrouted general nets at iteration 17 (MT total route time: 0.223 sec): 727(overused: 1768)
Unrouted general nets at iteration 18 (MT total route time: 0.189 sec): 652(overused: 1349)
Unrouted general nets at iteration 19 (MT total route time: 0.181 sec): 534(overused: 1201)
Unrouted general nets at iteration 20 (MT total route time: 0.147 sec): 414(overused: 864)
Unrouted general nets at iteration 21 (MT total route time: 0.122 sec): 373(overused: 760)
Unrouted general nets at iteration 22 (MT total route time: 0.097 sec): 307(overused: 553)
Unrouted general nets at iteration 23 (MT total route time: 0.091 sec): 257(overused: 446)
Unrouted general nets at iteration 24 (MT total route time: 0.074 sec): 229(overused: 402)
Unrouted general nets at iteration 25 (MT total route time: 0.084 sec): 233(overused: 510)
Unrouted general nets at iteration 26 (MT total route time: 0.082 sec): 248(overused: 502)
Unrouted general nets at iteration 27 (MT total route time: 0.071 sec): 221(overused: 432)
Unrouted general nets at iteration 28 (MT total route time: 0.068 sec): 178(overused: 366)
Unrouted general nets at iteration 29 (MT total route time: 0.061 sec): 161(overused: 301)
Unrouted general nets at iteration 30 (MT total route time: 0.053 sec): 109(overused: 188)
Unrouted general nets at iteration 31 (MT total route time: 0.042 sec): 66(overused: 114)
Unrouted general nets at iteration 32 (MT total route time: 0.033 sec): 45(overused: 74)
Unrouted general nets at iteration 33 (MT total route time: 0.032 sec): 47(overused: 77)
Unrouted general nets at iteration 34 (MT total route time: 0.032 sec): 34(overused: 56)
Unrouted general nets at iteration 35 (MT total route time: 0.027 sec): 27(overused: 46)
Unrouted general nets at iteration 36 (MT total route time: 0.026 sec): 18(overused: 36)
Unrouted general nets at iteration 37 (MT total route time: 0.025 sec): 14(overused: 22)
Unrouted general nets at iteration 38 (MT total route time: 0.026 sec): 12(overused: 28)
Unrouted general nets at iteration 39 (MT total route time: 0.025 sec): 10(overused: 16)
Unrouted general nets at iteration 40 (MT total route time: 0.026 sec): 6(overused: 12)
Unrouted general nets at iteration 41 (MT total route time: 0.022 sec): 6(overused: 16)
Unrouted general nets at iteration 42 (MT total route time: 0.022 sec): 2(overused: 4)
Unrouted general nets at iteration 43 (MT total route time: 0.020 sec): 0(overused: 0)
----General net take 0.021 sec(route net take 0.010 sec, inc cost take 0.011 sec, iter times: 1)
----const net route take 0.026 sec
Unrouted nets at iteration 44 (0.048 sec): 0
Detailed routing takes 19.76 sec.
I: Design net g_bram_profile.u_bram_profile/JTAG_TCK_in is routed by general path.
C: Route-2036: The clock path from g_bram_profile.u_bram_profile/u_jtag_tck_buf/opit_1:DI_TO_CLK to clkbufg_1/gopclkbufg:CLK is routed by SRB.
I: Design net g_bram_profile.u_bram_profile/flash_spi_sck is routed by general path.
C: Route-2036: The clock path from g_bram_profile.u_bram_profile/u_flash_bram_boot/u_flash_reader/spi_sck/opit_0_inv_L6QL5Q:L5Q to GRS_INST/grs_ccs:UMCLK is routed by SRB.
I: Design net ntclkbufg_1 is routed by general path.
C: Route-2036: The clock path from clkbufg_1/gopclkbufg:CLKOUT to g_bram_profile.u_bram_profile/u_jtag/u_jtag_driver/dm_resp_data[39]/opit_0_inv:CLK is routed by SRB.
Fix violation Finished.
No hold violation.
Hold Violation Fix in router takes 2.52 sec.
Sort Original Nets take 0.005 sec
Build solution node for device pins which were mapped to more than one design pin take 0.016 sec
Total net: 7626, route succeed net: 7626
Generate routing result take 0.015 sec
Handle PERMUX permutation take 0.303 sec
Handle const net take 0.016 sec
Handle route through take 0.004 sec
Handle loads' routing node take 0.054 sec
Used SRB routing arc is 90717.
Finish routing takes 0.55 sec.
Total routing takes 38.90 sec.


Device Utilization Summary :
+------------------------------------------------------------------------------------+
| Logic Utilization                 | Used     | Available     | Utilization(%)     
+------------------------------------------------------------------------------------+
| Use of ADC                        | 0        | 1             | 0                  
| Use of ANALOG                     | 0        | 1             | 0                  
| Use of APM                        | 4        | 740           | 1                  
| Use of BKCL                       | 6        | 10            | 60                 
| Use of CCS                        | 1        | 1             | 100                
| Use of CLMA                       | 1634     | 30075         | 6                  
|   FF                              | 3403     | 240600        | 2                  
|   LUT                             | 3617     | 120300        | 4                  
|   LUT-FF pairs                    | 986      | 120300        | 1                  
| Use of CLMS                       | 525      | 9875          | 6                  
|   FF                              | 1137     | 79000         | 2                  
|   LUT                             | 1251     | 39500         | 4                  
|   LUT-FF pairs                    | 330      | 39500         | 1                  
|   Distributed RAM                 | 0        | 39500         | 0                  
| Use of DDRPHY_CPD                 | 0        | 20            | 0                  
| Use of DDRPHY_IOCLK_DIV           | 0        | 10            | 0                  
| Use of DDR_PHY                    | 0        | 40            | 0                  
| Use of DRM                        | 20       | 415           | 5                  
| Use of GCLK_INBUF_SYN             | 0        | 40            | 0                  
| Use of GPLL                       | 1        | 10            | 10                 
| Use of GSEB                       | 0        | 512           | 0                  
| Use of HARD0                      | 452      | 25050         | 2                  
| Use of HCKB                       | 5        | 120           | 5                  
|  HCKB dataused                    | 0        | 120           | 0                  
| Use of HCKMUX_TEST                | 0        | 10            | 0                  
| Use of HSSTLP                     | 0        | 2             | 0                  
| Use of IO                         | 122      | 400           | 31                 
|   IOBD                            | 66       | 192           | 35                 
|   IOBS                            | 56       | 208           | 27                 
| Use of IOCKB                      | 0        | 40            | 0                  
| Use of IOCKMUX_TEST               | 0        | 10            | 0                  
| Use of IOLHR                      | 122      | 500           | 25                 
| Use of KEYRAM                     | 0        | 1             | 0                  
| Use of MFG_TEST                   | 0        | 1             | 0                  
| Use of MRCKB                      | 0        | 20            | 0                  
| Use of MRCKMUX_TEST               | 0        | 10            | 0                  
| Use of MRPOSTMUX_TEST             | 0        | 10            | 0                  
| Use of PCIE                       | 0        | 1             | 0                  
| Use of PCKMUX_TEST                | 0        | 20            | 0                  
| Use of PLLMRMUX_TEST              | 0        | 10            | 0                  
| Use of PLLREFMUX_TEST             | 0        | 10            | 0                  
| Use of POSTGMUXLR_TEST            | 0        | 4             | 0                  
| Use of PPLL                       | 0        | 10            | 0                  
| Use of PREGMUXC_TEST              | 0        | 3             | 0                  
| Use of PREGMUXC_X16_200H_TEST     | 0        | 4             | 0                  
| Use of PREGMUXLR_TEST             | 0        | 10            | 0                  
| Use of RCKB                       | 0        | 40            | 0                  
|  RCKB dataused                    | 0        | 40            | 0                  
| Use of RCKMUX_TEST                | 0        | 10            | 0                  
| Use of SCANCHAIN                  | 0        | 1             | 0                  
| Use of SCKMUX_TEST                | 0        | 20            | 0                  
| Use of SFB                        | 0        | 5075          | 0                  
| Use of SPAD                       | 0        | 8             | 0                  
| Use of TSERDES                    | 0        | 80            | 0                  
| Use of USCM                       | 2        | 32            | 7                  
|  USCM dataused                    | 0        | 32            | 0                  
| Use of USCMMUX_TEST               | 0        | 32            | 0                  
+------------------------------------------------------------------------------------+

Finished routing.
Design 'Hfpga_soc' has been placed and routed successfully.
Saving design to DB.
Finished placement and routing.
Action pnr: Real time elapsed is 0h:1m:39s
Action pnr: CPU time elapsed is 0h:0m:18s
Action pnr: Process CPU time elapsed is 0h:0m:22s
Current time: Tue Oct  6 18:15:39 2026
Action pnr: Peak memory pool usage is 3,047 MB
Action from compile to pnr: Total Real Time elapsed is 0h:2m:28s
Action from compile to pnr: Total CPU time elapsed is 0h:0m:27s
Action from compile to pnr: Total Process CPU Time elapsed is 0h:0m:31s
Compiling architecture definition.
Analyzing project file 'F:/SocFpga/project/project.pds'.
Compiling verification operator library.
Compiling common defs.
Compiling prim grid devices.
Compiling gate devices.
Compiling gate operators.
Building architecture model.
Loading device packaging model.
Reading design from pnr DB.
Start Report Post-PnR timing.
NOTE: The technology fpga was specified.
NOTE: delay_model specified was generic_cmos.
NOTE: Using the fpga syntax tables...
Totals:
 Calls to malloc = 0
 Calls to calloc = 5993935

W: Flow-4065: The port cam1_pclk has a sdc constraint, but it do not connect to any pin.
W: Flow-4065: The port cam2_pclk has a sdc constraint, but it do not connect to any pin.
Constructing timing graph ...
Timing graph has been constructed successfully
C: STA-3009: The clock CAM1_PCLK is not connected to any clock endpoints,it will be treated as a normal port or pin.
C: STA-3009: The clock CAM2_PCLK is not connected to any clock endpoints,it will be treated as a normal port or pin.
W: Timing-4087: Port 'cam1_scl' is not constrained, it is treated as combinational output.
W: Timing-4087: Port 'cam1_sda' is not constrained, it is treated as combinational output.
W: Timing-4087: Port 'cam2_scl' is not constrained, it is treated as combinational output.
W: Timing-4087: Port 'cam2_sda' is not constrained, it is treated as combinational output.
W: Timing-4086: Port 'fpioa[0]' is not constrained, it is treated as combinational input.
W: Timing-4087: Port 'fpioa[0]' is not constrained, it is treated as combinational output.
W: Timing-4086: Port 'fpioa[1]' is not constrained, it is treated as combinational input.
W: Timing-4087: Port 'fpioa[1]' is not constrained, it is treated as combinational output.
W: Timing-4086: Port 'fpioa[2]' is not constrained, it is treated as combinational input.
W: Timing-4087: Port 'fpioa[2]' is not constrained, it is treated as combinational output.
W: Timing-4086: Port 'fpioa[3]' is not constrained, it is treated as combinational input.
W: Timing-4087: Port 'fpioa[3]' is not constrained, it is treated as combinational output.
W: Timing-4086: Port 'fpioa[4]' is not constrained, it is treated as combinational input.
W: Timing-4087: Port 'fpioa[4]' is not constrained, it is treated as combinational output.
W: Timing-4086: Port 'fpioa[5]' is not constrained, it is treated as combinational input.
W: Timing-4087: Port 'fpioa[5]' is not constrained, it is treated as combinational output.
W: Timing-4086: Port 'fpioa[6]' is not constrained, it is treated as combinational input.
W: Timing-4087: Port 'fpioa[6]' is not constrained, it is treated as combinational output.
W: Timing-4086: Port 'fpioa[7]' is not constrained, it is treated as combinational input.
W: Timing-4087: Port 'fpioa[7]' is not constrained, it is treated as combinational output.
W: Timing-4086: Port 'fpioa[8]' is not constrained, it is treated as combinational input.
W: Timing-4087: Port 'fpioa[8]' is not constrained, it is treated as combinational output.
W: Timing-4086: Port 'fpioa[9]' is not constrained, it is treated as combinational input.
W: Timing-4087: Port 'fpioa[9]' is not constrained, it is treated as combinational output.
W: Timing-4086: Port 'fpioa[10]' is not constrained, it is treated as combinational input.
W: Timing-4087: Port 'fpioa[10]' is not constrained, it is treated as combinational output.
W: Timing-4086: Port 'fpioa[11]' is not constrained, it is treated as combinational input.
W: Timing-4087: Port 'fpioa[11]' is not constrained, it is treated as combinational output.
W: Timing-4086: Port 'fpioa[12]' is not constrained, it is treated as combinational input.
W: Timing-4087: Port 'fpioa[12]' is not constrained, it is treated as combinational output.
W: Timing-4086: Port 'fpioa[13]' is not constrained, it is treated as combinational input.
W: Timing-4087: Port 'fpioa[13]' is not constrained, it is treated as combinational output.
W: Timing-4086: Port 'fpioa[14]' is not constrained, it is treated as combinational input.
W: Timing-4087: Port 'fpioa[14]' is not constrained, it is treated as combinational output.
W: Timing-4086: Port 'fpioa[15]' is not constrained, it is treated as combinational input.
W: Timing-4087: Port 'fpioa[15]' is not constrained, it is treated as combinational output.
W: Timing-4086: Port 'fpioa[16]' is not constrained, it is treated as combinational input.
W: Timing-4087: Port 'fpioa[16]' is not constrained, it is treated as combinational output.
W: Timing-4086: Port 'fpioa[17]' is not constrained, it is treated as combinational input.
W: Timing-4087: Port 'fpioa[17]' is not constrained, it is treated as combinational output.
W: Timing-4086: Port 'fpioa[18]' is not constrained, it is treated as combinational input.
W: Timing-4087: Port 'fpioa[18]' is not constrained, it is treated as combinational output.
W: Timing-4086: Port 'fpioa[19]' is not constrained, it is treated as combinational input.
W: Timing-4087: Port 'fpioa[19]' is not constrained, it is treated as combinational output.
W: Timing-4086: Port 'fpioa[20]' is not constrained, it is treated as combinational input.
W: Timing-4087: Port 'fpioa[20]' is not constrained, it is treated as combinational output.
W: Timing-4086: Port 'fpioa[21]' is not constrained, it is treated as combinational input.
W: Timing-4087: Port 'fpioa[21]' is not constrained, it is treated as combinational output.
W: Timing-4086: Port 'fpioa[22]' is not constrained, it is treated as combinational input.
W: Timing-4087: Port 'fpioa[22]' is not constrained, it is treated as combinational output.
W: Timing-4086: Port 'fpioa[23]' is not constrained, it is treated as combinational input.
W: Timing-4087: Port 'fpioa[23]' is not constrained, it is treated as combinational output.
W: Timing-4086: Port 'fpioa[24]' is not constrained, it is treated as combinational input.
W: Timing-4087: Port 'fpioa[24]' is not constrained, it is treated as combinational output.
W: Timing-4086: Port 'fpioa[25]' is not constrained, it is treated as combinational input.
W: Timing-4087: Port 'fpioa[25]' is not constrained, it is treated as combinational output.
W: Timing-4086: Port 'fpioa[26]' is not constrained, it is treated as combinational input.
W: Timing-4087: Port 'fpioa[26]' is not constrained, it is treated as combinational output.
W: Timing-4086: Port 'fpioa[27]' is not constrained, it is treated as combinational input.
W: Timing-4087: Port 'fpioa[27]' is not constrained, it is treated as combinational output.
W: Timing-4086: Port 'fpioa[28]' is not constrained, it is treated as combinational input.
W: Timing-4087: Port 'fpioa[28]' is not constrained, it is treated as combinational output.
W: Timing-4086: Port 'fpioa[29]' is not constrained, it is treated as combinational input.
W: Timing-4087: Port 'fpioa[29]' is not constrained, it is treated as combinational output.
W: Timing-4086: Port 'fpioa[30]' is not constrained, it is treated as combinational input.
W: Timing-4087: Port 'fpioa[30]' is not constrained, it is treated as combinational output.
W: Timing-4086: Port 'fpioa[31]' is not constrained, it is treated as combinational input.
W: Timing-4087: Port 'fpioa[31]' is not constrained, it is treated as combinational output.
W: Timing-4087: Port 'mem_dq[0]' is not constrained, it is treated as combinational output.
W: Timing-4087: Port 'mem_dq[1]' is not constrained, it is treated as combinational output.
W: Timing-4087: Port 'mem_dq[2]' is not constrained, it is treated as combinational output.
W: Timing-4087: Port 'mem_dq[3]' is not constrained, it is treated as combinational output.
W: Timing-4087: Port 'mem_dq[4]' is not constrained, it is treated as combinational output.
W: Timing-4087: Port 'mem_dq[5]' is not constrained, it is treated as combinational output.
W: Timing-4087: Port 'mem_dq[6]' is not constrained, it is treated as combinational output.
W: Timing-4087: Port 'mem_dq[7]' is not constrained, it is treated as combinational output.
W: Timing-4087: Port 'mem_dq[8]' is not constrained, it is treated as combinational output.
W: Timing-4087: Port 'mem_dq[9]' is not constrained, it is treated as combinational output.
W: Timing-4087: Port 'mem_dq[10]' is not constrained, it is treated as combinational output.
W: Timing-4087: Port 'mem_dq[11]' is not constrained, it is treated as combinational output.
W: Timing-4087: Port 'mem_dq[12]' is not constrained, it is treated as combinational output.
W: Timing-4087: Port 'mem_dq[13]' is not constrained, it is treated as combinational output.
W: Timing-4087: Port 'mem_dq[14]' is not constrained, it is treated as combinational output.
W: Timing-4087: Port 'mem_dq[15]' is not constrained, it is treated as combinational output.
W: Timing-4087: Port 'mem_dq[16]' is not constrained, it is treated as combinational output.
W: Timing-4087: Port 'mem_dq[17]' is not constrained, it is treated as combinational output.
W: Timing-4087: Port 'mem_dq[18]' is not constrained, it is treated as combinational output.
W: Timing-4087: Port 'mem_dq[19]' is not constrained, it is treated as combinational output.
W: Timing-4087: Port 'mem_dq[20]' is not constrained, it is treated as combinational output.
W: Timing-4087: Port 'mem_dq[21]' is not constrained, it is treated as combinational output.
W: Timing-4087: Port 'mem_dq[22]' is not constrained, it is treated as combinational output.
W: Timing-4087: Port 'mem_dq[23]' is not constrained, it is treated as combinational output.
W: Timing-4087: Port 'mem_dq[24]' is not constrained, it is treated as combinational output.
W: Timing-4087: Port 'mem_dq[25]' is not constrained, it is treated as combinational output.
W: Timing-4087: Port 'mem_dq[26]' is not constrained, it is treated as combinational output.
W: Timing-4087: Port 'mem_dq[27]' is not constrained, it is treated as combinational output.
W: Timing-4087: Port 'mem_dq[28]' is not constrained, it is treated as combinational output.
W: Timing-4087: Port 'mem_dq[29]' is not constrained, it is treated as combinational output.
W: Timing-4087: Port 'mem_dq[30]' is not constrained, it is treated as combinational output.
W: Timing-4087: Port 'mem_dq[31]' is not constrained, it is treated as combinational output.
W: Timing-4087: Port 'mem_dqs[0]' is not constrained, it is treated as combinational output.
W: Timing-4087: Port 'mem_dqs[1]' is not constrained, it is treated as combinational output.
W: Timing-4087: Port 'mem_dqs[2]' is not constrained, it is treated as combinational output.
W: Timing-4087: Port 'mem_dqs[3]' is not constrained, it is treated as combinational output.
W: Timing-4087: Port 'mem_dqs_n[0]' is not constrained, it is treated as combinational output.
W: Timing-4087: Port 'mem_dqs_n[1]' is not constrained, it is treated as combinational output.
W: Timing-4087: Port 'mem_dqs_n[2]' is not constrained, it is treated as combinational output.
W: Timing-4087: Port 'mem_dqs_n[3]' is not constrained, it is treated as combinational output.
W: Timing-4087: Port 'JTAG_TDO' is not constrained, it is treated as combinational output.
W: Timing-4087: Port 'cam1_reset_n' is not constrained, it is treated as combinational output.
W: Timing-4087: Port 'cam2_reset_n' is not constrained, it is treated as combinational output.
W: Timing-4087: Port 'core_active' is not constrained, it is treated as combinational output.
W: Timing-4087: Port 'flash_cs2_n' is not constrained, it is treated as combinational output.
W: Timing-4087: Port 'flash_cs_n' is not constrained, it is treated as combinational output.
W: Timing-4087: Port 'flash_hold_n' is not constrained, it is treated as combinational output.
W: Timing-4087: Port 'flash_mosi' is not constrained, it is treated as combinational output.
W: Timing-4087: Port 'flash_wp_n' is not constrained, it is treated as combinational output.
W: Timing-4087: Port 'mem_a[0]' is not constrained, it is treated as combinational output.
W: Timing-4087: Port 'mem_a[1]' is not constrained, it is treated as combinational output.
W: Timing-4087: Port 'mem_a[2]' is not constrained, it is treated as combinational output.
W: Timing-4087: Port 'mem_a[3]' is not constrained, it is treated as combinational output.
W: Timing-4087: Port 'mem_a[4]' is not constrained, it is treated as combinational output.
W: Timing-4087: Port 'mem_a[5]' is not constrained, it is treated as combinational output.
W: Timing-4087: Port 'mem_a[6]' is not constrained, it is treated as combinational output.
W: Timing-4087: Port 'mem_a[7]' is not constrained, it is treated as combinational output.
W: Timing-4087: Port 'mem_a[8]' is not constrained, it is treated as combinational output.
W: Timing-4087: Port 'mem_a[9]' is not constrained, it is treated as combinational output.
W: Timing-4087: Port 'mem_a[10]' is not constrained, it is treated as combinational output.
W: Timing-4087: Port 'mem_a[11]' is not constrained, it is treated as combinational output.
W: Timing-4087: Port 'mem_a[12]' is not constrained, it is treated as combinational output.
W: Timing-4087: Port 'mem_a[13]' is not constrained, it is treated as combinational output.
W: Timing-4087: Port 'mem_a[14]' is not constrained, it is treated as combinational output.
W: Timing-4087: Port 'mem_ba[0]' is not constrained, it is treated as combinational output.
W: Timing-4087: Port 'mem_ba[1]' is not constrained, it is treated as combinational output.
W: Timing-4087: Port 'mem_ba[2]' is not constrained, it is treated as combinational output.
W: Timing-4087: Port 'mem_cas_n' is not constrained, it is treated as combinational output.
W: Timing-4087: Port 'mem_ck' is not constrained, it is treated as combinational output.
W: Timing-4087: Port 'mem_ck_n' is not constrained, it is treated as combinational output.
W: Timing-4087: Port 'mem_cke' is not constrained, it is treated as combinational output.
W: Timing-4087: Port 'mem_cs_n' is not constrained, it is treated as combinational output.
W: Timing-4087: Port 'mem_dm[0]' is not constrained, it is treated as combinational output.
W: Timing-4087: Port 'mem_dm[1]' is not constrained, it is treated as combinational output.
W: Timing-4087: Port 'mem_dm[2]' is not constrained, it is treated as combinational output.
W: Timing-4087: Port 'mem_dm[3]' is not constrained, it is treated as combinational output.
W: Timing-4087: Port 'mem_odt' is not constrained, it is treated as combinational output.
W: Timing-4087: Port 'mem_ras_n' is not constrained, it is treated as combinational output.
W: Timing-4087: Port 'mem_rst_n' is not constrained, it is treated as combinational output.
W: Timing-4087: Port 'mem_we_n' is not constrained, it is treated as combinational output.
W: Timing-4086: Port 'JTAG_TDI' is not constrained, it is treated as combinational input.
W: Timing-4086: Port 'JTAG_TMS' is not constrained, it is treated as combinational input.
W: Timing-4086: Port 'flash_miso' is not constrained, it is treated as combinational input.
W: Timing-4086: Port 'hard_rst_n' is not constrained, it is treated as combinational input.
Report timing is finished successfully.
Action report_timing: Real time elapsed is 0h:0m:18s
Action report_timing: CPU time elapsed is 0h:0m:4s
Action report_timing: Process CPU time elapsed is 0h:0m:4s
Current time: Tue Oct  6 18:15:58 2026
Action report_timing: Peak memory pool usage is 1,513 MB
Action from compile to report_timing: Total Real Time elapsed is 0h:2m:46s
Action from compile to report_timing: Total CPU time elapsed is 0h:0m:31s
Action from compile to report_timing: Total Process CPU Time elapsed is 0h:0m:35s
Compiling architecture definition.
Analyzing project file 'F:/SocFpga/project/project.pds'.
Compiling verification operator library.
Compiling common defs.
Compiling prim grid devices.
Compiling gate devices.
Compiling gate operators.
Building architecture model.
Loading device packaging model.
Reading design from DB.
Start Generating Programming File...
Reading design from DB takes 0.078125 sec.
Generating architecture configuration.
The bitstream file is "F:/SocFpga/project/generate_bitstream/Hfpga_soc.sbit"
Generate programming file takes 4.906250 sec.
Generating Programming File done.
Action gen_bit_stream: Real time elapsed is 0h:0m:28s
Action gen_bit_stream: CPU time elapsed is 0h:0m:9s
Action gen_bit_stream: Process CPU time elapsed is 0h:0m:9s
Current time: Tue Oct  6 18:16:25 2026
Action gen_bit_stream: Peak memory pool usage is 2,356 MB
Action from compile to gen_bit_stream: Total Real Time elapsed is 0h:3m:14s
Action from compile to gen_bit_stream: Total CPU time elapsed is 0h:0m:40s
Action from compile to gen_bit_stream: Total Process CPU Time elapsed is 0h:0m:44s
