#Build: Fabric Compiler 2022.2-SP6.4, Build 146967, Jan 31 01:39 2024
#Install: F:\PDS_2022.2-SP6.4\bin
#Application name: pds_shell.exe
#OS: Windows 10 10.0.22621
#Hostname: ZHAO-Zhenxiang
Generated by Fabric Compiler (version 2022.2-SP6.4 build 146967) at Sat Sep 26 20:08:20 2026
License checkout: fabric_ads from F:\Jichuang-small_eyes\pango_license\new_pds_F4A80DA47D72.lic
Compiling verification operator library.
Loading technology operator library.
Compiling technology operator library.
Compiling technology operator (valence) library.
I: Enable Verilog2k features and keywords
Start rtl-analyze.
Executing : .rtl_analyze -work work -include_path {F:/SocFpga/project} F:/SocFpga/cpu/axi_bridge.v
I: Verilog-0001: Analyzing file F:/SocFpga/cpu/axi_bridge.v
I: Verilog-0002: [F:/SocFpga/cpu/axi_bridge.v(line number: 2)] Analyzing module axi_bridge (library work)
Parsing done.
Executing : .rtl_analyze -work work -include_path {F:/SocFpga/project} F:/SocFpga/cpu/axi_bridge.v successfully.
Executing : .rtl_analyze -work work -include_path {F:/SocFpga/project} F:/SocFpga/cpu/Btb.v
I: Verilog-0001: Analyzing file F:/SocFpga/cpu/Btb.v
I: Verilog-0002: [F:/SocFpga/cpu/Btb.v(line number: 2)] Analyzing module Btb (library work)
Parsing done.
Executing : .rtl_analyze -work work -include_path {F:/SocFpga/project} F:/SocFpga/cpu/Btb.v successfully.
Executing : .rtl_analyze -work work -include_path {F:/SocFpga/project} F:/SocFpga/cpu/cache_bram.v
I: Verilog-0001: Analyzing file F:/SocFpga/cpu/cache_bram.v
I: Verilog-0002: [F:/SocFpga/cpu/cache_bram.v(line number: 28)] Analyzing module data_bank_sram (library work)
I: Verilog-0002: [F:/SocFpga/cpu/cache_bram.v(line number: 48)] Analyzing module tagv_sram (library work)
Parsing done.
Executing : .rtl_analyze -work work -include_path {F:/SocFpga/project} F:/SocFpga/cpu/cache_bram.v successfully.
Executing : .rtl_analyze -work work -include_path {F:/SocFpga/project} F:/SocFpga/cpu/cache_util.v
I: Verilog-0001: Analyzing file F:/SocFpga/cpu/cache_util.v
I: Verilog-0002: [F:/SocFpga/cpu/cache_util.v(line number: 4)] Analyzing module decoder_2_4 (library work)
I: Verilog-0002: [F:/SocFpga/cpu/cache_util.v(line number: 14)] Analyzing module one_valid_n (library work)
I: Verilog-0002: [F:/SocFpga/cpu/cache_util.v(line number: 33)] Analyzing module lfsr (library work)
Parsing done.
Executing : .rtl_analyze -work work -include_path {F:/SocFpga/project} F:/SocFpga/cpu/cache_util.v successfully.
Executing : .rtl_analyze -work work -include_path {F:/SocFpga/project} F:/SocFpga/cpu/dcache.v
I: Verilog-0001: Analyzing file F:/SocFpga/cpu/dcache.v
I: Verilog-0002: [F:/SocFpga/cpu/dcache.v(line number: 3)] Analyzing module dcache (library work)
Parsing done.
Executing : .rtl_analyze -work work -include_path {F:/SocFpga/project} F:/SocFpga/cpu/dcache.v successfully.
Executing : .rtl_analyze -work work -include_path {F:/SocFpga/project} F:/SocFpga/cpu/div.v
I: Verilog-0001: Analyzing file F:/SocFpga/cpu/div.v
I: Verilog-0002: [F:/SocFpga/cpu/div.v(line number: 3)] Analyzing module div (library work)
Parsing done.
Executing : .rtl_analyze -work work -include_path {F:/SocFpga/project} F:/SocFpga/cpu/div.v successfully.
Executing : .rtl_analyze -work work -include_path {F:/SocFpga/project} F:/SocFpga/cpu/Halu.v
I: Verilog-0001: Analyzing file F:/SocFpga/cpu/Halu.v
I: Verilog-0002: [F:/SocFpga/cpu/Halu.v(line number: 2)] Analyzing module Halu (library work)
Parsing done.
Executing : .rtl_analyze -work work -include_path {F:/SocFpga/project} F:/SocFpga/cpu/Halu.v successfully.
Executing : .rtl_analyze -work work -include_path {F:/SocFpga/project} F:/SocFpga/cpu/Hcsr.v
I: Verilog-0001: Analyzing file F:/SocFpga/cpu/Hcsr.v
I: Verilog-0002: [F:/SocFpga/cpu/Hcsr.v(line number: 4)] Analyzing module Hcsr (library work)
Parsing done.
Executing : .rtl_analyze -work work -include_path {F:/SocFpga/project} F:/SocFpga/cpu/Hcsr.v successfully.
Executing : .rtl_analyze -work work -include_path {F:/SocFpga/project} F:/SocFpga/cpu/Hexu.v
I: Verilog-0001: Analyzing file F:/SocFpga/cpu/Hexu.v
I: Verilog-0002: [F:/SocFpga/cpu/Hexu.v(line number: 3)] Analyzing module Hexu (library work)
Parsing done.
Executing : .rtl_analyze -work work -include_path {F:/SocFpga/project} F:/SocFpga/cpu/Hexu.v successfully.
Executing : .rtl_analyze -work work -include_path {F:/SocFpga/project} F:/SocFpga/cpu/Hidu.v
I: Verilog-0001: Analyzing file F:/SocFpga/cpu/Hidu.v
I: Verilog-0002: [F:/SocFpga/cpu/Hidu.v(line number: 3)] Analyzing module Hidu (library work)
Parsing done.
Executing : .rtl_analyze -work work -include_path {F:/SocFpga/project} F:/SocFpga/cpu/Hidu.v successfully.
Executing : .rtl_analyze -work work -include_path {F:/SocFpga/project} F:/SocFpga/cpu/Hifu.v
I: Verilog-0001: Analyzing file F:/SocFpga/cpu/Hifu.v
I: Verilog-0002: [F:/SocFpga/cpu/Hifu.v(line number: 3)] Analyzing module Hifu (library work)
Parsing done.
Executing : .rtl_analyze -work work -include_path {F:/SocFpga/project} F:/SocFpga/cpu/Hifu.v successfully.
Executing : .rtl_analyze -work work -include_path {F:/SocFpga/project} F:/SocFpga/cpu/Hmemu.v
I: Verilog-0001: Analyzing file F:/SocFpga/cpu/Hmemu.v
I: Verilog-0002: [F:/SocFpga/cpu/Hmemu.v(line number: 4)] Analyzing module Hmemu (library work)
Parsing done.
Executing : .rtl_analyze -work work -include_path {F:/SocFpga/project} F:/SocFpga/cpu/Hmemu.v successfully.
Executing : .rtl_analyze -work work -include_path {F:/SocFpga/project} F:/SocFpga/cpu/HRegFile.v
I: Verilog-0001: Analyzing file F:/SocFpga/cpu/HRegFile.v
I: Verilog-0002: [F:/SocFpga/cpu/HRegFile.v(line number: 3)] Analyzing module HRegFile (library work)
Parsing done.
Executing : .rtl_analyze -work work -include_path {F:/SocFpga/project} F:/SocFpga/cpu/HRegFile.v successfully.
Executing : .rtl_analyze -work work -include_path {F:/SocFpga/project} F:/SocFpga/cpu/Htop.v
I: Verilog-0001: Analyzing file F:/SocFpga/cpu/Htop.v
I: Verilog-0002: [F:/SocFpga/cpu/Htop.v(line number: 3)] Analyzing module Htop (library work)
Parsing done.
Executing : .rtl_analyze -work work -include_path {F:/SocFpga/project} F:/SocFpga/cpu/Htop.v successfully.
Executing : .rtl_analyze -work work -include_path {F:/SocFpga/project} F:/SocFpga/cpu/Hwbu.v
I: Verilog-0001: Analyzing file F:/SocFpga/cpu/Hwbu.v
I: Verilog-0002: [F:/SocFpga/cpu/Hwbu.v(line number: 3)] Analyzing module Hwbu (library work)
Parsing done.
Executing : .rtl_analyze -work work -include_path {F:/SocFpga/project} F:/SocFpga/cpu/Hwbu.v successfully.
Executing : .rtl_analyze -work work -include_path {F:/SocFpga/project} F:/SocFpga/cpu/icache.v
I: Verilog-0001: Analyzing file F:/SocFpga/cpu/icache.v
I: Verilog-0002: [F:/SocFpga/cpu/icache.v(line number: 3)] Analyzing module icache (library work)
Parsing done.
Executing : .rtl_analyze -work work -include_path {F:/SocFpga/project} F:/SocFpga/cpu/icache.v successfully.
Executing : .rtl_analyze -work work -include_path {F:/SocFpga/project} F:/SocFpga/cpu/mul.v
I: Verilog-0001: Analyzing file F:/SocFpga/cpu/mul.v
I: Verilog-0002: [F:/SocFpga/cpu/mul.v(line number: 9)] Analyzing module mul (library work)
Parsing done.
Executing : .rtl_analyze -work work -include_path {F:/SocFpga/project} F:/SocFpga/cpu/mul.v successfully.
Executing : .rtl_analyze -work work -include_path {F:/SocFpga/project} F:/SocFpga/jtag/full_handshake_rx.v
I: Verilog-0001: Analyzing file F:/SocFpga/jtag/full_handshake_rx.v
I: Verilog-0002: [F:/SocFpga/jtag/full_handshake_rx.v(line number: 7)] Analyzing module full_handshake_rx (library work)
Parsing done.
Executing : .rtl_analyze -work work -include_path {F:/SocFpga/project} F:/SocFpga/jtag/full_handshake_rx.v successfully.
Executing : .rtl_analyze -work work -include_path {F:/SocFpga/project} F:/SocFpga/jtag/full_handshake_tx.v
I: Verilog-0001: Analyzing file F:/SocFpga/jtag/full_handshake_tx.v
I: Verilog-0002: [F:/SocFpga/jtag/full_handshake_tx.v(line number: 7)] Analyzing module full_handshake_tx (library work)
Parsing done.
Executing : .rtl_analyze -work work -include_path {F:/SocFpga/project} F:/SocFpga/jtag/full_handshake_tx.v successfully.
Executing : .rtl_analyze -work work -include_path {F:/SocFpga/project} F:/SocFpga/jtag/jtag_dm.v
I: Verilog-0001: Analyzing file F:/SocFpga/jtag/jtag_dm.v
I: Found Verilog include file F:/SocFpga/soc/defines.v
I: Found Verilog include file F:/SocFpga/soc/config.v
I: Verilog-0002: [F:/SocFpga/jtag/jtag_dm.v(line number: 2)] Analyzing module jtag_dm (library work)
Parsing done.
Executing : .rtl_analyze -work work -include_path {F:/SocFpga/project} F:/SocFpga/jtag/jtag_dm.v successfully.
Executing : .rtl_analyze -work work -include_path {F:/SocFpga/project} F:/SocFpga/jtag/jtag_driver.v
I: Verilog-0001: Analyzing file F:/SocFpga/jtag/jtag_driver.v
I: Verilog-0002: [F:/SocFpga/jtag/jtag_driver.v(line number: 1)] Analyzing module jtag_driver (library work)
Parsing done.
Executing : .rtl_analyze -work work -include_path {F:/SocFpga/project} F:/SocFpga/jtag/jtag_driver.v successfully.
Executing : .rtl_analyze -work work -include_path {F:/SocFpga/project} F:/SocFpga/jtag/jtag_top.v
I: Verilog-0001: Analyzing file F:/SocFpga/jtag/jtag_top.v
I: Found Verilog include file F:/SocFpga/soc/defines.v
W: Public-4030: File 'F:/SocFpga/soc/defines.v' has been added. It is skipped.
I: Found Verilog include file F:/SocFpga/soc/config.v
W: Public-4030: File 'F:/SocFpga/soc/config.v' has been added. It is skipped.
I: Verilog-0002: [F:/SocFpga/jtag/jtag_top.v(line number: 3)] Analyzing module jtag_top (library work)
Parsing done.
Executing : .rtl_analyze -work work -include_path {F:/SocFpga/project} F:/SocFpga/jtag/jtag_top.v successfully.
Executing : .rtl_analyze -work work -include_path {F:/SocFpga/project} F:/SocFpga/soc/axi_mem_backend.v
I: Verilog-0001: Analyzing file F:/SocFpga/soc/axi_mem_backend.v
I: Verilog-0002: [F:/SocFpga/soc/axi_mem_backend.v(line number: 10)] Analyzing module axi_mem_backend (library work)
Parsing done.
Executing : .rtl_analyze -work work -include_path {F:/SocFpga/project} F:/SocFpga/soc/axi_mem_backend.v successfully.
Executing : .rtl_analyze -work work -include_path {F:/SocFpga/project} F:/SocFpga/soc/ddr_axi_bridge.v
I: Verilog-0001: Analyzing file F:/SocFpga/soc/ddr_axi_bridge.v
I: Verilog-0002: [F:/SocFpga/soc/ddr_axi_bridge.v(line number: 7)] Analyzing module ddr_axi_bridge (library work)
Parsing done.
Executing : .rtl_analyze -work work -include_path {F:/SocFpga/project} F:/SocFpga/soc/ddr_axi_bridge.v successfully.
Executing : .rtl_analyze -work work -include_path {F:/SocFpga/project} F:/SocFpga/soc/Debug_core.v
I: Verilog-0001: Analyzing file F:/SocFpga/soc/Debug_core.v
I: Verilog-0002: [F:/SocFpga/soc/Debug_core.v(line number: 5)] Analyzing module Debug_core (library work)
Parsing done.
Executing : .rtl_analyze -work work -include_path {F:/SocFpga/project} F:/SocFpga/soc/Debug_core.v successfully.
Executing : .rtl_analyze -work work -include_path {F:/SocFpga/project} F:/SocFpga/soc/Hnpu_ctrl.v
I: Verilog-0001: Analyzing file F:/SocFpga/soc/Hnpu_ctrl.v
I: Verilog-0002: [F:/SocFpga/soc/Hnpu_ctrl.v(line number: 10)] Analyzing module Hnpu_ctrl (library work)
Parsing done.
Executing : .rtl_analyze -work work -include_path {F:/SocFpga/project} F:/SocFpga/soc/Hnpu_ctrl.v successfully.
Executing : .rtl_analyze -work work -include_path {F:/SocFpga/project} F:/SocFpga/soc/Hnpu_dma.v
I: Verilog-0001: Analyzing file F:/SocFpga/soc/Hnpu_dma.v
I: Verilog-0002: [F:/SocFpga/soc/Hnpu_dma.v(line number: 14)] Analyzing module Hnpu_dma (library work)
Parsing done.
Executing : .rtl_analyze -work work -include_path {F:/SocFpga/project} F:/SocFpga/soc/Hnpu_dma.v successfully.
Executing : .rtl_analyze -work work -include_path {F:/SocFpga/project} F:/SocFpga/soc/Haxi_2m1s_arbiter.v
I: Verilog-0001: Analyzing file F:/SocFpga/soc/Haxi_2m1s_arbiter.v
I: Verilog-0002: [F:/SocFpga/soc/Haxi_2m1s_arbiter.v(line number: 11)] Analyzing module Haxi_2m1s_arbiter (library work)
Parsing done.
Executing : .rtl_analyze -work work -include_path {F:/SocFpga/project} F:/SocFpga/soc/Haxi_2m1s_arbiter.v successfully.
Executing : .rtl_analyze -work work -include_path {F:/SocFpga/project} F:/SocFpga/soc/Hfpga_soc.v
I: Verilog-0001: Analyzing file F:/SocFpga/soc/Hfpga_soc.v
I: Found Verilog include file F:/SocFpga/soc/soc_addr_map.vh
I: Verilog-0002: [F:/SocFpga/soc/Hfpga_soc.v(line number: 21)] Analyzing module Hfpga_soc (library work)
Parsing done.
Executing : .rtl_analyze -work work -include_path {F:/SocFpga/project} F:/SocFpga/soc/Hfpga_soc.v successfully.
Executing : .rtl_analyze -work work -include_path {F:/SocFpga/project} F:/SocFpga/soc/Hfpioa_simple.v
I: Verilog-0001: Analyzing file F:/SocFpga/soc/Hfpioa_simple.v
I: Verilog-0002: [F:/SocFpga/soc/Hfpioa_simple.v(line number: 5)] Analyzing module Hfpioa_simple (library work)
Parsing done.
Executing : .rtl_analyze -work work -include_path {F:/SocFpga/project} F:/SocFpga/soc/Hfpioa_simple.v successfully.
Executing : .rtl_analyze -work work -include_path {F:/SocFpga/project} F:/SocFpga/soc/Hled.v
I: Verilog-0001: Analyzing file F:/SocFpga/soc/Hled.v
I: Verilog-0002: [F:/SocFpga/soc/Hled.v(line number: 3)] Analyzing module Hled (library work)
Parsing done.
Executing : .rtl_analyze -work work -include_path {F:/SocFpga/project} F:/SocFpga/soc/Hled.v successfully.
Executing : .rtl_analyze -work work -include_path {F:/SocFpga/project} F:/SocFpga/soc/Huart_tx.v
I: Verilog-0001: Analyzing file F:/SocFpga/soc/Huart_tx.v
I: Verilog-0002: [F:/SocFpga/soc/Huart_tx.v(line number: 5)] Analyzing module Huart_tx (library work)
Parsing done.
Executing : .rtl_analyze -work work -include_path {F:/SocFpga/project} F:/SocFpga/soc/Huart_tx.v successfully.
Executing : .rtl_analyze -include_path {F:/SocFpga/project} F:/SocFpga/IP/clk_pll/clk_pll.v
I: Verilog-0001: Analyzing file F:/SocFpga/IP/clk_pll/clk_pll.v
I: Verilog-0002: [F:/SocFpga/IP/clk_pll/clk_pll.v(line number: 18)] Analyzing module clk_pll (library work)
Parsing done.
Executing : .rtl_analyze -include_path {F:/SocFpga/project} F:/SocFpga/IP/clk_pll/clk_pll.v successfully.
Executing : .rtl_analyze -include_path {F:/SocFpga/project} F:/SocFpga/IP/DataRAM/rtl/ipm2l_spram_v1_8_DataRAM.v
I: Verilog-0001: Analyzing file F:/SocFpga/IP/DataRAM/rtl/ipm2l_spram_v1_8_DataRAM.v
I: Verilog-0002: [F:/SocFpga/IP/DataRAM/rtl/ipm2l_spram_v1_8_DataRAM.v(line number: 17)] Analyzing module ipm2l_spram_v1_8_DataRAM (library work)
I: Found Verilog include file F:/SocFpga/IP/DataRAM/rtl/DataRAM_Reset_Value.v
W: Verilog-2008: [F:/SocFpga/IP/DataRAM/rtl/ipm2l_spram_v1_8_DataRAM.v(line number: 123)] Ignore 'system task' $display
W: Verilog-2008: [F:/SocFpga/IP/DataRAM/rtl/ipm2l_spram_v1_8_DataRAM.v(line number: 127)] Ignore 'system task' $display
W: Verilog-2008: [F:/SocFpga/IP/DataRAM/rtl/ipm2l_spram_v1_8_DataRAM.v(line number: 135)] Ignore 'system task' $display
W: Verilog-2008: [F:/SocFpga/IP/DataRAM/rtl/ipm2l_spram_v1_8_DataRAM.v(line number: 136)] Ignore 'system task' $finish
W: Verilog-2008: [F:/SocFpga/IP/DataRAM/rtl/ipm2l_spram_v1_8_DataRAM.v(line number: 139)] Ignore 'system task' $display
W: Verilog-2008: [F:/SocFpga/IP/DataRAM/rtl/ipm2l_spram_v1_8_DataRAM.v(line number: 140)] Ignore 'system task' $finish
W: Verilog-2008: [F:/SocFpga/IP/DataRAM/rtl/ipm2l_spram_v1_8_DataRAM.v(line number: 143)] Ignore 'system task' $display
W: Verilog-2008: [F:/SocFpga/IP/DataRAM/rtl/ipm2l_spram_v1_8_DataRAM.v(line number: 144)] Ignore 'system task' $finish
W: Verilog-2008: [F:/SocFpga/IP/DataRAM/rtl/ipm2l_spram_v1_8_DataRAM.v(line number: 147)] Ignore 'system task' $display
W: Verilog-2008: [F:/SocFpga/IP/DataRAM/rtl/ipm2l_spram_v1_8_DataRAM.v(line number: 148)] Ignore 'system task' $finish
W: Verilog-2008: [F:/SocFpga/IP/DataRAM/rtl/ipm2l_spram_v1_8_DataRAM.v(line number: 151)] Ignore 'system task' $display
W: Verilog-2008: [F:/SocFpga/IP/DataRAM/rtl/ipm2l_spram_v1_8_DataRAM.v(line number: 152)] Ignore 'system task' $finish
W: Verilog-2008: [F:/SocFpga/IP/DataRAM/rtl/ipm2l_spram_v1_8_DataRAM.v(line number: 155)] Ignore 'system task' $display
W: Verilog-2008: [F:/SocFpga/IP/DataRAM/rtl/ipm2l_spram_v1_8_DataRAM.v(line number: 156)] Ignore 'system task' $finish
W: Verilog-2008: [F:/SocFpga/IP/DataRAM/rtl/ipm2l_spram_v1_8_DataRAM.v(line number: 159)] Ignore 'system task' $display
W: Verilog-2008: [F:/SocFpga/IP/DataRAM/rtl/ipm2l_spram_v1_8_DataRAM.v(line number: 160)] Ignore 'system task' $finish
W: Verilog-2008: [F:/SocFpga/IP/DataRAM/rtl/ipm2l_spram_v1_8_DataRAM.v(line number: 163)] Ignore 'system task' $display
W: Verilog-2008: [F:/SocFpga/IP/DataRAM/rtl/ipm2l_spram_v1_8_DataRAM.v(line number: 164)] Ignore 'system task' $finish
W: Verilog-2008: [F:/SocFpga/IP/DataRAM/rtl/ipm2l_spram_v1_8_DataRAM.v(line number: 167)] Ignore 'system task' $display
W: Verilog-2008: [F:/SocFpga/IP/DataRAM/rtl/ipm2l_spram_v1_8_DataRAM.v(line number: 168)] Ignore 'system task' $finish
W: Verilog-2008: [F:/SocFpga/IP/DataRAM/rtl/ipm2l_spram_v1_8_DataRAM.v(line number: 171)] Ignore 'system task' $display
W: Verilog-2008: [F:/SocFpga/IP/DataRAM/rtl/ipm2l_spram_v1_8_DataRAM.v(line number: 172)] Ignore 'system task' $finish
W: Verilog-2008: [F:/SocFpga/IP/DataRAM/rtl/ipm2l_spram_v1_8_DataRAM.v(line number: 175)] Ignore 'system task' $display
W: Verilog-2008: [F:/SocFpga/IP/DataRAM/rtl/ipm2l_spram_v1_8_DataRAM.v(line number: 176)] Ignore 'system task' $finish
W: Verilog-2008: [F:/SocFpga/IP/DataRAM/rtl/ipm2l_spram_v1_8_DataRAM.v(line number: 179)] Ignore 'system task' $display
W: Verilog-2008: [F:/SocFpga/IP/DataRAM/rtl/ipm2l_spram_v1_8_DataRAM.v(line number: 180)] Ignore 'system task' $finish
W: Verilog-2008: [F:/SocFpga/IP/DataRAM/rtl/ipm2l_spram_v1_8_DataRAM.v(line number: 184)] Ignore 'system task' $display
W: Verilog-2008: [F:/SocFpga/IP/DataRAM/rtl/ipm2l_spram_v1_8_DataRAM.v(line number: 185)] Ignore 'system task' $finish
W: Verilog-2008: [F:/SocFpga/IP/DataRAM/rtl/ipm2l_spram_v1_8_DataRAM.v(line number: 188)] Ignore 'system task' $display
W: Verilog-2008: [F:/SocFpga/IP/DataRAM/rtl/ipm2l_spram_v1_8_DataRAM.v(line number: 189)] Ignore 'system task' $finish
W: Verilog-2008: [F:/SocFpga/IP/DataRAM/rtl/ipm2l_spram_v1_8_DataRAM.v(line number: 193)] Ignore 'system task' $display
W: Verilog-2008: [F:/SocFpga/IP/DataRAM/rtl/ipm2l_spram_v1_8_DataRAM.v(line number: 194)] Ignore 'system task' $finish
W: Verilog-2008: [F:/SocFpga/IP/DataRAM/rtl/ipm2l_spram_v1_8_DataRAM.v(line number: 197)] Ignore 'system task' $display
W: Verilog-2008: [F:/SocFpga/IP/DataRAM/rtl/ipm2l_spram_v1_8_DataRAM.v(line number: 198)] Ignore 'system task' $finish
Parsing done.
Executing : .rtl_analyze -include_path {F:/SocFpga/project} F:/SocFpga/IP/DataRAM/rtl/ipm2l_spram_v1_8_DataRAM.v successfully.
Executing : .rtl_analyze -include_path {F:/SocFpga/project} F:/SocFpga/IP/DataRAM/DataRAM.v
I: Verilog-0001: Analyzing file F:/SocFpga/IP/DataRAM/DataRAM.v
I: Verilog-0002: [F:/SocFpga/IP/DataRAM/DataRAM.v(line number: 16)] Analyzing module DataRAM (library work)
Parsing done.
Executing : .rtl_analyze -include_path {F:/SocFpga/project} F:/SocFpga/IP/DataRAM/DataRAM.v successfully.
Executing : .rtl_analyze -include_path {F:/SocFpga/project} F:/SocFpga/IP/ddr3_ctrl_v116/rtl/ips2l_rst_sync_v1_3.v
I: Verilog-0001: Analyzing file F:/SocFpga/IP/ddr3_ctrl_v116/rtl/ips2l_rst_sync_v1_3.v
I: Verilog-0002: [F:/SocFpga/IP/ddr3_ctrl_v116/rtl/ips2l_rst_sync_v1_3.v(line number: 10)] Analyzing module ips2l_rst_sync_v1_3 (library work)
Parsing done.
Executing : .rtl_analyze -include_path {F:/SocFpga/project} F:/SocFpga/IP/ddr3_ctrl_v116/rtl/ips2l_rst_sync_v1_3.v successfully.
Executing : .rtl_analyze -include_path {F:/SocFpga/project} F:/SocFpga/IP/ddr3_ctrl_v116/rtl/ddrphy/ips2l_ddrphy_wrlvl_v1_14.vp
I: Verilog-0001: Analyzing file F:/SocFpga/IP/ddr3_ctrl_v116/rtl/ddrphy/ips2l_ddrphy_wrlvl_v1_14.vp
I: Verilog-0002: [F:/SocFpga/IP/ddr3_ctrl_v116/rtl/ddrphy/ips2l_ddrphy_wrlvl_v1_14.vp(line number: 223)] Analyzing module ips2l_ddrphy_wrlvl_v1_14 (library work)
Parsing done.
Executing : .rtl_analyze -include_path {F:/SocFpga/project} F:/SocFpga/IP/ddr3_ctrl_v116/rtl/ddrphy/ips2l_ddrphy_wrlvl_v1_14.vp successfully.
Executing : .rtl_analyze -include_path {F:/SocFpga/project} F:/SocFpga/IP/ddr3_ctrl_v116/rtl/ddrphy/ips2l_ddrphy_wrcal_v1_16.vp
I: Verilog-0001: Analyzing file F:/SocFpga/IP/ddr3_ctrl_v116/rtl/ddrphy/ips2l_ddrphy_wrcal_v1_16.vp
I: Verilog-0002: [F:/SocFpga/IP/ddr3_ctrl_v116/rtl/ddrphy/ips2l_ddrphy_wrcal_v1_16.vp(line number: 554)] Analyzing module ips2l_ddrphy_wrcal_v1_16 (library work)
I: [F:/SocFpga/IP/ddr3_ctrl_v116/rtl/ddrphy/ips2l_ddrphy_wrcal_v1_16.vp(line number: 574)] Convert attribute name from syn_preserve to PAP_PRESERVE
I: [F:/SocFpga/IP/ddr3_ctrl_v116/rtl/ddrphy/ips2l_ddrphy_wrcal_v1_16.vp(line number: 575)] Convert attribute name from syn_preserve to PAP_PRESERVE
Parsing done.
Executing : .rtl_analyze -include_path {F:/SocFpga/project} F:/SocFpga/IP/ddr3_ctrl_v116/rtl/ddrphy/ips2l_ddrphy_wrcal_v1_16.vp successfully.
Executing : .rtl_analyze -include_path {F:/SocFpga/project} F:/SocFpga/IP/ddr3_ctrl_v116/rtl/ddrphy/ips2l_ddrphy_wdata_path_adj_v1_16.vp
I: Verilog-0001: Analyzing file F:/SocFpga/IP/ddr3_ctrl_v116/rtl/ddrphy/ips2l_ddrphy_wdata_path_adj_v1_16.vp
I: Verilog-0002: [F:/SocFpga/IP/ddr3_ctrl_v116/rtl/ddrphy/ips2l_ddrphy_wdata_path_adj_v1_16.vp(line number: 294)] Analyzing module ips2l_ddrphy_wdata_path_adj_v1_16 (library work)
Parsing done.
Executing : .rtl_analyze -include_path {F:/SocFpga/project} F:/SocFpga/IP/ddr3_ctrl_v116/rtl/ddrphy/ips2l_ddrphy_wdata_path_adj_v1_16.vp successfully.
Executing : .rtl_analyze -include_path {F:/SocFpga/project} F:/SocFpga/IP/ddr3_ctrl_v116/rtl/ddrphy/ips2l_ddrphy_upcal_v1_0.vp
I: Verilog-0001: Analyzing file F:/SocFpga/IP/ddr3_ctrl_v116/rtl/ddrphy/ips2l_ddrphy_upcal_v1_0.vp
I: Verilog-0002: [F:/SocFpga/IP/ddr3_ctrl_v116/rtl/ddrphy/ips2l_ddrphy_upcal_v1_0.vp(line number: 185)] Analyzing module ips2l_ddrphy_upcal_v1_0 (library work)
Parsing done.
Executing : .rtl_analyze -include_path {F:/SocFpga/project} F:/SocFpga/IP/ddr3_ctrl_v116/rtl/ddrphy/ips2l_ddrphy_upcal_v1_0.vp successfully.
Executing : .rtl_analyze -include_path {F:/SocFpga/project} F:/SocFpga/IP/ddr3_ctrl_v116/rtl/ddrphy/ips2l_ddrphy_training_ctrl_v1_11.vp
I: Verilog-0001: Analyzing file F:/SocFpga/IP/ddr3_ctrl_v116/rtl/ddrphy/ips2l_ddrphy_training_ctrl_v1_11.vp
I: Verilog-0002: [F:/SocFpga/IP/ddr3_ctrl_v116/rtl/ddrphy/ips2l_ddrphy_training_ctrl_v1_11.vp(line number: 120)] Analyzing module ips2l_ddrphy_training_ctrl_v1_11 (library work)
Parsing done.
Executing : .rtl_analyze -include_path {F:/SocFpga/project} F:/SocFpga/IP/ddr3_ctrl_v116/rtl/ddrphy/ips2l_ddrphy_training_ctrl_v1_11.vp successfully.
Executing : .rtl_analyze -include_path {F:/SocFpga/project} F:/SocFpga/IP/ddr3_ctrl_v116/rtl/ddrphy/ips2l_ddrphy_slice_rddata_align_v1_0.vp
I: Verilog-0001: Analyzing file F:/SocFpga/IP/ddr3_ctrl_v116/rtl/ddrphy/ips2l_ddrphy_slice_rddata_align_v1_0.vp
I: Verilog-0002: [F:/SocFpga/IP/ddr3_ctrl_v116/rtl/ddrphy/ips2l_ddrphy_slice_rddata_align_v1_0.vp(line number: 142)] Analyzing module ips2l_ddrphy_slice_rddata_align_v1_0 (library work)
Parsing done.
Executing : .rtl_analyze -include_path {F:/SocFpga/project} F:/SocFpga/IP/ddr3_ctrl_v116/rtl/ddrphy/ips2l_ddrphy_slice_rddata_align_v1_0.vp successfully.
Executing : .rtl_analyze -include_path {F:/SocFpga/project} F:/SocFpga/IP/ddr3_ctrl_v116/rtl/ddrphy/ips2l_ddrphy_reset_ctrl_v1_14.vp
I: Verilog-0001: Analyzing file F:/SocFpga/IP/ddr3_ctrl_v116/rtl/ddrphy/ips2l_ddrphy_reset_ctrl_v1_14.vp
I: Verilog-0002: [F:/SocFpga/IP/ddr3_ctrl_v116/rtl/ddrphy/ips2l_ddrphy_reset_ctrl_v1_14.vp(line number: 319)] Analyzing module ips2l_ddrphy_reset_ctrl_v1_14 (library work)
I: [F:/SocFpga/IP/ddr3_ctrl_v116/rtl/ddrphy/ips2l_ddrphy_reset_ctrl_v1_14.vp(line number: 350)] Convert attribute name from syn_preserve to PAP_PRESERVE
Parsing done.
Executing : .rtl_analyze -include_path {F:/SocFpga/project} F:/SocFpga/IP/ddr3_ctrl_v116/rtl/ddrphy/ips2l_ddrphy_reset_ctrl_v1_14.vp successfully.
Executing : .rtl_analyze -include_path {F:/SocFpga/project} F:/SocFpga/IP/ddr3_ctrl_v116/rtl/ddrphy/ips2l_ddrphy_rdcal_v1_10.vp
I: Verilog-0001: Analyzing file F:/SocFpga/IP/ddr3_ctrl_v116/rtl/ddrphy/ips2l_ddrphy_rdcal_v1_10.vp
I: Verilog-0002: [F:/SocFpga/IP/ddr3_ctrl_v116/rtl/ddrphy/ips2l_ddrphy_rdcal_v1_10.vp(line number: 784)] Analyzing module ips2l_ddrphy_rdcal_v1_10 (library work)
Parsing done.
Executing : .rtl_analyze -include_path {F:/SocFpga/project} F:/SocFpga/IP/ddr3_ctrl_v116/rtl/ddrphy/ips2l_ddrphy_rdcal_v1_10.vp successfully.
Executing : .rtl_analyze -include_path {F:/SocFpga/project} F:/SocFpga/IP/ddr3_ctrl_v116/rtl/ddrphy/ips2l_ddrphy_main_ctrl_v1_14.vp
I: Verilog-0001: Analyzing file F:/SocFpga/IP/ddr3_ctrl_v116/rtl/ddrphy/ips2l_ddrphy_main_ctrl_v1_14.vp
I: Verilog-0002: [F:/SocFpga/IP/ddr3_ctrl_v116/rtl/ddrphy/ips2l_ddrphy_main_ctrl_v1_14.vp(line number: 273)] Analyzing module ips2l_ddrphy_main_ctrl_v1_14 (library work)
Parsing done.
Executing : .rtl_analyze -include_path {F:/SocFpga/project} F:/SocFpga/IP/ddr3_ctrl_v116/rtl/ddrphy/ips2l_ddrphy_main_ctrl_v1_14.vp successfully.
Executing : .rtl_analyze -include_path {F:/SocFpga/project} F:/SocFpga/IP/ddr3_ctrl_v116/rtl/ddrphy/ips2l_ddrphy_init_v1_0.vp
I: Verilog-0001: Analyzing file F:/SocFpga/IP/ddr3_ctrl_v116/rtl/ddrphy/ips2l_ddrphy_init_v1_0.vp
I: Verilog-0002: [F:/SocFpga/IP/ddr3_ctrl_v116/rtl/ddrphy/ips2l_ddrphy_init_v1_0.vp(line number: 611)] Analyzing module ips2l_ddrphy_init_v1_0 (library work)
Parsing done.
Executing : .rtl_analyze -include_path {F:/SocFpga/project} F:/SocFpga/IP/ddr3_ctrl_v116/rtl/ddrphy/ips2l_ddrphy_init_v1_0.vp successfully.
Executing : .rtl_analyze -include_path {F:/SocFpga/project} F:/SocFpga/IP/ddr3_ctrl_v116/rtl/ddrphy/ips2l_ddrphy_info_v1_0.vp
I: Verilog-0001: Analyzing file F:/SocFpga/IP/ddr3_ctrl_v116/rtl/ddrphy/ips2l_ddrphy_info_v1_0.vp
I: Verilog-0002: [F:/SocFpga/IP/ddr3_ctrl_v116/rtl/ddrphy/ips2l_ddrphy_info_v1_0.vp(line number: 208)] Analyzing module ips2l_ddrphy_info_v1_0 (library work)
Parsing done.
Executing : .rtl_analyze -include_path {F:/SocFpga/project} F:/SocFpga/IP/ddr3_ctrl_v116/rtl/ddrphy/ips2l_ddrphy_info_v1_0.vp successfully.
Executing : .rtl_analyze -include_path {F:/SocFpga/project} F:/SocFpga/IP/ddr3_ctrl_v116/rtl/ddrphy/ips2l_ddrphy_gatecal_v1_14.vp
I: Verilog-0001: Analyzing file F:/SocFpga/IP/ddr3_ctrl_v116/rtl/ddrphy/ips2l_ddrphy_gatecal_v1_14.vp
I: Verilog-0002: [F:/SocFpga/IP/ddr3_ctrl_v116/rtl/ddrphy/ips2l_ddrphy_gatecal_v1_14.vp(line number: 352)] Analyzing module ips2l_ddrphy_gatecal_v1_14 (library work)
Parsing done.
Executing : .rtl_analyze -include_path {F:/SocFpga/project} F:/SocFpga/IP/ddr3_ctrl_v116/rtl/ddrphy/ips2l_ddrphy_gatecal_v1_14.vp successfully.
Executing : .rtl_analyze -include_path {F:/SocFpga/project} F:/SocFpga/IP/ddr3_ctrl_v116/rtl/ddrphy/ips2l_ddrphy_gate_update_ctrl_v1_11.vp
I: Verilog-0001: Analyzing file F:/SocFpga/IP/ddr3_ctrl_v116/rtl/ddrphy/ips2l_ddrphy_gate_update_ctrl_v1_11.vp
I: Verilog-0002: [F:/SocFpga/IP/ddr3_ctrl_v116/rtl/ddrphy/ips2l_ddrphy_gate_update_ctrl_v1_11.vp(line number: 134)] Analyzing module ips2l_ddrphy_gate_update_ctrl_v1_11 (library work)
Parsing done.
Executing : .rtl_analyze -include_path {F:/SocFpga/project} F:/SocFpga/IP/ddr3_ctrl_v116/rtl/ddrphy/ips2l_ddrphy_gate_update_ctrl_v1_11.vp successfully.
Executing : .rtl_analyze -include_path {F:/SocFpga/project} F:/SocFpga/IP/ddr3_ctrl_v116/rtl/ddrphy/ips2l_ddrphy_eyecal_v1_5.vp
I: Verilog-0001: Analyzing file F:/SocFpga/IP/ddr3_ctrl_v116/rtl/ddrphy/ips2l_ddrphy_eyecal_v1_5.vp
I: Verilog-0002: [F:/SocFpga/IP/ddr3_ctrl_v116/rtl/ddrphy/ips2l_ddrphy_eyecal_v1_5.vp(line number: 262)] Analyzing module ips2l_ddrphy_eyecal_v1_5 (library work)
Parsing done.
Executing : .rtl_analyze -include_path {F:/SocFpga/project} F:/SocFpga/IP/ddr3_ctrl_v116/rtl/ddrphy/ips2l_ddrphy_eyecal_v1_5.vp successfully.
Executing : .rtl_analyze -include_path {F:/SocFpga/project} F:/SocFpga/IP/ddr3_ctrl_v116/rtl/ddrphy/ips2l_ddrphy_drift_ctrl_v1_11.vp
I: Verilog-0001: Analyzing file F:/SocFpga/IP/ddr3_ctrl_v116/rtl/ddrphy/ips2l_ddrphy_drift_ctrl_v1_11.vp
I: Verilog-0002: [F:/SocFpga/IP/ddr3_ctrl_v116/rtl/ddrphy/ips2l_ddrphy_drift_ctrl_v1_11.vp(line number: 146)] Analyzing module ips2l_ddrphy_drift_ctrl_v1_11 (library work)
Parsing done.
Executing : .rtl_analyze -include_path {F:/SocFpga/project} F:/SocFpga/IP/ddr3_ctrl_v116/rtl/ddrphy/ips2l_ddrphy_drift_ctrl_v1_11.vp successfully.
Executing : .rtl_analyze -include_path {F:/SocFpga/project} F:/SocFpga/IP/ddr3_ctrl_v116/rtl/ddrphy/ips2l_ddrphy_dqsi_rdel_cal_v1_16.vp
I: Verilog-0001: Analyzing file F:/SocFpga/IP/ddr3_ctrl_v116/rtl/ddrphy/ips2l_ddrphy_dqsi_rdel_cal_v1_16.vp
I: Verilog-0002: [F:/SocFpga/IP/ddr3_ctrl_v116/rtl/ddrphy/ips2l_ddrphy_dqsi_rdel_cal_v1_16.vp(line number: 689)] Analyzing module ips2l_ddrphy_dqsi_rdel_cal_v1_16 (library work)
Parsing done.
Executing : .rtl_analyze -include_path {F:/SocFpga/project} F:/SocFpga/IP/ddr3_ctrl_v116/rtl/ddrphy/ips2l_ddrphy_dqsi_rdel_cal_v1_16.vp successfully.
Executing : .rtl_analyze -include_path {F:/SocFpga/project} F:/SocFpga/IP/ddr3_ctrl_v116/rtl/ddrphy/ips2l_ddrphy_dqs_rddata_align_v1_16.vp
I: Verilog-0001: Analyzing file F:/SocFpga/IP/ddr3_ctrl_v116/rtl/ddrphy/ips2l_ddrphy_dqs_rddata_align_v1_16.vp
I: Verilog-0002: [F:/SocFpga/IP/ddr3_ctrl_v116/rtl/ddrphy/ips2l_ddrphy_dqs_rddata_align_v1_16.vp(line number: 632)] Analyzing module ips2l_ddrphy_dqs_rddata_align_v1_16 (library work)
Parsing done.
Executing : .rtl_analyze -include_path {F:/SocFpga/project} F:/SocFpga/IP/ddr3_ctrl_v116/rtl/ddrphy/ips2l_ddrphy_dqs_rddata_align_v1_16.vp successfully.
Executing : .rtl_analyze -include_path {F:/SocFpga/project} F:/SocFpga/IP/ddr3_ctrl_v116/rtl/ddrphy/ips2l_ddrphy_dqs_gate_coarse_cal_v1_12.vp
I: Verilog-0001: Analyzing file F:/SocFpga/IP/ddr3_ctrl_v116/rtl/ddrphy/ips2l_ddrphy_dqs_gate_coarse_cal_v1_12.vp
I: Verilog-0002: [F:/SocFpga/IP/ddr3_ctrl_v116/rtl/ddrphy/ips2l_ddrphy_dqs_gate_coarse_cal_v1_12.vp(line number: 230)] Analyzing module ips2l_ddrphy_dqs_gate_coarse_cal_v1_12 (library work)
Parsing done.
Executing : .rtl_analyze -include_path {F:/SocFpga/project} F:/SocFpga/IP/ddr3_ctrl_v116/rtl/ddrphy/ips2l_ddrphy_dqs_gate_coarse_cal_v1_12.vp successfully.
Executing : .rtl_analyze -include_path {F:/SocFpga/project} F:/SocFpga/IP/ddr3_ctrl_v116/rtl/ddrphy/ips2l_ddrphy_dll_update_ctrl_v1_14.vp
I: Verilog-0001: Analyzing file F:/SocFpga/IP/ddr3_ctrl_v116/rtl/ddrphy/ips2l_ddrphy_dll_update_ctrl_v1_14.vp
I: Verilog-0002: [F:/SocFpga/IP/ddr3_ctrl_v116/rtl/ddrphy/ips2l_ddrphy_dll_update_ctrl_v1_14.vp(line number: 158)] Analyzing module ips2l_ddrphy_dll_update_ctrl_v1_14 (library work)
Parsing done.
Executing : .rtl_analyze -include_path {F:/SocFpga/project} F:/SocFpga/IP/ddr3_ctrl_v116/rtl/ddrphy/ips2l_ddrphy_dll_update_ctrl_v1_14.vp successfully.
Executing : .rtl_analyze -include_path {F:/SocFpga/project} F:/SocFpga/IP/ddr3_ctrl_v116/rtl/ddrphy/ips2l_ddrphy_dfi_v1_3.vp
I: Verilog-0001: Analyzing file F:/SocFpga/IP/ddr3_ctrl_v116/rtl/ddrphy/ips2l_ddrphy_dfi_v1_3.vp
I: Verilog-0002: [F:/SocFpga/IP/ddr3_ctrl_v116/rtl/ddrphy/ips2l_ddrphy_dfi_v1_3.vp(line number: 354)] Analyzing module ips2l_ddrphy_dfi_v1_3 (library work)
Parsing done.
Executing : .rtl_analyze -include_path {F:/SocFpga/project} F:/SocFpga/IP/ddr3_ctrl_v116/rtl/ddrphy/ips2l_ddrphy_dfi_v1_3.vp successfully.
Executing : .rtl_analyze -include_path {F:/SocFpga/project} F:/SocFpga/IP/ddr3_ctrl_v116/rtl/ddrphy/ips2l_ddrphy_gpll_phase_v1_0.vp
I: Verilog-0001: Analyzing file F:/SocFpga/IP/ddr3_ctrl_v116/rtl/ddrphy/ips2l_ddrphy_gpll_phase_v1_0.vp
I: Verilog-0002: [F:/SocFpga/IP/ddr3_ctrl_v116/rtl/ddrphy/ips2l_ddrphy_gpll_phase_v1_0.vp(line number: 103)] Analyzing module ips2l_ddrphy_gpll_phase_v1_0 (library work)
Parsing done.
Executing : .rtl_analyze -include_path {F:/SocFpga/project} F:/SocFpga/IP/ddr3_ctrl_v116/rtl/ddrphy/ips2l_ddrphy_gpll_phase_v1_0.vp successfully.
Executing : .rtl_analyze -include_path {F:/SocFpga/project} F:/SocFpga/IP/ddr3_ctrl_v116/rtl/ddrphy/ips2l_ddrphy_data_slice_wrlvl_v1_14.vp
I: Verilog-0001: Analyzing file F:/SocFpga/IP/ddr3_ctrl_v116/rtl/ddrphy/ips2l_ddrphy_data_slice_wrlvl_v1_14.vp
I: Verilog-0002: [F:/SocFpga/IP/ddr3_ctrl_v116/rtl/ddrphy/ips2l_ddrphy_data_slice_wrlvl_v1_14.vp(line number: 340)] Analyzing module ips2l_ddrphy_data_slice_wrlvl_v1_14 (library work)
Parsing done.
Executing : .rtl_analyze -include_path {F:/SocFpga/project} F:/SocFpga/IP/ddr3_ctrl_v116/rtl/ddrphy/ips2l_ddrphy_data_slice_wrlvl_v1_14.vp successfully.
Executing : .rtl_analyze -include_path {F:/SocFpga/project} F:/SocFpga/IP/ddr3_ctrl_v116/rtl/ddrphy/ips2l_ddrphy_data_slice_wrcal_v1_16.vp
I: Verilog-0001: Analyzing file F:/SocFpga/IP/ddr3_ctrl_v116/rtl/ddrphy/ips2l_ddrphy_data_slice_wrcal_v1_16.vp
I: Verilog-0002: [F:/SocFpga/IP/ddr3_ctrl_v116/rtl/ddrphy/ips2l_ddrphy_data_slice_wrcal_v1_16.vp(line number: 539)] Analyzing module ips2l_ddrphy_data_slice_wrcal_v1_16 (library work)
Parsing done.
Executing : .rtl_analyze -include_path {F:/SocFpga/project} F:/SocFpga/IP/ddr3_ctrl_v116/rtl/ddrphy/ips2l_ddrphy_data_slice_wrcal_v1_16.vp successfully.
Executing : .rtl_analyze -include_path {F:/SocFpga/project} F:/SocFpga/IP/ddr3_ctrl_v116/rtl/ddrphy/ips2l_ddrphy_data_slice_v1_16.vp
I: Verilog-0001: Analyzing file F:/SocFpga/IP/ddr3_ctrl_v116/rtl/ddrphy/ips2l_ddrphy_data_slice_v1_16.vp
I: Verilog-0002: [F:/SocFpga/IP/ddr3_ctrl_v116/rtl/ddrphy/ips2l_ddrphy_data_slice_v1_16.vp(line number: 603)] Analyzing module ips2l_ddrphy_data_slice_v1_16 (library work)
Parsing done.
Executing : .rtl_analyze -include_path {F:/SocFpga/project} F:/SocFpga/IP/ddr3_ctrl_v116/rtl/ddrphy/ips2l_ddrphy_data_slice_v1_16.vp successfully.
Executing : .rtl_analyze -include_path {F:/SocFpga/project} F:/SocFpga/IP/ddr3_ctrl_v116/rtl/ddrphy/ips2l_ddrphy_data_slice_dqs_gate_cal_v1_14.vp
I: Verilog-0001: Analyzing file F:/SocFpga/IP/ddr3_ctrl_v116/rtl/ddrphy/ips2l_ddrphy_data_slice_dqs_gate_cal_v1_14.vp
I: Verilog-0002: [F:/SocFpga/IP/ddr3_ctrl_v116/rtl/ddrphy/ips2l_ddrphy_data_slice_dqs_gate_cal_v1_14.vp(line number: 158)] Analyzing module ips2l_ddrphy_data_slice_dqs_gate_cal_v1_14 (library work)
Parsing done.
Executing : .rtl_analyze -include_path {F:/SocFpga/project} F:/SocFpga/IP/ddr3_ctrl_v116/rtl/ddrphy/ips2l_ddrphy_data_slice_dqs_gate_cal_v1_14.vp successfully.
Executing : .rtl_analyze -include_path {F:/SocFpga/project} F:/SocFpga/IP/ddr3_ctrl_v116/rtl/ddrphy/ips2l_ddrphy_cpd_ctrl_v1_3.vp
I: Verilog-0001: Analyzing file F:/SocFpga/IP/ddr3_ctrl_v116/rtl/ddrphy/ips2l_ddrphy_cpd_ctrl_v1_3.vp
I: Verilog-0002: [F:/SocFpga/IP/ddr3_ctrl_v116/rtl/ddrphy/ips2l_ddrphy_cpd_ctrl_v1_3.vp(line number: 216)] Analyzing module ips2l_ddrphy_cpd_ctrl_v1_3 (library work)
Parsing done.
Executing : .rtl_analyze -include_path {F:/SocFpga/project} F:/SocFpga/IP/ddr3_ctrl_v116/rtl/ddrphy/ips2l_ddrphy_cpd_ctrl_v1_3.vp successfully.
Executing : .rtl_analyze -include_path {F:/SocFpga/project} F:/SocFpga/IP/ddr3_ctrl_v116/rtl/ddrphy/ips2l_ddrphy_cpd_lock_v1_0.vp
I: Verilog-0001: Analyzing file F:/SocFpga/IP/ddr3_ctrl_v116/rtl/ddrphy/ips2l_ddrphy_cpd_lock_v1_0.vp
I: Verilog-0002: [F:/SocFpga/IP/ddr3_ctrl_v116/rtl/ddrphy/ips2l_ddrphy_cpd_lock_v1_0.vp(line number: 105)] Analyzing module ips2l_ddrphy_cpd_lock_v1_0 (library work)
Parsing done.
Executing : .rtl_analyze -include_path {F:/SocFpga/project} F:/SocFpga/IP/ddr3_ctrl_v116/rtl/ddrphy/ips2l_ddrphy_cpd_lock_v1_0.vp successfully.
Executing : .rtl_analyze -include_path {F:/SocFpga/project} F:/SocFpga/IP/ddr3_ctrl_v116/rtl/ddrphy/ips2l_ddrphy_control_path_adj_v1_16.vp
I: Verilog-0001: Analyzing file F:/SocFpga/IP/ddr3_ctrl_v116/rtl/ddrphy/ips2l_ddrphy_control_path_adj_v1_16.vp
I: Verilog-0002: [F:/SocFpga/IP/ddr3_ctrl_v116/rtl/ddrphy/ips2l_ddrphy_control_path_adj_v1_16.vp(line number: 168)] Analyzing module ips2l_ddrphy_control_path_adj_v1_16 (library work)
Parsing done.
Executing : .rtl_analyze -include_path {F:/SocFpga/project} F:/SocFpga/IP/ddr3_ctrl_v116/rtl/ddrphy/ips2l_ddrphy_control_path_adj_v1_16.vp successfully.
Executing : .rtl_analyze -include_path {F:/SocFpga/project} F:/SocFpga/IP/ddr3_ctrl_v116/rtl/ddrphy/ips2l_ddrphy_calib_top_v1_16.vp
I: Verilog-0001: Analyzing file F:/SocFpga/IP/ddr3_ctrl_v116/rtl/ddrphy/ips2l_ddrphy_calib_top_v1_16.vp
I: Verilog-0002: [F:/SocFpga/IP/ddr3_ctrl_v116/rtl/ddrphy/ips2l_ddrphy_calib_top_v1_16.vp(line number: 455)] Analyzing module ips2l_ddrphy_calib_top_v1_16 (library work)
Parsing done.
Executing : .rtl_analyze -include_path {F:/SocFpga/project} F:/SocFpga/IP/ddr3_ctrl_v116/rtl/ddrphy/ips2l_ddrphy_calib_top_v1_16.vp successfully.
Executing : .rtl_analyze -include_path {F:/SocFpga/project} F:/SocFpga/IP/ddr3_ctrl_v116/rtl/ddrphy/ips2l_ddrphy_calib_mux_v1_0.vp
I: Verilog-0001: Analyzing file F:/SocFpga/IP/ddr3_ctrl_v116/rtl/ddrphy/ips2l_ddrphy_calib_mux_v1_0.vp
I: Verilog-0002: [F:/SocFpga/IP/ddr3_ctrl_v116/rtl/ddrphy/ips2l_ddrphy_calib_mux_v1_0.vp(line number: 233)] Analyzing module ips2l_ddrphy_calib_mux_v1_0 (library work)
Parsing done.
Executing : .rtl_analyze -include_path {F:/SocFpga/project} F:/SocFpga/IP/ddr3_ctrl_v116/rtl/ddrphy/ips2l_ddrphy_calib_mux_v1_0.vp successfully.
Executing : .rtl_analyze -include_path {F:/SocFpga/project} F:/SocFpga/IP/ddr3_ctrl_v116/rtl/ddrphy/ips2l_ddrphy_rst_debounce_v1_0.vp
I: Verilog-0001: Analyzing file F:/SocFpga/IP/ddr3_ctrl_v116/rtl/ddrphy/ips2l_ddrphy_rst_debounce_v1_0.vp
I: Verilog-0002: [F:/SocFpga/IP/ddr3_ctrl_v116/rtl/ddrphy/ips2l_ddrphy_rst_debounce_v1_0.vp(line number: 118)] Analyzing module ips2l_ddrphy_rst_debounce_v1_0 (library work)
Parsing done.
Executing : .rtl_analyze -include_path {F:/SocFpga/project} F:/SocFpga/IP/ddr3_ctrl_v116/rtl/ddrphy/ips2l_ddrphy_rst_debounce_v1_0.vp successfully.
Executing : .rtl_analyze -include_path {F:/SocFpga/project} F:/SocFpga/IP/ddr3_ctrl_v116/rtl/ddrphy/ips2l_ddrphy_rst_clk_phase_adj_v1_14.vp
I: Verilog-0001: Analyzing file F:/SocFpga/IP/ddr3_ctrl_v116/rtl/ddrphy/ips2l_ddrphy_rst_clk_phase_adj_v1_14.vp
I: Verilog-0002: [F:/SocFpga/IP/ddr3_ctrl_v116/rtl/ddrphy/ips2l_ddrphy_rst_clk_phase_adj_v1_14.vp(line number: 205)] Analyzing module ips2l_ddrphy_rst_clk_phase_adj_v1_14 (library work)
Parsing done.
Executing : .rtl_analyze -include_path {F:/SocFpga/project} F:/SocFpga/IP/ddr3_ctrl_v116/rtl/ddrphy/ips2l_ddrphy_rst_clk_phase_adj_v1_14.vp successfully.
Executing : .rtl_analyze -include_path {F:/SocFpga/project} F:/SocFpga/IP/ddr3_ctrl_v116/rtl/ddrphy/ips2l_ddrphy_check_ppll_out_sync_point_v1_14.vp
I: Verilog-0001: Analyzing file F:/SocFpga/IP/ddr3_ctrl_v116/rtl/ddrphy/ips2l_ddrphy_check_ppll_out_sync_point_v1_14.vp
I: Verilog-0002: [F:/SocFpga/IP/ddr3_ctrl_v116/rtl/ddrphy/ips2l_ddrphy_check_ppll_out_sync_point_v1_14.vp(line number: 277)] Analyzing module ips2l_ddrphy_check_ppll_out_sync_point_v1_14 (library work)
Parsing done.
Executing : .rtl_analyze -include_path {F:/SocFpga/project} F:/SocFpga/IP/ddr3_ctrl_v116/rtl/ddrphy/ips2l_ddrphy_check_ppll_out_sync_point_v1_14.vp successfully.
Executing : .rtl_analyze -include_path {F:/SocFpga/project} F:/SocFpga/IP/ddr3_ctrl_v116/rtl/pll/ips2l_ddrphy_gpll_v1_3.v
I: Verilog-0001: Analyzing file F:/SocFpga/IP/ddr3_ctrl_v116/rtl/pll/ips2l_ddrphy_gpll_v1_3.v
I: Verilog-0002: [F:/SocFpga/IP/ddr3_ctrl_v116/rtl/pll/ips2l_ddrphy_gpll_v1_3.v(line number: 10)] Analyzing module ips2l_ddrphy_gpll_v1_3 (library work)
W: Verilog-2006: [F:/SocFpga/IP/ddr3_ctrl_v116/rtl/pll/ips2l_ddrphy_gpll_v1_3.v(line number: 37)] Ansi_parameter force parameter in body to localparam
W: Verilog-2006: [F:/SocFpga/IP/ddr3_ctrl_v116/rtl/pll/ips2l_ddrphy_gpll_v1_3.v(line number: 38)] Ansi_parameter force parameter in body to localparam
W: Verilog-2006: [F:/SocFpga/IP/ddr3_ctrl_v116/rtl/pll/ips2l_ddrphy_gpll_v1_3.v(line number: 39)] Ansi_parameter force parameter in body to localparam
W: Verilog-2006: [F:/SocFpga/IP/ddr3_ctrl_v116/rtl/pll/ips2l_ddrphy_gpll_v1_3.v(line number: 40)] Ansi_parameter force parameter in body to localparam
W: Verilog-2006: [F:/SocFpga/IP/ddr3_ctrl_v116/rtl/pll/ips2l_ddrphy_gpll_v1_3.v(line number: 41)] Ansi_parameter force parameter in body to localparam
Parsing done.
Executing : .rtl_analyze -include_path {F:/SocFpga/project} F:/SocFpga/IP/ddr3_ctrl_v116/rtl/pll/ips2l_ddrphy_gpll_v1_3.v successfully.
Executing : .rtl_analyze -include_path {F:/SocFpga/project} F:/SocFpga/IP/ddr3_ctrl_v116/rtl/pll/ips2l_ddrphy_ppll_v1_0.v
I: Verilog-0001: Analyzing file F:/SocFpga/IP/ddr3_ctrl_v116/rtl/pll/ips2l_ddrphy_ppll_v1_0.v
I: Verilog-0002: [F:/SocFpga/IP/ddr3_ctrl_v116/rtl/pll/ips2l_ddrphy_ppll_v1_0.v(line number: 10)] Analyzing module ips2l_ddrphy_ppll_v1_0 (library work)
W: Verilog-2006: [F:/SocFpga/IP/ddr3_ctrl_v116/rtl/pll/ips2l_ddrphy_ppll_v1_0.v(line number: 29)] Ansi_parameter force parameter in body to localparam
W: Verilog-2006: [F:/SocFpga/IP/ddr3_ctrl_v116/rtl/pll/ips2l_ddrphy_ppll_v1_0.v(line number: 30)] Ansi_parameter force parameter in body to localparam
W: Verilog-2006: [F:/SocFpga/IP/ddr3_ctrl_v116/rtl/pll/ips2l_ddrphy_ppll_v1_0.v(line number: 31)] Ansi_parameter force parameter in body to localparam
W: Verilog-2006: [F:/SocFpga/IP/ddr3_ctrl_v116/rtl/pll/ips2l_ddrphy_ppll_v1_0.v(line number: 32)] Ansi_parameter force parameter in body to localparam
W: Verilog-2006: [F:/SocFpga/IP/ddr3_ctrl_v116/rtl/pll/ips2l_ddrphy_ppll_v1_0.v(line number: 33)] Ansi_parameter force parameter in body to localparam
Parsing done.
Executing : .rtl_analyze -include_path {F:/SocFpga/project} F:/SocFpga/IP/ddr3_ctrl_v116/rtl/pll/ips2l_ddrphy_ppll_v1_0.v successfully.
Executing : .rtl_analyze -include_path {F:/SocFpga/project} F:/SocFpga/IP/ddr3_ctrl_v116/rtl/mcdq/axi/ips2l_bresp_fifo_v1_5.vp
I: Verilog-0001: Analyzing file F:/SocFpga/IP/ddr3_ctrl_v116/rtl/mcdq/axi/ips2l_bresp_fifo_v1_5.vp
I: Verilog-0002: [F:/SocFpga/IP/ddr3_ctrl_v116/rtl/mcdq/axi/ips2l_bresp_fifo_v1_5.vp(line number: 204)] Analyzing module ips2l_bresp_fifo_v1_5 (library work)
Parsing done.
Executing : .rtl_analyze -include_path {F:/SocFpga/project} F:/SocFpga/IP/ddr3_ctrl_v116/rtl/mcdq/axi/ips2l_bresp_fifo_v1_5.vp successfully.
Executing : .rtl_analyze -include_path {F:/SocFpga/project} F:/SocFpga/IP/ddr3_ctrl_v116/rtl/mcdq/axi/ips2l_cmd_align_fifo_v1_5.vp
I: Verilog-0001: Analyzing file F:/SocFpga/IP/ddr3_ctrl_v116/rtl/mcdq/axi/ips2l_cmd_align_fifo_v1_5.vp
I: Verilog-0002: [F:/SocFpga/IP/ddr3_ctrl_v116/rtl/mcdq/axi/ips2l_cmd_align_fifo_v1_5.vp(line number: 207)] Analyzing module ips2l_cmd_align_fifo_v1_5 (library work)
Parsing done.
Executing : .rtl_analyze -include_path {F:/SocFpga/project} F:/SocFpga/IP/ddr3_ctrl_v116/rtl/mcdq/axi/ips2l_cmd_align_fifo_v1_5.vp successfully.
Executing : .rtl_analyze -include_path {F:/SocFpga/project} F:/SocFpga/IP/ddr3_ctrl_v116/rtl/mcdq/axi/ips2l_cmd_fifo_v1_5.vp
I: Verilog-0001: Analyzing file F:/SocFpga/IP/ddr3_ctrl_v116/rtl/mcdq/axi/ips2l_cmd_fifo_v1_5.vp
I: Verilog-0002: [F:/SocFpga/IP/ddr3_ctrl_v116/rtl/mcdq/axi/ips2l_cmd_fifo_v1_5.vp(line number: 207)] Analyzing module ips2l_cmd_fifo_v1_5 (library work)
Parsing done.
Executing : .rtl_analyze -include_path {F:/SocFpga/project} F:/SocFpga/IP/ddr3_ctrl_v116/rtl/mcdq/axi/ips2l_cmd_fifo_v1_5.vp successfully.
Executing : .rtl_analyze -include_path {F:/SocFpga/project} F:/SocFpga/IP/ddr3_ctrl_v116/rtl/mcdq/axi/ips2l_mcdq_axi_bresp_buf_v1_5.vp
I: Verilog-0001: Analyzing file F:/SocFpga/IP/ddr3_ctrl_v116/rtl/mcdq/axi/ips2l_mcdq_axi_bresp_buf_v1_5.vp
I: Verilog-0002: [F:/SocFpga/IP/ddr3_ctrl_v116/rtl/mcdq/axi/ips2l_mcdq_axi_bresp_buf_v1_5.vp(line number: 103)] Analyzing module ips2l_mcdq_axi_bresp_buf_v1_5 (library work)
Parsing done.
Executing : .rtl_analyze -include_path {F:/SocFpga/project} F:/SocFpga/IP/ddr3_ctrl_v116/rtl/mcdq/axi/ips2l_mcdq_axi_bresp_buf_v1_5.vp successfully.
Executing : .rtl_analyze -include_path {F:/SocFpga/project} F:/SocFpga/IP/ddr3_ctrl_v116/rtl/mcdq/axi/ips2l_mcdq_axi_buf_v1_5.vp
I: Verilog-0001: Analyzing file F:/SocFpga/IP/ddr3_ctrl_v116/rtl/mcdq/axi/ips2l_mcdq_axi_buf_v1_5.vp
I: Verilog-0002: [F:/SocFpga/IP/ddr3_ctrl_v116/rtl/mcdq/axi/ips2l_mcdq_axi_buf_v1_5.vp(line number: 202)] Analyzing module ips2l_mcdq_axi_buf_v1_5 (library work)
Parsing done.
Executing : .rtl_analyze -include_path {F:/SocFpga/project} F:/SocFpga/IP/ddr3_ctrl_v116/rtl/mcdq/axi/ips2l_mcdq_axi_buf_v1_5.vp successfully.
Executing : .rtl_analyze -include_path {F:/SocFpga/project} F:/SocFpga/IP/ddr3_ctrl_v116/rtl/mcdq/axi/ips2l_mcdq_axi_channel_v1_6.vp
I: Verilog-0001: Analyzing file F:/SocFpga/IP/ddr3_ctrl_v116/rtl/mcdq/axi/ips2l_mcdq_axi_channel_v1_6.vp
I: Verilog-0002: [F:/SocFpga/IP/ddr3_ctrl_v116/rtl/mcdq/axi/ips2l_mcdq_axi_channel_v1_6.vp(line number: 266)] Analyzing module ips2l_mcdq_axi_channel_v1_6 (library work)
W: Verilog-2006: [F:/SocFpga/IP/ddr3_ctrl_v116/rtl/mcdq/axi/ips2l_mcdq_axi_channel_v1_6.vp(line number: 330)] Ansi_parameter force parameter in body to localparam
W: Verilog-2006: [F:/SocFpga/IP/ddr3_ctrl_v116/rtl/mcdq/axi/ips2l_mcdq_axi_channel_v1_6.vp(line number: 331)] Ansi_parameter force parameter in body to localparam
Parsing done.
Executing : .rtl_analyze -include_path {F:/SocFpga/project} F:/SocFpga/IP/ddr3_ctrl_v116/rtl/mcdq/axi/ips2l_mcdq_axi_channel_v1_6.vp successfully.
Executing : .rtl_analyze -include_path {F:/SocFpga/project} F:/SocFpga/IP/ddr3_ctrl_v116/rtl/mcdq/axi/ips2l_mcdq_axi_cmd_arb_v1_5a.vp
I: Verilog-0001: Analyzing file F:/SocFpga/IP/ddr3_ctrl_v116/rtl/mcdq/axi/ips2l_mcdq_axi_cmd_arb_v1_5a.vp
I: Verilog-0002: [F:/SocFpga/IP/ddr3_ctrl_v116/rtl/mcdq/axi/ips2l_mcdq_axi_cmd_arb_v1_5a.vp(line number: 201)] Analyzing module ips2l_mcdq_axi_cmd_arb_v1_5a (library work)
Parsing done.
Executing : .rtl_analyze -include_path {F:/SocFpga/project} F:/SocFpga/IP/ddr3_ctrl_v116/rtl/mcdq/axi/ips2l_mcdq_axi_cmd_arb_v1_5a.vp successfully.
Executing : .rtl_analyze -include_path {F:/SocFpga/project} F:/SocFpga/IP/ddr3_ctrl_v116/rtl/mcdq/axi/ips2l_mcdq_axi_dec_v1_5.vp
I: Verilog-0001: Analyzing file F:/SocFpga/IP/ddr3_ctrl_v116/rtl/mcdq/axi/ips2l_mcdq_axi_dec_v1_5.vp
I: Verilog-0002: [F:/SocFpga/IP/ddr3_ctrl_v116/rtl/mcdq/axi/ips2l_mcdq_axi_dec_v1_5.vp(line number: 209)] Analyzing module ips2l_mcdq_axi_dec_v1_5 (library work)
Parsing done.
Executing : .rtl_analyze -include_path {F:/SocFpga/project} F:/SocFpga/IP/ddr3_ctrl_v116/rtl/mcdq/axi/ips2l_mcdq_axi_dec_v1_5.vp successfully.
Executing : .rtl_analyze -include_path {F:/SocFpga/project} F:/SocFpga/IP/ddr3_ctrl_v116/rtl/mcdq/axi/ips2l_mcdq_axi_mc_v1_6.vp
I: Verilog-0001: Analyzing file F:/SocFpga/IP/ddr3_ctrl_v116/rtl/mcdq/axi/ips2l_mcdq_axi_mc_v1_6.vp
I: Verilog-0002: [F:/SocFpga/IP/ddr3_ctrl_v116/rtl/mcdq/axi/ips2l_mcdq_axi_mc_v1_6.vp(line number: 312)] Analyzing module ips2l_mcdq_axi_mc_v1_6 (library work)
I: [F:/SocFpga/IP/ddr3_ctrl_v116/rtl/mcdq/axi/ips2l_mcdq_axi_mc_v1_6.vp(line number: 395)] Convert attribute name from syn_maxfan to PAP_MAX_FANOUT
W: Verilog-2006: [F:/SocFpga/IP/ddr3_ctrl_v116/rtl/mcdq/axi/ips2l_mcdq_axi_mc_v1_6.vp(line number: 380)] Ansi_parameter force parameter in body to localparam
W: Verilog-2006: [F:/SocFpga/IP/ddr3_ctrl_v116/rtl/mcdq/axi/ips2l_mcdq_axi_mc_v1_6.vp(line number: 381)] Ansi_parameter force parameter in body to localparam
Parsing done.
Executing : .rtl_analyze -include_path {F:/SocFpga/project} F:/SocFpga/IP/ddr3_ctrl_v116/rtl/mcdq/axi/ips2l_mcdq_axi_mc_v1_6.vp successfully.
Executing : .rtl_analyze -include_path {F:/SocFpga/project} F:/SocFpga/IP/ddr3_ctrl_v116/rtl/mcdq/axi/ips2l_mcdq_axi_rdata_align_v1_6.vp
I: Verilog-0001: Analyzing file F:/SocFpga/IP/ddr3_ctrl_v116/rtl/mcdq/axi/ips2l_mcdq_axi_rdata_align_v1_6.vp
I: Verilog-0002: [F:/SocFpga/IP/ddr3_ctrl_v116/rtl/mcdq/axi/ips2l_mcdq_axi_rdata_align_v1_6.vp(line number: 490)] Analyzing module ips2l_mcdq_axi_rdata_align_v1_6 (library work)
W: Verilog-2006: [F:/SocFpga/IP/ddr3_ctrl_v116/rtl/mcdq/axi/ips2l_mcdq_axi_rdata_align_v1_6.vp(line number: 521)] Ansi_parameter force parameter in body to localparam
W: Verilog-2006: [F:/SocFpga/IP/ddr3_ctrl_v116/rtl/mcdq/axi/ips2l_mcdq_axi_rdata_align_v1_6.vp(line number: 522)] Ansi_parameter force parameter in body to localparam
W: Verilog-2006: [F:/SocFpga/IP/ddr3_ctrl_v116/rtl/mcdq/axi/ips2l_mcdq_axi_rdata_align_v1_6.vp(line number: 523)] Ansi_parameter force parameter in body to localparam
Parsing done.
Executing : .rtl_analyze -include_path {F:/SocFpga/project} F:/SocFpga/IP/ddr3_ctrl_v116/rtl/mcdq/axi/ips2l_mcdq_axi_rdata_align_v1_6.vp successfully.
Executing : .rtl_analyze -include_path {F:/SocFpga/project} F:/SocFpga/IP/ddr3_ctrl_v116/rtl/mcdq/axi/ips2l_mcdq_axi_rdata_arrange_v1_5.vp
I: Verilog-0001: Analyzing file F:/SocFpga/IP/ddr3_ctrl_v116/rtl/mcdq/axi/ips2l_mcdq_axi_rdata_arrange_v1_5.vp
I: Verilog-0002: [F:/SocFpga/IP/ddr3_ctrl_v116/rtl/mcdq/axi/ips2l_mcdq_axi_rdata_arrange_v1_5.vp(line number: 332)] Analyzing module ips2l_mcdq_axi_rdata_arrange_v1_5 (library work)
I: [F:/SocFpga/IP/ddr3_ctrl_v116/rtl/mcdq/axi/ips2l_mcdq_axi_rdata_arrange_v1_5.vp(line number: 380)] Convert attribute name from syn_maxfan to PAP_MAX_FANOUT
W: Verilog-2006: [F:/SocFpga/IP/ddr3_ctrl_v116/rtl/mcdq/axi/ips2l_mcdq_axi_rdata_arrange_v1_5.vp(line number: 355)] Ansi_parameter force parameter in body to localparam
W: Verilog-2006: [F:/SocFpga/IP/ddr3_ctrl_v116/rtl/mcdq/axi/ips2l_mcdq_axi_rdata_arrange_v1_5.vp(line number: 360)] Ansi_parameter force parameter in body to localparam
Parsing done.
Executing : .rtl_analyze -include_path {F:/SocFpga/project} F:/SocFpga/IP/ddr3_ctrl_v116/rtl/mcdq/axi/ips2l_mcdq_axi_rdata_arrange_v1_5.vp successfully.
Executing : .rtl_analyze -include_path {F:/SocFpga/project} F:/SocFpga/IP/ddr3_ctrl_v116/rtl/mcdq/axi/ips2l_mcdq_axi_wdata_align_v1_5.vp
I: Verilog-0001: Analyzing file F:/SocFpga/IP/ddr3_ctrl_v116/rtl/mcdq/axi/ips2l_mcdq_axi_wdata_align_v1_5.vp
I: Verilog-0002: [F:/SocFpga/IP/ddr3_ctrl_v116/rtl/mcdq/axi/ips2l_mcdq_axi_wdata_align_v1_5.vp(line number: 662)] Analyzing module ips2l_mcdq_axi_wdata_align_v1_5 (library work)
I: [F:/SocFpga/IP/ddr3_ctrl_v116/rtl/mcdq/axi/ips2l_mcdq_axi_wdata_align_v1_5.vp(line number: 727)] Convert attribute name from syn_maxfan to PAP_MAX_FANOUT
I: [F:/SocFpga/IP/ddr3_ctrl_v116/rtl/mcdq/axi/ips2l_mcdq_axi_wdata_align_v1_5.vp(line number: 732)] Convert attribute name from syn_maxfan to PAP_MAX_FANOUT
W: Verilog-2006: [F:/SocFpga/IP/ddr3_ctrl_v116/rtl/mcdq/axi/ips2l_mcdq_axi_wdata_align_v1_5.vp(line number: 694)] Ansi_parameter force parameter in body to localparam
W: Verilog-2006: [F:/SocFpga/IP/ddr3_ctrl_v116/rtl/mcdq/axi/ips2l_mcdq_axi_wdata_align_v1_5.vp(line number: 695)] Ansi_parameter force parameter in body to localparam
W: Verilog-2006: [F:/SocFpga/IP/ddr3_ctrl_v116/rtl/mcdq/axi/ips2l_mcdq_axi_wdata_align_v1_5.vp(line number: 696)] Ansi_parameter force parameter in body to localparam
Parsing done.
Executing : .rtl_analyze -include_path {F:/SocFpga/project} F:/SocFpga/IP/ddr3_ctrl_v116/rtl/mcdq/axi/ips2l_mcdq_axi_wdata_align_v1_5.vp successfully.
Executing : .rtl_analyze -include_path {F:/SocFpga/project} F:/SocFpga/IP/ddr3_ctrl_v116/rtl/mcdq/axi/ips2l_rddata_fifo_v1_5.vp
I: Verilog-0001: Analyzing file F:/SocFpga/IP/ddr3_ctrl_v116/rtl/mcdq/axi/ips2l_rddata_fifo_v1_5.vp
I: Verilog-0002: [F:/SocFpga/IP/ddr3_ctrl_v116/rtl/mcdq/axi/ips2l_rddata_fifo_v1_5.vp(line number: 216)] Analyzing module ips2l_rddata_fifo_v1_5 (library work)
I: [F:/SocFpga/IP/ddr3_ctrl_v116/rtl/mcdq/axi/ips2l_rddata_fifo_v1_5.vp(line number: 221)] Convert attribute name from syn_maxfan to PAP_MAX_FANOUT
I: [F:/SocFpga/IP/ddr3_ctrl_v116/rtl/mcdq/axi/ips2l_rddata_fifo_v1_5.vp(line number: 221)] Convert attribute name from syn_maxfan to PAP_MAX_FANOUT
Parsing done.
Executing : .rtl_analyze -include_path {F:/SocFpga/project} F:/SocFpga/IP/ddr3_ctrl_v116/rtl/mcdq/axi/ips2l_rddata_fifo_v1_5.vp successfully.
Executing : .rtl_analyze -include_path {F:/SocFpga/project} F:/SocFpga/IP/ddr3_ctrl_v116/rtl/mcdq/axi/ips2l_rdata_align_fifo_v1_5.vp
I: Verilog-0001: Analyzing file F:/SocFpga/IP/ddr3_ctrl_v116/rtl/mcdq/axi/ips2l_rdata_align_fifo_v1_5.vp
I: Verilog-0002: [F:/SocFpga/IP/ddr3_ctrl_v116/rtl/mcdq/axi/ips2l_rdata_align_fifo_v1_5.vp(line number: 257)] Analyzing module ips2l_rdata_align_fifo_v1_5 (library work)
Parsing done.
Executing : .rtl_analyze -include_path {F:/SocFpga/project} F:/SocFpga/IP/ddr3_ctrl_v116/rtl/mcdq/axi/ips2l_rdata_align_fifo_v1_5.vp successfully.
Executing : .rtl_analyze -include_path {F:/SocFpga/project} F:/SocFpga/IP/ddr3_ctrl_v116/rtl/mcdq/axi/ips2l_wdata_align_fifo_v1_5.vp
I: Verilog-0001: Analyzing file F:/SocFpga/IP/ddr3_ctrl_v116/rtl/mcdq/axi/ips2l_wdata_align_fifo_v1_5.vp
I: Verilog-0002: [F:/SocFpga/IP/ddr3_ctrl_v116/rtl/mcdq/axi/ips2l_wdata_align_fifo_v1_5.vp(line number: 303)] Analyzing module ips2l_wdata_align_fifo_v1_5 (library work)
I: [F:/SocFpga/IP/ddr3_ctrl_v116/rtl/mcdq/axi/ips2l_wdata_align_fifo_v1_5.vp(line number: 308)] Convert attribute name from syn_maxfan to PAP_MAX_FANOUT
I: [F:/SocFpga/IP/ddr3_ctrl_v116/rtl/mcdq/axi/ips2l_wdata_align_fifo_v1_5.vp(line number: 318)] Convert attribute name from syn_maxfan to PAP_MAX_FANOUT
Parsing done.
Executing : .rtl_analyze -include_path {F:/SocFpga/project} F:/SocFpga/IP/ddr3_ctrl_v116/rtl/mcdq/axi/ips2l_wdata_align_fifo_v1_5.vp successfully.
Executing : .rtl_analyze -include_path {F:/SocFpga/project} F:/SocFpga/IP/ddr3_ctrl_v116/rtl/mcdq/axi/ips2l_wdata_fifo_v1_5.vp
I: Verilog-0001: Analyzing file F:/SocFpga/IP/ddr3_ctrl_v116/rtl/mcdq/axi/ips2l_wdata_fifo_v1_5.vp
I: Verilog-0002: [F:/SocFpga/IP/ddr3_ctrl_v116/rtl/mcdq/axi/ips2l_wdata_fifo_v1_5.vp(line number: 307)] Analyzing module ips2l_wdata_fifo_v1_5 (library work)
I: [F:/SocFpga/IP/ddr3_ctrl_v116/rtl/mcdq/axi/ips2l_wdata_fifo_v1_5.vp(line number: 312)] Convert attribute name from syn_maxfan to PAP_MAX_FANOUT
I: [F:/SocFpga/IP/ddr3_ctrl_v116/rtl/mcdq/axi/ips2l_wdata_fifo_v1_5.vp(line number: 322)] Convert attribute name from syn_maxfan to PAP_MAX_FANOUT
Parsing done.
Executing : .rtl_analyze -include_path {F:/SocFpga/project} F:/SocFpga/IP/ddr3_ctrl_v116/rtl/mcdq/axi/ips2l_wdata_fifo_v1_5.vp successfully.
Executing : .rtl_analyze -include_path {F:/SocFpga/project} F:/SocFpga/IP/ddr3_ctrl_v116/rtl/mcdq/axi/ips2l_mcdq_ui_axi_v1_5a.vp
I: Verilog-0001: Analyzing file F:/SocFpga/IP/ddr3_ctrl_v116/rtl/mcdq/axi/ips2l_mcdq_ui_axi_v1_5a.vp
I: Verilog-0002: [F:/SocFpga/IP/ddr3_ctrl_v116/rtl/mcdq/axi/ips2l_mcdq_ui_axi_v1_5a.vp(line number: 305)] Analyzing module ips2l_mcdq_ui_axi_v1_5a (library work)
Parsing done.
Executing : .rtl_analyze -include_path {F:/SocFpga/project} F:/SocFpga/IP/ddr3_ctrl_v116/rtl/mcdq/axi/ips2l_mcdq_ui_axi_v1_5a.vp successfully.
Executing : .rtl_analyze -include_path {F:/SocFpga/project} F:/SocFpga/IP/ddr3_ctrl_v116/rtl/mcdq/axi/ips2l_mcdq_reg_fifo2_v1_5.vp
I: Verilog-0001: Analyzing file F:/SocFpga/IP/ddr3_ctrl_v116/rtl/mcdq/axi/ips2l_mcdq_reg_fifo2_v1_5.vp
I: Verilog-0002: [F:/SocFpga/IP/ddr3_ctrl_v116/rtl/mcdq/axi/ips2l_mcdq_reg_fifo2_v1_5.vp(line number: 113)] Analyzing module ips2l_mcdq_reg_fifo2_v1_5 (library work)
I: [F:/SocFpga/IP/ddr3_ctrl_v116/rtl/mcdq/axi/ips2l_mcdq_reg_fifo2_v1_5.vp(line number: 133)] Convert attribute name from syn_maxfan to PAP_MAX_FANOUT
I: [F:/SocFpga/IP/ddr3_ctrl_v116/rtl/mcdq/axi/ips2l_mcdq_reg_fifo2_v1_5.vp(line number: 134)] Convert attribute name from syn_maxfan to PAP_MAX_FANOUT
Parsing done.
Executing : .rtl_analyze -include_path {F:/SocFpga/project} F:/SocFpga/IP/ddr3_ctrl_v116/rtl/mcdq/axi/ips2l_mcdq_reg_fifo2_v1_5.vp successfully.
Executing : .rtl_analyze -include_path {F:/SocFpga/project} F:/SocFpga/IP/ddr3_ctrl_v116/rtl/mcdq/distributed_fifo/ips2l_distributed_fifo_v1_0.vp
I: Verilog-0001: Analyzing file F:/SocFpga/IP/ddr3_ctrl_v116/rtl/mcdq/distributed_fifo/ips2l_distributed_fifo_v1_0.vp
I: Verilog-0002: [F:/SocFpga/IP/ddr3_ctrl_v116/rtl/mcdq/distributed_fifo/ips2l_distributed_fifo_v1_0.vp(line number: 164)] Analyzing module ips2l_distributed_fifo_v1_0 (library work)
Parsing done.
Executing : .rtl_analyze -include_path {F:/SocFpga/project} F:/SocFpga/IP/ddr3_ctrl_v116/rtl/mcdq/distributed_fifo/ips2l_distributed_fifo_v1_0.vp successfully.
Executing : .rtl_analyze -include_path {F:/SocFpga/project} F:/SocFpga/IP/ddr3_ctrl_v116/rtl/mcdq/distributed_fifo/rtl/ips2l_distributed_fifo_ctr_v1_0.vp
I: Verilog-0001: Analyzing file F:/SocFpga/IP/ddr3_ctrl_v116/rtl/mcdq/distributed_fifo/rtl/ips2l_distributed_fifo_ctr_v1_0.vp
I: Verilog-0002: [F:/SocFpga/IP/ddr3_ctrl_v116/rtl/mcdq/distributed_fifo/rtl/ips2l_distributed_fifo_ctr_v1_0.vp(line number: 303)] Analyzing module ips2l_distributed_fifo_ctr_v1_0 (library work)
Parsing done.
Executing : .rtl_analyze -include_path {F:/SocFpga/project} F:/SocFpga/IP/ddr3_ctrl_v116/rtl/mcdq/distributed_fifo/rtl/ips2l_distributed_fifo_ctr_v1_0.vp successfully.
Executing : .rtl_analyze -include_path {F:/SocFpga/project} F:/SocFpga/IP/ddr3_ctrl_v116/rtl/mcdq/distributed_fifo/rtl/ips2l_distributed_fifo_v1_0_distributed_fifo_v1_0.vp
I: Verilog-0001: Analyzing file F:/SocFpga/IP/ddr3_ctrl_v116/rtl/mcdq/distributed_fifo/rtl/ips2l_distributed_fifo_v1_0_distributed_fifo_v1_0.vp
I: Verilog-0002: [F:/SocFpga/IP/ddr3_ctrl_v116/rtl/mcdq/distributed_fifo/rtl/ips2l_distributed_fifo_v1_0_distributed_fifo_v1_0.vp(line number: 164)] Analyzing module ips2l_distributed_fifo_v1_0_distributed_fifo_v1_0 (library work)
Parsing done.
Executing : .rtl_analyze -include_path {F:/SocFpga/project} F:/SocFpga/IP/ddr3_ctrl_v116/rtl/mcdq/distributed_fifo/rtl/ips2l_distributed_fifo_v1_0_distributed_fifo_v1_0.vp successfully.
Executing : .rtl_analyze -include_path {F:/SocFpga/project} F:/SocFpga/IP/ddr3_ctrl_v116/rtl/mcdq/distributed_fifo/rtl/ips2l_distributed_sdpram_v1_0_distributed_fifo_v1_0.vp
I: Verilog-0001: Analyzing file F:/SocFpga/IP/ddr3_ctrl_v116/rtl/mcdq/distributed_fifo/rtl/ips2l_distributed_sdpram_v1_0_distributed_fifo_v1_0.vp
I: Verilog-0002: [F:/SocFpga/IP/ddr3_ctrl_v116/rtl/mcdq/distributed_fifo/rtl/ips2l_distributed_sdpram_v1_0_distributed_fifo_v1_0.vp(line number: 154)] Analyzing module ips2l_distributed_sdpram_v1_0_distributed_fifo_v1_0 (library work)
I: [F:/SocFpga/IP/ddr3_ctrl_v116/rtl/mcdq/distributed_fifo/rtl/ips2l_distributed_sdpram_v1_0_distributed_fifo_v1_0.vp(line number: 163)] Convert attribute name from syn_ramstyle to PAP_RAM_STYLE
Parsing done.
Executing : .rtl_analyze -include_path {F:/SocFpga/project} F:/SocFpga/IP/ddr3_ctrl_v116/rtl/mcdq/distributed_fifo/rtl/ips2l_distributed_sdpram_v1_0_distributed_fifo_v1_0.vp successfully.
Executing : .rtl_analyze -include_path {F:/SocFpga/project} F:/SocFpga/IP/ddr3_ctrl_v116/rtl/mcdq/mac/ips2l_mcdq_apb_cross_v1_5.vp
I: Verilog-0001: Analyzing file F:/SocFpga/IP/ddr3_ctrl_v116/rtl/mcdq/mac/ips2l_mcdq_apb_cross_v1_5.vp
I: Verilog-0002: [F:/SocFpga/IP/ddr3_ctrl_v116/rtl/mcdq/mac/ips2l_mcdq_apb_cross_v1_5.vp(line number: 179)] Analyzing module ips2l_mcdq_apb_cross_v1_5 (library work)
Parsing done.
Executing : .rtl_analyze -include_path {F:/SocFpga/project} F:/SocFpga/IP/ddr3_ctrl_v116/rtl/mcdq/mac/ips2l_mcdq_apb_cross_v1_5.vp successfully.
Executing : .rtl_analyze -include_path {F:/SocFpga/project} F:/SocFpga/IP/ddr3_ctrl_v116/rtl/mcdq/mac/ips2l_mcdq_calib_delay_v1_5.vp
I: Verilog-0001: Analyzing file F:/SocFpga/IP/ddr3_ctrl_v116/rtl/mcdq/mac/ips2l_mcdq_calib_delay_v1_5.vp
I: Verilog-0002: [F:/SocFpga/IP/ddr3_ctrl_v116/rtl/mcdq/mac/ips2l_mcdq_calib_delay_v1_5.vp(line number: 135)] Analyzing module ips2l_mcdq_calib_delay_v1_5 (library work)
Parsing done.
Executing : .rtl_analyze -include_path {F:/SocFpga/project} F:/SocFpga/IP/ddr3_ctrl_v116/rtl/mcdq/mac/ips2l_mcdq_calib_delay_v1_5.vp successfully.
Executing : .rtl_analyze -include_path {F:/SocFpga/project} F:/SocFpga/IP/ddr3_ctrl_v116/rtl/mcdq/mac/ips2l_mcdq_cfg_apb_v1_5a.vp
I: Verilog-0001: Analyzing file F:/SocFpga/IP/ddr3_ctrl_v116/rtl/mcdq/mac/ips2l_mcdq_cfg_apb_v1_5a.vp
I: Verilog-0002: [F:/SocFpga/IP/ddr3_ctrl_v116/rtl/mcdq/mac/ips2l_mcdq_cfg_apb_v1_5a.vp(line number: 748)] Analyzing module ips2l_mcdq_cfg_apb_v1_5a (library work)
Parsing done.
Executing : .rtl_analyze -include_path {F:/SocFpga/project} F:/SocFpga/IP/ddr3_ctrl_v116/rtl/mcdq/mac/ips2l_mcdq_cfg_apb_v1_5a.vp successfully.
Executing : .rtl_analyze -include_path {F:/SocFpga/project} F:/SocFpga/IP/ddr3_ctrl_v116/rtl/mcdq/mac/ips2l_mcdq_dcd_bm_v1_6.vp
I: Verilog-0001: Analyzing file F:/SocFpga/IP/ddr3_ctrl_v116/rtl/mcdq/mac/ips2l_mcdq_dcd_bm_v1_6.vp
I: Verilog-0002: [F:/SocFpga/IP/ddr3_ctrl_v116/rtl/mcdq/mac/ips2l_mcdq_dcd_bm_v1_6.vp(line number: 284)] Analyzing module ips2l_mcdq_dcd_bm_v1_6 (library work)
Parsing done.
Executing : .rtl_analyze -include_path {F:/SocFpga/project} F:/SocFpga/IP/ddr3_ctrl_v116/rtl/mcdq/mac/ips2l_mcdq_dcd_bm_v1_6.vp successfully.
Executing : .rtl_analyze -include_path {F:/SocFpga/project} F:/SocFpga/IP/ddr3_ctrl_v116/rtl/mcdq/mac/ips2l_mcdq_dcd_rowaddr_v1_5.vp
I: Verilog-0001: Analyzing file F:/SocFpga/IP/ddr3_ctrl_v116/rtl/mcdq/mac/ips2l_mcdq_dcd_rowaddr_v1_5.vp
I: Verilog-0002: [F:/SocFpga/IP/ddr3_ctrl_v116/rtl/mcdq/mac/ips2l_mcdq_dcd_rowaddr_v1_5.vp(line number: 110)] Analyzing module ips2l_mcdq_dcd_rowaddr_v1_5 (library work)
Parsing done.
Executing : .rtl_analyze -include_path {F:/SocFpga/project} F:/SocFpga/IP/ddr3_ctrl_v116/rtl/mcdq/mac/ips2l_mcdq_dcd_rowaddr_v1_5.vp successfully.
Executing : .rtl_analyze -include_path {F:/SocFpga/project} F:/SocFpga/IP/ddr3_ctrl_v116/rtl/mcdq/mac/ips2l_mcdq_dcd_sm_v1_6.vp
I: Verilog-0001: Analyzing file F:/SocFpga/IP/ddr3_ctrl_v116/rtl/mcdq/mac/ips2l_mcdq_dcd_sm_v1_6.vp
I: Verilog-0002: [F:/SocFpga/IP/ddr3_ctrl_v116/rtl/mcdq/mac/ips2l_mcdq_dcd_sm_v1_6.vp(line number: 244)] Analyzing module ips2l_mcdq_dcd_sm_v1_6 (library work)
Parsing done.
Executing : .rtl_analyze -include_path {F:/SocFpga/project} F:/SocFpga/IP/ddr3_ctrl_v116/rtl/mcdq/mac/ips2l_mcdq_dcd_sm_v1_6.vp successfully.
Executing : .rtl_analyze -include_path {F:/SocFpga/project} F:/SocFpga/IP/ddr3_ctrl_v116/rtl/mcdq/mac/ips2l_mcdq_dcd_top_v1_8.vp
I: Verilog-0001: Analyzing file F:/SocFpga/IP/ddr3_ctrl_v116/rtl/mcdq/mac/ips2l_mcdq_dcd_top_v1_8.vp
I: Verilog-0002: [F:/SocFpga/IP/ddr3_ctrl_v116/rtl/mcdq/mac/ips2l_mcdq_dcd_top_v1_8.vp(line number: 209)] Analyzing module ips2l_mcdq_dcd_top_v1_8 (library work)
Parsing done.
Executing : .rtl_analyze -include_path {F:/SocFpga/project} F:/SocFpga/IP/ddr3_ctrl_v116/rtl/mcdq/mac/ips2l_mcdq_dcd_top_v1_8.vp successfully.
Executing : .rtl_analyze -include_path {F:/SocFpga/project} F:/SocFpga/IP/ddr3_ctrl_v116/rtl/mcdq/mac/ips2l_mcdq_dcp_back_ctrl_v1_6.vp
I: Verilog-0001: Analyzing file F:/SocFpga/IP/ddr3_ctrl_v116/rtl/mcdq/mac/ips2l_mcdq_dcp_back_ctrl_v1_6.vp
I: Verilog-0002: [F:/SocFpga/IP/ddr3_ctrl_v116/rtl/mcdq/mac/ips2l_mcdq_dcp_back_ctrl_v1_6.vp(line number: 682)] Analyzing module ips2l_mcdq_dcp_back_ctrl_v1_6 (library work)
I: [F:/SocFpga/IP/ddr3_ctrl_v116/rtl/mcdq/mac/ips2l_mcdq_dcp_back_ctrl_v1_6.vp(line number: 874)] Convert attribute name from syn_maxfan to PAP_MAX_FANOUT
Parsing done.
Executing : .rtl_analyze -include_path {F:/SocFpga/project} F:/SocFpga/IP/ddr3_ctrl_v116/rtl/mcdq/mac/ips2l_mcdq_dcp_back_ctrl_v1_6.vp successfully.
Executing : .rtl_analyze -include_path {F:/SocFpga/project} F:/SocFpga/IP/ddr3_ctrl_v116/rtl/mcdq/mac/ips2l_mcdq_dcp_buf_v1_8b.vp
I: Verilog-0001: Analyzing file F:/SocFpga/IP/ddr3_ctrl_v116/rtl/mcdq/mac/ips2l_mcdq_dcp_buf_v1_8b.vp
I: Verilog-0002: [F:/SocFpga/IP/ddr3_ctrl_v116/rtl/mcdq/mac/ips2l_mcdq_dcp_buf_v1_8b.vp(line number: 332)] Analyzing module ips2l_mcdq_dcp_buf_v1_8b (library work)
Parsing done.
Executing : .rtl_analyze -include_path {F:/SocFpga/project} F:/SocFpga/IP/ddr3_ctrl_v116/rtl/mcdq/mac/ips2l_mcdq_dcp_buf_v1_8b.vp successfully.
Executing : .rtl_analyze -include_path {F:/SocFpga/project} F:/SocFpga/IP/ddr3_ctrl_v116/rtl/mcdq/mac/ips2l_mcdq_dcp_out_v1_6.vp
I: Verilog-0001: Analyzing file F:/SocFpga/IP/ddr3_ctrl_v116/rtl/mcdq/mac/ips2l_mcdq_dcp_out_v1_6.vp
I: Verilog-0002: [F:/SocFpga/IP/ddr3_ctrl_v116/rtl/mcdq/mac/ips2l_mcdq_dcp_out_v1_6.vp(line number: 244)] Analyzing module ips2l_mcdq_dcp_out_v1_6 (library work)
Parsing done.
Executing : .rtl_analyze -include_path {F:/SocFpga/project} F:/SocFpga/IP/ddr3_ctrl_v116/rtl/mcdq/mac/ips2l_mcdq_dcp_out_v1_6.vp successfully.
Executing : .rtl_analyze -include_path {F:/SocFpga/project} F:/SocFpga/IP/ddr3_ctrl_v116/rtl/mcdq/mac/ips2l_mcdq_dcp_top_v1_8b.vp
I: Verilog-0001: Analyzing file F:/SocFpga/IP/ddr3_ctrl_v116/rtl/mcdq/mac/ips2l_mcdq_dcp_top_v1_8b.vp
I: Verilog-0002: [F:/SocFpga/IP/ddr3_ctrl_v116/rtl/mcdq/mac/ips2l_mcdq_dcp_top_v1_8b.vp(line number: 363)] Analyzing module ips2l_mcdq_dcp_top_v1_8b (library work)
Parsing done.
Executing : .rtl_analyze -include_path {F:/SocFpga/project} F:/SocFpga/IP/ddr3_ctrl_v116/rtl/mcdq/mac/ips2l_mcdq_dcp_top_v1_8b.vp successfully.
Executing : .rtl_analyze -include_path {F:/SocFpga/project} F:/SocFpga/IP/ddr3_ctrl_v116/rtl/mcdq/mac/ips2l_mcdq_dfi_v1_7a.vp
I: Verilog-0001: Analyzing file F:/SocFpga/IP/ddr3_ctrl_v116/rtl/mcdq/mac/ips2l_mcdq_dfi_v1_7a.vp
I: Verilog-0002: [F:/SocFpga/IP/ddr3_ctrl_v116/rtl/mcdq/mac/ips2l_mcdq_dfi_v1_7a.vp(line number: 740)] Analyzing module ips2l_mcdq_dfi_v1_7a (library work)
Parsing done.
Executing : .rtl_analyze -include_path {F:/SocFpga/project} F:/SocFpga/IP/ddr3_ctrl_v116/rtl/mcdq/mac/ips2l_mcdq_dfi_v1_7a.vp successfully.
Executing : .rtl_analyze -include_path {F:/SocFpga/project} F:/SocFpga/IP/ddr3_ctrl_v116/rtl/mcdq/mac/ips2l_mcdq_lp_v1_5.vp
I: Verilog-0001: Analyzing file F:/SocFpga/IP/ddr3_ctrl_v116/rtl/mcdq/mac/ips2l_mcdq_lp_v1_5.vp
I: Verilog-0002: [F:/SocFpga/IP/ddr3_ctrl_v116/rtl/mcdq/mac/ips2l_mcdq_lp_v1_5.vp(line number: 349)] Analyzing module ips2l_mcdq_lp_v1_5 (library work)
Parsing done.
Executing : .rtl_analyze -include_path {F:/SocFpga/project} F:/SocFpga/IP/ddr3_ctrl_v116/rtl/mcdq/mac/ips2l_mcdq_lp_v1_5.vp successfully.
Executing : .rtl_analyze -include_path {F:/SocFpga/project} F:/SocFpga/IP/ddr3_ctrl_v116/rtl/mcdq/mac/ips2l_mcdq_mac_top_v1_8b.vp
I: Verilog-0001: Analyzing file F:/SocFpga/IP/ddr3_ctrl_v116/rtl/mcdq/mac/ips2l_mcdq_mac_top_v1_8b.vp
I: Verilog-0002: [F:/SocFpga/IP/ddr3_ctrl_v116/rtl/mcdq/mac/ips2l_mcdq_mac_top_v1_8b.vp(line number: 668)] Analyzing module ips2l_mcdq_mac_top_v1_8b (library work)
Parsing done.
Executing : .rtl_analyze -include_path {F:/SocFpga/project} F:/SocFpga/IP/ddr3_ctrl_v116/rtl/mcdq/mac/ips2l_mcdq_mac_top_v1_8b.vp successfully.
Executing : .rtl_analyze -include_path {F:/SocFpga/project} F:/SocFpga/IP/ddr3_ctrl_v116/rtl/mcdq/mac/ips2l_mcdq_mpr_v1_5.vp
I: Verilog-0001: Analyzing file F:/SocFpga/IP/ddr3_ctrl_v116/rtl/mcdq/mac/ips2l_mcdq_mpr_v1_5.vp
I: Verilog-0002: [F:/SocFpga/IP/ddr3_ctrl_v116/rtl/mcdq/mac/ips2l_mcdq_mpr_v1_5.vp(line number: 348)] Analyzing module ips2l_mcdq_mpr_v1_5 (library work)
Parsing done.
Executing : .rtl_analyze -include_path {F:/SocFpga/project} F:/SocFpga/IP/ddr3_ctrl_v116/rtl/mcdq/mac/ips2l_mcdq_mpr_v1_5.vp successfully.
Executing : .rtl_analyze -include_path {F:/SocFpga/project} F:/SocFpga/IP/ddr3_ctrl_v116/rtl/mcdq/mac/ips2l_mcdq_mrs_v1_5.vp
I: Verilog-0001: Analyzing file F:/SocFpga/IP/ddr3_ctrl_v116/rtl/mcdq/mac/ips2l_mcdq_mrs_v1_5.vp
I: Verilog-0002: [F:/SocFpga/IP/ddr3_ctrl_v116/rtl/mcdq/mac/ips2l_mcdq_mrs_v1_5.vp(line number: 390)] Analyzing module ips2l_mcdq_mrs_v1_5 (library work)
Parsing done.
Executing : .rtl_analyze -include_path {F:/SocFpga/project} F:/SocFpga/IP/ddr3_ctrl_v116/rtl/mcdq/mac/ips2l_mcdq_mrs_v1_5.vp successfully.
Executing : .rtl_analyze -include_path {F:/SocFpga/project} F:/SocFpga/IP/ddr3_ctrl_v116/rtl/mcdq/mac/ips2l_mcdq_prefetch_fifo_v1_5.vp
I: Verilog-0001: Analyzing file F:/SocFpga/IP/ddr3_ctrl_v116/rtl/mcdq/mac/ips2l_mcdq_prefetch_fifo_v1_5.vp
I: Verilog-0002: [F:/SocFpga/IP/ddr3_ctrl_v116/rtl/mcdq/mac/ips2l_mcdq_prefetch_fifo_v1_5.vp(line number: 129)] Analyzing module ips2l_mcdq_prefetch_fifo_v1_5 (library work)
Parsing done.
Executing : .rtl_analyze -include_path {F:/SocFpga/project} F:/SocFpga/IP/ddr3_ctrl_v116/rtl/mcdq/mac/ips2l_mcdq_prefetch_fifo_v1_5.vp successfully.
Executing : .rtl_analyze -include_path {F:/SocFpga/project} F:/SocFpga/IP/ddr3_ctrl_v116/rtl/mcdq/mac/ips2l_mcdq_rdatapath_v1_6.vp
I: Verilog-0001: Analyzing file F:/SocFpga/IP/ddr3_ctrl_v116/rtl/mcdq/mac/ips2l_mcdq_rdatapath_v1_6.vp
I: Verilog-0002: [F:/SocFpga/IP/ddr3_ctrl_v116/rtl/mcdq/mac/ips2l_mcdq_rdatapath_v1_6.vp(line number: 117)] Analyzing module ips2l_mcdq_rdatapath_v1_6 (library work)
Parsing done.
Executing : .rtl_analyze -include_path {F:/SocFpga/project} F:/SocFpga/IP/ddr3_ctrl_v116/rtl/mcdq/mac/ips2l_mcdq_rdatapath_v1_6.vp successfully.
Executing : .rtl_analyze -include_path {F:/SocFpga/project} F:/SocFpga/IP/ddr3_ctrl_v116/rtl/mcdq/mac/ips2l_mcdq_wdatapath_v1_8.vp
I: Verilog-0001: Analyzing file F:/SocFpga/IP/ddr3_ctrl_v116/rtl/mcdq/mac/ips2l_mcdq_wdatapath_v1_8.vp
I: Verilog-0002: [F:/SocFpga/IP/ddr3_ctrl_v116/rtl/mcdq/mac/ips2l_mcdq_wdatapath_v1_8.vp(line number: 207)] Analyzing module ips2l_mcdq_wdatapath_v1_8 (library work)
Parsing done.
Executing : .rtl_analyze -include_path {F:/SocFpga/project} F:/SocFpga/IP/ddr3_ctrl_v116/rtl/mcdq/mac/ips2l_mcdq_wdatapath_v1_8.vp successfully.
Executing : .rtl_analyze -include_path {F:/SocFpga/project} F:/SocFpga/IP/ddr3_ctrl_v116/rtl/mcdq/mac/ips2l_mcdq_wdp_align_v1_5.vp
I: Verilog-0001: Analyzing file F:/SocFpga/IP/ddr3_ctrl_v116/rtl/mcdq/mac/ips2l_mcdq_wdp_align_v1_5.vp
I: Verilog-0002: [F:/SocFpga/IP/ddr3_ctrl_v116/rtl/mcdq/mac/ips2l_mcdq_wdp_align_v1_5.vp(line number: 174)] Analyzing module ips2l_mcdq_wdp_align_v1_5 (library work)
Parsing done.
Executing : .rtl_analyze -include_path {F:/SocFpga/project} F:/SocFpga/IP/ddr3_ctrl_v116/rtl/mcdq/mac/ips2l_mcdq_wdp_align_v1_5.vp successfully.
Executing : .rtl_analyze -include_path {F:/SocFpga/project} F:/SocFpga/IP/ddr3_ctrl_v116/rtl/mcdq/mac/ips2l_mcdq_wdp_dcp_v1_6.vp
I: Verilog-0001: Analyzing file F:/SocFpga/IP/ddr3_ctrl_v116/rtl/mcdq/mac/ips2l_mcdq_wdp_dcp_v1_6.vp
I: Verilog-0002: [F:/SocFpga/IP/ddr3_ctrl_v116/rtl/mcdq/mac/ips2l_mcdq_wdp_dcp_v1_6.vp(line number: 167)] Analyzing module ips2l_mcdq_wdp_dcp_v1_6 (library work)
Parsing done.
Executing : .rtl_analyze -include_path {F:/SocFpga/project} F:/SocFpga/IP/ddr3_ctrl_v116/rtl/mcdq/mac/ips2l_mcdq_wdp_dcp_v1_6.vp successfully.
Executing : .rtl_analyze -include_path {F:/SocFpga/project} F:/SocFpga/IP/ddr3_ctrl_v116/rtl/mcdq/mac/syn_mod/ips2l_mcdq_com_timing_v1_5.vp
I: Verilog-0001: Analyzing file F:/SocFpga/IP/ddr3_ctrl_v116/rtl/mcdq/mac/syn_mod/ips2l_mcdq_com_timing_v1_5.vp
I: Verilog-0002: [F:/SocFpga/IP/ddr3_ctrl_v116/rtl/mcdq/mac/syn_mod/ips2l_mcdq_com_timing_v1_5.vp(line number: 136)] Analyzing module ips2l_mcdq_com_timing_v1_5 (library work)
Parsing done.
Executing : .rtl_analyze -include_path {F:/SocFpga/project} F:/SocFpga/IP/ddr3_ctrl_v116/rtl/mcdq/mac/syn_mod/ips2l_mcdq_com_timing_v1_5.vp successfully.
Executing : .rtl_analyze -include_path {F:/SocFpga/project} F:/SocFpga/IP/ddr3_ctrl_v116/rtl/mcdq/mac/syn_mod/ips2l_mcdq_tfaw_timing_v1_5.vp
I: Verilog-0001: Analyzing file F:/SocFpga/IP/ddr3_ctrl_v116/rtl/mcdq/mac/syn_mod/ips2l_mcdq_tfaw_timing_v1_5.vp
I: Verilog-0002: [F:/SocFpga/IP/ddr3_ctrl_v116/rtl/mcdq/mac/syn_mod/ips2l_mcdq_tfaw_timing_v1_5.vp(line number: 162)] Analyzing module ips2l_mcdq_tfaw_timing_v1_5 (library work)
Parsing done.
Executing : .rtl_analyze -include_path {F:/SocFpga/project} F:/SocFpga/IP/ddr3_ctrl_v116/rtl/mcdq/mac/syn_mod/ips2l_mcdq_tfaw_timing_v1_5.vp successfully.
Executing : .rtl_analyze -include_path {F:/SocFpga/project} F:/SocFpga/IP/ddr3_ctrl_v116/rtl/mcdq/mac/syn_mod/ips2l_mcdq_tfaw_v1_5.vp
I: Verilog-0001: Analyzing file F:/SocFpga/IP/ddr3_ctrl_v116/rtl/mcdq/mac/syn_mod/ips2l_mcdq_tfaw_v1_5.vp
I: Verilog-0002: [F:/SocFpga/IP/ddr3_ctrl_v116/rtl/mcdq/mac/syn_mod/ips2l_mcdq_tfaw_v1_5.vp(line number: 102)] Analyzing module ips2l_mcdq_tfaw_v1_5 (library work)
Parsing done.
Executing : .rtl_analyze -include_path {F:/SocFpga/project} F:/SocFpga/IP/ddr3_ctrl_v116/rtl/mcdq/mac/syn_mod/ips2l_mcdq_tfaw_v1_5.vp successfully.
Executing : .rtl_analyze -include_path {F:/SocFpga/project} F:/SocFpga/IP/ddr3_ctrl_v116/rtl/mcdq/mac/syn_mod/ips2l_mcdq_timing_act_pass_v1_5.vp
I: Verilog-0001: Analyzing file F:/SocFpga/IP/ddr3_ctrl_v116/rtl/mcdq/mac/syn_mod/ips2l_mcdq_timing_act_pass_v1_5.vp
I: Verilog-0002: [F:/SocFpga/IP/ddr3_ctrl_v116/rtl/mcdq/mac/syn_mod/ips2l_mcdq_timing_act_pass_v1_5.vp(line number: 126)] Analyzing module ips2l_mcdq_timing_act_pass_v1_5 (library work)
Parsing done.
Executing : .rtl_analyze -include_path {F:/SocFpga/project} F:/SocFpga/IP/ddr3_ctrl_v116/rtl/mcdq/mac/syn_mod/ips2l_mcdq_timing_act_pass_v1_5.vp successfully.
Executing : .rtl_analyze -include_path {F:/SocFpga/project} F:/SocFpga/IP/ddr3_ctrl_v116/rtl/mcdq/mac/syn_mod/ips2l_mcdq_timing_act2wr_pass_v1_5.vp
I: Verilog-0001: Analyzing file F:/SocFpga/IP/ddr3_ctrl_v116/rtl/mcdq/mac/syn_mod/ips2l_mcdq_timing_act2wr_pass_v1_5.vp
I: Verilog-0002: [F:/SocFpga/IP/ddr3_ctrl_v116/rtl/mcdq/mac/syn_mod/ips2l_mcdq_timing_act2wr_pass_v1_5.vp(line number: 149)] Analyzing module ips2l_mcdq_timing_act2wr_pass_v1_5 (library work)
Parsing done.
Executing : .rtl_analyze -include_path {F:/SocFpga/project} F:/SocFpga/IP/ddr3_ctrl_v116/rtl/mcdq/mac/syn_mod/ips2l_mcdq_timing_act2wr_pass_v1_5.vp successfully.
Executing : .rtl_analyze -include_path {F:/SocFpga/project} F:/SocFpga/IP/ddr3_ctrl_v116/rtl/mcdq/mac/syn_mod/ips2l_mcdq_timing_pre_pass_v1_5.vp
I: Verilog-0001: Analyzing file F:/SocFpga/IP/ddr3_ctrl_v116/rtl/mcdq/mac/syn_mod/ips2l_mcdq_timing_pre_pass_v1_5.vp
I: Verilog-0002: [F:/SocFpga/IP/ddr3_ctrl_v116/rtl/mcdq/mac/syn_mod/ips2l_mcdq_timing_pre_pass_v1_5.vp(line number: 182)] Analyzing module ips2l_mcdq_timing_pre_pass_v1_5 (library work)
Parsing done.
Executing : .rtl_analyze -include_path {F:/SocFpga/project} F:/SocFpga/IP/ddr3_ctrl_v116/rtl/mcdq/mac/syn_mod/ips2l_mcdq_timing_pre_pass_v1_5.vp successfully.
Executing : .rtl_analyze -include_path {F:/SocFpga/project} F:/SocFpga/IP/ddr3_ctrl_v116/rtl/mcdq/mac/syn_mod/ips2l_mcdq_timing_rd_pass_v1_5.vp
I: Verilog-0001: Analyzing file F:/SocFpga/IP/ddr3_ctrl_v116/rtl/mcdq/mac/syn_mod/ips2l_mcdq_timing_rd_pass_v1_5.vp
I: Verilog-0002: [F:/SocFpga/IP/ddr3_ctrl_v116/rtl/mcdq/mac/syn_mod/ips2l_mcdq_timing_rd_pass_v1_5.vp(line number: 162)] Analyzing module ips2l_mcdq_timing_rd_pass_v1_5 (library work)
Parsing done.
Executing : .rtl_analyze -include_path {F:/SocFpga/project} F:/SocFpga/IP/ddr3_ctrl_v116/rtl/mcdq/mac/syn_mod/ips2l_mcdq_timing_rd_pass_v1_5.vp successfully.
Executing : .rtl_analyze -include_path {F:/SocFpga/project} F:/SocFpga/IP/ddr3_ctrl_v116/rtl/mcdq/mac/syn_mod/ips2l_mcdq_timing_ref_pass_v1_5.vp
I: Verilog-0001: Analyzing file F:/SocFpga/IP/ddr3_ctrl_v116/rtl/mcdq/mac/syn_mod/ips2l_mcdq_timing_ref_pass_v1_5.vp
I: Verilog-0002: [F:/SocFpga/IP/ddr3_ctrl_v116/rtl/mcdq/mac/syn_mod/ips2l_mcdq_timing_ref_pass_v1_5.vp(line number: 124)] Analyzing module ips2l_mcdq_timing_ref_pass_v1_5 (library work)
Parsing done.
Executing : .rtl_analyze -include_path {F:/SocFpga/project} F:/SocFpga/IP/ddr3_ctrl_v116/rtl/mcdq/mac/syn_mod/ips2l_mcdq_timing_ref_pass_v1_5.vp successfully.
Executing : .rtl_analyze -include_path {F:/SocFpga/project} F:/SocFpga/IP/ddr3_ctrl_v116/rtl/mcdq/mac/syn_mod/ips2l_mcdq_timing_wr_pass_v1_5.vp
I: Verilog-0001: Analyzing file F:/SocFpga/IP/ddr3_ctrl_v116/rtl/mcdq/mac/syn_mod/ips2l_mcdq_timing_wr_pass_v1_5.vp
I: Verilog-0002: [F:/SocFpga/IP/ddr3_ctrl_v116/rtl/mcdq/mac/syn_mod/ips2l_mcdq_timing_wr_pass_v1_5.vp(line number: 161)] Analyzing module ips2l_mcdq_timing_wr_pass_v1_5 (library work)
Parsing done.
Executing : .rtl_analyze -include_path {F:/SocFpga/project} F:/SocFpga/IP/ddr3_ctrl_v116/rtl/mcdq/mac/syn_mod/ips2l_mcdq_timing_wr_pass_v1_5.vp successfully.
Executing : .rtl_analyze -include_path {F:/SocFpga/project} F:/SocFpga/IP/ddr3_ctrl_v116/rtl/mcdq/mac/syn_mod/ips2l_mcdq_trc_timing_v1_5.vp
I: Verilog-0001: Analyzing file F:/SocFpga/IP/ddr3_ctrl_v116/rtl/mcdq/mac/syn_mod/ips2l_mcdq_trc_timing_v1_5.vp
I: Verilog-0002: [F:/SocFpga/IP/ddr3_ctrl_v116/rtl/mcdq/mac/syn_mod/ips2l_mcdq_trc_timing_v1_5.vp(line number: 183)] Analyzing module ips2l_mcdq_trc_timing_v1_5 (library work)
Parsing done.
Executing : .rtl_analyze -include_path {F:/SocFpga/project} F:/SocFpga/IP/ddr3_ctrl_v116/rtl/mcdq/mac/syn_mod/ips2l_mcdq_trc_timing_v1_5.vp successfully.
Executing : .rtl_analyze -include_path {F:/SocFpga/project} F:/SocFpga/IP/ddr3_ctrl_v116/ddr3_ctrl_v116.v
I: Verilog-0001: Analyzing file F:/SocFpga/IP/ddr3_ctrl_v116/ddr3_ctrl_v116.v
I: Found Verilog include file F:/SocFpga/IP/ddr3_ctrl_v116/define.vh
I: Verilog-0002: [F:/SocFpga/IP/ddr3_ctrl_v116/ddr3_ctrl_v116.v(line number: 13)] Analyzing module ddr3_ctrl_v116 (library work)
Parsing done.
Executing : .rtl_analyze -include_path {F:/SocFpga/project} F:/SocFpga/IP/ddr3_ctrl_v116/ddr3_ctrl_v116.v successfully.
Executing : .rtl_analyze -include_path {F:/SocFpga/project} F:/SocFpga/IP/ddr3_ctrl_v116/ddr3_ctrl_v116_ddrphy_top.v
I: Verilog-0001: Analyzing file F:/SocFpga/IP/ddr3_ctrl_v116/ddr3_ctrl_v116_ddrphy_top.v
I: Found Verilog include file F:/SocFpga/IP/ddr3_ctrl_v116/define.vh
W: Public-4030: File 'F:/SocFpga/IP/ddr3_ctrl_v116/define.vh' has been added. It is skipped.
I: Verilog-0002: [F:/SocFpga/IP/ddr3_ctrl_v116/ddr3_ctrl_v116_ddrphy_top.v(line number: 13)] Analyzing module ddr3_ctrl_v116_ddrphy_top (library work)
Parsing done.
Executing : .rtl_analyze -include_path {F:/SocFpga/project} F:/SocFpga/IP/ddr3_ctrl_v116/ddr3_ctrl_v116_ddrphy_top.v successfully.
Executing : .rtl_analyze -include_path {F:/SocFpga/project} F:/SocFpga/IP/ddr3_ctrl_v116/rtl/mcdq/ips2l_mcdq_wrapper_v1_9.vp
I: Verilog-0001: Analyzing file F:/SocFpga/IP/ddr3_ctrl_v116/rtl/mcdq/ips2l_mcdq_wrapper_v1_9.vp
I: Found Verilog include file F:/SocFpga/IP/ddr3_ctrl_v116/define.vh
W: Public-4030: File 'F:/SocFpga/IP/ddr3_ctrl_v116/define.vh' has been added. It is skipped.
I: Verilog-0002: [F:/SocFpga/IP/ddr3_ctrl_v116/rtl/mcdq/ips2l_mcdq_wrapper_v1_9.vp(line number: 432)] Analyzing module ips2l_mcdq_wrapper_v1_9 (library work)
Parsing done.
Executing : .rtl_analyze -include_path {F:/SocFpga/project} F:/SocFpga/IP/ddr3_ctrl_v116/rtl/mcdq/ips2l_mcdq_wrapper_v1_9.vp successfully.
Executing : .rtl_analyze -include_path {F:/SocFpga/project} F:/SocFpga/IP/ddr3_ctrl_v116/rtl/ddrphy/ips2l_ddrphy_slice_top_v1_16.vp
I: Verilog-0001: Analyzing file F:/SocFpga/IP/ddr3_ctrl_v116/rtl/ddrphy/ips2l_ddrphy_slice_top_v1_16.vp
I: Found Verilog include file F:/SocFpga/IP/ddr3_ctrl_v116/define.vh
W: Public-4030: File 'F:/SocFpga/IP/ddr3_ctrl_v116/define.vh' has been added. It is skipped.
I: Verilog-0002: [F:/SocFpga/IP/ddr3_ctrl_v116/rtl/ddrphy/ips2l_ddrphy_slice_top_v1_16.vp(line number: 1381)] Analyzing module ips2l_ddrphy_slice_top_v1_16 (library work)
I: Found Verilog include file F:/SocFpga/IP/ddr3_ctrl_v116/rtl/ddrphy/localparam.vh
Parsing done.
Executing : .rtl_analyze -include_path {F:/SocFpga/project} F:/SocFpga/IP/ddr3_ctrl_v116/rtl/ddrphy/ips2l_ddrphy_slice_top_v1_16.vp successfully.
Executing : .rtl_analyze -include_path {F:/SocFpga/project} F:/SocFpga/IP/TagvRAM/rtl/ipm2l_spram_v1_8_TagvRAM.v
I: Verilog-0001: Analyzing file F:/SocFpga/IP/TagvRAM/rtl/ipm2l_spram_v1_8_TagvRAM.v
I: Verilog-0002: [F:/SocFpga/IP/TagvRAM/rtl/ipm2l_spram_v1_8_TagvRAM.v(line number: 17)] Analyzing module ipm2l_spram_v1_8_TagvRAM (library work)
W: Verilog-2008: [F:/SocFpga/IP/TagvRAM/rtl/ipm2l_spram_v1_8_TagvRAM.v(line number: 122)] Ignore 'system task' $display
W: Verilog-2008: [F:/SocFpga/IP/TagvRAM/rtl/ipm2l_spram_v1_8_TagvRAM.v(line number: 126)] Ignore 'system task' $display
W: Verilog-2008: [F:/SocFpga/IP/TagvRAM/rtl/ipm2l_spram_v1_8_TagvRAM.v(line number: 134)] Ignore 'system task' $display
W: Verilog-2008: [F:/SocFpga/IP/TagvRAM/rtl/ipm2l_spram_v1_8_TagvRAM.v(line number: 135)] Ignore 'system task' $finish
W: Verilog-2008: [F:/SocFpga/IP/TagvRAM/rtl/ipm2l_spram_v1_8_TagvRAM.v(line number: 138)] Ignore 'system task' $display
W: Verilog-2008: [F:/SocFpga/IP/TagvRAM/rtl/ipm2l_spram_v1_8_TagvRAM.v(line number: 139)] Ignore 'system task' $finish
W: Verilog-2008: [F:/SocFpga/IP/TagvRAM/rtl/ipm2l_spram_v1_8_TagvRAM.v(line number: 142)] Ignore 'system task' $display
W: Verilog-2008: [F:/SocFpga/IP/TagvRAM/rtl/ipm2l_spram_v1_8_TagvRAM.v(line number: 143)] Ignore 'system task' $finish
W: Verilog-2008: [F:/SocFpga/IP/TagvRAM/rtl/ipm2l_spram_v1_8_TagvRAM.v(line number: 146)] Ignore 'system task' $display
W: Verilog-2008: [F:/SocFpga/IP/TagvRAM/rtl/ipm2l_spram_v1_8_TagvRAM.v(line number: 147)] Ignore 'system task' $finish
W: Verilog-2008: [F:/SocFpga/IP/TagvRAM/rtl/ipm2l_spram_v1_8_TagvRAM.v(line number: 150)] Ignore 'system task' $display
W: Verilog-2008: [F:/SocFpga/IP/TagvRAM/rtl/ipm2l_spram_v1_8_TagvRAM.v(line number: 151)] Ignore 'system task' $finish
W: Verilog-2008: [F:/SocFpga/IP/TagvRAM/rtl/ipm2l_spram_v1_8_TagvRAM.v(line number: 154)] Ignore 'system task' $display
W: Verilog-2008: [F:/SocFpga/IP/TagvRAM/rtl/ipm2l_spram_v1_8_TagvRAM.v(line number: 155)] Ignore 'system task' $finish
W: Verilog-2008: [F:/SocFpga/IP/TagvRAM/rtl/ipm2l_spram_v1_8_TagvRAM.v(line number: 158)] Ignore 'system task' $display
W: Verilog-2008: [F:/SocFpga/IP/TagvRAM/rtl/ipm2l_spram_v1_8_TagvRAM.v(line number: 159)] Ignore 'system task' $finish
W: Verilog-2008: [F:/SocFpga/IP/TagvRAM/rtl/ipm2l_spram_v1_8_TagvRAM.v(line number: 162)] Ignore 'system task' $display
W: Verilog-2008: [F:/SocFpga/IP/TagvRAM/rtl/ipm2l_spram_v1_8_TagvRAM.v(line number: 163)] Ignore 'system task' $finish
W: Verilog-2008: [F:/SocFpga/IP/TagvRAM/rtl/ipm2l_spram_v1_8_TagvRAM.v(line number: 166)] Ignore 'system task' $display
W: Verilog-2008: [F:/SocFpga/IP/TagvRAM/rtl/ipm2l_spram_v1_8_TagvRAM.v(line number: 167)] Ignore 'system task' $finish
W: Verilog-2008: [F:/SocFpga/IP/TagvRAM/rtl/ipm2l_spram_v1_8_TagvRAM.v(line number: 170)] Ignore 'system task' $display
W: Verilog-2008: [F:/SocFpga/IP/TagvRAM/rtl/ipm2l_spram_v1_8_TagvRAM.v(line number: 171)] Ignore 'system task' $finish
W: Verilog-2008: [F:/SocFpga/IP/TagvRAM/rtl/ipm2l_spram_v1_8_TagvRAM.v(line number: 174)] Ignore 'system task' $display
W: Verilog-2008: [F:/SocFpga/IP/TagvRAM/rtl/ipm2l_spram_v1_8_TagvRAM.v(line number: 175)] Ignore 'system task' $finish
W: Verilog-2008: [F:/SocFpga/IP/TagvRAM/rtl/ipm2l_spram_v1_8_TagvRAM.v(line number: 178)] Ignore 'system task' $display
W: Verilog-2008: [F:/SocFpga/IP/TagvRAM/rtl/ipm2l_spram_v1_8_TagvRAM.v(line number: 179)] Ignore 'system task' $finish
W: Verilog-2008: [F:/SocFpga/IP/TagvRAM/rtl/ipm2l_spram_v1_8_TagvRAM.v(line number: 183)] Ignore 'system task' $display
W: Verilog-2008: [F:/SocFpga/IP/TagvRAM/rtl/ipm2l_spram_v1_8_TagvRAM.v(line number: 184)] Ignore 'system task' $finish
W: Verilog-2008: [F:/SocFpga/IP/TagvRAM/rtl/ipm2l_spram_v1_8_TagvRAM.v(line number: 187)] Ignore 'system task' $display
W: Verilog-2008: [F:/SocFpga/IP/TagvRAM/rtl/ipm2l_spram_v1_8_TagvRAM.v(line number: 188)] Ignore 'system task' $finish
W: Verilog-2008: [F:/SocFpga/IP/TagvRAM/rtl/ipm2l_spram_v1_8_TagvRAM.v(line number: 192)] Ignore 'system task' $display
W: Verilog-2008: [F:/SocFpga/IP/TagvRAM/rtl/ipm2l_spram_v1_8_TagvRAM.v(line number: 193)] Ignore 'system task' $finish
W: Verilog-2008: [F:/SocFpga/IP/TagvRAM/rtl/ipm2l_spram_v1_8_TagvRAM.v(line number: 196)] Ignore 'system task' $display
W: Verilog-2008: [F:/SocFpga/IP/TagvRAM/rtl/ipm2l_spram_v1_8_TagvRAM.v(line number: 197)] Ignore 'system task' $finish
Parsing done.
Executing : .rtl_analyze -include_path {F:/SocFpga/project} F:/SocFpga/IP/TagvRAM/rtl/ipm2l_spram_v1_8_TagvRAM.v successfully.
Executing : .rtl_analyze -include_path {F:/SocFpga/project} F:/SocFpga/IP/TagvRAM/TagvRAM.v
I: Verilog-0001: Analyzing file F:/SocFpga/IP/TagvRAM/TagvRAM.v
I: Verilog-0002: [F:/SocFpga/IP/TagvRAM/TagvRAM.v(line number: 16)] Analyzing module TagvRAM (library work)
Parsing done.
Executing : .rtl_analyze -include_path {F:/SocFpga/project} F:/SocFpga/IP/TagvRAM/TagvRAM.v successfully.
I: Module "Hfpga_soc" is set as top module.
Executing : rtl-analyze successfully. Time elapsed: 2.540s wall, 0.203s user + 0.016s system = 0.219s CPU (8.6%)

Start rtl-elaborate.
I: Verilog-0003: [F:/SocFpga/soc/Hfpga_soc.v(line number: 21)] Elaborating module Hfpga_soc
I: Module instance {Hfpga_soc} parameter value:
    MEM_FILE = 
    DDR_BASE = 32'b10000000000000000000000000000000
    DDR_BYTES = 32'b01000000000000000000000000000000
    FLASH_BASE = 24'b101000000000000000000000
    BOOT_IMAGE_BYTES = 32'b00000000000000000000000000111000
    SPI_DIV = 32'b00000000000000000000000000000100
    DDR_INIT_TIMEOUT_CYCLES = 32'b00000100001011000001110110000000
    CPU_CACHED_DDR_BASE = 32'b10000000000000000000000000000000
    CPU_CACHED_DDR_BYTES = 32'b00111000000000000000000000000000
    NPU_SHARED_BASE = 32'b10111000000000000000000000000000
    NPU_SHARED_BYTES = 32'b00001000000000000000000000000000
    MMIO_BASE = 32'b01000000000000000000000000000000
    MMIO_BYTES = 32'b00000000000000000001000000000000
    NPU_MMIO_BASE = 32'b01000000000000000000000100000000
    NPU_MMIO_BYTES = 32'b00000000000000000000000100000000
    UART0_BASE = 32'b01000000000000000000000000000000
    UART0_BYTES = 32'b00000000000000000000000100000000
    LED_ADDR = 32'b01000000000000000000001000000000
    FPIOA_BASE = 32'b01000000000000000000111100000000
    FPIOA_BYTES = 32'b00000000000000000000000100000000
I: Verilog-0004: [F:/SocFpga/soc/Hfpga_soc.v(line number: 222)] Elaborating instance u_ddr_refclk_buf
I: Verilog-0004: [F:/SocFpga/soc/Hfpga_soc.v(line number: 228)] Elaborating instance u_pll
I: Verilog-0003: [F:/SocFpga/IP/clk_pll/clk_pll.v(line number: 18)] Elaborating module clk_pll
I: Verilog-0004: [F:/SocFpga/IP/clk_pll/clk_pll.v(line number: 300)] Elaborating instance u_gpll
I: Verilog-0004: [F:/SocFpga/soc/Hfpga_soc.v(line number: 278)] Elaborating instance u_cpu
I: Verilog-0003: [F:/SocFpga/cpu/Htop.v(line number: 3)] Elaborating module Htop
I: Module instance {Hfpga_soc/u_cpu} parameter value:
    RESET_PC = 32'b10000000000000000000000000000000
    DDR_BASE = 32'b10000000000000000000000000000000
    DDR_BYTES = 32'b01000000000000000000000000000000
    DCACHEABLE_DDR_BASE = 32'b10000000000000000000000000000000
    DCACHEABLE_DDR_BYTES = 32'b00111000000000000000000000000000
I: Verilog-0004: [F:/SocFpga/cpu/Htop.v(line number: 229)] Elaborating instance u_ifu
I: Verilog-0003: [F:/SocFpga/cpu/Hifu.v(line number: 3)] Elaborating module Hifu
I: Module instance {Hfpga_soc/u_cpu/u_ifu} parameter value:
    RESET_PC = 32'b10000000000000000000000000000000
I: Verilog-0004: [F:/SocFpga/cpu/Htop.v(line number: 254)] Elaborating instance u_icache
I: Verilog-0003: [F:/SocFpga/cpu/icache.v(line number: 3)] Elaborating module icache
I: Module instance {Hfpga_soc/u_cpu/u_icache} parameter value:
    DDR_BASE = 32'b10000000000000000000000000000000
    DDR_BYTES = 32'b01000000000000000000000000000000
I: Verilog-0004: [F:/SocFpga/cpu/icache.v(line number: 212)] Elaborating instance dec_rand_way
I: Verilog-0003: [F:/SocFpga/cpu/cache_util.v(line number: 4)] Elaborating module decoder_2_4
I: Verilog-0004: [F:/SocFpga/cpu/icache.v(line number: 214)] Elaborating instance sel_one_invalid
I: Verilog-0003: [F:/SocFpga/cpu/cache_util.v(line number: 14)] Elaborating module one_valid_n
I: Module instance {Hfpga_soc/u_cpu/u_icache/sel_one_invalid} parameter value:
    N = 32'b00000000000000000000000000000010
I: Verilog-0004: [F:/SocFpga/cpu/icache.v(line number: 285)] Elaborating instance u
I: Verilog-0003: [F:/SocFpga/cpu/cache_bram.v(line number: 28)] Elaborating module data_bank_sram
I: Verilog-0004: [F:/SocFpga/cpu/cache_bram.v(line number: 36)] Elaborating instance u_ram
I: Verilog-0003: [F:/SocFpga/IP/DataRAM/DataRAM.v(line number: 16)] Elaborating module DataRAM
I: Verilog-0004: [F:/SocFpga/IP/DataRAM/DataRAM.v(line number: 125)] Elaborating instance U_ipml_spram_DataRAM
I: Verilog-0003: [F:/SocFpga/IP/DataRAM/rtl/ipm2l_spram_v1_8_DataRAM.v(line number: 17)] Elaborating module ipm2l_spram_v1_8_DataRAM
I: Module instance {Hfpga_soc/u_cpu/u_icache/data_ram_way[0].data_ram_bank[0].u/u_ram/U_ipml_spram_DataRAM} parameter value:
    c_CAS_MODE = 18K
    c_ADDR_WIDTH = 32'b00000000000000000000000000001000
    c_DATA_WIDTH = 32'b00000000000000000000000000100000
    c_OUTPUT_REG = 32'b00000000000000000000000000000000
    c_RD_OCE_EN = 32'b00000000000000000000000000000000
    c_FAB_REG = 32'b00000000000000000000000000000000
    c_CLK_EN = 32'b00000000000000000000000000000000
    c_ADDR_STROBE_EN = 32'b00000000000000000000000000000000
    c_RESET_TYPE = ASYNC
    c_POWER_OPT = 32'b00000000000000000000000000000000
    c_CLK_OR_POL_INV = 32'b00000000000000000000000000000000
    c_INIT_FILE = NONE
    c_INIT_FORMAT = BIN
    c_WR_BYTE_EN = 32'b00000000000000000000000000000001
    c_BE_WIDTH = 32'b00000000000000000000000000000100
    c_RAM_MODE = SINGLE_PORT
    c_WRITE_MODE = NORMAL_WRITE
W: [F:/SocFpga/IP/DataRAM/rtl/ipm2l_spram_v1_8_DataRAM.v(line number: 123)] IPSpecCheck: 04030200 ipm2l_flex_spram parameter setting error !!!: c_ADDR_WIDTH must between 9-20 when DRM Resource is 18K (module instance : Hfpga_soc/u_cpu/u_icache/data_ram_way[0].data_ram_bank[0].u/u_ram/U_ipml_spram_DataRAM)
W: Verilog-2039: [F:/SocFpga/IP/DataRAM/rtl/ipm2l_spram_v1_8_DataRAM.v(line number: 234)] Repeat multiplier in concatenation evaluates to 0
W: Verilog-2039: [F:/SocFpga/IP/DataRAM/rtl/ipm2l_spram_v1_8_DataRAM.v(line number: 238)] Repeat multiplier in concatenation evaluates to 0
W: Verilog-2038: [F:/SocFpga/IP/DataRAM/rtl/ipm2l_spram_v1_8_DataRAM.v(line number: 246)] Case condition never applies
W: Verilog-2038: [F:/SocFpga/IP/DataRAM/rtl/ipm2l_spram_v1_8_DataRAM.v(line number: 250)] Case condition never applies
W: Verilog-2038: [F:/SocFpga/IP/DataRAM/rtl/ipm2l_spram_v1_8_DataRAM.v(line number: 254)] Case condition never applies
W: Verilog-2038: [F:/SocFpga/IP/DataRAM/rtl/ipm2l_spram_v1_8_DataRAM.v(line number: 258)] Case condition never applies
W: Verilog-2038: [F:/SocFpga/IP/DataRAM/rtl/ipm2l_spram_v1_8_DataRAM.v(line number: 258)] Case condition never applies
W: Verilog-2038: [F:/SocFpga/IP/DataRAM/rtl/ipm2l_spram_v1_8_DataRAM.v(line number: 262)] Case condition never applies
W: Verilog-2038: [F:/SocFpga/IP/DataRAM/rtl/ipm2l_spram_v1_8_DataRAM.v(line number: 262)] Case condition never applies
I: Verilog-0004: [F:/SocFpga/IP/DataRAM/rtl/ipm2l_spram_v1_8_DataRAM.v(line number: 512)] Elaborating instance U_GTP_DRM18K
W: Verilog-2020: [F:/SocFpga/IP/DataRAM/rtl/ipm2l_spram_v1_8_DataRAM.v(line number: 388)] Net DA_bus[8] in ipm2l_spram_v1_8_DataRAM(original module ipm2l_spram_v1_8_DataRAM) does not have a driver, tie it to 0
W: Verilog-2020: [F:/SocFpga/IP/DataRAM/rtl/ipm2l_spram_v1_8_DataRAM.v(line number: 388)] Net DA_bus[17] in ipm2l_spram_v1_8_DataRAM(original module ipm2l_spram_v1_8_DataRAM) does not have a driver, tie it to 0
W: Verilog-2020: [F:/SocFpga/IP/DataRAM/rtl/ipm2l_spram_v1_8_DataRAM.v(line number: 389)] Net DB_bus[8] in ipm2l_spram_v1_8_DataRAM(original module ipm2l_spram_v1_8_DataRAM) does not have a driver, tie it to 0
W: Verilog-2020: [F:/SocFpga/IP/DataRAM/rtl/ipm2l_spram_v1_8_DataRAM.v(line number: 389)] Net DB_bus[17] in ipm2l_spram_v1_8_DataRAM(original module ipm2l_spram_v1_8_DataRAM) does not have a driver, tie it to 0
I: Verilog-0004: [F:/SocFpga/cpu/icache.v(line number: 285)] Elaborating instance u
I: Verilog-0003: [F:/SocFpga/cpu/cache_bram.v(line number: 28)] Elaborating module data_bank_sram
I: Verilog-0004: [F:/SocFpga/cpu/icache.v(line number: 285)] Elaborating instance u
I: Verilog-0003: [F:/SocFpga/cpu/cache_bram.v(line number: 28)] Elaborating module data_bank_sram
I: Verilog-0004: [F:/SocFpga/cpu/icache.v(line number: 285)] Elaborating instance u
I: Verilog-0003: [F:/SocFpga/cpu/cache_bram.v(line number: 28)] Elaborating module data_bank_sram
I: Verilog-0004: [F:/SocFpga/cpu/icache.v(line number: 285)] Elaborating instance u
I: Verilog-0003: [F:/SocFpga/cpu/cache_bram.v(line number: 28)] Elaborating module data_bank_sram
I: Verilog-0004: [F:/SocFpga/cpu/icache.v(line number: 285)] Elaborating instance u
I: Verilog-0003: [F:/SocFpga/cpu/cache_bram.v(line number: 28)] Elaborating module data_bank_sram
I: Verilog-0004: [F:/SocFpga/cpu/icache.v(line number: 285)] Elaborating instance u
I: Verilog-0003: [F:/SocFpga/cpu/cache_bram.v(line number: 28)] Elaborating module data_bank_sram
I: Verilog-0004: [F:/SocFpga/cpu/icache.v(line number: 285)] Elaborating instance u
I: Verilog-0003: [F:/SocFpga/cpu/cache_bram.v(line number: 28)] Elaborating module data_bank_sram
I: Verilog-0004: [F:/SocFpga/cpu/icache.v(line number: 299)] Elaborating instance u
I: Verilog-0003: [F:/SocFpga/cpu/cache_bram.v(line number: 48)] Elaborating module tagv_sram
I: Verilog-0004: [F:/SocFpga/cpu/cache_bram.v(line number: 56)] Elaborating instance u_ram
I: Verilog-0003: [F:/SocFpga/IP/TagvRAM/TagvRAM.v(line number: 16)] Elaborating module TagvRAM
I: Verilog-0004: [F:/SocFpga/IP/TagvRAM/TagvRAM.v(line number: 121)] Elaborating instance U_ipml_spram_TagvRAM
I: Verilog-0003: [F:/SocFpga/IP/TagvRAM/rtl/ipm2l_spram_v1_8_TagvRAM.v(line number: 17)] Elaborating module ipm2l_spram_v1_8_TagvRAM
I: Module instance {Hfpga_soc/u_cpu/u_icache/tagv_ram_way[0].u/u_ram/U_ipml_spram_TagvRAM} parameter value:
    c_CAS_MODE = 18K
    c_ADDR_WIDTH = 32'b00000000000000000000000000001000
    c_DATA_WIDTH = 32'b00000000000000000000000000010101
    c_OUTPUT_REG = 32'b00000000000000000000000000000000
    c_RD_OCE_EN = 32'b00000000000000000000000000000000
    c_FAB_REG = 32'b00000000000000000000000000000000
    c_CLK_EN = 32'b00000000000000000000000000000000
    c_ADDR_STROBE_EN = 32'b00000000000000000000000000000000
    c_RESET_TYPE = ASYNC
    c_POWER_OPT = 32'b00000000000000000000000000000000
    c_CLK_OR_POL_INV = 32'b00000000000000000000000000000000
    c_INIT_FILE = NONE
    c_INIT_FORMAT = BIN
    c_WR_BYTE_EN = 32'b00000000000000000000000000000000
    c_BE_WIDTH = 32'b00000000000000000000000000000001
    c_RAM_MODE = SINGLE_PORT
    c_WRITE_MODE = NORMAL_WRITE
W: [F:/SocFpga/IP/TagvRAM/rtl/ipm2l_spram_v1_8_TagvRAM.v(line number: 122)] IPSpecCheck: 04030200 ipm2l_flex_spram parameter setting error !!!: c_ADDR_WIDTH must between 9-20 when DRM Resource is 18K (module instance : Hfpga_soc/u_cpu/u_icache/tagv_ram_way[0].u/u_ram/U_ipml_spram_TagvRAM)
W: Verilog-2038: [F:/SocFpga/IP/TagvRAM/rtl/ipm2l_spram_v1_8_TagvRAM.v(line number: 245)] Case condition never applies
W: Verilog-2038: [F:/SocFpga/IP/TagvRAM/rtl/ipm2l_spram_v1_8_TagvRAM.v(line number: 249)] Case condition never applies
W: Verilog-2038: [F:/SocFpga/IP/TagvRAM/rtl/ipm2l_spram_v1_8_TagvRAM.v(line number: 253)] Case condition never applies
W: Verilog-2038: [F:/SocFpga/IP/TagvRAM/rtl/ipm2l_spram_v1_8_TagvRAM.v(line number: 257)] Case condition never applies
W: Verilog-2038: [F:/SocFpga/IP/TagvRAM/rtl/ipm2l_spram_v1_8_TagvRAM.v(line number: 257)] Case condition never applies
W: Verilog-2038: [F:/SocFpga/IP/TagvRAM/rtl/ipm2l_spram_v1_8_TagvRAM.v(line number: 261)] Case condition never applies
W: Verilog-2038: [F:/SocFpga/IP/TagvRAM/rtl/ipm2l_spram_v1_8_TagvRAM.v(line number: 261)] Case condition never applies
W: Verilog-2038: [F:/SocFpga/IP/TagvRAM/rtl/ipm2l_spram_v1_8_TagvRAM.v(line number: 265)] Case condition never applies
I: Verilog-0004: [F:/SocFpga/IP/TagvRAM/rtl/ipm2l_spram_v1_8_TagvRAM.v(line number: 508)] Elaborating instance U_GTP_DRM18K
I: Verilog-0004: [F:/SocFpga/cpu/icache.v(line number: 299)] Elaborating instance u
I: Verilog-0003: [F:/SocFpga/cpu/cache_bram.v(line number: 48)] Elaborating module tagv_sram
I: Verilog-0004: [F:/SocFpga/cpu/icache.v(line number: 311)] Elaborating instance u_lfsr
I: Verilog-0003: [F:/SocFpga/cpu/cache_util.v(line number: 33)] Elaborating module lfsr
I: Verilog-0004: [F:/SocFpga/cpu/Htop.v(line number: 285)] Elaborating instance u_btb
I: Verilog-0003: [F:/SocFpga/cpu/Btb.v(line number: 2)] Elaborating module Btb
I: Verilog-0004: [F:/SocFpga/cpu/Htop.v(line number: 306)] Elaborating instance u_idu
I: Verilog-0003: [F:/SocFpga/cpu/Hidu.v(line number: 3)] Elaborating module Hidu
I: Verilog-0004: [F:/SocFpga/cpu/Hidu.v(line number: 238)] Elaborating instance u_rf
I: Verilog-0003: [F:/SocFpga/cpu/HRegFile.v(line number: 3)] Elaborating module HRegFile
I: Verilog-0004: [F:/SocFpga/cpu/Htop.v(line number: 371)] Elaborating instance u_exu
I: Verilog-0003: [F:/SocFpga/cpu/Hexu.v(line number: 3)] Elaborating module Hexu
I: Verilog-0004: [F:/SocFpga/cpu/Hexu.v(line number: 135)] Elaborating instance u_mul
I: Verilog-0003: [F:/SocFpga/cpu/mul.v(line number: 9)] Elaborating module mul
I: Verilog-0004: [F:/SocFpga/cpu/Hexu.v(line number: 161)] Elaborating instance u_div
I: Verilog-0003: [F:/SocFpga/cpu/div.v(line number: 3)] Elaborating module div
I: Verilog-0004: [F:/SocFpga/cpu/Hexu.v(line number: 187)] Elaborating instance u_alu
I: Verilog-0003: [F:/SocFpga/cpu/Halu.v(line number: 2)] Elaborating module Halu
I: Verilog-0004: [F:/SocFpga/cpu/Hexu.v(line number: 215)] Elaborating instance u_csr
I: Verilog-0003: [F:/SocFpga/cpu/Hcsr.v(line number: 4)] Elaborating module Hcsr
I: Verilog-0004: [F:/SocFpga/cpu/Htop.v(line number: 432)] Elaborating instance u_dcache
I: Verilog-0003: [F:/SocFpga/cpu/dcache.v(line number: 3)] Elaborating module dcache
I: Module instance {Hfpga_soc/u_cpu/u_dcache} parameter value:
    CACHEABLE_DDR_BASE = 32'b10000000000000000000000000000000
    CACHEABLE_DDR_BYTES = 32'b00111000000000000000000000000000
I: Verilog-0004: [F:/SocFpga/cpu/dcache.v(line number: 321)] Elaborating instance dec_rand_way
I: Verilog-0003: [F:/SocFpga/cpu/cache_util.v(line number: 4)] Elaborating module decoder_2_4
I: Verilog-0004: [F:/SocFpga/cpu/dcache.v(line number: 324)] Elaborating instance sel_one_invalid
I: Verilog-0003: [F:/SocFpga/cpu/cache_util.v(line number: 14)] Elaborating module one_valid_n
I: Module instance {Hfpga_soc/u_cpu/u_dcache/sel_one_invalid} parameter value:
    N = 32'b00000000000000000000000000000010
I: Verilog-0004: [F:/SocFpga/cpu/dcache.v(line number: 422)] Elaborating instance u
I: Verilog-0003: [F:/SocFpga/cpu/cache_bram.v(line number: 28)] Elaborating module data_bank_sram
I: Verilog-0004: [F:/SocFpga/cpu/dcache.v(line number: 422)] Elaborating instance u
I: Verilog-0003: [F:/SocFpga/cpu/cache_bram.v(line number: 28)] Elaborating module data_bank_sram
I: Verilog-0004: [F:/SocFpga/cpu/dcache.v(line number: 422)] Elaborating instance u
I: Verilog-0003: [F:/SocFpga/cpu/cache_bram.v(line number: 28)] Elaborating module data_bank_sram
I: Verilog-0004: [F:/SocFpga/cpu/dcache.v(line number: 422)] Elaborating instance u
I: Verilog-0003: [F:/SocFpga/cpu/cache_bram.v(line number: 28)] Elaborating module data_bank_sram
I: Verilog-0004: [F:/SocFpga/cpu/dcache.v(line number: 422)] Elaborating instance u
I: Verilog-0003: [F:/SocFpga/cpu/cache_bram.v(line number: 28)] Elaborating module data_bank_sram
I: Verilog-0004: [F:/SocFpga/cpu/dcache.v(line number: 422)] Elaborating instance u
I: Verilog-0003: [F:/SocFpga/cpu/cache_bram.v(line number: 28)] Elaborating module data_bank_sram
I: Verilog-0004: [F:/SocFpga/cpu/dcache.v(line number: 422)] Elaborating instance u
I: Verilog-0003: [F:/SocFpga/cpu/cache_bram.v(line number: 28)] Elaborating module data_bank_sram
I: Verilog-0004: [F:/SocFpga/cpu/dcache.v(line number: 422)] Elaborating instance u
I: Verilog-0003: [F:/SocFpga/cpu/cache_bram.v(line number: 28)] Elaborating module data_bank_sram
I: Verilog-0004: [F:/SocFpga/cpu/dcache.v(line number: 436)] Elaborating instance u
I: Verilog-0003: [F:/SocFpga/cpu/cache_bram.v(line number: 48)] Elaborating module tagv_sram
I: Verilog-0004: [F:/SocFpga/cpu/dcache.v(line number: 436)] Elaborating instance u
I: Verilog-0003: [F:/SocFpga/cpu/cache_bram.v(line number: 48)] Elaborating module tagv_sram
I: Verilog-0004: [F:/SocFpga/cpu/dcache.v(line number: 447)] Elaborating instance u_lfsr
I: Verilog-0003: [F:/SocFpga/cpu/cache_util.v(line number: 33)] Elaborating module lfsr
I: Verilog-0004: [F:/SocFpga/cpu/Htop.v(line number: 463)] Elaborating instance u_memu
I: Verilog-0003: [F:/SocFpga/cpu/Hmemu.v(line number: 4)] Elaborating module Hmemu
I: Verilog-0004: [F:/SocFpga/cpu/Htop.v(line number: 495)] Elaborating instance u_wbu
I: Verilog-0003: [F:/SocFpga/cpu/Hwbu.v(line number: 3)] Elaborating module Hwbu
I: Verilog-0004: [F:/SocFpga/cpu/Htop.v(line number: 518)] Elaborating instance u_axi_bridge
I: Verilog-0003: [F:/SocFpga/cpu/axi_bridge.v(line number: 2)] Elaborating module axi_bridge
I: Verilog-0004: [F:/SocFpga/soc/Hfpga_soc.v(line number: 359)] Elaborating instance u_mem
I: Verilog-0003: [F:/SocFpga/soc/axi_mem_backend.v(line number: 10)] Elaborating module axi_mem_backend
I: Module instance {Hfpga_soc/u_mem} parameter value:
    MMIO_BASE = 32'b01000000000000000000000000000000
    MMIO_BYTES = 32'b00000000000000000001000000000000
    DDR_BASE = 32'b10000000000000000000000000000000
    DDR_BYTES = 32'b01000000000000000000000000000000
I: Verilog-0004: [F:/SocFpga/soc/Hfpga_soc.v(line number: 429)] Elaborating instance GTP_INBUF_inst
I: Verilog-0004: [F:/SocFpga/soc/Hfpga_soc.v(line number: 434)] Elaborating instance u_jtag
I: Verilog-0003: [F:/SocFpga/jtag/jtag_top.v(line number: 3)] Elaborating module jtag_top
I: Verilog-0004: [F:/SocFpga/jtag/jtag_top.v(line number: 72)] Elaborating instance u_jtag_driver
I: Verilog-0003: [F:/SocFpga/jtag/jtag_driver.v(line number: 1)] Elaborating module jtag_driver
I: Module instance {Hfpga_soc/u_jtag/u_jtag_driver} parameter value:
    DMI_ADDR_BITS = 32'b00000000000000000000000000000110
    DMI_DATA_BITS = 32'b00000000000000000000000000100000
    DMI_OP_BITS = 32'b00000000000000000000000000000010
    DM_RESP_BITS = 32'b00000000000000000000000000101000
    DTM_REQ_BITS = 32'b00000000000000000000000000101000
I: Verilog-0004: [F:/SocFpga/jtag/jtag_driver.v(line number: 238)] Elaborating instance tx
I: Verilog-0003: [F:/SocFpga/jtag/full_handshake_tx.v(line number: 7)] Elaborating module full_handshake_tx
I: Module instance {Hfpga_soc/u_jtag/u_jtag_driver/tx} parameter value:
    DW = 32'b00000000000000000000000000101000
I: Verilog-0004: [F:/SocFpga/jtag/jtag_driver.v(line number: 251)] Elaborating instance rx
I: Verilog-0003: [F:/SocFpga/jtag/full_handshake_rx.v(line number: 7)] Elaborating module full_handshake_rx
I: Module instance {Hfpga_soc/u_jtag/u_jtag_driver/rx} parameter value:
    DW = 32'b00000000000000000000000000101000
I: Verilog-0004: [F:/SocFpga/jtag/jtag_top.v(line number: 92)] Elaborating instance u_jtag_dm
I: Verilog-0003: [F:/SocFpga/jtag/jtag_dm.v(line number: 2)] Elaborating module jtag_dm
I: Module instance {Hfpga_soc/u_jtag/u_jtag_dm} parameter value:
    DMI_ADDR_BITS = 32'b00000000000000000000000000000110
    DMI_DATA_BITS = 32'b00000000000000000000000000100000
    DMI_OP_BITS = 32'b00000000000000000000000000000010
    DM_RESP_BITS = 32'b00000000000000000000000000101000
    DTM_REQ_BITS = 32'b00000000000000000000000000101000
I: Verilog-0004: [F:/SocFpga/jtag/jtag_dm.v(line number: 453)] Elaborating instance tx
I: Verilog-0003: [F:/SocFpga/jtag/full_handshake_tx.v(line number: 7)] Elaborating module full_handshake_tx
I: Module instance {Hfpga_soc/u_jtag/u_jtag_dm/tx} parameter value:
    DW = 32'b00000000000000000000000000101000
I: Verilog-0004: [F:/SocFpga/jtag/jtag_dm.v(line number: 466)] Elaborating instance rx
I: Verilog-0003: [F:/SocFpga/jtag/full_handshake_rx.v(line number: 7)] Elaborating module full_handshake_rx
I: Module instance {Hfpga_soc/u_jtag/u_jtag_dm/rx} parameter value:
    DW = 32'b00000000000000000000000000101000
I: Verilog-0004: [F:/SocFpga/soc/Hfpga_soc.v(line number: 474)] Elaborating instance u_npu_ctrl
I: Verilog-0003: [F:/SocFpga/soc/Hnpu_ctrl.v(line number: 10)] Elaborating module Hnpu_ctrl
I: Module instance {Hfpga_soc/u_npu_ctrl} parameter value:
    NPU_MMIO_BASE = 32'b01000000000000000000000100000000
    NPU_MMIO_BYTES = 32'b00000000000000000000000100000000
I: Verilog-0004: [F:/SocFpga/soc/Hfpga_soc.v(line number: 507)] Elaborating instance u_uart0_tx
I: Verilog-0003: [F:/SocFpga/soc/Huart_tx.v(line number: 5)] Elaborating module Huart_tx
I: Module instance {Hfpga_soc/u_uart0_tx} parameter value:
    CLK_HZ = 32'b00000101010111010100101010000000
    BAUD = 32'b00000000000000011100001000000000
I: Verilog-0004: [F:/SocFpga/soc/Hfpga_soc.v(line number: 520)] Elaborating instance u_led
I: Verilog-0003: [F:/SocFpga/soc/Hled.v(line number: 3)] Elaborating module Hled
I: Module instance {Hfpga_soc/u_led} parameter value:
    WIDTH = 32'b00000000000000000000000000000100
I: Verilog-0004: [F:/SocFpga/soc/Hfpga_soc.v(line number: 529)] Elaborating instance u_fpioa
I: Verilog-0003: [F:/SocFpga/soc/Hfpioa_simple.v(line number: 5)] Elaborating module Hfpioa_simple
I: Verilog-0004: [F:/SocFpga/soc/Hfpga_soc.v(line number: 559)] Elaborating instance u_debug_core
I: Verilog-0003: [F:/SocFpga/soc/Debug_core.v(line number: 5)] Elaborating module Debug_core
W: Verilog-2019: [F:/SocFpga/soc/Hfpga_soc.v(line number: 559)] Width mismatch between port ex_pc and signal bound to it for instantiated module Debug_core
W: Verilog-2019: [F:/SocFpga/soc/Hfpga_soc.v(line number: 559)] Width mismatch between port mem_pc and signal bound to it for instantiated module Debug_core
W: Verilog-2019: [F:/SocFpga/soc/Hfpga_soc.v(line number: 559)] Width mismatch between port wb_pc and signal bound to it for instantiated module Debug_core
W: Verilog-2019: [F:/SocFpga/soc/Hfpga_soc.v(line number: 559)] Width mismatch between port if_ins and signal bound to it for instantiated module Debug_core
W: Verilog-2019: [F:/SocFpga/soc/Hfpga_soc.v(line number: 559)] Width mismatch between port ex_ins and signal bound to it for instantiated module Debug_core
W: Verilog-2019: [F:/SocFpga/soc/Hfpga_soc.v(line number: 559)] Width mismatch between port mem_ins and signal bound to it for instantiated module Debug_core
W: Verilog-2019: [F:/SocFpga/soc/Hfpga_soc.v(line number: 559)] Width mismatch between port wb_ins and signal bound to it for instantiated module Debug_core
W: Verilog-2019: [F:/SocFpga/soc/Hfpga_soc.v(line number: 559)] Width mismatch between port dmem_addr and signal bound to it for instantiated module Debug_core
W: Verilog-2019: [F:/SocFpga/soc/Hfpga_soc.v(line number: 559)] Width mismatch between port dmem_wdata and signal bound to it for instantiated module Debug_core
E: Verilog-4072: [F:/SocFpga/soc/Hfpga_soc.v(line number: 599)] flash_ddr_boot is referenced to undefined module
Program Error Out.
Action compile: Real time elapsed is 0h:0m:9s
Action compile: CPU time elapsed is 0h:0m:0s
Action compile: Process CPU time elapsed is 0h:0m:0s
Current time: Sat Sep 26 20:08:27 2026
Action compile: Peak memory pool usage is 148 MB
