#Build: Fabric Compiler 2022.2-SP6.4, Build 146967, Jan 31 01:39 2024
#Install: F:\PDS_2022.2-SP6.4\bin
#Application name: pds.exe
#OS: Windows 10 10.0.22621
#Hostname: ZHAO-Zhenxiang
Generated by Fabric Compiler (version 2022.2-SP6.4 build 146967) at Thu Oct  8 21:49:18 2026
W: Warning : The license will invalid in 26 days. In order to not affect your usage, please update the license in time.

Parse module hierarchy of project 'F:/SocFpga/project/temp_projects/Main_Flow/Main_Flow.pds' (ADS Parser)


Process "Compile" started.
Current time: Thu Oct  8 21:49:44 2026
Compiling architecture definition.
Analyzing project file 'F:/SocFpga/project/project.pds'.
License checkout: fabric_ads from F:\Jichuang-small_eyes\pango_license\new_pds_F4A80DA47D72.lic
Compiling verification operator library.
Loading technology operator library.
Compiling technology operator library.
Compiling technology operator (valence) library.
I: Enable Verilog2k features and keywords
Start rtl-analyze.
Executing : .rtl_analyze -work work -include_path {F:/SocFpga/project} F:/SocFpga/cpu/axi_bridge.v
I: Verilog-0001: Analyzing file F:/SocFpga/cpu/axi_bridge.v
I: Verilog-0002: [F:/SocFpga/cpu/axi_bridge.v(line number: 2)] Analyzing module axi_bridge (library work)
Parsing done.
Executing : .rtl_analyze -work work -include_path {F:/SocFpga/project} F:/SocFpga/cpu/axi_bridge.v successfully.
Executing : .rtl_analyze -work work -include_path {F:/SocFpga/project} F:/SocFpga/cpu/Btb.v
I: Verilog-0001: Analyzing file F:/SocFpga/cpu/Btb.v
I: Verilog-0002: [F:/SocFpga/cpu/Btb.v(line number: 2)] Analyzing module Btb (library work)
Parsing done.
Executing : .rtl_analyze -work work -include_path {F:/SocFpga/project} F:/SocFpga/cpu/Btb.v successfully.
Executing : .rtl_analyze -work work -include_path {F:/SocFpga/project} F:/SocFpga/cpu/cache_bram.v
I: Verilog-0001: Analyzing file F:/SocFpga/cpu/cache_bram.v
I: Verilog-0002: [F:/SocFpga/cpu/cache_bram.v(line number: 28)] Analyzing module data_bank_sram (library work)
I: Verilog-0002: [F:/SocFpga/cpu/cache_bram.v(line number: 48)] Analyzing module tagv_sram (library work)
Parsing done.
Executing : .rtl_analyze -work work -include_path {F:/SocFpga/project} F:/SocFpga/cpu/cache_bram.v successfully.
Executing : .rtl_analyze -work work -include_path {F:/SocFpga/project} F:/SocFpga/cpu/cache_util.v
I: Verilog-0001: Analyzing file F:/SocFpga/cpu/cache_util.v
I: Verilog-0002: [F:/SocFpga/cpu/cache_util.v(line number: 4)] Analyzing module decoder_2_4 (library work)
I: Verilog-0002: [F:/SocFpga/cpu/cache_util.v(line number: 14)] Analyzing module one_valid_n (library work)
I: Verilog-0002: [F:/SocFpga/cpu/cache_util.v(line number: 33)] Analyzing module lfsr (library work)
Parsing done.
Executing : .rtl_analyze -work work -include_path {F:/SocFpga/project} F:/SocFpga/cpu/cache_util.v successfully.
Executing : .rtl_analyze -work work -include_path {F:/SocFpga/project} F:/SocFpga/cpu/cpu_bram_mem.v
I: Verilog-0001: Analyzing file F:/SocFpga/cpu/cpu_bram_mem.v
I: Verilog-0002: [F:/SocFpga/cpu/cpu_bram_mem.v(line number: 8)] Analyzing module cpu_bram_mem (library work)
Parsing done.
Executing : .rtl_analyze -work work -include_path {F:/SocFpga/project} F:/SocFpga/cpu/cpu_bram_mem.v successfully.
Executing : .rtl_analyze -work work -include_path {F:/SocFpga/project} F:/SocFpga/cpu/dcache.v
I: Verilog-0001: Analyzing file F:/SocFpga/cpu/dcache.v
I: Verilog-0002: [F:/SocFpga/cpu/dcache.v(line number: 3)] Analyzing module dcache (library work)
Parsing done.
Executing : .rtl_analyze -work work -include_path {F:/SocFpga/project} F:/SocFpga/cpu/dcache.v successfully.
Executing : .rtl_analyze -work work -include_path {F:/SocFpga/project} F:/SocFpga/cpu/div.v
I: Verilog-0001: Analyzing file F:/SocFpga/cpu/div.v
I: Verilog-0002: [F:/SocFpga/cpu/div.v(line number: 3)] Analyzing module div (library work)
Parsing done.
Executing : .rtl_analyze -work work -include_path {F:/SocFpga/project} F:/SocFpga/cpu/div.v successfully.
Executing : .rtl_analyze -work work -include_path {F:/SocFpga/project} F:/SocFpga/cpu/Halu.v
I: Verilog-0001: Analyzing file F:/SocFpga/cpu/Halu.v
I: Verilog-0002: [F:/SocFpga/cpu/Halu.v(line number: 2)] Analyzing module Halu (library work)
Parsing done.
Executing : .rtl_analyze -work work -include_path {F:/SocFpga/project} F:/SocFpga/cpu/Halu.v successfully.
Executing : .rtl_analyze -work work -include_path {F:/SocFpga/project} F:/SocFpga/cpu/Hcsr.v
I: Verilog-0001: Analyzing file F:/SocFpga/cpu/Hcsr.v
I: Found Verilog include file F:/SocFpga/soc/soc_addr_map.vh
I: Verilog-0002: [F:/SocFpga/cpu/Hcsr.v(line number: 5)] Analyzing module Hcsr (library work)
Parsing done.
Executing : .rtl_analyze -work work -include_path {F:/SocFpga/project} F:/SocFpga/cpu/Hcsr.v successfully.
Executing : .rtl_analyze -work work -include_path {F:/SocFpga/project} F:/SocFpga/cpu/Hexu.v
I: Verilog-0001: Analyzing file F:/SocFpga/cpu/Hexu.v
I: Verilog-0002: [F:/SocFpga/cpu/Hexu.v(line number: 3)] Analyzing module Hexu (library work)
Parsing done.
Executing : .rtl_analyze -work work -include_path {F:/SocFpga/project} F:/SocFpga/cpu/Hexu.v successfully.
Executing : .rtl_analyze -work work -include_path {F:/SocFpga/project} F:/SocFpga/cpu/Hidu.v
I: Verilog-0001: Analyzing file F:/SocFpga/cpu/Hidu.v
I: Verilog-0002: [F:/SocFpga/cpu/Hidu.v(line number: 3)] Analyzing module Hidu (library work)
Parsing done.
Executing : .rtl_analyze -work work -include_path {F:/SocFpga/project} F:/SocFpga/cpu/Hidu.v successfully.
Executing : .rtl_analyze -work work -include_path {F:/SocFpga/project} F:/SocFpga/cpu/Hifu.v
I: Verilog-0001: Analyzing file F:/SocFpga/cpu/Hifu.v
I: Verilog-0002: [F:/SocFpga/cpu/Hifu.v(line number: 3)] Analyzing module Hifu (library work)
Parsing done.
Executing : .rtl_analyze -work work -include_path {F:/SocFpga/project} F:/SocFpga/cpu/Hifu.v successfully.
Executing : .rtl_analyze -work work -include_path {F:/SocFpga/project} F:/SocFpga/cpu/Hmemu.v
I: Verilog-0001: Analyzing file F:/SocFpga/cpu/Hmemu.v
I: Verilog-0002: [F:/SocFpga/cpu/Hmemu.v(line number: 4)] Analyzing module Hmemu (library work)
Parsing done.
Executing : .rtl_analyze -work work -include_path {F:/SocFpga/project} F:/SocFpga/cpu/Hmemu.v successfully.
Executing : .rtl_analyze -work work -include_path {F:/SocFpga/project} F:/SocFpga/cpu/HRegFile.v
I: Verilog-0001: Analyzing file F:/SocFpga/cpu/HRegFile.v
I: Verilog-0002: [F:/SocFpga/cpu/HRegFile.v(line number: 3)] Analyzing module HRegFile (library work)
Parsing done.
Executing : .rtl_analyze -work work -include_path {F:/SocFpga/project} F:/SocFpga/cpu/HRegFile.v successfully.
Executing : .rtl_analyze -work work -include_path {F:/SocFpga/project} F:/SocFpga/cpu/Htop.v
I: Verilog-0001: Analyzing file F:/SocFpga/cpu/Htop.v
I: Verilog-0002: [F:/SocFpga/cpu/Htop.v(line number: 3)] Analyzing module Htop (library work)
Parsing done.
Executing : .rtl_analyze -work work -include_path {F:/SocFpga/project} F:/SocFpga/cpu/Htop.v successfully.
Executing : .rtl_analyze -work work -include_path {F:/SocFpga/project} F:/SocFpga/cpu/Hwbu.v
I: Verilog-0001: Analyzing file F:/SocFpga/cpu/Hwbu.v
I: Verilog-0002: [F:/SocFpga/cpu/Hwbu.v(line number: 3)] Analyzing module Hwbu (library work)
Parsing done.
Executing : .rtl_analyze -work work -include_path {F:/SocFpga/project} F:/SocFpga/cpu/Hwbu.v successfully.
Executing : .rtl_analyze -work work -include_path {F:/SocFpga/project} F:/SocFpga/cpu/icache.v
I: Verilog-0001: Analyzing file F:/SocFpga/cpu/icache.v
I: Verilog-0002: [F:/SocFpga/cpu/icache.v(line number: 3)] Analyzing module icache (library work)
Parsing done.
Executing : .rtl_analyze -work work -include_path {F:/SocFpga/project} F:/SocFpga/cpu/icache.v successfully.
Executing : .rtl_analyze -work work -include_path {F:/SocFpga/project} F:/SocFpga/cpu/mul.v
I: Verilog-0001: Analyzing file F:/SocFpga/cpu/mul.v
I: Verilog-0002: [F:/SocFpga/cpu/mul.v(line number: 9)] Analyzing module mul (library work)
Parsing done.
Executing : .rtl_analyze -work work -include_path {F:/SocFpga/project} F:/SocFpga/cpu/mul.v successfully.
Executing : .rtl_analyze -work work -include_path {F:/SocFpga/project} F:/SocFpga/jtag/full_handshake_rx.v
I: Verilog-0001: Analyzing file F:/SocFpga/jtag/full_handshake_rx.v
I: Verilog-0002: [F:/SocFpga/jtag/full_handshake_rx.v(line number: 7)] Analyzing module full_handshake_rx (library work)
Parsing done.
Executing : .rtl_analyze -work work -include_path {F:/SocFpga/project} F:/SocFpga/jtag/full_handshake_rx.v successfully.
Executing : .rtl_analyze -work work -include_path {F:/SocFpga/project} F:/SocFpga/jtag/full_handshake_tx.v
I: Verilog-0001: Analyzing file F:/SocFpga/jtag/full_handshake_tx.v
I: Verilog-0002: [F:/SocFpga/jtag/full_handshake_tx.v(line number: 7)] Analyzing module full_handshake_tx (library work)
Parsing done.
Executing : .rtl_analyze -work work -include_path {F:/SocFpga/project} F:/SocFpga/jtag/full_handshake_tx.v successfully.
Executing : .rtl_analyze -work work -include_path {F:/SocFpga/project} F:/SocFpga/jtag/jtag_dm.v
I: Verilog-0001: Analyzing file F:/SocFpga/jtag/jtag_dm.v
I: Found Verilog include file F:/SocFpga/soc/defines.v
I: Found Verilog include file F:/SocFpga/soc/config.v
I: Found Verilog include file F:/SocFpga/soc/soc_addr_map.vh
W: Public-4030: File 'F:/SocFpga/soc/soc_addr_map.vh' has been added. It is skipped.
I: Verilog-0002: [F:/SocFpga/jtag/jtag_dm.v(line number: 2)] Analyzing module jtag_dm (library work)
Parsing done.
Executing : .rtl_analyze -work work -include_path {F:/SocFpga/project} F:/SocFpga/jtag/jtag_dm.v successfully.
Executing : .rtl_analyze -work work -include_path {F:/SocFpga/project} F:/SocFpga/jtag/jtag_driver.v
I: Verilog-0001: Analyzing file F:/SocFpga/jtag/jtag_driver.v
I: Verilog-0002: [F:/SocFpga/jtag/jtag_driver.v(line number: 1)] Analyzing module jtag_driver (library work)
Parsing done.
Executing : .rtl_analyze -work work -include_path {F:/SocFpga/project} F:/SocFpga/jtag/jtag_driver.v successfully.
Executing : .rtl_analyze -work work -include_path {F:/SocFpga/project} F:/SocFpga/jtag/jtag_top.v
I: Verilog-0001: Analyzing file F:/SocFpga/jtag/jtag_top.v
I: Found Verilog include file F:/SocFpga/soc/defines.v
W: Public-4030: File 'F:/SocFpga/soc/defines.v' has been added. It is skipped.
I: Found Verilog include file F:/SocFpga/soc/config.v
W: Public-4030: File 'F:/SocFpga/soc/config.v' has been added. It is skipped.
I: Found Verilog include file F:/SocFpga/soc/soc_addr_map.vh
W: Public-4030: File 'F:/SocFpga/soc/soc_addr_map.vh' has been added. It is skipped.
I: Verilog-0002: [F:/SocFpga/jtag/jtag_top.v(line number: 3)] Analyzing module jtag_top (library work)
Parsing done.
Executing : .rtl_analyze -work work -include_path {F:/SocFpga/project} F:/SocFpga/jtag/jtag_top.v successfully.
Executing : .rtl_analyze -work work -include_path {F:/SocFpga/project} F:/SocFpga/soc/axi_mem_backend.v
I: Verilog-0001: Analyzing file F:/SocFpga/soc/axi_mem_backend.v
I: Verilog-0002: [F:/SocFpga/soc/axi_mem_backend.v(line number: 10)] Analyzing module axi_mem_backend (library work)
Parsing done.
Executing : .rtl_analyze -work work -include_path {F:/SocFpga/project} F:/SocFpga/soc/axi_mem_backend.v successfully.
Executing : .rtl_analyze -work work -include_path {F:/SocFpga/project} F:/SocFpga/soc/ddr_axi_bridge.v
I: Verilog-0001: Analyzing file F:/SocFpga/soc/ddr_axi_bridge.v
I: Verilog-0002: [F:/SocFpga/soc/ddr_axi_bridge.v(line number: 8)] Analyzing module ddr_axi_bridge (library work)
Parsing done.
Executing : .rtl_analyze -work work -include_path {F:/SocFpga/project} F:/SocFpga/soc/ddr_axi_bridge.v successfully.
Executing : .rtl_analyze -work work -include_path {F:/SocFpga/project} F:/SocFpga/soc/Debug_core.v
I: Verilog-0001: Analyzing file F:/SocFpga/soc/Debug_core.v
I: Verilog-0002: [F:/SocFpga/soc/Debug_core.v(line number: 5)] Analyzing module Debug_core (library work)
Parsing done.
Executing : .rtl_analyze -work work -include_path {F:/SocFpga/project} F:/SocFpga/soc/Debug_core.v successfully.
Executing : .rtl_analyze -work work -include_path {F:/SocFpga/project} F:/SocFpga/soc/Hnpu_ctrl.v
I: Verilog-0001: Analyzing file F:/SocFpga/soc/Hnpu_ctrl.v
I: Found Verilog include file F:/SocFpga/soc/soc_addr_map.vh
W: Public-4030: File 'F:/SocFpga/soc/soc_addr_map.vh' has been added. It is skipped.
I: Verilog-0002: [F:/SocFpga/soc/Hnpu_ctrl.v(line number: 11)] Analyzing module Hnpu_ctrl (library work)
Parsing done.
Executing : .rtl_analyze -work work -include_path {F:/SocFpga/project} F:/SocFpga/soc/Hnpu_ctrl.v successfully.
Executing : .rtl_analyze -work work -include_path {F:/SocFpga/project} F:/SocFpga/soc/Hnpu_dma.v
I: Verilog-0001: Analyzing file F:/SocFpga/soc/Hnpu_dma.v
I: Found Verilog include file F:/SocFpga/soc/soc_addr_map.vh
W: Public-4030: File 'F:/SocFpga/soc/soc_addr_map.vh' has been added. It is skipped.
I: Verilog-0002: [F:/SocFpga/soc/Hnpu_dma.v(line number: 15)] Analyzing module Hnpu_dma (library work)
Parsing done.
Executing : .rtl_analyze -work work -include_path {F:/SocFpga/project} F:/SocFpga/soc/Hnpu_dma.v successfully.
Executing : .rtl_analyze -work work -include_path {F:/SocFpga/project} F:/SocFpga/soc/Haxi_2m1s_arbiter.v
I: Verilog-0001: Analyzing file F:/SocFpga/soc/Haxi_2m1s_arbiter.v
I: Verilog-0002: [F:/SocFpga/soc/Haxi_2m1s_arbiter.v(line number: 9)] Analyzing module Haxi_2m1s_arbiter (library work)
Parsing done.
Executing : .rtl_analyze -work work -include_path {F:/SocFpga/project} F:/SocFpga/soc/Haxi_2m1s_arbiter.v successfully.
Executing : .rtl_analyze -work work -include_path {F:/SocFpga/project} F:/SocFpga/soc/Hfpga_soc.v
I: Verilog-0001: Analyzing file F:/SocFpga/soc/Hfpga_soc.v
I: Found Verilog include file F:/SocFpga/soc/soc_addr_map.vh
W: Public-4030: File 'F:/SocFpga/soc/soc_addr_map.vh' has been added. It is skipped.
I: Found Verilog include file F:/SocFpga/soc/soc_timeout.vh
I: Found Verilog include file F:/SocFpga/soc/soc_addr_map.vh
W: Public-4030: File 'F:/SocFpga/soc/soc_addr_map.vh' has been added. It is skipped.
I: Verilog-0002: [F:/SocFpga/soc/Hfpga_soc.v(line number: 22)] Analyzing module Hfpga_soc (library work)
Parsing done.
Executing : .rtl_analyze -work work -include_path {F:/SocFpga/project} F:/SocFpga/soc/Hfpga_soc.v successfully.
Executing : .rtl_analyze -work work -include_path {F:/SocFpga/project} F:/SocFpga/soc/Hfpga_soc_bram_profile.v
I: Verilog-0001: Analyzing file F:/SocFpga/soc/Hfpga_soc_bram_profile.v
I: Found Verilog include file F:/SocFpga/soc/soc_addr_map.vh
W: Public-4030: File 'F:/SocFpga/soc/soc_addr_map.vh' has been added. It is skipped.
I: Found Verilog include file F:/SocFpga/soc/soc_timeout.vh
W: Public-4030: File 'F:/SocFpga/soc/soc_timeout.vh' has been added. It is skipped.
I: Verilog-0002: [F:/SocFpga/soc/Hfpga_soc_bram_profile.v(line number: 11)] Analyzing module Hfpga_soc_bram_profile (library work)
Parsing done.
Executing : .rtl_analyze -work work -include_path {F:/SocFpga/project} F:/SocFpga/soc/Hfpga_soc_bram_profile.v successfully.
Executing : .rtl_analyze -work work -include_path {F:/SocFpga/project} F:/SocFpga/soc/Hcamera_sccb_gpio.v
I: Verilog-0001: Analyzing file F:/SocFpga/soc/Hcamera_sccb_gpio.v
I: Found Verilog include file F:/SocFpga/soc/soc_addr_map.vh
W: Public-4030: File 'F:/SocFpga/soc/soc_addr_map.vh' has been added. It is skipped.
I: Verilog-0002: [F:/SocFpga/soc/Hcamera_sccb_gpio.v(line number: 21)] Analyzing module Hcamera_sccb_gpio (library work)
Parsing done.
Executing : .rtl_analyze -work work -include_path {F:/SocFpga/project} F:/SocFpga/soc/Hcamera_sccb_gpio.v successfully.
Executing : .rtl_analyze -work work -include_path {F:/SocFpga/project} F:/SocFpga/soc/Hcamera_dvp_rx.v
I: Verilog-0001: Analyzing file F:/SocFpga/soc/Hcamera_dvp_rx.v
I: Verilog-0002: [F:/SocFpga/soc/Hcamera_dvp_rx.v(line number: 5)] Analyzing module Hcamera_dvp_rx (library work)
Parsing done.
Executing : .rtl_analyze -work work -include_path {F:/SocFpga/project} F:/SocFpga/soc/Hcamera_dvp_rx.v successfully.
Executing : .rtl_analyze -work work -include_path {F:/SocFpga/project} F:/SocFpga/soc/Hcamera_dvp_regs.v
I: Verilog-0001: Analyzing file F:/SocFpga/soc/Hcamera_dvp_regs.v
I: Found Verilog include file F:/SocFpga/soc/soc_addr_map.vh
W: Public-4030: File 'F:/SocFpga/soc/soc_addr_map.vh' has been added. It is skipped.
I: Verilog-0002: [F:/SocFpga/soc/Hcamera_dvp_regs.v(line number: 6)] Analyzing module Hcamera_dvp_regs (library work)
Parsing done.
Executing : .rtl_analyze -work work -include_path {F:/SocFpga/project} F:/SocFpga/soc/Hcamera_dvp_regs.v successfully.
Executing : .rtl_analyze -work work -include_path {F:/SocFpga/project} F:/SocFpga/soc/Hfpioa_simple.v
I: Verilog-0001: Analyzing file F:/SocFpga/soc/Hfpioa_simple.v
I: Found Verilog include file F:/SocFpga/soc/soc_addr_map.vh
W: Public-4030: File 'F:/SocFpga/soc/soc_addr_map.vh' has been added. It is skipped.
I: Verilog-0002: [F:/SocFpga/soc/Hfpioa_simple.v(line number: 6)] Analyzing module Hfpioa_simple (library work)
Parsing done.
Executing : .rtl_analyze -work work -include_path {F:/SocFpga/project} F:/SocFpga/soc/Hfpioa_simple.v successfully.
Executing : .rtl_analyze -work work -include_path {F:/SocFpga/project} F:/SocFpga/soc/Hled.v
I: Verilog-0001: Analyzing file F:/SocFpga/soc/Hled.v
I: Verilog-0002: [F:/SocFpga/soc/Hled.v(line number: 3)] Analyzing module Hled (library work)
Parsing done.
Executing : .rtl_analyze -work work -include_path {F:/SocFpga/project} F:/SocFpga/soc/Hled.v successfully.
Executing : .rtl_analyze -work work -include_path {F:/SocFpga/project} F:/SocFpga/soc/Huart_tx.v
I: Verilog-0001: Analyzing file F:/SocFpga/soc/Huart_tx.v
I: Found Verilog include file F:/SocFpga/soc/soc_addr_map.vh
W: Public-4030: File 'F:/SocFpga/soc/soc_addr_map.vh' has been added. It is skipped.
I: Verilog-0002: [F:/SocFpga/soc/Huart_tx.v(line number: 6)] Analyzing module Huart_tx (library work)
Parsing done.
Executing : .rtl_analyze -work work -include_path {F:/SocFpga/project} F:/SocFpga/soc/Huart_tx.v successfully.
Executing : .rtl_analyze -work work -include_path {F:/SocFpga/project} F:/SocFpga/soc/flash_boot/flash_ddr_boot.v
I: Verilog-0001: Analyzing file F:/SocFpga/soc/flash_boot/flash_ddr_boot.v
I: Verilog-0002: [F:/SocFpga/soc/flash_boot/flash_ddr_boot.v(line number: 12)] Analyzing module flash_ddr_boot (library work)
Parsing done.
Executing : .rtl_analyze -work work -include_path {F:/SocFpga/project} F:/SocFpga/soc/flash_boot/flash_ddr_boot.v successfully.
Executing : .rtl_analyze -work work -include_path {F:/SocFpga/project} F:/SocFpga/soc/flash_boot/flash_ddr_loader.v
I: Verilog-0001: Analyzing file F:/SocFpga/soc/flash_boot/flash_ddr_loader.v
I: Verilog-0002: [F:/SocFpga/soc/flash_boot/flash_ddr_loader.v(line number: 5)] Analyzing module flash_ddr_loader (library work)
Parsing done.
Executing : .rtl_analyze -work work -include_path {F:/SocFpga/project} F:/SocFpga/soc/flash_boot/flash_ddr_loader.v successfully.
Executing : .rtl_analyze -work work -include_path {F:/SocFpga/project} F:/SocFpga/soc/flash_boot/spi_flash_byte_reader.v
I: Verilog-0001: Analyzing file F:/SocFpga/soc/flash_boot/spi_flash_byte_reader.v
I: Verilog-0002: [F:/SocFpga/soc/flash_boot/spi_flash_byte_reader.v(line number: 5)] Analyzing module spi_flash_byte_reader (library work)
Parsing done.
Executing : .rtl_analyze -work work -include_path {F:/SocFpga/project} F:/SocFpga/soc/flash_boot/spi_flash_byte_reader.v successfully.
Executing : .rtl_analyze -work work -include_path {F:/SocFpga/project} F:/SocFpga/soc/flash_boot/flash_bram_boot.v
I: Verilog-0001: Analyzing file F:/SocFpga/soc/flash_boot/flash_bram_boot.v
I: Verilog-0002: [F:/SocFpga/soc/flash_boot/flash_bram_boot.v(line number: 6)] Analyzing module flash_bram_boot (library work)
Parsing done.
Executing : .rtl_analyze -work work -include_path {F:/SocFpga/project} F:/SocFpga/soc/flash_boot/flash_bram_boot.v successfully.
Executing : .rtl_analyze -work work -include_path {F:/SocFpga/project} F:/SocFpga/soc/Hpreprocess_color.v
I: Verilog-0001: Analyzing file F:/SocFpga/soc/Hpreprocess_color.v
I: Verilog-0002: [F:/SocFpga/soc/Hpreprocess_color.v(line number: 5)] Analyzing module Hpreprocess_color (library work)
Parsing done.
Executing : .rtl_analyze -work work -include_path {F:/SocFpga/project} F:/SocFpga/soc/Hpreprocess_color.v successfully.
Executing : .rtl_analyze -work work -include_path {F:/SocFpga/project} F:/SocFpga/soc/Hpreprocess_regions.v
I: Verilog-0001: Analyzing file F:/SocFpga/soc/Hpreprocess_regions.v
I: Verilog-0002: [F:/SocFpga/soc/Hpreprocess_regions.v(line number: 6)] Analyzing module Hpreprocess_regions (library work)
Parsing done.
Executing : .rtl_analyze -work work -include_path {F:/SocFpga/project} F:/SocFpga/soc/Hpreprocess_regions.v successfully.
Executing : .rtl_analyze -work work -include_path {F:/SocFpga/project} F:/SocFpga/soc/Hcamera_preprocess.v
I: Verilog-0001: Analyzing file F:/SocFpga/soc/Hcamera_preprocess.v
I: Found Verilog include file F:/SocFpga/soc/soc_addr_map.vh
W: Public-4030: File 'F:/SocFpga/soc/soc_addr_map.vh' has been added. It is skipped.
I: Verilog-0002: [F:/SocFpga/soc/Hcamera_preprocess.v(line number: 8)] Analyzing module Hcamera_preprocess (library work)
Parsing done.
Executing : .rtl_analyze -work work -include_path {F:/SocFpga/project} F:/SocFpga/soc/Hcamera_preprocess.v successfully.
Executing : .rtl_analyze -work work -include_path {F:/SocFpga/project} F:/SocFpga/soc/Hpreprocess_stereo.v
I: Verilog-0001: Analyzing file F:/SocFpga/soc/Hpreprocess_stereo.v
I: Found Verilog include file F:/SocFpga/soc/soc_addr_map.vh
W: Public-4030: File 'F:/SocFpga/soc/soc_addr_map.vh' has been added. It is skipped.
I: Verilog-0002: [F:/SocFpga/soc/Hpreprocess_stereo.v(line number: 6)] Analyzing module Hpreprocess_stereo (library work)
Parsing done.
Executing : .rtl_analyze -work work -include_path {F:/SocFpga/project} F:/SocFpga/soc/Hpreprocess_stereo.v successfully.
Executing : .rtl_analyze -work work -include_path {F:/SocFpga/project} F:/SocFpga/soc/Hrgb565_int8_lane.v
I: Verilog-0001: Analyzing file F:/SocFpga/soc/Hrgb565_int8_lane.v
I: Found Verilog include file F:/SocFpga/soc/soc_addr_map.vh
W: Public-4030: File 'F:/SocFpga/soc/soc_addr_map.vh' has been added. It is skipped.
I: Verilog-0002: [F:/SocFpga/soc/Hrgb565_int8_lane.v(line number: 6)] Analyzing module Hrgb565_int8_lane (library work)
Parsing done.
Executing : .rtl_analyze -work work -include_path {F:/SocFpga/project} F:/SocFpga/soc/Hrgb565_int8_lane.v successfully.
Executing : .rtl_analyze -work work -include_path {F:/SocFpga/project} F:/SocFpga/soc/Hrgb565_int8_stereo.v
I: Verilog-0001: Analyzing file F:/SocFpga/soc/Hrgb565_int8_stereo.v
I: Found Verilog include file F:/SocFpga/soc/soc_addr_map.vh
W: Public-4030: File 'F:/SocFpga/soc/soc_addr_map.vh' has been added. It is skipped.
I: Verilog-0002: [F:/SocFpga/soc/Hrgb565_int8_stereo.v(line number: 6)] Analyzing module Hrgb565_int8_stereo (library work)
Parsing done.
Executing : .rtl_analyze -work work -include_path {F:/SocFpga/project} F:/SocFpga/soc/Hrgb565_int8_stereo.v successfully.
Executing : .rtl_analyze -work work -include_path {F:/SocFpga/project} F:/SocFpga/soc/Hrgb565_int8_ddr_merge.v
I: Verilog-0001: Analyzing file F:/SocFpga/soc/Hrgb565_int8_ddr_merge.v
I: Verilog-0002: [F:/SocFpga/soc/Hrgb565_int8_ddr_merge.v(line number: 6)] Analyzing module Hrgb565_int8_ddr_merge (library work)
Parsing done.
Executing : .rtl_analyze -work work -include_path {F:/SocFpga/project} F:/SocFpga/soc/Hrgb565_int8_ddr_merge.v successfully.
Executing : .rtl_analyze -work work -include_path {F:/SocFpga/project} F:/SocFpga/soc/Hrgb565_int8_regs.v
I: Verilog-0001: Analyzing file F:/SocFpga/soc/Hrgb565_int8_regs.v
I: Found Verilog include file F:/SocFpga/soc/soc_addr_map.vh
W: Public-4030: File 'F:/SocFpga/soc/soc_addr_map.vh' has been added. It is skipped.
I: Verilog-0002: [F:/SocFpga/soc/Hrgb565_int8_regs.v(line number: 7)] Analyzing module Hrgb565_int8_regs (library work)
Parsing done.
Executing : .rtl_analyze -work work -include_path {F:/SocFpga/project} F:/SocFpga/soc/Hrgb565_int8_regs.v successfully.
Executing : .rtl_analyze -work work -include_path {F:/SocFpga/project} F:/SocFpga/soc/Hcamera_subsystem.v
I: Verilog-0001: Analyzing file F:/SocFpga/soc/Hcamera_subsystem.v
I: Found Verilog include file F:/SocFpga/soc/soc_addr_map.vh
W: Public-4030: File 'F:/SocFpga/soc/soc_addr_map.vh' has been added. It is skipped.
I: Found Verilog include file F:/SocFpga/soc/soc_timeout.vh
W: Public-4030: File 'F:/SocFpga/soc/soc_timeout.vh' has been added. It is skipped.
I: Found Verilog include file F:/SocFpga/soc/camera_regs.vh
I: Found Verilog include file F:/SocFpga/soc/soc_addr_map.vh
W: Public-4030: File 'F:/SocFpga/soc/soc_addr_map.vh' has been added. It is skipped.
I: Verilog-0002: [F:/SocFpga/soc/Hcamera_subsystem.v(line number: 7)] Analyzing module Hcamera_subsystem (library work)
I: Found Verilog include file F:/SocFpga/soc/camera_regs.vh
W: Public-4030: File 'F:/SocFpga/soc/camera_regs.vh' has been added. It is skipped.
Parsing done.
Executing : .rtl_analyze -work work -include_path {F:/SocFpga/project} F:/SocFpga/soc/Hcamera_subsystem.v successfully.
Executing : .rtl_analyze -work work -include_path {F:/SocFpga/project} F:/SocFpga/soc/Hcamera_async_fifo.v
I: Verilog-0001: Analyzing file F:/SocFpga/soc/Hcamera_async_fifo.v
I: Verilog-0002: [F:/SocFpga/soc/Hcamera_async_fifo.v(line number: 6)] Analyzing module Hcamera_async_fifo (library work)
Parsing done.
Executing : .rtl_analyze -work work -include_path {F:/SocFpga/project} F:/SocFpga/soc/Hcamera_async_fifo.v successfully.
Executing : .rtl_analyze -work work -include_path {F:/SocFpga/project} F:/SocFpga/soc/Hcamera_dma.v
I: Verilog-0001: Analyzing file F:/SocFpga/soc/Hcamera_dma.v
I: Found Verilog include file F:/SocFpga/soc/camera_regs.vh
W: Public-4030: File 'F:/SocFpga/soc/camera_regs.vh' has been added. It is skipped.
I: Verilog-0002: [F:/SocFpga/soc/Hcamera_dma.v(line number: 5)] Analyzing module Hcamera_dma (library work)
Parsing done.
Executing : .rtl_analyze -work work -include_path {F:/SocFpga/project} F:/SocFpga/soc/Hcamera_dma.v successfully.
Executing : .rtl_analyze -work work -include_path {F:/SocFpga/project} F:/SocFpga/cpu/cpu_bram_ip_mem.v
I: Verilog-0001: Analyzing file F:/SocFpga/cpu/cpu_bram_ip_mem.v
I: Verilog-0002: [F:/SocFpga/cpu/cpu_bram_ip_mem.v(line number: 7)] Analyzing module cpu_bram_ip_mem (library work)
Parsing done.
Executing : .rtl_analyze -work work -include_path {F:/SocFpga/project} F:/SocFpga/cpu/cpu_bram_ip_mem.v successfully.
Executing : .rtl_analyze -work work -include_path {F:/SocFpga/project} F:/SocFpga/IP/dmem/dmem.v
I: Verilog-0001: Analyzing file F:/SocFpga/IP/dmem/dmem.v
I: Verilog-0002: [F:/SocFpga/IP/dmem/dmem.v(line number: 16)] Analyzing module dmem (library work)
Parsing done.
Executing : .rtl_analyze -work work -include_path {F:/SocFpga/project} F:/SocFpga/IP/dmem/dmem.v successfully.
Executing : .rtl_analyze -work work -include_path {F:/SocFpga/project} F:/SocFpga/IP/dmem/rtl/ipm2l_dpram_v1_9_dmem.v
I: Verilog-0001: Analyzing file F:/SocFpga/IP/dmem/rtl/ipm2l_dpram_v1_9_dmem.v
I: Verilog-0002: [F:/SocFpga/IP/dmem/rtl/ipm2l_dpram_v1_9_dmem.v(line number: 18)] Analyzing module ipm2l_dpram_v1_9_dmem (library work)
W: Verilog-2008: [F:/SocFpga/IP/dmem/rtl/ipm2l_dpram_v1_9_dmem.v(line number: 261)] Ignore 'system task' $display
W: Verilog-2008: [F:/SocFpga/IP/dmem/rtl/ipm2l_dpram_v1_9_dmem.v(line number: 262)] Ignore 'system task' $finish
W: Verilog-2008: [F:/SocFpga/IP/dmem/rtl/ipm2l_dpram_v1_9_dmem.v(line number: 265)] Ignore 'system task' $display
W: Verilog-2008: [F:/SocFpga/IP/dmem/rtl/ipm2l_dpram_v1_9_dmem.v(line number: 269)] Ignore 'system task' $display
W: Verilog-2008: [F:/SocFpga/IP/dmem/rtl/ipm2l_dpram_v1_9_dmem.v(line number: 273)] Ignore 'system task' $display
W: Verilog-2008: [F:/SocFpga/IP/dmem/rtl/ipm2l_dpram_v1_9_dmem.v(line number: 277)] Ignore 'system task' $display
W: Verilog-2008: [F:/SocFpga/IP/dmem/rtl/ipm2l_dpram_v1_9_dmem.v(line number: 281)] Ignore 'system task' $display
W: Verilog-2008: [F:/SocFpga/IP/dmem/rtl/ipm2l_dpram_v1_9_dmem.v(line number: 282)] Ignore 'system task' $finish
W: Verilog-2008: [F:/SocFpga/IP/dmem/rtl/ipm2l_dpram_v1_9_dmem.v(line number: 285)] Ignore 'system task' $display
W: Verilog-2008: [F:/SocFpga/IP/dmem/rtl/ipm2l_dpram_v1_9_dmem.v(line number: 286)] Ignore 'system task' $finish
W: Verilog-2008: [F:/SocFpga/IP/dmem/rtl/ipm2l_dpram_v1_9_dmem.v(line number: 289)] Ignore 'system task' $display
W: Verilog-2008: [F:/SocFpga/IP/dmem/rtl/ipm2l_dpram_v1_9_dmem.v(line number: 290)] Ignore 'system task' $finish
W: Verilog-2008: [F:/SocFpga/IP/dmem/rtl/ipm2l_dpram_v1_9_dmem.v(line number: 293)] Ignore 'system task' $display
W: Verilog-2008: [F:/SocFpga/IP/dmem/rtl/ipm2l_dpram_v1_9_dmem.v(line number: 294)] Ignore 'system task' $finish
W: Verilog-2008: [F:/SocFpga/IP/dmem/rtl/ipm2l_dpram_v1_9_dmem.v(line number: 297)] Ignore 'system task' $display
W: Verilog-2008: [F:/SocFpga/IP/dmem/rtl/ipm2l_dpram_v1_9_dmem.v(line number: 298)] Ignore 'system task' $finish
W: Verilog-2008: [F:/SocFpga/IP/dmem/rtl/ipm2l_dpram_v1_9_dmem.v(line number: 301)] Ignore 'system task' $display
W: Verilog-2008: [F:/SocFpga/IP/dmem/rtl/ipm2l_dpram_v1_9_dmem.v(line number: 302)] Ignore 'system task' $finish
W: Verilog-2008: [F:/SocFpga/IP/dmem/rtl/ipm2l_dpram_v1_9_dmem.v(line number: 305)] Ignore 'system task' $display
W: Verilog-2008: [F:/SocFpga/IP/dmem/rtl/ipm2l_dpram_v1_9_dmem.v(line number: 306)] Ignore 'system task' $finish
W: Verilog-2008: [F:/SocFpga/IP/dmem/rtl/ipm2l_dpram_v1_9_dmem.v(line number: 309)] Ignore 'system task' $display
W: Verilog-2008: [F:/SocFpga/IP/dmem/rtl/ipm2l_dpram_v1_9_dmem.v(line number: 310)] Ignore 'system task' $finish
W: Verilog-2008: [F:/SocFpga/IP/dmem/rtl/ipm2l_dpram_v1_9_dmem.v(line number: 313)] Ignore 'system task' $display
W: Verilog-2008: [F:/SocFpga/IP/dmem/rtl/ipm2l_dpram_v1_9_dmem.v(line number: 314)] Ignore 'system task' $finish
W: Verilog-2008: [F:/SocFpga/IP/dmem/rtl/ipm2l_dpram_v1_9_dmem.v(line number: 317)] Ignore 'system task' $display
W: Verilog-2008: [F:/SocFpga/IP/dmem/rtl/ipm2l_dpram_v1_9_dmem.v(line number: 318)] Ignore 'system task' $finish
W: Verilog-2008: [F:/SocFpga/IP/dmem/rtl/ipm2l_dpram_v1_9_dmem.v(line number: 321)] Ignore 'system task' $display
W: Verilog-2008: [F:/SocFpga/IP/dmem/rtl/ipm2l_dpram_v1_9_dmem.v(line number: 322)] Ignore 'system task' $finish
W: Verilog-2008: [F:/SocFpga/IP/dmem/rtl/ipm2l_dpram_v1_9_dmem.v(line number: 325)] Ignore 'system task' $display
W: Verilog-2008: [F:/SocFpga/IP/dmem/rtl/ipm2l_dpram_v1_9_dmem.v(line number: 326)] Ignore 'system task' $finish
W: Verilog-2008: [F:/SocFpga/IP/dmem/rtl/ipm2l_dpram_v1_9_dmem.v(line number: 329)] Ignore 'system task' $display
W: Verilog-2008: [F:/SocFpga/IP/dmem/rtl/ipm2l_dpram_v1_9_dmem.v(line number: 330)] Ignore 'system task' $finish
W: Verilog-2008: [F:/SocFpga/IP/dmem/rtl/ipm2l_dpram_v1_9_dmem.v(line number: 333)] Ignore 'system task' $display
W: Verilog-2008: [F:/SocFpga/IP/dmem/rtl/ipm2l_dpram_v1_9_dmem.v(line number: 334)] Ignore 'system task' $finish
W: Verilog-2008: [F:/SocFpga/IP/dmem/rtl/ipm2l_dpram_v1_9_dmem.v(line number: 337)] Ignore 'system task' $display
W: Verilog-2008: [F:/SocFpga/IP/dmem/rtl/ipm2l_dpram_v1_9_dmem.v(line number: 338)] Ignore 'system task' $finish
W: Verilog-2008: [F:/SocFpga/IP/dmem/rtl/ipm2l_dpram_v1_9_dmem.v(line number: 341)] Ignore 'system task' $display
W: Verilog-2008: [F:/SocFpga/IP/dmem/rtl/ipm2l_dpram_v1_9_dmem.v(line number: 342)] Ignore 'system task' $finish
W: Verilog-2008: [F:/SocFpga/IP/dmem/rtl/ipm2l_dpram_v1_9_dmem.v(line number: 346)] Ignore 'system task' $display
W: Verilog-2008: [F:/SocFpga/IP/dmem/rtl/ipm2l_dpram_v1_9_dmem.v(line number: 347)] Ignore 'system task' $finish
W: Verilog-2008: [F:/SocFpga/IP/dmem/rtl/ipm2l_dpram_v1_9_dmem.v(line number: 350)] Ignore 'system task' $display
W: Verilog-2008: [F:/SocFpga/IP/dmem/rtl/ipm2l_dpram_v1_9_dmem.v(line number: 351)] Ignore 'system task' $finish
W: Verilog-2008: [F:/SocFpga/IP/dmem/rtl/ipm2l_dpram_v1_9_dmem.v(line number: 358)] Ignore 'system task' $display
W: Verilog-2008: [F:/SocFpga/IP/dmem/rtl/ipm2l_dpram_v1_9_dmem.v(line number: 359)] Ignore 'system task' $finish
W: Verilog-2008: [F:/SocFpga/IP/dmem/rtl/ipm2l_dpram_v1_9_dmem.v(line number: 362)] Ignore 'system task' $display
W: Verilog-2008: [F:/SocFpga/IP/dmem/rtl/ipm2l_dpram_v1_9_dmem.v(line number: 363)] Ignore 'system task' $finish
W: Verilog-2008: [F:/SocFpga/IP/dmem/rtl/ipm2l_dpram_v1_9_dmem.v(line number: 368)] Ignore 'system task' $display
W: Verilog-2008: [F:/SocFpga/IP/dmem/rtl/ipm2l_dpram_v1_9_dmem.v(line number: 369)] Ignore 'system task' $finish
Parsing done.
Executing : .rtl_analyze -work work -include_path {F:/SocFpga/project} F:/SocFpga/IP/dmem/rtl/ipm2l_dpram_v1_9_dmem.v successfully.
Executing : .rtl_analyze -work work -include_path {F:/SocFpga/project} F:/SocFpga/IP/imem/imem.v
I: Verilog-0001: Analyzing file F:/SocFpga/IP/imem/imem.v
I: Verilog-0002: [F:/SocFpga/IP/imem/imem.v(line number: 16)] Analyzing module imem (library work)
Parsing done.
Executing : .rtl_analyze -work work -include_path {F:/SocFpga/project} F:/SocFpga/IP/imem/imem.v successfully.
Executing : .rtl_analyze -work work -include_path {F:/SocFpga/project} F:/SocFpga/IP/imem/rtl/ipm2l_dpram_v1_9_imem.v
I: Verilog-0001: Analyzing file F:/SocFpga/IP/imem/rtl/ipm2l_dpram_v1_9_imem.v
I: Verilog-0002: [F:/SocFpga/IP/imem/rtl/ipm2l_dpram_v1_9_imem.v(line number: 18)] Analyzing module ipm2l_dpram_v1_9_imem (library work)
I: Found Verilog include file F:/SocFpga/IP/imem/rtl/imem_init_param.v
W: Verilog-2008: [F:/SocFpga/IP/imem/rtl/ipm2l_dpram_v1_9_imem.v(line number: 262)] Ignore 'system task' $display
W: Verilog-2008: [F:/SocFpga/IP/imem/rtl/ipm2l_dpram_v1_9_imem.v(line number: 263)] Ignore 'system task' $finish
W: Verilog-2008: [F:/SocFpga/IP/imem/rtl/ipm2l_dpram_v1_9_imem.v(line number: 266)] Ignore 'system task' $display
W: Verilog-2008: [F:/SocFpga/IP/imem/rtl/ipm2l_dpram_v1_9_imem.v(line number: 270)] Ignore 'system task' $display
W: Verilog-2008: [F:/SocFpga/IP/imem/rtl/ipm2l_dpram_v1_9_imem.v(line number: 274)] Ignore 'system task' $display
W: Verilog-2008: [F:/SocFpga/IP/imem/rtl/ipm2l_dpram_v1_9_imem.v(line number: 278)] Ignore 'system task' $display
W: Verilog-2008: [F:/SocFpga/IP/imem/rtl/ipm2l_dpram_v1_9_imem.v(line number: 282)] Ignore 'system task' $display
W: Verilog-2008: [F:/SocFpga/IP/imem/rtl/ipm2l_dpram_v1_9_imem.v(line number: 283)] Ignore 'system task' $finish
W: Verilog-2008: [F:/SocFpga/IP/imem/rtl/ipm2l_dpram_v1_9_imem.v(line number: 286)] Ignore 'system task' $display
W: Verilog-2008: [F:/SocFpga/IP/imem/rtl/ipm2l_dpram_v1_9_imem.v(line number: 287)] Ignore 'system task' $finish
W: Verilog-2008: [F:/SocFpga/IP/imem/rtl/ipm2l_dpram_v1_9_imem.v(line number: 290)] Ignore 'system task' $display
W: Verilog-2008: [F:/SocFpga/IP/imem/rtl/ipm2l_dpram_v1_9_imem.v(line number: 291)] Ignore 'system task' $finish
W: Verilog-2008: [F:/SocFpga/IP/imem/rtl/ipm2l_dpram_v1_9_imem.v(line number: 294)] Ignore 'system task' $display
W: Verilog-2008: [F:/SocFpga/IP/imem/rtl/ipm2l_dpram_v1_9_imem.v(line number: 295)] Ignore 'system task' $finish
W: Verilog-2008: [F:/SocFpga/IP/imem/rtl/ipm2l_dpram_v1_9_imem.v(line number: 298)] Ignore 'system task' $display
W: Verilog-2008: [F:/SocFpga/IP/imem/rtl/ipm2l_dpram_v1_9_imem.v(line number: 299)] Ignore 'system task' $finish
W: Verilog-2008: [F:/SocFpga/IP/imem/rtl/ipm2l_dpram_v1_9_imem.v(line number: 302)] Ignore 'system task' $display
W: Verilog-2008: [F:/SocFpga/IP/imem/rtl/ipm2l_dpram_v1_9_imem.v(line number: 303)] Ignore 'system task' $finish
W: Verilog-2008: [F:/SocFpga/IP/imem/rtl/ipm2l_dpram_v1_9_imem.v(line number: 306)] Ignore 'system task' $display
W: Verilog-2008: [F:/SocFpga/IP/imem/rtl/ipm2l_dpram_v1_9_imem.v(line number: 307)] Ignore 'system task' $finish
W: Verilog-2008: [F:/SocFpga/IP/imem/rtl/ipm2l_dpram_v1_9_imem.v(line number: 310)] Ignore 'system task' $display
W: Verilog-2008: [F:/SocFpga/IP/imem/rtl/ipm2l_dpram_v1_9_imem.v(line number: 311)] Ignore 'system task' $finish
W: Verilog-2008: [F:/SocFpga/IP/imem/rtl/ipm2l_dpram_v1_9_imem.v(line number: 314)] Ignore 'system task' $display
W: Verilog-2008: [F:/SocFpga/IP/imem/rtl/ipm2l_dpram_v1_9_imem.v(line number: 315)] Ignore 'system task' $finish
W: Verilog-2008: [F:/SocFpga/IP/imem/rtl/ipm2l_dpram_v1_9_imem.v(line number: 318)] Ignore 'system task' $display
W: Verilog-2008: [F:/SocFpga/IP/imem/rtl/ipm2l_dpram_v1_9_imem.v(line number: 319)] Ignore 'system task' $finish
W: Verilog-2008: [F:/SocFpga/IP/imem/rtl/ipm2l_dpram_v1_9_imem.v(line number: 322)] Ignore 'system task' $display
W: Verilog-2008: [F:/SocFpga/IP/imem/rtl/ipm2l_dpram_v1_9_imem.v(line number: 323)] Ignore 'system task' $finish
W: Verilog-2008: [F:/SocFpga/IP/imem/rtl/ipm2l_dpram_v1_9_imem.v(line number: 326)] Ignore 'system task' $display
W: Verilog-2008: [F:/SocFpga/IP/imem/rtl/ipm2l_dpram_v1_9_imem.v(line number: 327)] Ignore 'system task' $finish
W: Verilog-2008: [F:/SocFpga/IP/imem/rtl/ipm2l_dpram_v1_9_imem.v(line number: 330)] Ignore 'system task' $display
W: Verilog-2008: [F:/SocFpga/IP/imem/rtl/ipm2l_dpram_v1_9_imem.v(line number: 331)] Ignore 'system task' $finish
W: Verilog-2008: [F:/SocFpga/IP/imem/rtl/ipm2l_dpram_v1_9_imem.v(line number: 334)] Ignore 'system task' $display
W: Verilog-2008: [F:/SocFpga/IP/imem/rtl/ipm2l_dpram_v1_9_imem.v(line number: 335)] Ignore 'system task' $finish
W: Verilog-2008: [F:/SocFpga/IP/imem/rtl/ipm2l_dpram_v1_9_imem.v(line number: 338)] Ignore 'system task' $display
W: Verilog-2008: [F:/SocFpga/IP/imem/rtl/ipm2l_dpram_v1_9_imem.v(line number: 339)] Ignore 'system task' $finish
W: Verilog-2008: [F:/SocFpga/IP/imem/rtl/ipm2l_dpram_v1_9_imem.v(line number: 342)] Ignore 'system task' $display
W: Verilog-2008: [F:/SocFpga/IP/imem/rtl/ipm2l_dpram_v1_9_imem.v(line number: 343)] Ignore 'system task' $finish
W: Verilog-2008: [F:/SocFpga/IP/imem/rtl/ipm2l_dpram_v1_9_imem.v(line number: 347)] Ignore 'system task' $display
W: Verilog-2008: [F:/SocFpga/IP/imem/rtl/ipm2l_dpram_v1_9_imem.v(line number: 348)] Ignore 'system task' $finish
W: Verilog-2008: [F:/SocFpga/IP/imem/rtl/ipm2l_dpram_v1_9_imem.v(line number: 351)] Ignore 'system task' $display
W: Verilog-2008: [F:/SocFpga/IP/imem/rtl/ipm2l_dpram_v1_9_imem.v(line number: 352)] Ignore 'system task' $finish
W: Verilog-2008: [F:/SocFpga/IP/imem/rtl/ipm2l_dpram_v1_9_imem.v(line number: 359)] Ignore 'system task' $display
W: Verilog-2008: [F:/SocFpga/IP/imem/rtl/ipm2l_dpram_v1_9_imem.v(line number: 360)] Ignore 'system task' $finish
W: Verilog-2008: [F:/SocFpga/IP/imem/rtl/ipm2l_dpram_v1_9_imem.v(line number: 363)] Ignore 'system task' $display
W: Verilog-2008: [F:/SocFpga/IP/imem/rtl/ipm2l_dpram_v1_9_imem.v(line number: 364)] Ignore 'system task' $finish
W: Verilog-2008: [F:/SocFpga/IP/imem/rtl/ipm2l_dpram_v1_9_imem.v(line number: 369)] Ignore 'system task' $display
W: Verilog-2008: [F:/SocFpga/IP/imem/rtl/ipm2l_dpram_v1_9_imem.v(line number: 370)] Ignore 'system task' $finish
Parsing done.
Executing : .rtl_analyze -work work -include_path {F:/SocFpga/project} F:/SocFpga/IP/imem/rtl/ipm2l_dpram_v1_9_imem.v successfully.
Executing : .rtl_analyze -include_path {F:/SocFpga/project} F:/SocFpga/IP/clk_pll/clk_pll.v
I: Verilog-0001: Analyzing file F:/SocFpga/IP/clk_pll/clk_pll.v
I: Verilog-0002: [F:/SocFpga/IP/clk_pll/clk_pll.v(line number: 18)] Analyzing module clk_pll (library work)
Parsing done.
Executing : .rtl_analyze -include_path {F:/SocFpga/project} F:/SocFpga/IP/clk_pll/clk_pll.v successfully.
Executing : .rtl_analyze -include_path {F:/SocFpga/project} F:/SocFpga/IP/DataRAM/rtl/ipm2l_spram_v1_8_DataRAM.v
I: Verilog-0001: Analyzing file F:/SocFpga/IP/DataRAM/rtl/ipm2l_spram_v1_8_DataRAM.v
I: Verilog-0002: [F:/SocFpga/IP/DataRAM/rtl/ipm2l_spram_v1_8_DataRAM.v(line number: 17)] Analyzing module ipm2l_spram_v1_8_DataRAM (library work)
I: Found Verilog include file F:/SocFpga/IP/DataRAM/rtl/DataRAM_Reset_Value.v
W: Verilog-2008: [F:/SocFpga/IP/DataRAM/rtl/ipm2l_spram_v1_8_DataRAM.v(line number: 123)] Ignore 'system task' $display
W: Verilog-2008: [F:/SocFpga/IP/DataRAM/rtl/ipm2l_spram_v1_8_DataRAM.v(line number: 127)] Ignore 'system task' $display
W: Verilog-2008: [F:/SocFpga/IP/DataRAM/rtl/ipm2l_spram_v1_8_DataRAM.v(line number: 135)] Ignore 'system task' $display
W: Verilog-2008: [F:/SocFpga/IP/DataRAM/rtl/ipm2l_spram_v1_8_DataRAM.v(line number: 136)] Ignore 'system task' $finish
W: Verilog-2008: [F:/SocFpga/IP/DataRAM/rtl/ipm2l_spram_v1_8_DataRAM.v(line number: 139)] Ignore 'system task' $display
W: Verilog-2008: [F:/SocFpga/IP/DataRAM/rtl/ipm2l_spram_v1_8_DataRAM.v(line number: 140)] Ignore 'system task' $finish
W: Verilog-2008: [F:/SocFpga/IP/DataRAM/rtl/ipm2l_spram_v1_8_DataRAM.v(line number: 143)] Ignore 'system task' $display
W: Verilog-2008: [F:/SocFpga/IP/DataRAM/rtl/ipm2l_spram_v1_8_DataRAM.v(line number: 144)] Ignore 'system task' $finish
W: Verilog-2008: [F:/SocFpga/IP/DataRAM/rtl/ipm2l_spram_v1_8_DataRAM.v(line number: 147)] Ignore 'system task' $display
W: Verilog-2008: [F:/SocFpga/IP/DataRAM/rtl/ipm2l_spram_v1_8_DataRAM.v(line number: 148)] Ignore 'system task' $finish
W: Verilog-2008: [F:/SocFpga/IP/DataRAM/rtl/ipm2l_spram_v1_8_DataRAM.v(line number: 151)] Ignore 'system task' $display
W: Verilog-2008: [F:/SocFpga/IP/DataRAM/rtl/ipm2l_spram_v1_8_DataRAM.v(line number: 152)] Ignore 'system task' $finish
W: Verilog-2008: [F:/SocFpga/IP/DataRAM/rtl/ipm2l_spram_v1_8_DataRAM.v(line number: 155)] Ignore 'system task' $display
W: Verilog-2008: [F:/SocFpga/IP/DataRAM/rtl/ipm2l_spram_v1_8_DataRAM.v(line number: 156)] Ignore 'system task' $finish
W: Verilog-2008: [F:/SocFpga/IP/DataRAM/rtl/ipm2l_spram_v1_8_DataRAM.v(line number: 159)] Ignore 'system task' $display
W: Verilog-2008: [F:/SocFpga/IP/DataRAM/rtl/ipm2l_spram_v1_8_DataRAM.v(line number: 160)] Ignore 'system task' $finish
W: Verilog-2008: [F:/SocFpga/IP/DataRAM/rtl/ipm2l_spram_v1_8_DataRAM.v(line number: 163)] Ignore 'system task' $display
W: Verilog-2008: [F:/SocFpga/IP/DataRAM/rtl/ipm2l_spram_v1_8_DataRAM.v(line number: 164)] Ignore 'system task' $finish
W: Verilog-2008: [F:/SocFpga/IP/DataRAM/rtl/ipm2l_spram_v1_8_DataRAM.v(line number: 167)] Ignore 'system task' $display
W: Verilog-2008: [F:/SocFpga/IP/DataRAM/rtl/ipm2l_spram_v1_8_DataRAM.v(line number: 168)] Ignore 'system task' $finish
W: Verilog-2008: [F:/SocFpga/IP/DataRAM/rtl/ipm2l_spram_v1_8_DataRAM.v(line number: 171)] Ignore 'system task' $display
W: Verilog-2008: [F:/SocFpga/IP/DataRAM/rtl/ipm2l_spram_v1_8_DataRAM.v(line number: 172)] Ignore 'system task' $finish
W: Verilog-2008: [F:/SocFpga/IP/DataRAM/rtl/ipm2l_spram_v1_8_DataRAM.v(line number: 175)] Ignore 'system task' $display
W: Verilog-2008: [F:/SocFpga/IP/DataRAM/rtl/ipm2l_spram_v1_8_DataRAM.v(line number: 176)] Ignore 'system task' $finish
W: Verilog-2008: [F:/SocFpga/IP/DataRAM/rtl/ipm2l_spram_v1_8_DataRAM.v(line number: 179)] Ignore 'system task' $display
W: Verilog-2008: [F:/SocFpga/IP/DataRAM/rtl/ipm2l_spram_v1_8_DataRAM.v(line number: 180)] Ignore 'system task' $finish
W: Verilog-2008: [F:/SocFpga/IP/DataRAM/rtl/ipm2l_spram_v1_8_DataRAM.v(line number: 184)] Ignore 'system task' $display
W: Verilog-2008: [F:/SocFpga/IP/DataRAM/rtl/ipm2l_spram_v1_8_DataRAM.v(line number: 185)] Ignore 'system task' $finish
W: Verilog-2008: [F:/SocFpga/IP/DataRAM/rtl/ipm2l_spram_v1_8_DataRAM.v(line number: 188)] Ignore 'system task' $display
W: Verilog-2008: [F:/SocFpga/IP/DataRAM/rtl/ipm2l_spram_v1_8_DataRAM.v(line number: 189)] Ignore 'system task' $finish
W: Verilog-2008: [F:/SocFpga/IP/DataRAM/rtl/ipm2l_spram_v1_8_DataRAM.v(line number: 193)] Ignore 'system task' $display
W: Verilog-2008: [F:/SocFpga/IP/DataRAM/rtl/ipm2l_spram_v1_8_DataRAM.v(line number: 194)] Ignore 'system task' $finish
W: Verilog-2008: [F:/SocFpga/IP/DataRAM/rtl/ipm2l_spram_v1_8_DataRAM.v(line number: 197)] Ignore 'system task' $display
W: Verilog-2008: [F:/SocFpga/IP/DataRAM/rtl/ipm2l_spram_v1_8_DataRAM.v(line number: 198)] Ignore 'system task' $finish
Parsing done.
Executing : .rtl_analyze -include_path {F:/SocFpga/project} F:/SocFpga/IP/DataRAM/rtl/ipm2l_spram_v1_8_DataRAM.v successfully.
Executing : .rtl_analyze -include_path {F:/SocFpga/project} F:/SocFpga/IP/DataRAM/DataRAM.v
I: Verilog-0001: Analyzing file F:/SocFpga/IP/DataRAM/DataRAM.v
I: Verilog-0002: [F:/SocFpga/IP/DataRAM/DataRAM.v(line number: 16)] Analyzing module DataRAM (library work)
Parsing done.
Executing : .rtl_analyze -include_path {F:/SocFpga/project} F:/SocFpga/IP/DataRAM/DataRAM.v successfully.
Executing : .rtl_analyze -include_path {F:/SocFpga/project} F:/SocFpga/IP/ddr3_ctrl_v116/rtl/ips2l_rst_sync_v1_3.v
I: Verilog-0001: Analyzing file F:/SocFpga/IP/ddr3_ctrl_v116/rtl/ips2l_rst_sync_v1_3.v
I: Verilog-0002: [F:/SocFpga/IP/ddr3_ctrl_v116/rtl/ips2l_rst_sync_v1_3.v(line number: 10)] Analyzing module ips2l_rst_sync_v1_3 (library work)
Parsing done.
Executing : .rtl_analyze -include_path {F:/SocFpga/project} F:/SocFpga/IP/ddr3_ctrl_v116/rtl/ips2l_rst_sync_v1_3.v successfully.
Executing : .rtl_analyze -include_path {F:/SocFpga/project} F:/SocFpga/IP/ddr3_ctrl_v116/rtl/ddrphy/ips2l_ddrphy_wrlvl_v1_14.vp
I: Verilog-0001: Analyzing file F:/SocFpga/IP/ddr3_ctrl_v116/rtl/ddrphy/ips2l_ddrphy_wrlvl_v1_14.vp
I: Verilog-0002: [F:/SocFpga/IP/ddr3_ctrl_v116/rtl/ddrphy/ips2l_ddrphy_wrlvl_v1_14.vp(line number: 223)] Analyzing module ips2l_ddrphy_wrlvl_v1_14 (library work)
Parsing done.
Executing : .rtl_analyze -include_path {F:/SocFpga/project} F:/SocFpga/IP/ddr3_ctrl_v116/rtl/ddrphy/ips2l_ddrphy_wrlvl_v1_14.vp successfully.
Executing : .rtl_analyze -include_path {F:/SocFpga/project} F:/SocFpga/IP/ddr3_ctrl_v116/rtl/ddrphy/ips2l_ddrphy_wrcal_v1_16.vp
I: Verilog-0001: Analyzing file F:/SocFpga/IP/ddr3_ctrl_v116/rtl/ddrphy/ips2l_ddrphy_wrcal_v1_16.vp
I: Verilog-0002: [F:/SocFpga/IP/ddr3_ctrl_v116/rtl/ddrphy/ips2l_ddrphy_wrcal_v1_16.vp(line number: 554)] Analyzing module ips2l_ddrphy_wrcal_v1_16 (library work)
I: [F:/SocFpga/IP/ddr3_ctrl_v116/rtl/ddrphy/ips2l_ddrphy_wrcal_v1_16.vp(line number: 574)] Convert attribute name from syn_preserve to PAP_PRESERVE
I: [F:/SocFpga/IP/ddr3_ctrl_v116/rtl/ddrphy/ips2l_ddrphy_wrcal_v1_16.vp(line number: 575)] Convert attribute name from syn_preserve to PAP_PRESERVE
Parsing done.
Executing : .rtl_analyze -include_path {F:/SocFpga/project} F:/SocFpga/IP/ddr3_ctrl_v116/rtl/ddrphy/ips2l_ddrphy_wrcal_v1_16.vp successfully.
Executing : .rtl_analyze -include_path {F:/SocFpga/project} F:/SocFpga/IP/ddr3_ctrl_v116/rtl/ddrphy/ips2l_ddrphy_wdata_path_adj_v1_16.vp
I: Verilog-0001: Analyzing file F:/SocFpga/IP/ddr3_ctrl_v116/rtl/ddrphy/ips2l_ddrphy_wdata_path_adj_v1_16.vp
I: Verilog-0002: [F:/SocFpga/IP/ddr3_ctrl_v116/rtl/ddrphy/ips2l_ddrphy_wdata_path_adj_v1_16.vp(line number: 294)] Analyzing module ips2l_ddrphy_wdata_path_adj_v1_16 (library work)
Parsing done.
Executing : .rtl_analyze -include_path {F:/SocFpga/project} F:/SocFpga/IP/ddr3_ctrl_v116/rtl/ddrphy/ips2l_ddrphy_wdata_path_adj_v1_16.vp successfully.
Executing : .rtl_analyze -include_path {F:/SocFpga/project} F:/SocFpga/IP/ddr3_ctrl_v116/rtl/ddrphy/ips2l_ddrphy_upcal_v1_0.vp
I: Verilog-0001: Analyzing file F:/SocFpga/IP/ddr3_ctrl_v116/rtl/ddrphy/ips2l_ddrphy_upcal_v1_0.vp
I: Verilog-0002: [F:/SocFpga/IP/ddr3_ctrl_v116/rtl/ddrphy/ips2l_ddrphy_upcal_v1_0.vp(line number: 185)] Analyzing module ips2l_ddrphy_upcal_v1_0 (library work)
Parsing done.
Executing : .rtl_analyze -include_path {F:/SocFpga/project} F:/SocFpga/IP/ddr3_ctrl_v116/rtl/ddrphy/ips2l_ddrphy_upcal_v1_0.vp successfully.
Executing : .rtl_analyze -include_path {F:/SocFpga/project} F:/SocFpga/IP/ddr3_ctrl_v116/rtl/ddrphy/ips2l_ddrphy_training_ctrl_v1_11.vp
I: Verilog-0001: Analyzing file F:/SocFpga/IP/ddr3_ctrl_v116/rtl/ddrphy/ips2l_ddrphy_training_ctrl_v1_11.vp
I: Verilog-0002: [F:/SocFpga/IP/ddr3_ctrl_v116/rtl/ddrphy/ips2l_ddrphy_training_ctrl_v1_11.vp(line number: 120)] Analyzing module ips2l_ddrphy_training_ctrl_v1_11 (library work)
Parsing done.
Executing : .rtl_analyze -include_path {F:/SocFpga/project} F:/SocFpga/IP/ddr3_ctrl_v116/rtl/ddrphy/ips2l_ddrphy_training_ctrl_v1_11.vp successfully.
Executing : .rtl_analyze -include_path {F:/SocFpga/project} F:/SocFpga/IP/ddr3_ctrl_v116/rtl/ddrphy/ips2l_ddrphy_slice_rddata_align_v1_0.vp
I: Verilog-0001: Analyzing file F:/SocFpga/IP/ddr3_ctrl_v116/rtl/ddrphy/ips2l_ddrphy_slice_rddata_align_v1_0.vp
I: Verilog-0002: [F:/SocFpga/IP/ddr3_ctrl_v116/rtl/ddrphy/ips2l_ddrphy_slice_rddata_align_v1_0.vp(line number: 142)] Analyzing module ips2l_ddrphy_slice_rddata_align_v1_0 (library work)
Parsing done.
Executing : .rtl_analyze -include_path {F:/SocFpga/project} F:/SocFpga/IP/ddr3_ctrl_v116/rtl/ddrphy/ips2l_ddrphy_slice_rddata_align_v1_0.vp successfully.
Executing : .rtl_analyze -include_path {F:/SocFpga/project} F:/SocFpga/IP/ddr3_ctrl_v116/rtl/ddrphy/ips2l_ddrphy_reset_ctrl_v1_14.vp
I: Verilog-0001: Analyzing file F:/SocFpga/IP/ddr3_ctrl_v116/rtl/ddrphy/ips2l_ddrphy_reset_ctrl_v1_14.vp
I: Verilog-0002: [F:/SocFpga/IP/ddr3_ctrl_v116/rtl/ddrphy/ips2l_ddrphy_reset_ctrl_v1_14.vp(line number: 319)] Analyzing module ips2l_ddrphy_reset_ctrl_v1_14 (library work)
I: [F:/SocFpga/IP/ddr3_ctrl_v116/rtl/ddrphy/ips2l_ddrphy_reset_ctrl_v1_14.vp(line number: 350)] Convert attribute name from syn_preserve to PAP_PRESERVE
Parsing done.
Executing : .rtl_analyze -include_path {F:/SocFpga/project} F:/SocFpga/IP/ddr3_ctrl_v116/rtl/ddrphy/ips2l_ddrphy_reset_ctrl_v1_14.vp successfully.
Executing : .rtl_analyze -include_path {F:/SocFpga/project} F:/SocFpga/IP/ddr3_ctrl_v116/rtl/ddrphy/ips2l_ddrphy_rdcal_v1_10.vp
I: Verilog-0001: Analyzing file F:/SocFpga/IP/ddr3_ctrl_v116/rtl/ddrphy/ips2l_ddrphy_rdcal_v1_10.vp
I: Verilog-0002: [F:/SocFpga/IP/ddr3_ctrl_v116/rtl/ddrphy/ips2l_ddrphy_rdcal_v1_10.vp(line number: 784)] Analyzing module ips2l_ddrphy_rdcal_v1_10 (library work)
Parsing done.
Executing : .rtl_analyze -include_path {F:/SocFpga/project} F:/SocFpga/IP/ddr3_ctrl_v116/rtl/ddrphy/ips2l_ddrphy_rdcal_v1_10.vp successfully.
Executing : .rtl_analyze -include_path {F:/SocFpga/project} F:/SocFpga/IP/ddr3_ctrl_v116/rtl/ddrphy/ips2l_ddrphy_main_ctrl_v1_14.vp
I: Verilog-0001: Analyzing file F:/SocFpga/IP/ddr3_ctrl_v116/rtl/ddrphy/ips2l_ddrphy_main_ctrl_v1_14.vp
I: Verilog-0002: [F:/SocFpga/IP/ddr3_ctrl_v116/rtl/ddrphy/ips2l_ddrphy_main_ctrl_v1_14.vp(line number: 273)] Analyzing module ips2l_ddrphy_main_ctrl_v1_14 (library work)
Parsing done.
Executing : .rtl_analyze -include_path {F:/SocFpga/project} F:/SocFpga/IP/ddr3_ctrl_v116/rtl/ddrphy/ips2l_ddrphy_main_ctrl_v1_14.vp successfully.
Executing : .rtl_analyze -include_path {F:/SocFpga/project} F:/SocFpga/IP/ddr3_ctrl_v116/rtl/ddrphy/ips2l_ddrphy_init_v1_0.vp
I: Verilog-0001: Analyzing file F:/SocFpga/IP/ddr3_ctrl_v116/rtl/ddrphy/ips2l_ddrphy_init_v1_0.vp
I: Verilog-0002: [F:/SocFpga/IP/ddr3_ctrl_v116/rtl/ddrphy/ips2l_ddrphy_init_v1_0.vp(line number: 611)] Analyzing module ips2l_ddrphy_init_v1_0 (library work)
Parsing done.
Executing : .rtl_analyze -include_path {F:/SocFpga/project} F:/SocFpga/IP/ddr3_ctrl_v116/rtl/ddrphy/ips2l_ddrphy_init_v1_0.vp successfully.
Executing : .rtl_analyze -include_path {F:/SocFpga/project} F:/SocFpga/IP/ddr3_ctrl_v116/rtl/ddrphy/ips2l_ddrphy_info_v1_0.vp
I: Verilog-0001: Analyzing file F:/SocFpga/IP/ddr3_ctrl_v116/rtl/ddrphy/ips2l_ddrphy_info_v1_0.vp
I: Verilog-0002: [F:/SocFpga/IP/ddr3_ctrl_v116/rtl/ddrphy/ips2l_ddrphy_info_v1_0.vp(line number: 208)] Analyzing module ips2l_ddrphy_info_v1_0 (library work)
Parsing done.
Executing : .rtl_analyze -include_path {F:/SocFpga/project} F:/SocFpga/IP/ddr3_ctrl_v116/rtl/ddrphy/ips2l_ddrphy_info_v1_0.vp successfully.
Executing : .rtl_analyze -include_path {F:/SocFpga/project} F:/SocFpga/IP/ddr3_ctrl_v116/rtl/ddrphy/ips2l_ddrphy_gatecal_v1_14.vp
I: Verilog-0001: Analyzing file F:/SocFpga/IP/ddr3_ctrl_v116/rtl/ddrphy/ips2l_ddrphy_gatecal_v1_14.vp
I: Verilog-0002: [F:/SocFpga/IP/ddr3_ctrl_v116/rtl/ddrphy/ips2l_ddrphy_gatecal_v1_14.vp(line number: 352)] Analyzing module ips2l_ddrphy_gatecal_v1_14 (library work)
Parsing done.
Executing : .rtl_analyze -include_path {F:/SocFpga/project} F:/SocFpga/IP/ddr3_ctrl_v116/rtl/ddrphy/ips2l_ddrphy_gatecal_v1_14.vp successfully.
Executing : .rtl_analyze -include_path {F:/SocFpga/project} F:/SocFpga/IP/ddr3_ctrl_v116/rtl/ddrphy/ips2l_ddrphy_gate_update_ctrl_v1_11.vp
I: Verilog-0001: Analyzing file F:/SocFpga/IP/ddr3_ctrl_v116/rtl/ddrphy/ips2l_ddrphy_gate_update_ctrl_v1_11.vp
I: Verilog-0002: [F:/SocFpga/IP/ddr3_ctrl_v116/rtl/ddrphy/ips2l_ddrphy_gate_update_ctrl_v1_11.vp(line number: 134)] Analyzing module ips2l_ddrphy_gate_update_ctrl_v1_11 (library work)
Parsing done.
Executing : .rtl_analyze -include_path {F:/SocFpga/project} F:/SocFpga/IP/ddr3_ctrl_v116/rtl/ddrphy/ips2l_ddrphy_gate_update_ctrl_v1_11.vp successfully.
Executing : .rtl_analyze -include_path {F:/SocFpga/project} F:/SocFpga/IP/ddr3_ctrl_v116/rtl/ddrphy/ips2l_ddrphy_eyecal_v1_5.vp
I: Verilog-0001: Analyzing file F:/SocFpga/IP/ddr3_ctrl_v116/rtl/ddrphy/ips2l_ddrphy_eyecal_v1_5.vp
I: Verilog-0002: [F:/SocFpga/IP/ddr3_ctrl_v116/rtl/ddrphy/ips2l_ddrphy_eyecal_v1_5.vp(line number: 262)] Analyzing module ips2l_ddrphy_eyecal_v1_5 (library work)
Parsing done.
Executing : .rtl_analyze -include_path {F:/SocFpga/project} F:/SocFpga/IP/ddr3_ctrl_v116/rtl/ddrphy/ips2l_ddrphy_eyecal_v1_5.vp successfully.
Executing : .rtl_analyze -include_path {F:/SocFpga/project} F:/SocFpga/IP/ddr3_ctrl_v116/rtl/ddrphy/ips2l_ddrphy_drift_ctrl_v1_11.vp
I: Verilog-0001: Analyzing file F:/SocFpga/IP/ddr3_ctrl_v116/rtl/ddrphy/ips2l_ddrphy_drift_ctrl_v1_11.vp
I: Verilog-0002: [F:/SocFpga/IP/ddr3_ctrl_v116/rtl/ddrphy/ips2l_ddrphy_drift_ctrl_v1_11.vp(line number: 146)] Analyzing module ips2l_ddrphy_drift_ctrl_v1_11 (library work)
Parsing done.
Executing : .rtl_analyze -include_path {F:/SocFpga/project} F:/SocFpga/IP/ddr3_ctrl_v116/rtl/ddrphy/ips2l_ddrphy_drift_ctrl_v1_11.vp successfully.
Executing : .rtl_analyze -include_path {F:/SocFpga/project} F:/SocFpga/IP/ddr3_ctrl_v116/rtl/ddrphy/ips2l_ddrphy_dqsi_rdel_cal_v1_16.vp
I: Verilog-0001: Analyzing file F:/SocFpga/IP/ddr3_ctrl_v116/rtl/ddrphy/ips2l_ddrphy_dqsi_rdel_cal_v1_16.vp
I: Verilog-0002: [F:/SocFpga/IP/ddr3_ctrl_v116/rtl/ddrphy/ips2l_ddrphy_dqsi_rdel_cal_v1_16.vp(line number: 689)] Analyzing module ips2l_ddrphy_dqsi_rdel_cal_v1_16 (library work)
Parsing done.
Executing : .rtl_analyze -include_path {F:/SocFpga/project} F:/SocFpga/IP/ddr3_ctrl_v116/rtl/ddrphy/ips2l_ddrphy_dqsi_rdel_cal_v1_16.vp successfully.
Executing : .rtl_analyze -include_path {F:/SocFpga/project} F:/SocFpga/IP/ddr3_ctrl_v116/rtl/ddrphy/ips2l_ddrphy_dqs_rddata_align_v1_16.vp
I: Verilog-0001: Analyzing file F:/SocFpga/IP/ddr3_ctrl_v116/rtl/ddrphy/ips2l_ddrphy_dqs_rddata_align_v1_16.vp
I: Verilog-0002: [F:/SocFpga/IP/ddr3_ctrl_v116/rtl/ddrphy/ips2l_ddrphy_dqs_rddata_align_v1_16.vp(line number: 632)] Analyzing module ips2l_ddrphy_dqs_rddata_align_v1_16 (library work)
Parsing done.
Executing : .rtl_analyze -include_path {F:/SocFpga/project} F:/SocFpga/IP/ddr3_ctrl_v116/rtl/ddrphy/ips2l_ddrphy_dqs_rddata_align_v1_16.vp successfully.
Executing : .rtl_analyze -include_path {F:/SocFpga/project} F:/SocFpga/IP/ddr3_ctrl_v116/rtl/ddrphy/ips2l_ddrphy_dqs_gate_coarse_cal_v1_12.vp
I: Verilog-0001: Analyzing file F:/SocFpga/IP/ddr3_ctrl_v116/rtl/ddrphy/ips2l_ddrphy_dqs_gate_coarse_cal_v1_12.vp
I: Verilog-0002: [F:/SocFpga/IP/ddr3_ctrl_v116/rtl/ddrphy/ips2l_ddrphy_dqs_gate_coarse_cal_v1_12.vp(line number: 230)] Analyzing module ips2l_ddrphy_dqs_gate_coarse_cal_v1_12 (library work)
Parsing done.
Executing : .rtl_analyze -include_path {F:/SocFpga/project} F:/SocFpga/IP/ddr3_ctrl_v116/rtl/ddrphy/ips2l_ddrphy_dqs_gate_coarse_cal_v1_12.vp successfully.
Executing : .rtl_analyze -include_path {F:/SocFpga/project} F:/SocFpga/IP/ddr3_ctrl_v116/rtl/ddrphy/ips2l_ddrphy_dll_update_ctrl_v1_14.vp
I: Verilog-0001: Analyzing file F:/SocFpga/IP/ddr3_ctrl_v116/rtl/ddrphy/ips2l_ddrphy_dll_update_ctrl_v1_14.vp
I: Verilog-0002: [F:/SocFpga/IP/ddr3_ctrl_v116/rtl/ddrphy/ips2l_ddrphy_dll_update_ctrl_v1_14.vp(line number: 158)] Analyzing module ips2l_ddrphy_dll_update_ctrl_v1_14 (library work)
Parsing done.
Executing : .rtl_analyze -include_path {F:/SocFpga/project} F:/SocFpga/IP/ddr3_ctrl_v116/rtl/ddrphy/ips2l_ddrphy_dll_update_ctrl_v1_14.vp successfully.
Executing : .rtl_analyze -include_path {F:/SocFpga/project} F:/SocFpga/IP/ddr3_ctrl_v116/rtl/ddrphy/ips2l_ddrphy_dfi_v1_3.vp
I: Verilog-0001: Analyzing file F:/SocFpga/IP/ddr3_ctrl_v116/rtl/ddrphy/ips2l_ddrphy_dfi_v1_3.vp
I: Verilog-0002: [F:/SocFpga/IP/ddr3_ctrl_v116/rtl/ddrphy/ips2l_ddrphy_dfi_v1_3.vp(line number: 354)] Analyzing module ips2l_ddrphy_dfi_v1_3 (library work)
Parsing done.
Executing : .rtl_analyze -include_path {F:/SocFpga/project} F:/SocFpga/IP/ddr3_ctrl_v116/rtl/ddrphy/ips2l_ddrphy_dfi_v1_3.vp successfully.
Executing : .rtl_analyze -include_path {F:/SocFpga/project} F:/SocFpga/IP/ddr3_ctrl_v116/rtl/ddrphy/ips2l_ddrphy_gpll_phase_v1_0.vp
I: Verilog-0001: Analyzing file F:/SocFpga/IP/ddr3_ctrl_v116/rtl/ddrphy/ips2l_ddrphy_gpll_phase_v1_0.vp
I: Verilog-0002: [F:/SocFpga/IP/ddr3_ctrl_v116/rtl/ddrphy/ips2l_ddrphy_gpll_phase_v1_0.vp(line number: 103)] Analyzing module ips2l_ddrphy_gpll_phase_v1_0 (library work)
Parsing done.
Executing : .rtl_analyze -include_path {F:/SocFpga/project} F:/SocFpga/IP/ddr3_ctrl_v116/rtl/ddrphy/ips2l_ddrphy_gpll_phase_v1_0.vp successfully.
Executing : .rtl_analyze -include_path {F:/SocFpga/project} F:/SocFpga/IP/ddr3_ctrl_v116/rtl/ddrphy/ips2l_ddrphy_data_slice_wrlvl_v1_14.vp
I: Verilog-0001: Analyzing file F:/SocFpga/IP/ddr3_ctrl_v116/rtl/ddrphy/ips2l_ddrphy_data_slice_wrlvl_v1_14.vp
I: Verilog-0002: [F:/SocFpga/IP/ddr3_ctrl_v116/rtl/ddrphy/ips2l_ddrphy_data_slice_wrlvl_v1_14.vp(line number: 340)] Analyzing module ips2l_ddrphy_data_slice_wrlvl_v1_14 (library work)
Parsing done.
Executing : .rtl_analyze -include_path {F:/SocFpga/project} F:/SocFpga/IP/ddr3_ctrl_v116/rtl/ddrphy/ips2l_ddrphy_data_slice_wrlvl_v1_14.vp successfully.
Executing : .rtl_analyze -include_path {F:/SocFpga/project} F:/SocFpga/IP/ddr3_ctrl_v116/rtl/ddrphy/ips2l_ddrphy_data_slice_wrcal_v1_16.vp
I: Verilog-0001: Analyzing file F:/SocFpga/IP/ddr3_ctrl_v116/rtl/ddrphy/ips2l_ddrphy_data_slice_wrcal_v1_16.vp
I: Verilog-0002: [F:/SocFpga/IP/ddr3_ctrl_v116/rtl/ddrphy/ips2l_ddrphy_data_slice_wrcal_v1_16.vp(line number: 539)] Analyzing module ips2l_ddrphy_data_slice_wrcal_v1_16 (library work)
Parsing done.
Executing : .rtl_analyze -include_path {F:/SocFpga/project} F:/SocFpga/IP/ddr3_ctrl_v116/rtl/ddrphy/ips2l_ddrphy_data_slice_wrcal_v1_16.vp successfully.
Executing : .rtl_analyze -include_path {F:/SocFpga/project} F:/SocFpga/IP/ddr3_ctrl_v116/rtl/ddrphy/ips2l_ddrphy_data_slice_v1_16.vp
I: Verilog-0001: Analyzing file F:/SocFpga/IP/ddr3_ctrl_v116/rtl/ddrphy/ips2l_ddrphy_data_slice_v1_16.vp
I: Verilog-0002: [F:/SocFpga/IP/ddr3_ctrl_v116/rtl/ddrphy/ips2l_ddrphy_data_slice_v1_16.vp(line number: 603)] Analyzing module ips2l_ddrphy_data_slice_v1_16 (library work)
Parsing done.
Executing : .rtl_analyze -include_path {F:/SocFpga/project} F:/SocFpga/IP/ddr3_ctrl_v116/rtl/ddrphy/ips2l_ddrphy_data_slice_v1_16.vp successfully.
Executing : .rtl_analyze -include_path {F:/SocFpga/project} F:/SocFpga/IP/ddr3_ctrl_v116/rtl/ddrphy/ips2l_ddrphy_data_slice_dqs_gate_cal_v1_14.vp
I: Verilog-0001: Analyzing file F:/SocFpga/IP/ddr3_ctrl_v116/rtl/ddrphy/ips2l_ddrphy_data_slice_dqs_gate_cal_v1_14.vp
I: Verilog-0002: [F:/SocFpga/IP/ddr3_ctrl_v116/rtl/ddrphy/ips2l_ddrphy_data_slice_dqs_gate_cal_v1_14.vp(line number: 158)] Analyzing module ips2l_ddrphy_data_slice_dqs_gate_cal_v1_14 (library work)
Parsing done.
Executing : .rtl_analyze -include_path {F:/SocFpga/project} F:/SocFpga/IP/ddr3_ctrl_v116/rtl/ddrphy/ips2l_ddrphy_data_slice_dqs_gate_cal_v1_14.vp successfully.
Executing : .rtl_analyze -include_path {F:/SocFpga/project} F:/SocFpga/IP/ddr3_ctrl_v116/rtl/ddrphy/ips2l_ddrphy_cpd_ctrl_v1_3.vp
I: Verilog-0001: Analyzing file F:/SocFpga/IP/ddr3_ctrl_v116/rtl/ddrphy/ips2l_ddrphy_cpd_ctrl_v1_3.vp
I: Verilog-0002: [F:/SocFpga/IP/ddr3_ctrl_v116/rtl/ddrphy/ips2l_ddrphy_cpd_ctrl_v1_3.vp(line number: 216)] Analyzing module ips2l_ddrphy_cpd_ctrl_v1_3 (library work)
Parsing done.
Executing : .rtl_analyze -include_path {F:/SocFpga/project} F:/SocFpga/IP/ddr3_ctrl_v116/rtl/ddrphy/ips2l_ddrphy_cpd_ctrl_v1_3.vp successfully.
Executing : .rtl_analyze -include_path {F:/SocFpga/project} F:/SocFpga/IP/ddr3_ctrl_v116/rtl/ddrphy/ips2l_ddrphy_cpd_lock_v1_0.vp
I: Verilog-0001: Analyzing file F:/SocFpga/IP/ddr3_ctrl_v116/rtl/ddrphy/ips2l_ddrphy_cpd_lock_v1_0.vp
I: Verilog-0002: [F:/SocFpga/IP/ddr3_ctrl_v116/rtl/ddrphy/ips2l_ddrphy_cpd_lock_v1_0.vp(line number: 105)] Analyzing module ips2l_ddrphy_cpd_lock_v1_0 (library work)
Parsing done.
Executing : .rtl_analyze -include_path {F:/SocFpga/project} F:/SocFpga/IP/ddr3_ctrl_v116/rtl/ddrphy/ips2l_ddrphy_cpd_lock_v1_0.vp successfully.
Executing : .rtl_analyze -include_path {F:/SocFpga/project} F:/SocFpga/IP/ddr3_ctrl_v116/rtl/ddrphy/ips2l_ddrphy_control_path_adj_v1_16.vp
I: Verilog-0001: Analyzing file F:/SocFpga/IP/ddr3_ctrl_v116/rtl/ddrphy/ips2l_ddrphy_control_path_adj_v1_16.vp
I: Verilog-0002: [F:/SocFpga/IP/ddr3_ctrl_v116/rtl/ddrphy/ips2l_ddrphy_control_path_adj_v1_16.vp(line number: 168)] Analyzing module ips2l_ddrphy_control_path_adj_v1_16 (library work)
Parsing done.
Executing : .rtl_analyze -include_path {F:/SocFpga/project} F:/SocFpga/IP/ddr3_ctrl_v116/rtl/ddrphy/ips2l_ddrphy_control_path_adj_v1_16.vp successfully.
Executing : .rtl_analyze -include_path {F:/SocFpga/project} F:/SocFpga/IP/ddr3_ctrl_v116/rtl/ddrphy/ips2l_ddrphy_calib_top_v1_16.vp
I: Verilog-0001: Analyzing file F:/SocFpga/IP/ddr3_ctrl_v116/rtl/ddrphy/ips2l_ddrphy_calib_top_v1_16.vp
I: Verilog-0002: [F:/SocFpga/IP/ddr3_ctrl_v116/rtl/ddrphy/ips2l_ddrphy_calib_top_v1_16.vp(line number: 455)] Analyzing module ips2l_ddrphy_calib_top_v1_16 (library work)
Parsing done.
Executing : .rtl_analyze -include_path {F:/SocFpga/project} F:/SocFpga/IP/ddr3_ctrl_v116/rtl/ddrphy/ips2l_ddrphy_calib_top_v1_16.vp successfully.
Executing : .rtl_analyze -include_path {F:/SocFpga/project} F:/SocFpga/IP/ddr3_ctrl_v116/rtl/ddrphy/ips2l_ddrphy_calib_mux_v1_0.vp
I: Verilog-0001: Analyzing file F:/SocFpga/IP/ddr3_ctrl_v116/rtl/ddrphy/ips2l_ddrphy_calib_mux_v1_0.vp
I: Verilog-0002: [F:/SocFpga/IP/ddr3_ctrl_v116/rtl/ddrphy/ips2l_ddrphy_calib_mux_v1_0.vp(line number: 233)] Analyzing module ips2l_ddrphy_calib_mux_v1_0 (library work)
Parsing done.
Executing : .rtl_analyze -include_path {F:/SocFpga/project} F:/SocFpga/IP/ddr3_ctrl_v116/rtl/ddrphy/ips2l_ddrphy_calib_mux_v1_0.vp successfully.
Executing : .rtl_analyze -include_path {F:/SocFpga/project} F:/SocFpga/IP/ddr3_ctrl_v116/rtl/ddrphy/ips2l_ddrphy_rst_debounce_v1_0.vp
I: Verilog-0001: Analyzing file F:/SocFpga/IP/ddr3_ctrl_v116/rtl/ddrphy/ips2l_ddrphy_rst_debounce_v1_0.vp
I: Verilog-0002: [F:/SocFpga/IP/ddr3_ctrl_v116/rtl/ddrphy/ips2l_ddrphy_rst_debounce_v1_0.vp(line number: 118)] Analyzing module ips2l_ddrphy_rst_debounce_v1_0 (library work)
Parsing done.
Executing : .rtl_analyze -include_path {F:/SocFpga/project} F:/SocFpga/IP/ddr3_ctrl_v116/rtl/ddrphy/ips2l_ddrphy_rst_debounce_v1_0.vp successfully.
Executing : .rtl_analyze -include_path {F:/SocFpga/project} F:/SocFpga/IP/ddr3_ctrl_v116/rtl/ddrphy/ips2l_ddrphy_rst_clk_phase_adj_v1_14.vp
I: Verilog-0001: Analyzing file F:/SocFpga/IP/ddr3_ctrl_v116/rtl/ddrphy/ips2l_ddrphy_rst_clk_phase_adj_v1_14.vp
I: Verilog-0002: [F:/SocFpga/IP/ddr3_ctrl_v116/rtl/ddrphy/ips2l_ddrphy_rst_clk_phase_adj_v1_14.vp(line number: 205)] Analyzing module ips2l_ddrphy_rst_clk_phase_adj_v1_14 (library work)
Parsing done.
Executing : .rtl_analyze -include_path {F:/SocFpga/project} F:/SocFpga/IP/ddr3_ctrl_v116/rtl/ddrphy/ips2l_ddrphy_rst_clk_phase_adj_v1_14.vp successfully.
Executing : .rtl_analyze -include_path {F:/SocFpga/project} F:/SocFpga/IP/ddr3_ctrl_v116/rtl/ddrphy/ips2l_ddrphy_check_ppll_out_sync_point_v1_14.vp
I: Verilog-0001: Analyzing file F:/SocFpga/IP/ddr3_ctrl_v116/rtl/ddrphy/ips2l_ddrphy_check_ppll_out_sync_point_v1_14.vp
I: Verilog-0002: [F:/SocFpga/IP/ddr3_ctrl_v116/rtl/ddrphy/ips2l_ddrphy_check_ppll_out_sync_point_v1_14.vp(line number: 277)] Analyzing module ips2l_ddrphy_check_ppll_out_sync_point_v1_14 (library work)
Parsing done.
Executing : .rtl_analyze -include_path {F:/SocFpga/project} F:/SocFpga/IP/ddr3_ctrl_v116/rtl/ddrphy/ips2l_ddrphy_check_ppll_out_sync_point_v1_14.vp successfully.
Executing : .rtl_analyze -include_path {F:/SocFpga/project} F:/SocFpga/IP/ddr3_ctrl_v116/rtl/pll/ips2l_ddrphy_gpll_v1_3.v
I: Verilog-0001: Analyzing file F:/SocFpga/IP/ddr3_ctrl_v116/rtl/pll/ips2l_ddrphy_gpll_v1_3.v
I: Verilog-0002: [F:/SocFpga/IP/ddr3_ctrl_v116/rtl/pll/ips2l_ddrphy_gpll_v1_3.v(line number: 10)] Analyzing module ips2l_ddrphy_gpll_v1_3 (library work)
W: Verilog-2006: [F:/SocFpga/IP/ddr3_ctrl_v116/rtl/pll/ips2l_ddrphy_gpll_v1_3.v(line number: 37)] Ansi_parameter force parameter in body to localparam
W: Verilog-2006: [F:/SocFpga/IP/ddr3_ctrl_v116/rtl/pll/ips2l_ddrphy_gpll_v1_3.v(line number: 38)] Ansi_parameter force parameter in body to localparam
W: Verilog-2006: [F:/SocFpga/IP/ddr3_ctrl_v116/rtl/pll/ips2l_ddrphy_gpll_v1_3.v(line number: 39)] Ansi_parameter force parameter in body to localparam
W: Verilog-2006: [F:/SocFpga/IP/ddr3_ctrl_v116/rtl/pll/ips2l_ddrphy_gpll_v1_3.v(line number: 40)] Ansi_parameter force parameter in body to localparam
W: Verilog-2006: [F:/SocFpga/IP/ddr3_ctrl_v116/rtl/pll/ips2l_ddrphy_gpll_v1_3.v(line number: 41)] Ansi_parameter force parameter in body to localparam
Parsing done.
Executing : .rtl_analyze -include_path {F:/SocFpga/project} F:/SocFpga/IP/ddr3_ctrl_v116/rtl/pll/ips2l_ddrphy_gpll_v1_3.v successfully.
Executing : .rtl_analyze -include_path {F:/SocFpga/project} F:/SocFpga/IP/ddr3_ctrl_v116/rtl/pll/ips2l_ddrphy_ppll_v1_0.v
I: Verilog-0001: Analyzing file F:/SocFpga/IP/ddr3_ctrl_v116/rtl/pll/ips2l_ddrphy_ppll_v1_0.v
I: Verilog-0002: [F:/SocFpga/IP/ddr3_ctrl_v116/rtl/pll/ips2l_ddrphy_ppll_v1_0.v(line number: 10)] Analyzing module ips2l_ddrphy_ppll_v1_0 (library work)
W: Verilog-2006: [F:/SocFpga/IP/ddr3_ctrl_v116/rtl/pll/ips2l_ddrphy_ppll_v1_0.v(line number: 29)] Ansi_parameter force parameter in body to localparam
W: Verilog-2006: [F:/SocFpga/IP/ddr3_ctrl_v116/rtl/pll/ips2l_ddrphy_ppll_v1_0.v(line number: 30)] Ansi_parameter force parameter in body to localparam
W: Verilog-2006: [F:/SocFpga/IP/ddr3_ctrl_v116/rtl/pll/ips2l_ddrphy_ppll_v1_0.v(line number: 31)] Ansi_parameter force parameter in body to localparam
W: Verilog-2006: [F:/SocFpga/IP/ddr3_ctrl_v116/rtl/pll/ips2l_ddrphy_ppll_v1_0.v(line number: 32)] Ansi_parameter force parameter in body to localparam
W: Verilog-2006: [F:/SocFpga/IP/ddr3_ctrl_v116/rtl/pll/ips2l_ddrphy_ppll_v1_0.v(line number: 33)] Ansi_parameter force parameter in body to localparam
Parsing done.
Executing : .rtl_analyze -include_path {F:/SocFpga/project} F:/SocFpga/IP/ddr3_ctrl_v116/rtl/pll/ips2l_ddrphy_ppll_v1_0.v successfully.
Executing : .rtl_analyze -include_path {F:/SocFpga/project} F:/SocFpga/IP/ddr3_ctrl_v116/rtl/mcdq/axi/ips2l_bresp_fifo_v1_5.vp
I: Verilog-0001: Analyzing file F:/SocFpga/IP/ddr3_ctrl_v116/rtl/mcdq/axi/ips2l_bresp_fifo_v1_5.vp
I: Verilog-0002: [F:/SocFpga/IP/ddr3_ctrl_v116/rtl/mcdq/axi/ips2l_bresp_fifo_v1_5.vp(line number: 204)] Analyzing module ips2l_bresp_fifo_v1_5 (library work)
Parsing done.
Executing : .rtl_analyze -include_path {F:/SocFpga/project} F:/SocFpga/IP/ddr3_ctrl_v116/rtl/mcdq/axi/ips2l_bresp_fifo_v1_5.vp successfully.
Executing : .rtl_analyze -include_path {F:/SocFpga/project} F:/SocFpga/IP/ddr3_ctrl_v116/rtl/mcdq/axi/ips2l_cmd_align_fifo_v1_5.vp
I: Verilog-0001: Analyzing file F:/SocFpga/IP/ddr3_ctrl_v116/rtl/mcdq/axi/ips2l_cmd_align_fifo_v1_5.vp
I: Verilog-0002: [F:/SocFpga/IP/ddr3_ctrl_v116/rtl/mcdq/axi/ips2l_cmd_align_fifo_v1_5.vp(line number: 207)] Analyzing module ips2l_cmd_align_fifo_v1_5 (library work)
Parsing done.
Executing : .rtl_analyze -include_path {F:/SocFpga/project} F:/SocFpga/IP/ddr3_ctrl_v116/rtl/mcdq/axi/ips2l_cmd_align_fifo_v1_5.vp successfully.
Executing : .rtl_analyze -include_path {F:/SocFpga/project} F:/SocFpga/IP/ddr3_ctrl_v116/rtl/mcdq/axi/ips2l_cmd_fifo_v1_5.vp
I: Verilog-0001: Analyzing file F:/SocFpga/IP/ddr3_ctrl_v116/rtl/mcdq/axi/ips2l_cmd_fifo_v1_5.vp
I: Verilog-0002: [F:/SocFpga/IP/ddr3_ctrl_v116/rtl/mcdq/axi/ips2l_cmd_fifo_v1_5.vp(line number: 207)] Analyzing module ips2l_cmd_fifo_v1_5 (library work)
Parsing done.
Executing : .rtl_analyze -include_path {F:/SocFpga/project} F:/SocFpga/IP/ddr3_ctrl_v116/rtl/mcdq/axi/ips2l_cmd_fifo_v1_5.vp successfully.
Executing : .rtl_analyze -include_path {F:/SocFpga/project} F:/SocFpga/IP/ddr3_ctrl_v116/rtl/mcdq/axi/ips2l_mcdq_axi_bresp_buf_v1_5.vp
I: Verilog-0001: Analyzing file F:/SocFpga/IP/ddr3_ctrl_v116/rtl/mcdq/axi/ips2l_mcdq_axi_bresp_buf_v1_5.vp
I: Verilog-0002: [F:/SocFpga/IP/ddr3_ctrl_v116/rtl/mcdq/axi/ips2l_mcdq_axi_bresp_buf_v1_5.vp(line number: 103)] Analyzing module ips2l_mcdq_axi_bresp_buf_v1_5 (library work)
Parsing done.
Executing : .rtl_analyze -include_path {F:/SocFpga/project} F:/SocFpga/IP/ddr3_ctrl_v116/rtl/mcdq/axi/ips2l_mcdq_axi_bresp_buf_v1_5.vp successfully.
Executing : .rtl_analyze -include_path {F:/SocFpga/project} F:/SocFpga/IP/ddr3_ctrl_v116/rtl/mcdq/axi/ips2l_mcdq_axi_buf_v1_5.vp
I: Verilog-0001: Analyzing file F:/SocFpga/IP/ddr3_ctrl_v116/rtl/mcdq/axi/ips2l_mcdq_axi_buf_v1_5.vp
I: Verilog-0002: [F:/SocFpga/IP/ddr3_ctrl_v116/rtl/mcdq/axi/ips2l_mcdq_axi_buf_v1_5.vp(line number: 202)] Analyzing module ips2l_mcdq_axi_buf_v1_5 (library work)
Parsing done.
Executing : .rtl_analyze -include_path {F:/SocFpga/project} F:/SocFpga/IP/ddr3_ctrl_v116/rtl/mcdq/axi/ips2l_mcdq_axi_buf_v1_5.vp successfully.
Executing : .rtl_analyze -include_path {F:/SocFpga/project} F:/SocFpga/IP/ddr3_ctrl_v116/rtl/mcdq/axi/ips2l_mcdq_axi_channel_v1_6.vp
I: Verilog-0001: Analyzing file F:/SocFpga/IP/ddr3_ctrl_v116/rtl/mcdq/axi/ips2l_mcdq_axi_channel_v1_6.vp
I: Verilog-0002: [F:/SocFpga/IP/ddr3_ctrl_v116/rtl/mcdq/axi/ips2l_mcdq_axi_channel_v1_6.vp(line number: 266)] Analyzing module ips2l_mcdq_axi_channel_v1_6 (library work)
W: Verilog-2006: [F:/SocFpga/IP/ddr3_ctrl_v116/rtl/mcdq/axi/ips2l_mcdq_axi_channel_v1_6.vp(line number: 330)] Ansi_parameter force parameter in body to localparam
W: Verilog-2006: [F:/SocFpga/IP/ddr3_ctrl_v116/rtl/mcdq/axi/ips2l_mcdq_axi_channel_v1_6.vp(line number: 331)] Ansi_parameter force parameter in body to localparam
Parsing done.
Executing : .rtl_analyze -include_path {F:/SocFpga/project} F:/SocFpga/IP/ddr3_ctrl_v116/rtl/mcdq/axi/ips2l_mcdq_axi_channel_v1_6.vp successfully.
Executing : .rtl_analyze -include_path {F:/SocFpga/project} F:/SocFpga/IP/ddr3_ctrl_v116/rtl/mcdq/axi/ips2l_mcdq_axi_cmd_arb_v1_5a.vp
I: Verilog-0001: Analyzing file F:/SocFpga/IP/ddr3_ctrl_v116/rtl/mcdq/axi/ips2l_mcdq_axi_cmd_arb_v1_5a.vp
I: Verilog-0002: [F:/SocFpga/IP/ddr3_ctrl_v116/rtl/mcdq/axi/ips2l_mcdq_axi_cmd_arb_v1_5a.vp(line number: 201)] Analyzing module ips2l_mcdq_axi_cmd_arb_v1_5a (library work)
Parsing done.
Executing : .rtl_analyze -include_path {F:/SocFpga/project} F:/SocFpga/IP/ddr3_ctrl_v116/rtl/mcdq/axi/ips2l_mcdq_axi_cmd_arb_v1_5a.vp successfully.
Executing : .rtl_analyze -include_path {F:/SocFpga/project} F:/SocFpga/IP/ddr3_ctrl_v116/rtl/mcdq/axi/ips2l_mcdq_axi_dec_v1_5.vp
I: Verilog-0001: Analyzing file F:/SocFpga/IP/ddr3_ctrl_v116/rtl/mcdq/axi/ips2l_mcdq_axi_dec_v1_5.vp
I: Verilog-0002: [F:/SocFpga/IP/ddr3_ctrl_v116/rtl/mcdq/axi/ips2l_mcdq_axi_dec_v1_5.vp(line number: 209)] Analyzing module ips2l_mcdq_axi_dec_v1_5 (library work)
Parsing done.
Executing : .rtl_analyze -include_path {F:/SocFpga/project} F:/SocFpga/IP/ddr3_ctrl_v116/rtl/mcdq/axi/ips2l_mcdq_axi_dec_v1_5.vp successfully.
Executing : .rtl_analyze -include_path {F:/SocFpga/project} F:/SocFpga/IP/ddr3_ctrl_v116/rtl/mcdq/axi/ips2l_mcdq_axi_mc_v1_6.vp
I: Verilog-0001: Analyzing file F:/SocFpga/IP/ddr3_ctrl_v116/rtl/mcdq/axi/ips2l_mcdq_axi_mc_v1_6.vp
I: Verilog-0002: [F:/SocFpga/IP/ddr3_ctrl_v116/rtl/mcdq/axi/ips2l_mcdq_axi_mc_v1_6.vp(line number: 312)] Analyzing module ips2l_mcdq_axi_mc_v1_6 (library work)
I: [F:/SocFpga/IP/ddr3_ctrl_v116/rtl/mcdq/axi/ips2l_mcdq_axi_mc_v1_6.vp(line number: 395)] Convert attribute name from syn_maxfan to PAP_MAX_FANOUT
W: Verilog-2006: [F:/SocFpga/IP/ddr3_ctrl_v116/rtl/mcdq/axi/ips2l_mcdq_axi_mc_v1_6.vp(line number: 380)] Ansi_parameter force parameter in body to localparam
W: Verilog-2006: [F:/SocFpga/IP/ddr3_ctrl_v116/rtl/mcdq/axi/ips2l_mcdq_axi_mc_v1_6.vp(line number: 381)] Ansi_parameter force parameter in body to localparam
Parsing done.
Executing : .rtl_analyze -include_path {F:/SocFpga/project} F:/SocFpga/IP/ddr3_ctrl_v116/rtl/mcdq/axi/ips2l_mcdq_axi_mc_v1_6.vp successfully.
Executing : .rtl_analyze -include_path {F:/SocFpga/project} F:/SocFpga/IP/ddr3_ctrl_v116/rtl/mcdq/axi/ips2l_mcdq_axi_rdata_align_v1_6.vp
I: Verilog-0001: Analyzing file F:/SocFpga/IP/ddr3_ctrl_v116/rtl/mcdq/axi/ips2l_mcdq_axi_rdata_align_v1_6.vp
I: Verilog-0002: [F:/SocFpga/IP/ddr3_ctrl_v116/rtl/mcdq/axi/ips2l_mcdq_axi_rdata_align_v1_6.vp(line number: 490)] Analyzing module ips2l_mcdq_axi_rdata_align_v1_6 (library work)
W: Verilog-2006: [F:/SocFpga/IP/ddr3_ctrl_v116/rtl/mcdq/axi/ips2l_mcdq_axi_rdata_align_v1_6.vp(line number: 521)] Ansi_parameter force parameter in body to localparam
W: Verilog-2006: [F:/SocFpga/IP/ddr3_ctrl_v116/rtl/mcdq/axi/ips2l_mcdq_axi_rdata_align_v1_6.vp(line number: 522)] Ansi_parameter force parameter in body to localparam
W: Verilog-2006: [F:/SocFpga/IP/ddr3_ctrl_v116/rtl/mcdq/axi/ips2l_mcdq_axi_rdata_align_v1_6.vp(line number: 523)] Ansi_parameter force parameter in body to localparam
Parsing done.
Executing : .rtl_analyze -include_path {F:/SocFpga/project} F:/SocFpga/IP/ddr3_ctrl_v116/rtl/mcdq/axi/ips2l_mcdq_axi_rdata_align_v1_6.vp successfully.
Executing : .rtl_analyze -include_path {F:/SocFpga/project} F:/SocFpga/IP/ddr3_ctrl_v116/rtl/mcdq/axi/ips2l_mcdq_axi_rdata_arrange_v1_5.vp
I: Verilog-0001: Analyzing file F:/SocFpga/IP/ddr3_ctrl_v116/rtl/mcdq/axi/ips2l_mcdq_axi_rdata_arrange_v1_5.vp
I: Verilog-0002: [F:/SocFpga/IP/ddr3_ctrl_v116/rtl/mcdq/axi/ips2l_mcdq_axi_rdata_arrange_v1_5.vp(line number: 332)] Analyzing module ips2l_mcdq_axi_rdata_arrange_v1_5 (library work)
I: [F:/SocFpga/IP/ddr3_ctrl_v116/rtl/mcdq/axi/ips2l_mcdq_axi_rdata_arrange_v1_5.vp(line number: 380)] Convert attribute name from syn_maxfan to PAP_MAX_FANOUT
W: Verilog-2006: [F:/SocFpga/IP/ddr3_ctrl_v116/rtl/mcdq/axi/ips2l_mcdq_axi_rdata_arrange_v1_5.vp(line number: 355)] Ansi_parameter force parameter in body to localparam
W: Verilog-2006: [F:/SocFpga/IP/ddr3_ctrl_v116/rtl/mcdq/axi/ips2l_mcdq_axi_rdata_arrange_v1_5.vp(line number: 360)] Ansi_parameter force parameter in body to localparam
Parsing done.
Executing : .rtl_analyze -include_path {F:/SocFpga/project} F:/SocFpga/IP/ddr3_ctrl_v116/rtl/mcdq/axi/ips2l_mcdq_axi_rdata_arrange_v1_5.vp successfully.
Executing : .rtl_analyze -include_path {F:/SocFpga/project} F:/SocFpga/IP/ddr3_ctrl_v116/rtl/mcdq/axi/ips2l_mcdq_axi_wdata_align_v1_5.vp
I: Verilog-0001: Analyzing file F:/SocFpga/IP/ddr3_ctrl_v116/rtl/mcdq/axi/ips2l_mcdq_axi_wdata_align_v1_5.vp
I: Verilog-0002: [F:/SocFpga/IP/ddr3_ctrl_v116/rtl/mcdq/axi/ips2l_mcdq_axi_wdata_align_v1_5.vp(line number: 662)] Analyzing module ips2l_mcdq_axi_wdata_align_v1_5 (library work)
I: [F:/SocFpga/IP/ddr3_ctrl_v116/rtl/mcdq/axi/ips2l_mcdq_axi_wdata_align_v1_5.vp(line number: 727)] Convert attribute name from syn_maxfan to PAP_MAX_FANOUT
I: [F:/SocFpga/IP/ddr3_ctrl_v116/rtl/mcdq/axi/ips2l_mcdq_axi_wdata_align_v1_5.vp(line number: 732)] Convert attribute name from syn_maxfan to PAP_MAX_FANOUT
W: Verilog-2006: [F:/SocFpga/IP/ddr3_ctrl_v116/rtl/mcdq/axi/ips2l_mcdq_axi_wdata_align_v1_5.vp(line number: 694)] Ansi_parameter force parameter in body to localparam
W: Verilog-2006: [F:/SocFpga/IP/ddr3_ctrl_v116/rtl/mcdq/axi/ips2l_mcdq_axi_wdata_align_v1_5.vp(line number: 695)] Ansi_parameter force parameter in body to localparam
W: Verilog-2006: [F:/SocFpga/IP/ddr3_ctrl_v116/rtl/mcdq/axi/ips2l_mcdq_axi_wdata_align_v1_5.vp(line number: 696)] Ansi_parameter force parameter in body to localparam
Parsing done.
Executing : .rtl_analyze -include_path {F:/SocFpga/project} F:/SocFpga/IP/ddr3_ctrl_v116/rtl/mcdq/axi/ips2l_mcdq_axi_wdata_align_v1_5.vp successfully.
Executing : .rtl_analyze -include_path {F:/SocFpga/project} F:/SocFpga/IP/ddr3_ctrl_v116/rtl/mcdq/axi/ips2l_rddata_fifo_v1_5.vp
I: Verilog-0001: Analyzing file F:/SocFpga/IP/ddr3_ctrl_v116/rtl/mcdq/axi/ips2l_rddata_fifo_v1_5.vp
I: Verilog-0002: [F:/SocFpga/IP/ddr3_ctrl_v116/rtl/mcdq/axi/ips2l_rddata_fifo_v1_5.vp(line number: 216)] Analyzing module ips2l_rddata_fifo_v1_5 (library work)
I: [F:/SocFpga/IP/ddr3_ctrl_v116/rtl/mcdq/axi/ips2l_rddata_fifo_v1_5.vp(line number: 221)] Convert attribute name from syn_maxfan to PAP_MAX_FANOUT
I: [F:/SocFpga/IP/ddr3_ctrl_v116/rtl/mcdq/axi/ips2l_rddata_fifo_v1_5.vp(line number: 221)] Convert attribute name from syn_maxfan to PAP_MAX_FANOUT
Parsing done.
Executing : .rtl_analyze -include_path {F:/SocFpga/project} F:/SocFpga/IP/ddr3_ctrl_v116/rtl/mcdq/axi/ips2l_rddata_fifo_v1_5.vp successfully.
Executing : .rtl_analyze -include_path {F:/SocFpga/project} F:/SocFpga/IP/ddr3_ctrl_v116/rtl/mcdq/axi/ips2l_rdata_align_fifo_v1_5.vp
I: Verilog-0001: Analyzing file F:/SocFpga/IP/ddr3_ctrl_v116/rtl/mcdq/axi/ips2l_rdata_align_fifo_v1_5.vp
I: Verilog-0002: [F:/SocFpga/IP/ddr3_ctrl_v116/rtl/mcdq/axi/ips2l_rdata_align_fifo_v1_5.vp(line number: 257)] Analyzing module ips2l_rdata_align_fifo_v1_5 (library work)
Parsing done.
Executing : .rtl_analyze -include_path {F:/SocFpga/project} F:/SocFpga/IP/ddr3_ctrl_v116/rtl/mcdq/axi/ips2l_rdata_align_fifo_v1_5.vp successfully.
Executing : .rtl_analyze -include_path {F:/SocFpga/project} F:/SocFpga/IP/ddr3_ctrl_v116/rtl/mcdq/axi/ips2l_wdata_align_fifo_v1_5.vp
I: Verilog-0001: Analyzing file F:/SocFpga/IP/ddr3_ctrl_v116/rtl/mcdq/axi/ips2l_wdata_align_fifo_v1_5.vp
I: Verilog-0002: [F:/SocFpga/IP/ddr3_ctrl_v116/rtl/mcdq/axi/ips2l_wdata_align_fifo_v1_5.vp(line number: 303)] Analyzing module ips2l_wdata_align_fifo_v1_5 (library work)
I: [F:/SocFpga/IP/ddr3_ctrl_v116/rtl/mcdq/axi/ips2l_wdata_align_fifo_v1_5.vp(line number: 308)] Convert attribute name from syn_maxfan to PAP_MAX_FANOUT
I: [F:/SocFpga/IP/ddr3_ctrl_v116/rtl/mcdq/axi/ips2l_wdata_align_fifo_v1_5.vp(line number: 318)] Convert attribute name from syn_maxfan to PAP_MAX_FANOUT
Parsing done.
Executing : .rtl_analyze -include_path {F:/SocFpga/project} F:/SocFpga/IP/ddr3_ctrl_v116/rtl/mcdq/axi/ips2l_wdata_align_fifo_v1_5.vp successfully.
Executing : .rtl_analyze -include_path {F:/SocFpga/project} F:/SocFpga/IP/ddr3_ctrl_v116/rtl/mcdq/axi/ips2l_wdata_fifo_v1_5.vp
I: Verilog-0001: Analyzing file F:/SocFpga/IP/ddr3_ctrl_v116/rtl/mcdq/axi/ips2l_wdata_fifo_v1_5.vp
I: Verilog-0002: [F:/SocFpga/IP/ddr3_ctrl_v116/rtl/mcdq/axi/ips2l_wdata_fifo_v1_5.vp(line number: 307)] Analyzing module ips2l_wdata_fifo_v1_5 (library work)
I: [F:/SocFpga/IP/ddr3_ctrl_v116/rtl/mcdq/axi/ips2l_wdata_fifo_v1_5.vp(line number: 312)] Convert attribute name from syn_maxfan to PAP_MAX_FANOUT
I: [F:/SocFpga/IP/ddr3_ctrl_v116/rtl/mcdq/axi/ips2l_wdata_fifo_v1_5.vp(line number: 322)] Convert attribute name from syn_maxfan to PAP_MAX_FANOUT
Parsing done.
Executing : .rtl_analyze -include_path {F:/SocFpga/project} F:/SocFpga/IP/ddr3_ctrl_v116/rtl/mcdq/axi/ips2l_wdata_fifo_v1_5.vp successfully.
Executing : .rtl_analyze -include_path {F:/SocFpga/project} F:/SocFpga/IP/ddr3_ctrl_v116/rtl/mcdq/axi/ips2l_mcdq_ui_axi_v1_5a.vp
I: Verilog-0001: Analyzing file F:/SocFpga/IP/ddr3_ctrl_v116/rtl/mcdq/axi/ips2l_mcdq_ui_axi_v1_5a.vp
I: Verilog-0002: [F:/SocFpga/IP/ddr3_ctrl_v116/rtl/mcdq/axi/ips2l_mcdq_ui_axi_v1_5a.vp(line number: 305)] Analyzing module ips2l_mcdq_ui_axi_v1_5a (library work)
Parsing done.
Executing : .rtl_analyze -include_path {F:/SocFpga/project} F:/SocFpga/IP/ddr3_ctrl_v116/rtl/mcdq/axi/ips2l_mcdq_ui_axi_v1_5a.vp successfully.
Executing : .rtl_analyze -include_path {F:/SocFpga/project} F:/SocFpga/IP/ddr3_ctrl_v116/rtl/mcdq/axi/ips2l_mcdq_reg_fifo2_v1_5.vp
I: Verilog-0001: Analyzing file F:/SocFpga/IP/ddr3_ctrl_v116/rtl/mcdq/axi/ips2l_mcdq_reg_fifo2_v1_5.vp
I: Verilog-0002: [F:/SocFpga/IP/ddr3_ctrl_v116/rtl/mcdq/axi/ips2l_mcdq_reg_fifo2_v1_5.vp(line number: 113)] Analyzing module ips2l_mcdq_reg_fifo2_v1_5 (library work)
I: [F:/SocFpga/IP/ddr3_ctrl_v116/rtl/mcdq/axi/ips2l_mcdq_reg_fifo2_v1_5.vp(line number: 133)] Convert attribute name from syn_maxfan to PAP_MAX_FANOUT
I: [F:/SocFpga/IP/ddr3_ctrl_v116/rtl/mcdq/axi/ips2l_mcdq_reg_fifo2_v1_5.vp(line number: 134)] Convert attribute name from syn_maxfan to PAP_MAX_FANOUT
Parsing done.
Executing : .rtl_analyze -include_path {F:/SocFpga/project} F:/SocFpga/IP/ddr3_ctrl_v116/rtl/mcdq/axi/ips2l_mcdq_reg_fifo2_v1_5.vp successfully.
Executing : .rtl_analyze -include_path {F:/SocFpga/project} F:/SocFpga/IP/ddr3_ctrl_v116/rtl/mcdq/distributed_fifo/ips2l_distributed_fifo_v1_0.vp
I: Verilog-0001: Analyzing file F:/SocFpga/IP/ddr3_ctrl_v116/rtl/mcdq/distributed_fifo/ips2l_distributed_fifo_v1_0.vp
I: Verilog-0002: [F:/SocFpga/IP/ddr3_ctrl_v116/rtl/mcdq/distributed_fifo/ips2l_distributed_fifo_v1_0.vp(line number: 164)] Analyzing module ips2l_distributed_fifo_v1_0 (library work)
Parsing done.
Executing : .rtl_analyze -include_path {F:/SocFpga/project} F:/SocFpga/IP/ddr3_ctrl_v116/rtl/mcdq/distributed_fifo/ips2l_distributed_fifo_v1_0.vp successfully.
Executing : .rtl_analyze -include_path {F:/SocFpga/project} F:/SocFpga/IP/ddr3_ctrl_v116/rtl/mcdq/distributed_fifo/rtl/ips2l_distributed_fifo_ctr_v1_0.vp
I: Verilog-0001: Analyzing file F:/SocFpga/IP/ddr3_ctrl_v116/rtl/mcdq/distributed_fifo/rtl/ips2l_distributed_fifo_ctr_v1_0.vp
I: Verilog-0002: [F:/SocFpga/IP/ddr3_ctrl_v116/rtl/mcdq/distributed_fifo/rtl/ips2l_distributed_fifo_ctr_v1_0.vp(line number: 303)] Analyzing module ips2l_distributed_fifo_ctr_v1_0 (library work)
Parsing done.
Executing : .rtl_analyze -include_path {F:/SocFpga/project} F:/SocFpga/IP/ddr3_ctrl_v116/rtl/mcdq/distributed_fifo/rtl/ips2l_distributed_fifo_ctr_v1_0.vp successfully.
Executing : .rtl_analyze -include_path {F:/SocFpga/project} F:/SocFpga/IP/ddr3_ctrl_v116/rtl/mcdq/distributed_fifo/rtl/ips2l_distributed_fifo_v1_0_distributed_fifo_v1_0.vp
I: Verilog-0001: Analyzing file F:/SocFpga/IP/ddr3_ctrl_v116/rtl/mcdq/distributed_fifo/rtl/ips2l_distributed_fifo_v1_0_distributed_fifo_v1_0.vp
I: Verilog-0002: [F:/SocFpga/IP/ddr3_ctrl_v116/rtl/mcdq/distributed_fifo/rtl/ips2l_distributed_fifo_v1_0_distributed_fifo_v1_0.vp(line number: 164)] Analyzing module ips2l_distributed_fifo_v1_0_distributed_fifo_v1_0 (library work)
Parsing done.
Executing : .rtl_analyze -include_path {F:/SocFpga/project} F:/SocFpga/IP/ddr3_ctrl_v116/rtl/mcdq/distributed_fifo/rtl/ips2l_distributed_fifo_v1_0_distributed_fifo_v1_0.vp successfully.
Executing : .rtl_analyze -include_path {F:/SocFpga/project} F:/SocFpga/IP/ddr3_ctrl_v116/rtl/mcdq/distributed_fifo/rtl/ips2l_distributed_sdpram_v1_0_distributed_fifo_v1_0.vp
I: Verilog-0001: Analyzing file F:/SocFpga/IP/ddr3_ctrl_v116/rtl/mcdq/distributed_fifo/rtl/ips2l_distributed_sdpram_v1_0_distributed_fifo_v1_0.vp
I: Verilog-0002: [F:/SocFpga/IP/ddr3_ctrl_v116/rtl/mcdq/distributed_fifo/rtl/ips2l_distributed_sdpram_v1_0_distributed_fifo_v1_0.vp(line number: 154)] Analyzing module ips2l_distributed_sdpram_v1_0_distributed_fifo_v1_0 (library work)
I: [F:/SocFpga/IP/ddr3_ctrl_v116/rtl/mcdq/distributed_fifo/rtl/ips2l_distributed_sdpram_v1_0_distributed_fifo_v1_0.vp(line number: 163)] Convert attribute name from syn_ramstyle to PAP_RAM_STYLE
Parsing done.
Executing : .rtl_analyze -include_path {F:/SocFpga/project} F:/SocFpga/IP/ddr3_ctrl_v116/rtl/mcdq/distributed_fifo/rtl/ips2l_distributed_sdpram_v1_0_distributed_fifo_v1_0.vp successfully.
Executing : .rtl_analyze -include_path {F:/SocFpga/project} F:/SocFpga/IP/ddr3_ctrl_v116/rtl/mcdq/mac/ips2l_mcdq_apb_cross_v1_5.vp
I: Verilog-0001: Analyzing file F:/SocFpga/IP/ddr3_ctrl_v116/rtl/mcdq/mac/ips2l_mcdq_apb_cross_v1_5.vp
I: Verilog-0002: [F:/SocFpga/IP/ddr3_ctrl_v116/rtl/mcdq/mac/ips2l_mcdq_apb_cross_v1_5.vp(line number: 179)] Analyzing module ips2l_mcdq_apb_cross_v1_5 (library work)
Parsing done.
Executing : .rtl_analyze -include_path {F:/SocFpga/project} F:/SocFpga/IP/ddr3_ctrl_v116/rtl/mcdq/mac/ips2l_mcdq_apb_cross_v1_5.vp successfully.
Executing : .rtl_analyze -include_path {F:/SocFpga/project} F:/SocFpga/IP/ddr3_ctrl_v116/rtl/mcdq/mac/ips2l_mcdq_calib_delay_v1_5.vp
I: Verilog-0001: Analyzing file F:/SocFpga/IP/ddr3_ctrl_v116/rtl/mcdq/mac/ips2l_mcdq_calib_delay_v1_5.vp
I: Verilog-0002: [F:/SocFpga/IP/ddr3_ctrl_v116/rtl/mcdq/mac/ips2l_mcdq_calib_delay_v1_5.vp(line number: 135)] Analyzing module ips2l_mcdq_calib_delay_v1_5 (library work)
Parsing done.
Executing : .rtl_analyze -include_path {F:/SocFpga/project} F:/SocFpga/IP/ddr3_ctrl_v116/rtl/mcdq/mac/ips2l_mcdq_calib_delay_v1_5.vp successfully.
Executing : .rtl_analyze -include_path {F:/SocFpga/project} F:/SocFpga/IP/ddr3_ctrl_v116/rtl/mcdq/mac/ips2l_mcdq_cfg_apb_v1_5a.vp
I: Verilog-0001: Analyzing file F:/SocFpga/IP/ddr3_ctrl_v116/rtl/mcdq/mac/ips2l_mcdq_cfg_apb_v1_5a.vp
I: Verilog-0002: [F:/SocFpga/IP/ddr3_ctrl_v116/rtl/mcdq/mac/ips2l_mcdq_cfg_apb_v1_5a.vp(line number: 748)] Analyzing module ips2l_mcdq_cfg_apb_v1_5a (library work)
Parsing done.
Executing : .rtl_analyze -include_path {F:/SocFpga/project} F:/SocFpga/IP/ddr3_ctrl_v116/rtl/mcdq/mac/ips2l_mcdq_cfg_apb_v1_5a.vp successfully.
Executing : .rtl_analyze -include_path {F:/SocFpga/project} F:/SocFpga/IP/ddr3_ctrl_v116/rtl/mcdq/mac/ips2l_mcdq_dcd_bm_v1_6.vp
I: Verilog-0001: Analyzing file F:/SocFpga/IP/ddr3_ctrl_v116/rtl/mcdq/mac/ips2l_mcdq_dcd_bm_v1_6.vp
I: Verilog-0002: [F:/SocFpga/IP/ddr3_ctrl_v116/rtl/mcdq/mac/ips2l_mcdq_dcd_bm_v1_6.vp(line number: 284)] Analyzing module ips2l_mcdq_dcd_bm_v1_6 (library work)
Parsing done.
Executing : .rtl_analyze -include_path {F:/SocFpga/project} F:/SocFpga/IP/ddr3_ctrl_v116/rtl/mcdq/mac/ips2l_mcdq_dcd_bm_v1_6.vp successfully.
Executing : .rtl_analyze -include_path {F:/SocFpga/project} F:/SocFpga/IP/ddr3_ctrl_v116/rtl/mcdq/mac/ips2l_mcdq_dcd_rowaddr_v1_5.vp
I: Verilog-0001: Analyzing file F:/SocFpga/IP/ddr3_ctrl_v116/rtl/mcdq/mac/ips2l_mcdq_dcd_rowaddr_v1_5.vp
I: Verilog-0002: [F:/SocFpga/IP/ddr3_ctrl_v116/rtl/mcdq/mac/ips2l_mcdq_dcd_rowaddr_v1_5.vp(line number: 110)] Analyzing module ips2l_mcdq_dcd_rowaddr_v1_5 (library work)
Parsing done.
Executing : .rtl_analyze -include_path {F:/SocFpga/project} F:/SocFpga/IP/ddr3_ctrl_v116/rtl/mcdq/mac/ips2l_mcdq_dcd_rowaddr_v1_5.vp successfully.
Executing : .rtl_analyze -include_path {F:/SocFpga/project} F:/SocFpga/IP/ddr3_ctrl_v116/rtl/mcdq/mac/ips2l_mcdq_dcd_sm_v1_6.vp
I: Verilog-0001: Analyzing file F:/SocFpga/IP/ddr3_ctrl_v116/rtl/mcdq/mac/ips2l_mcdq_dcd_sm_v1_6.vp
I: Verilog-0002: [F:/SocFpga/IP/ddr3_ctrl_v116/rtl/mcdq/mac/ips2l_mcdq_dcd_sm_v1_6.vp(line number: 244)] Analyzing module ips2l_mcdq_dcd_sm_v1_6 (library work)
Parsing done.
Executing : .rtl_analyze -include_path {F:/SocFpga/project} F:/SocFpga/IP/ddr3_ctrl_v116/rtl/mcdq/mac/ips2l_mcdq_dcd_sm_v1_6.vp successfully.
Executing : .rtl_analyze -include_path {F:/SocFpga/project} F:/SocFpga/IP/ddr3_ctrl_v116/rtl/mcdq/mac/ips2l_mcdq_dcd_top_v1_8.vp
I: Verilog-0001: Analyzing file F:/SocFpga/IP/ddr3_ctrl_v116/rtl/mcdq/mac/ips2l_mcdq_dcd_top_v1_8.vp
I: Verilog-0002: [F:/SocFpga/IP/ddr3_ctrl_v116/rtl/mcdq/mac/ips2l_mcdq_dcd_top_v1_8.vp(line number: 209)] Analyzing module ips2l_mcdq_dcd_top_v1_8 (library work)
Parsing done.
Executing : .rtl_analyze -include_path {F:/SocFpga/project} F:/SocFpga/IP/ddr3_ctrl_v116/rtl/mcdq/mac/ips2l_mcdq_dcd_top_v1_8.vp successfully.
Executing : .rtl_analyze -include_path {F:/SocFpga/project} F:/SocFpga/IP/ddr3_ctrl_v116/rtl/mcdq/mac/ips2l_mcdq_dcp_back_ctrl_v1_6.vp
I: Verilog-0001: Analyzing file F:/SocFpga/IP/ddr3_ctrl_v116/rtl/mcdq/mac/ips2l_mcdq_dcp_back_ctrl_v1_6.vp
I: Verilog-0002: [F:/SocFpga/IP/ddr3_ctrl_v116/rtl/mcdq/mac/ips2l_mcdq_dcp_back_ctrl_v1_6.vp(line number: 682)] Analyzing module ips2l_mcdq_dcp_back_ctrl_v1_6 (library work)
I: [F:/SocFpga/IP/ddr3_ctrl_v116/rtl/mcdq/mac/ips2l_mcdq_dcp_back_ctrl_v1_6.vp(line number: 874)] Convert attribute name from syn_maxfan to PAP_MAX_FANOUT
Parsing done.
Executing : .rtl_analyze -include_path {F:/SocFpga/project} F:/SocFpga/IP/ddr3_ctrl_v116/rtl/mcdq/mac/ips2l_mcdq_dcp_back_ctrl_v1_6.vp successfully.
Executing : .rtl_analyze -include_path {F:/SocFpga/project} F:/SocFpga/IP/ddr3_ctrl_v116/rtl/mcdq/mac/ips2l_mcdq_dcp_buf_v1_8b.vp
I: Verilog-0001: Analyzing file F:/SocFpga/IP/ddr3_ctrl_v116/rtl/mcdq/mac/ips2l_mcdq_dcp_buf_v1_8b.vp
I: Verilog-0002: [F:/SocFpga/IP/ddr3_ctrl_v116/rtl/mcdq/mac/ips2l_mcdq_dcp_buf_v1_8b.vp(line number: 332)] Analyzing module ips2l_mcdq_dcp_buf_v1_8b (library work)
Parsing done.
Executing : .rtl_analyze -include_path {F:/SocFpga/project} F:/SocFpga/IP/ddr3_ctrl_v116/rtl/mcdq/mac/ips2l_mcdq_dcp_buf_v1_8b.vp successfully.
Executing : .rtl_analyze -include_path {F:/SocFpga/project} F:/SocFpga/IP/ddr3_ctrl_v116/rtl/mcdq/mac/ips2l_mcdq_dcp_out_v1_6.vp
I: Verilog-0001: Analyzing file F:/SocFpga/IP/ddr3_ctrl_v116/rtl/mcdq/mac/ips2l_mcdq_dcp_out_v1_6.vp
I: Verilog-0002: [F:/SocFpga/IP/ddr3_ctrl_v116/rtl/mcdq/mac/ips2l_mcdq_dcp_out_v1_6.vp(line number: 244)] Analyzing module ips2l_mcdq_dcp_out_v1_6 (library work)
Parsing done.
Executing : .rtl_analyze -include_path {F:/SocFpga/project} F:/SocFpga/IP/ddr3_ctrl_v116/rtl/mcdq/mac/ips2l_mcdq_dcp_out_v1_6.vp successfully.
Executing : .rtl_analyze -include_path {F:/SocFpga/project} F:/SocFpga/IP/ddr3_ctrl_v116/rtl/mcdq/mac/ips2l_mcdq_dcp_top_v1_8b.vp
I: Verilog-0001: Analyzing file F:/SocFpga/IP/ddr3_ctrl_v116/rtl/mcdq/mac/ips2l_mcdq_dcp_top_v1_8b.vp
I: Verilog-0002: [F:/SocFpga/IP/ddr3_ctrl_v116/rtl/mcdq/mac/ips2l_mcdq_dcp_top_v1_8b.vp(line number: 363)] Analyzing module ips2l_mcdq_dcp_top_v1_8b (library work)
Parsing done.
Executing : .rtl_analyze -include_path {F:/SocFpga/project} F:/SocFpga/IP/ddr3_ctrl_v116/rtl/mcdq/mac/ips2l_mcdq_dcp_top_v1_8b.vp successfully.
Executing : .rtl_analyze -include_path {F:/SocFpga/project} F:/SocFpga/IP/ddr3_ctrl_v116/rtl/mcdq/mac/ips2l_mcdq_dfi_v1_7a.vp
I: Verilog-0001: Analyzing file F:/SocFpga/IP/ddr3_ctrl_v116/rtl/mcdq/mac/ips2l_mcdq_dfi_v1_7a.vp
I: Verilog-0002: [F:/SocFpga/IP/ddr3_ctrl_v116/rtl/mcdq/mac/ips2l_mcdq_dfi_v1_7a.vp(line number: 740)] Analyzing module ips2l_mcdq_dfi_v1_7a (library work)
Parsing done.
Executing : .rtl_analyze -include_path {F:/SocFpga/project} F:/SocFpga/IP/ddr3_ctrl_v116/rtl/mcdq/mac/ips2l_mcdq_dfi_v1_7a.vp successfully.
Executing : .rtl_analyze -include_path {F:/SocFpga/project} F:/SocFpga/IP/ddr3_ctrl_v116/rtl/mcdq/mac/ips2l_mcdq_lp_v1_5.vp
I: Verilog-0001: Analyzing file F:/SocFpga/IP/ddr3_ctrl_v116/rtl/mcdq/mac/ips2l_mcdq_lp_v1_5.vp
I: Verilog-0002: [F:/SocFpga/IP/ddr3_ctrl_v116/rtl/mcdq/mac/ips2l_mcdq_lp_v1_5.vp(line number: 349)] Analyzing module ips2l_mcdq_lp_v1_5 (library work)
Parsing done.
Executing : .rtl_analyze -include_path {F:/SocFpga/project} F:/SocFpga/IP/ddr3_ctrl_v116/rtl/mcdq/mac/ips2l_mcdq_lp_v1_5.vp successfully.
Executing : .rtl_analyze -include_path {F:/SocFpga/project} F:/SocFpga/IP/ddr3_ctrl_v116/rtl/mcdq/mac/ips2l_mcdq_mac_top_v1_8b.vp
I: Verilog-0001: Analyzing file F:/SocFpga/IP/ddr3_ctrl_v116/rtl/mcdq/mac/ips2l_mcdq_mac_top_v1_8b.vp
I: Verilog-0002: [F:/SocFpga/IP/ddr3_ctrl_v116/rtl/mcdq/mac/ips2l_mcdq_mac_top_v1_8b.vp(line number: 668)] Analyzing module ips2l_mcdq_mac_top_v1_8b (library work)
Parsing done.
Executing : .rtl_analyze -include_path {F:/SocFpga/project} F:/SocFpga/IP/ddr3_ctrl_v116/rtl/mcdq/mac/ips2l_mcdq_mac_top_v1_8b.vp successfully.
Executing : .rtl_analyze -include_path {F:/SocFpga/project} F:/SocFpga/IP/ddr3_ctrl_v116/rtl/mcdq/mac/ips2l_mcdq_mpr_v1_5.vp
I: Verilog-0001: Analyzing file F:/SocFpga/IP/ddr3_ctrl_v116/rtl/mcdq/mac/ips2l_mcdq_mpr_v1_5.vp
I: Verilog-0002: [F:/SocFpga/IP/ddr3_ctrl_v116/rtl/mcdq/mac/ips2l_mcdq_mpr_v1_5.vp(line number: 348)] Analyzing module ips2l_mcdq_mpr_v1_5 (library work)
Parsing done.
Executing : .rtl_analyze -include_path {F:/SocFpga/project} F:/SocFpga/IP/ddr3_ctrl_v116/rtl/mcdq/mac/ips2l_mcdq_mpr_v1_5.vp successfully.
Executing : .rtl_analyze -include_path {F:/SocFpga/project} F:/SocFpga/IP/ddr3_ctrl_v116/rtl/mcdq/mac/ips2l_mcdq_mrs_v1_5.vp
I: Verilog-0001: Analyzing file F:/SocFpga/IP/ddr3_ctrl_v116/rtl/mcdq/mac/ips2l_mcdq_mrs_v1_5.vp
I: Verilog-0002: [F:/SocFpga/IP/ddr3_ctrl_v116/rtl/mcdq/mac/ips2l_mcdq_mrs_v1_5.vp(line number: 390)] Analyzing module ips2l_mcdq_mrs_v1_5 (library work)
Parsing done.
Executing : .rtl_analyze -include_path {F:/SocFpga/project} F:/SocFpga/IP/ddr3_ctrl_v116/rtl/mcdq/mac/ips2l_mcdq_mrs_v1_5.vp successfully.
Executing : .rtl_analyze -include_path {F:/SocFpga/project} F:/SocFpga/IP/ddr3_ctrl_v116/rtl/mcdq/mac/ips2l_mcdq_prefetch_fifo_v1_5.vp
I: Verilog-0001: Analyzing file F:/SocFpga/IP/ddr3_ctrl_v116/rtl/mcdq/mac/ips2l_mcdq_prefetch_fifo_v1_5.vp
I: Verilog-0002: [F:/SocFpga/IP/ddr3_ctrl_v116/rtl/mcdq/mac/ips2l_mcdq_prefetch_fifo_v1_5.vp(line number: 129)] Analyzing module ips2l_mcdq_prefetch_fifo_v1_5 (library work)
Parsing done.
Executing : .rtl_analyze -include_path {F:/SocFpga/project} F:/SocFpga/IP/ddr3_ctrl_v116/rtl/mcdq/mac/ips2l_mcdq_prefetch_fifo_v1_5.vp successfully.
Executing : .rtl_analyze -include_path {F:/SocFpga/project} F:/SocFpga/IP/ddr3_ctrl_v116/rtl/mcdq/mac/ips2l_mcdq_rdatapath_v1_6.vp
I: Verilog-0001: Analyzing file F:/SocFpga/IP/ddr3_ctrl_v116/rtl/mcdq/mac/ips2l_mcdq_rdatapath_v1_6.vp
I: Verilog-0002: [F:/SocFpga/IP/ddr3_ctrl_v116/rtl/mcdq/mac/ips2l_mcdq_rdatapath_v1_6.vp(line number: 117)] Analyzing module ips2l_mcdq_rdatapath_v1_6 (library work)
Parsing done.
Executing : .rtl_analyze -include_path {F:/SocFpga/project} F:/SocFpga/IP/ddr3_ctrl_v116/rtl/mcdq/mac/ips2l_mcdq_rdatapath_v1_6.vp successfully.
Executing : .rtl_analyze -include_path {F:/SocFpga/project} F:/SocFpga/IP/ddr3_ctrl_v116/rtl/mcdq/mac/ips2l_mcdq_wdatapath_v1_8.vp
I: Verilog-0001: Analyzing file F:/SocFpga/IP/ddr3_ctrl_v116/rtl/mcdq/mac/ips2l_mcdq_wdatapath_v1_8.vp
I: Verilog-0002: [F:/SocFpga/IP/ddr3_ctrl_v116/rtl/mcdq/mac/ips2l_mcdq_wdatapath_v1_8.vp(line number: 207)] Analyzing module ips2l_mcdq_wdatapath_v1_8 (library work)
Parsing done.
Executing : .rtl_analyze -include_path {F:/SocFpga/project} F:/SocFpga/IP/ddr3_ctrl_v116/rtl/mcdq/mac/ips2l_mcdq_wdatapath_v1_8.vp successfully.
Executing : .rtl_analyze -include_path {F:/SocFpga/project} F:/SocFpga/IP/ddr3_ctrl_v116/rtl/mcdq/mac/ips2l_mcdq_wdp_align_v1_5.vp
I: Verilog-0001: Analyzing file F:/SocFpga/IP/ddr3_ctrl_v116/rtl/mcdq/mac/ips2l_mcdq_wdp_align_v1_5.vp
I: Verilog-0002: [F:/SocFpga/IP/ddr3_ctrl_v116/rtl/mcdq/mac/ips2l_mcdq_wdp_align_v1_5.vp(line number: 174)] Analyzing module ips2l_mcdq_wdp_align_v1_5 (library work)
Parsing done.
Executing : .rtl_analyze -include_path {F:/SocFpga/project} F:/SocFpga/IP/ddr3_ctrl_v116/rtl/mcdq/mac/ips2l_mcdq_wdp_align_v1_5.vp successfully.
Executing : .rtl_analyze -include_path {F:/SocFpga/project} F:/SocFpga/IP/ddr3_ctrl_v116/rtl/mcdq/mac/ips2l_mcdq_wdp_dcp_v1_6.vp
I: Verilog-0001: Analyzing file F:/SocFpga/IP/ddr3_ctrl_v116/rtl/mcdq/mac/ips2l_mcdq_wdp_dcp_v1_6.vp
I: Verilog-0002: [F:/SocFpga/IP/ddr3_ctrl_v116/rtl/mcdq/mac/ips2l_mcdq_wdp_dcp_v1_6.vp(line number: 167)] Analyzing module ips2l_mcdq_wdp_dcp_v1_6 (library work)
Parsing done.
Executing : .rtl_analyze -include_path {F:/SocFpga/project} F:/SocFpga/IP/ddr3_ctrl_v116/rtl/mcdq/mac/ips2l_mcdq_wdp_dcp_v1_6.vp successfully.
Executing : .rtl_analyze -include_path {F:/SocFpga/project} F:/SocFpga/IP/ddr3_ctrl_v116/rtl/mcdq/mac/syn_mod/ips2l_mcdq_com_timing_v1_5.vp
I: Verilog-0001: Analyzing file F:/SocFpga/IP/ddr3_ctrl_v116/rtl/mcdq/mac/syn_mod/ips2l_mcdq_com_timing_v1_5.vp
I: Verilog-0002: [F:/SocFpga/IP/ddr3_ctrl_v116/rtl/mcdq/mac/syn_mod/ips2l_mcdq_com_timing_v1_5.vp(line number: 136)] Analyzing module ips2l_mcdq_com_timing_v1_5 (library work)
Parsing done.
Executing : .rtl_analyze -include_path {F:/SocFpga/project} F:/SocFpga/IP/ddr3_ctrl_v116/rtl/mcdq/mac/syn_mod/ips2l_mcdq_com_timing_v1_5.vp successfully.
Executing : .rtl_analyze -include_path {F:/SocFpga/project} F:/SocFpga/IP/ddr3_ctrl_v116/rtl/mcdq/mac/syn_mod/ips2l_mcdq_tfaw_timing_v1_5.vp
I: Verilog-0001: Analyzing file F:/SocFpga/IP/ddr3_ctrl_v116/rtl/mcdq/mac/syn_mod/ips2l_mcdq_tfaw_timing_v1_5.vp
I: Verilog-0002: [F:/SocFpga/IP/ddr3_ctrl_v116/rtl/mcdq/mac/syn_mod/ips2l_mcdq_tfaw_timing_v1_5.vp(line number: 162)] Analyzing module ips2l_mcdq_tfaw_timing_v1_5 (library work)
Parsing done.
Executing : .rtl_analyze -include_path {F:/SocFpga/project} F:/SocFpga/IP/ddr3_ctrl_v116/rtl/mcdq/mac/syn_mod/ips2l_mcdq_tfaw_timing_v1_5.vp successfully.
Executing : .rtl_analyze -include_path {F:/SocFpga/project} F:/SocFpga/IP/ddr3_ctrl_v116/rtl/mcdq/mac/syn_mod/ips2l_mcdq_tfaw_v1_5.vp
I: Verilog-0001: Analyzing file F:/SocFpga/IP/ddr3_ctrl_v116/rtl/mcdq/mac/syn_mod/ips2l_mcdq_tfaw_v1_5.vp
I: Verilog-0002: [F:/SocFpga/IP/ddr3_ctrl_v116/rtl/mcdq/mac/syn_mod/ips2l_mcdq_tfaw_v1_5.vp(line number: 102)] Analyzing module ips2l_mcdq_tfaw_v1_5 (library work)
Parsing done.
Executing : .rtl_analyze -include_path {F:/SocFpga/project} F:/SocFpga/IP/ddr3_ctrl_v116/rtl/mcdq/mac/syn_mod/ips2l_mcdq_tfaw_v1_5.vp successfully.
Executing : .rtl_analyze -include_path {F:/SocFpga/project} F:/SocFpga/IP/ddr3_ctrl_v116/rtl/mcdq/mac/syn_mod/ips2l_mcdq_timing_act_pass_v1_5.vp
I: Verilog-0001: Analyzing file F:/SocFpga/IP/ddr3_ctrl_v116/rtl/mcdq/mac/syn_mod/ips2l_mcdq_timing_act_pass_v1_5.vp
I: Verilog-0002: [F:/SocFpga/IP/ddr3_ctrl_v116/rtl/mcdq/mac/syn_mod/ips2l_mcdq_timing_act_pass_v1_5.vp(line number: 126)] Analyzing module ips2l_mcdq_timing_act_pass_v1_5 (library work)
Parsing done.
Executing : .rtl_analyze -include_path {F:/SocFpga/project} F:/SocFpga/IP/ddr3_ctrl_v116/rtl/mcdq/mac/syn_mod/ips2l_mcdq_timing_act_pass_v1_5.vp successfully.
Executing : .rtl_analyze -include_path {F:/SocFpga/project} F:/SocFpga/IP/ddr3_ctrl_v116/rtl/mcdq/mac/syn_mod/ips2l_mcdq_timing_act2wr_pass_v1_5.vp
I: Verilog-0001: Analyzing file F:/SocFpga/IP/ddr3_ctrl_v116/rtl/mcdq/mac/syn_mod/ips2l_mcdq_timing_act2wr_pass_v1_5.vp
I: Verilog-0002: [F:/SocFpga/IP/ddr3_ctrl_v116/rtl/mcdq/mac/syn_mod/ips2l_mcdq_timing_act2wr_pass_v1_5.vp(line number: 149)] Analyzing module ips2l_mcdq_timing_act2wr_pass_v1_5 (library work)
Parsing done.
Executing : .rtl_analyze -include_path {F:/SocFpga/project} F:/SocFpga/IP/ddr3_ctrl_v116/rtl/mcdq/mac/syn_mod/ips2l_mcdq_timing_act2wr_pass_v1_5.vp successfully.
Executing : .rtl_analyze -include_path {F:/SocFpga/project} F:/SocFpga/IP/ddr3_ctrl_v116/rtl/mcdq/mac/syn_mod/ips2l_mcdq_timing_pre_pass_v1_5.vp
I: Verilog-0001: Analyzing file F:/SocFpga/IP/ddr3_ctrl_v116/rtl/mcdq/mac/syn_mod/ips2l_mcdq_timing_pre_pass_v1_5.vp
I: Verilog-0002: [F:/SocFpga/IP/ddr3_ctrl_v116/rtl/mcdq/mac/syn_mod/ips2l_mcdq_timing_pre_pass_v1_5.vp(line number: 182)] Analyzing module ips2l_mcdq_timing_pre_pass_v1_5 (library work)
Parsing done.
Executing : .rtl_analyze -include_path {F:/SocFpga/project} F:/SocFpga/IP/ddr3_ctrl_v116/rtl/mcdq/mac/syn_mod/ips2l_mcdq_timing_pre_pass_v1_5.vp successfully.
Executing : .rtl_analyze -include_path {F:/SocFpga/project} F:/SocFpga/IP/ddr3_ctrl_v116/rtl/mcdq/mac/syn_mod/ips2l_mcdq_timing_rd_pass_v1_5.vp
I: Verilog-0001: Analyzing file F:/SocFpga/IP/ddr3_ctrl_v116/rtl/mcdq/mac/syn_mod/ips2l_mcdq_timing_rd_pass_v1_5.vp
I: Verilog-0002: [F:/SocFpga/IP/ddr3_ctrl_v116/rtl/mcdq/mac/syn_mod/ips2l_mcdq_timing_rd_pass_v1_5.vp(line number: 162)] Analyzing module ips2l_mcdq_timing_rd_pass_v1_5 (library work)
Parsing done.
Executing : .rtl_analyze -include_path {F:/SocFpga/project} F:/SocFpga/IP/ddr3_ctrl_v116/rtl/mcdq/mac/syn_mod/ips2l_mcdq_timing_rd_pass_v1_5.vp successfully.
Executing : .rtl_analyze -include_path {F:/SocFpga/project} F:/SocFpga/IP/ddr3_ctrl_v116/rtl/mcdq/mac/syn_mod/ips2l_mcdq_timing_ref_pass_v1_5.vp
I: Verilog-0001: Analyzing file F:/SocFpga/IP/ddr3_ctrl_v116/rtl/mcdq/mac/syn_mod/ips2l_mcdq_timing_ref_pass_v1_5.vp
I: Verilog-0002: [F:/SocFpga/IP/ddr3_ctrl_v116/rtl/mcdq/mac/syn_mod/ips2l_mcdq_timing_ref_pass_v1_5.vp(line number: 124)] Analyzing module ips2l_mcdq_timing_ref_pass_v1_5 (library work)
Parsing done.
Executing : .rtl_analyze -include_path {F:/SocFpga/project} F:/SocFpga/IP/ddr3_ctrl_v116/rtl/mcdq/mac/syn_mod/ips2l_mcdq_timing_ref_pass_v1_5.vp successfully.
Executing : .rtl_analyze -include_path {F:/SocFpga/project} F:/SocFpga/IP/ddr3_ctrl_v116/rtl/mcdq/mac/syn_mod/ips2l_mcdq_timing_wr_pass_v1_5.vp
I: Verilog-0001: Analyzing file F:/SocFpga/IP/ddr3_ctrl_v116/rtl/mcdq/mac/syn_mod/ips2l_mcdq_timing_wr_pass_v1_5.vp
I: Verilog-0002: [F:/SocFpga/IP/ddr3_ctrl_v116/rtl/mcdq/mac/syn_mod/ips2l_mcdq_timing_wr_pass_v1_5.vp(line number: 161)] Analyzing module ips2l_mcdq_timing_wr_pass_v1_5 (library work)
Parsing done.
Executing : .rtl_analyze -include_path {F:/SocFpga/project} F:/SocFpga/IP/ddr3_ctrl_v116/rtl/mcdq/mac/syn_mod/ips2l_mcdq_timing_wr_pass_v1_5.vp successfully.
Executing : .rtl_analyze -include_path {F:/SocFpga/project} F:/SocFpga/IP/ddr3_ctrl_v116/rtl/mcdq/mac/syn_mod/ips2l_mcdq_trc_timing_v1_5.vp
I: Verilog-0001: Analyzing file F:/SocFpga/IP/ddr3_ctrl_v116/rtl/mcdq/mac/syn_mod/ips2l_mcdq_trc_timing_v1_5.vp
I: Verilog-0002: [F:/SocFpga/IP/ddr3_ctrl_v116/rtl/mcdq/mac/syn_mod/ips2l_mcdq_trc_timing_v1_5.vp(line number: 183)] Analyzing module ips2l_mcdq_trc_timing_v1_5 (library work)
Parsing done.
Executing : .rtl_analyze -include_path {F:/SocFpga/project} F:/SocFpga/IP/ddr3_ctrl_v116/rtl/mcdq/mac/syn_mod/ips2l_mcdq_trc_timing_v1_5.vp successfully.
Executing : .rtl_analyze -include_path {F:/SocFpga/project} F:/SocFpga/IP/ddr3_ctrl_v116/ddr3_ctrl_v116.v
I: Verilog-0001: Analyzing file F:/SocFpga/IP/ddr3_ctrl_v116/ddr3_ctrl_v116.v
I: Found Verilog include file F:/SocFpga/IP/ddr3_ctrl_v116/define.vh
I: Verilog-0002: [F:/SocFpga/IP/ddr3_ctrl_v116/ddr3_ctrl_v116.v(line number: 13)] Analyzing module ddr3_ctrl_v116 (library work)
Parsing done.
Executing : .rtl_analyze -include_path {F:/SocFpga/project} F:/SocFpga/IP/ddr3_ctrl_v116/ddr3_ctrl_v116.v successfully.
Executing : .rtl_analyze -include_path {F:/SocFpga/project} F:/SocFpga/IP/ddr3_ctrl_v116/ddr3_ctrl_v116_ddrphy_top.v
I: Verilog-0001: Analyzing file F:/SocFpga/IP/ddr3_ctrl_v116/ddr3_ctrl_v116_ddrphy_top.v
I: Found Verilog include file F:/SocFpga/IP/ddr3_ctrl_v116/define.vh
W: Public-4030: File 'F:/SocFpga/IP/ddr3_ctrl_v116/define.vh' has been added. It is skipped.
I: Verilog-0002: [F:/SocFpga/IP/ddr3_ctrl_v116/ddr3_ctrl_v116_ddrphy_top.v(line number: 13)] Analyzing module ddr3_ctrl_v116_ddrphy_top (library work)
Parsing done.
Executing : .rtl_analyze -include_path {F:/SocFpga/project} F:/SocFpga/IP/ddr3_ctrl_v116/ddr3_ctrl_v116_ddrphy_top.v successfully.
Executing : .rtl_analyze -include_path {F:/SocFpga/project} F:/SocFpga/IP/ddr3_ctrl_v116/rtl/mcdq/ips2l_mcdq_wrapper_v1_9.vp
I: Verilog-0001: Analyzing file F:/SocFpga/IP/ddr3_ctrl_v116/rtl/mcdq/ips2l_mcdq_wrapper_v1_9.vp
I: Found Verilog include file F:/SocFpga/IP/ddr3_ctrl_v116/define.vh
W: Public-4030: File 'F:/SocFpga/IP/ddr3_ctrl_v116/define.vh' has been added. It is skipped.
I: Verilog-0002: [F:/SocFpga/IP/ddr3_ctrl_v116/rtl/mcdq/ips2l_mcdq_wrapper_v1_9.vp(line number: 432)] Analyzing module ips2l_mcdq_wrapper_v1_9 (library work)
Parsing done.
Executing : .rtl_analyze -include_path {F:/SocFpga/project} F:/SocFpga/IP/ddr3_ctrl_v116/rtl/mcdq/ips2l_mcdq_wrapper_v1_9.vp successfully.
Executing : .rtl_analyze -include_path {F:/SocFpga/project} F:/SocFpga/IP/ddr3_ctrl_v116/rtl/ddrphy/ips2l_ddrphy_slice_top_v1_16.vp
I: Verilog-0001: Analyzing file F:/SocFpga/IP/ddr3_ctrl_v116/rtl/ddrphy/ips2l_ddrphy_slice_top_v1_16.vp
I: Found Verilog include file F:/SocFpga/IP/ddr3_ctrl_v116/define.vh
W: Public-4030: File 'F:/SocFpga/IP/ddr3_ctrl_v116/define.vh' has been added. It is skipped.
I: Verilog-0002: [F:/SocFpga/IP/ddr3_ctrl_v116/rtl/ddrphy/ips2l_ddrphy_slice_top_v1_16.vp(line number: 1381)] Analyzing module ips2l_ddrphy_slice_top_v1_16 (library work)
I: Found Verilog include file F:/SocFpga/IP/ddr3_ctrl_v116/rtl/ddrphy/localparam.vh
Parsing done.
Executing : .rtl_analyze -include_path {F:/SocFpga/project} F:/SocFpga/IP/ddr3_ctrl_v116/rtl/ddrphy/ips2l_ddrphy_slice_top_v1_16.vp successfully.
Executing : .rtl_analyze -include_path {F:/SocFpga/project} F:/SocFpga/IP/TagvRAM/rtl/ipm2l_spram_v1_8_TagvRAM.v
I: Verilog-0001: Analyzing file F:/SocFpga/IP/TagvRAM/rtl/ipm2l_spram_v1_8_TagvRAM.v
I: Verilog-0002: [F:/SocFpga/IP/TagvRAM/rtl/ipm2l_spram_v1_8_TagvRAM.v(line number: 17)] Analyzing module ipm2l_spram_v1_8_TagvRAM (library work)
W: Verilog-2008: [F:/SocFpga/IP/TagvRAM/rtl/ipm2l_spram_v1_8_TagvRAM.v(line number: 122)] Ignore 'system task' $display
W: Verilog-2008: [F:/SocFpga/IP/TagvRAM/rtl/ipm2l_spram_v1_8_TagvRAM.v(line number: 126)] Ignore 'system task' $display
W: Verilog-2008: [F:/SocFpga/IP/TagvRAM/rtl/ipm2l_spram_v1_8_TagvRAM.v(line number: 134)] Ignore 'system task' $display
W: Verilog-2008: [F:/SocFpga/IP/TagvRAM/rtl/ipm2l_spram_v1_8_TagvRAM.v(line number: 135)] Ignore 'system task' $finish
W: Verilog-2008: [F:/SocFpga/IP/TagvRAM/rtl/ipm2l_spram_v1_8_TagvRAM.v(line number: 138)] Ignore 'system task' $display
W: Verilog-2008: [F:/SocFpga/IP/TagvRAM/rtl/ipm2l_spram_v1_8_TagvRAM.v(line number: 139)] Ignore 'system task' $finish
W: Verilog-2008: [F:/SocFpga/IP/TagvRAM/rtl/ipm2l_spram_v1_8_TagvRAM.v(line number: 142)] Ignore 'system task' $display
W: Verilog-2008: [F:/SocFpga/IP/TagvRAM/rtl/ipm2l_spram_v1_8_TagvRAM.v(line number: 143)] Ignore 'system task' $finish
W: Verilog-2008: [F:/SocFpga/IP/TagvRAM/rtl/ipm2l_spram_v1_8_TagvRAM.v(line number: 146)] Ignore 'system task' $display
W: Verilog-2008: [F:/SocFpga/IP/TagvRAM/rtl/ipm2l_spram_v1_8_TagvRAM.v(line number: 147)] Ignore 'system task' $finish
W: Verilog-2008: [F:/SocFpga/IP/TagvRAM/rtl/ipm2l_spram_v1_8_TagvRAM.v(line number: 150)] Ignore 'system task' $display
W: Verilog-2008: [F:/SocFpga/IP/TagvRAM/rtl/ipm2l_spram_v1_8_TagvRAM.v(line number: 151)] Ignore 'system task' $finish
W: Verilog-2008: [F:/SocFpga/IP/TagvRAM/rtl/ipm2l_spram_v1_8_TagvRAM.v(line number: 154)] Ignore 'system task' $display
W: Verilog-2008: [F:/SocFpga/IP/TagvRAM/rtl/ipm2l_spram_v1_8_TagvRAM.v(line number: 155)] Ignore 'system task' $finish
W: Verilog-2008: [F:/SocFpga/IP/TagvRAM/rtl/ipm2l_spram_v1_8_TagvRAM.v(line number: 158)] Ignore 'system task' $display
W: Verilog-2008: [F:/SocFpga/IP/TagvRAM/rtl/ipm2l_spram_v1_8_TagvRAM.v(line number: 159)] Ignore 'system task' $finish
W: Verilog-2008: [F:/SocFpga/IP/TagvRAM/rtl/ipm2l_spram_v1_8_TagvRAM.v(line number: 162)] Ignore 'system task' $display
W: Verilog-2008: [F:/SocFpga/IP/TagvRAM/rtl/ipm2l_spram_v1_8_TagvRAM.v(line number: 163)] Ignore 'system task' $finish
W: Verilog-2008: [F:/SocFpga/IP/TagvRAM/rtl/ipm2l_spram_v1_8_TagvRAM.v(line number: 166)] Ignore 'system task' $display
W: Verilog-2008: [F:/SocFpga/IP/TagvRAM/rtl/ipm2l_spram_v1_8_TagvRAM.v(line number: 167)] Ignore 'system task' $finish
W: Verilog-2008: [F:/SocFpga/IP/TagvRAM/rtl/ipm2l_spram_v1_8_TagvRAM.v(line number: 170)] Ignore 'system task' $display
W: Verilog-2008: [F:/SocFpga/IP/TagvRAM/rtl/ipm2l_spram_v1_8_TagvRAM.v(line number: 171)] Ignore 'system task' $finish
W: Verilog-2008: [F:/SocFpga/IP/TagvRAM/rtl/ipm2l_spram_v1_8_TagvRAM.v(line number: 174)] Ignore 'system task' $display
W: Verilog-2008: [F:/SocFpga/IP/TagvRAM/rtl/ipm2l_spram_v1_8_TagvRAM.v(line number: 175)] Ignore 'system task' $finish
W: Verilog-2008: [F:/SocFpga/IP/TagvRAM/rtl/ipm2l_spram_v1_8_TagvRAM.v(line number: 178)] Ignore 'system task' $display
W: Verilog-2008: [F:/SocFpga/IP/TagvRAM/rtl/ipm2l_spram_v1_8_TagvRAM.v(line number: 179)] Ignore 'system task' $finish
W: Verilog-2008: [F:/SocFpga/IP/TagvRAM/rtl/ipm2l_spram_v1_8_TagvRAM.v(line number: 183)] Ignore 'system task' $display
W: Verilog-2008: [F:/SocFpga/IP/TagvRAM/rtl/ipm2l_spram_v1_8_TagvRAM.v(line number: 184)] Ignore 'system task' $finish
W: Verilog-2008: [F:/SocFpga/IP/TagvRAM/rtl/ipm2l_spram_v1_8_TagvRAM.v(line number: 187)] Ignore 'system task' $display
W: Verilog-2008: [F:/SocFpga/IP/TagvRAM/rtl/ipm2l_spram_v1_8_TagvRAM.v(line number: 188)] Ignore 'system task' $finish
W: Verilog-2008: [F:/SocFpga/IP/TagvRAM/rtl/ipm2l_spram_v1_8_TagvRAM.v(line number: 192)] Ignore 'system task' $display
W: Verilog-2008: [F:/SocFpga/IP/TagvRAM/rtl/ipm2l_spram_v1_8_TagvRAM.v(line number: 193)] Ignore 'system task' $finish
W: Verilog-2008: [F:/SocFpga/IP/TagvRAM/rtl/ipm2l_spram_v1_8_TagvRAM.v(line number: 196)] Ignore 'system task' $display
W: Verilog-2008: [F:/SocFpga/IP/TagvRAM/rtl/ipm2l_spram_v1_8_TagvRAM.v(line number: 197)] Ignore 'system task' $finish
Parsing done.
Executing : .rtl_analyze -include_path {F:/SocFpga/project} F:/SocFpga/IP/TagvRAM/rtl/ipm2l_spram_v1_8_TagvRAM.v successfully.
Executing : .rtl_analyze -include_path {F:/SocFpga/project} F:/SocFpga/IP/TagvRAM/TagvRAM.v
I: Verilog-0001: Analyzing file F:/SocFpga/IP/TagvRAM/TagvRAM.v
I: Verilog-0002: [F:/SocFpga/IP/TagvRAM/TagvRAM.v(line number: 16)] Analyzing module TagvRAM (library work)
Parsing done.
Executing : .rtl_analyze -include_path {F:/SocFpga/project} F:/SocFpga/IP/TagvRAM/TagvRAM.v successfully.
I: Module "Hfpga_soc" is set as top module.
Executing : rtl-analyze successfully. Time elapsed: 2.601s wall, 0.234s user + 0.031s system = 0.266s CPU (10.2%)

Start rtl-elaborate.
I: Verilog-0003: [F:/SocFpga/soc/Hfpga_soc.v(line number: 22)] Elaborating module Hfpga_soc
I: Module instance {Hfpga_soc} parameter value:
    MEM_FILE = 
    CPU_MEM_BRAM = 32'b00000000000000000000000000000000
    DDR_BASE = 32'b10000000000000000000000000000000
    DDR_BYTES = 32'b01000000000000000000000000000000
    FLASH_BASE = 24'b101000000000000000000000
    BOOT_IMAGE_BYTES = 32'b00000000000000000100000000000000
    SPI_DIV = 32'b00000000000000000000000000000100
    UART_TX_DEFAULT_FPIOA = 32'b00000000000000000000000000000000
    DDR_INIT_TIMEOUT_CYCLES = 32'b00000100001011000001110110000000
    PREPROCESS_ENABLE = 1'b0
    PREPROCESS_WIDTH = 16'b0000000001100000
    PREPROCESS_HEIGHT = 16'b0000000001100000
    CPU_CACHED_DDR_BASE = 32'b10000000000000000000000000000000
    CPU_CACHED_DDR_BYTES = 32'b00111000000000000000000000000000
    NPU_SHARED_BASE = 32'b10111000000000000000000000000000
    NPU_SHARED_BYTES = 32'b00001000000000000000000000000000
    MMIO_BASE = 32'b01000000000000000000000000000000
    MMIO_BYTES = 32'b00000000000000000001000000000000
    NPU_MMIO_BASE = 32'b01000000000000000000000100000000
    NPU_MMIO_BYTES = 32'b00000000000000000000000100000000
    UART0_BASE = 32'b01000000000000000000000000000000
    UART0_BYTES = 32'b00000000000000000000000100000000
    LED_ADDR = 32'b01000000000000000000001000000000
    CAM1_MMIO_BASE = 32'b01000000000000000000001100000000
    CAM1_MMIO_BYTES = 32'b00000000000000000000000100000000
    CAM2_MMIO_BASE = 32'b01000000000000000000010000000000
    CAM2_MMIO_BYTES = 32'b00000000000000000000000100000000
    INT8_MMIO_BASE = 32'b01000000000000000000010100000000
    INT8_MMIO_BYTES = 32'b00000000000000000000000100000000
    FPIOA_BASE = 32'b01000000000000000000111100000000
    FPIOA_BYTES = 32'b00000000000000000000000100000000
I: Verilog-0004: [F:/SocFpga/soc/Hfpga_soc.v(line number: 329)] Elaborating instance u_ddr_refclk_buf
I: Verilog-0004: [F:/SocFpga/soc/Hfpga_soc.v(line number: 335)] Elaborating instance u_pll
I: Verilog-0003: [F:/SocFpga/IP/clk_pll/clk_pll.v(line number: 18)] Elaborating module clk_pll
I: Verilog-0004: [F:/SocFpga/IP/clk_pll/clk_pll.v(line number: 300)] Elaborating instance u_gpll
I: Verilog-0004: [F:/SocFpga/soc/Hfpga_soc.v(line number: 385)] Elaborating instance u_cpu
I: Verilog-0003: [F:/SocFpga/cpu/Htop.v(line number: 3)] Elaborating module Htop
I: Module instance {Hfpga_soc/g_ddr_profile.u_cpu} parameter value:
    RESET_PC = 32'b10000000000000000000000000000000
    BRAM_MODE = 1'b0
    BRAM_VENDOR_IP = 1'b0
    DDR_BASE = 32'b10000000000000000000000000000000
    DDR_BYTES = 32'b01000000000000000000000000000000
    IRAM_BASE = 32'b10000000000000000000000000000000
    IRAM_BYTES = 32'b00000000000000001000000000000000
    DRAM_BASE = 32'b10000000000000001000000000000000
    DRAM_BYTES = 32'b00000000000000000100000000000000
    DCACHEABLE_DDR_BASE = 32'b10000000000000000000000000000000
    DCACHEABLE_DDR_BYTES = 32'b00111000000000000000000000000000
I: Verilog-0004: [F:/SocFpga/cpu/Htop.v(line number: 266)] Elaborating instance u_ifu
I: Verilog-0003: [F:/SocFpga/cpu/Hifu.v(line number: 3)] Elaborating module Hifu
I: Module instance {Hfpga_soc/g_ddr_profile.u_cpu/u_ifu} parameter value:
    RESET_PC = 32'b10000000000000000000000000000000
    CONTINUOUS_FETCH = 1'b0
I: Verilog-0004: [F:/SocFpga/cpu/Htop.v(line number: 293)] Elaborating instance u_icache
I: Verilog-0003: [F:/SocFpga/cpu/icache.v(line number: 3)] Elaborating module icache
I: Module instance {Hfpga_soc/g_ddr_profile.u_cpu/gen_icache.u_icache} parameter value:
    DDR_BASE = 32'b10000000000000000000000000000000
    DDR_BYTES = 32'b01000000000000000000000000000000
I: Verilog-0004: [F:/SocFpga/cpu/icache.v(line number: 212)] Elaborating instance dec_rand_way
I: Verilog-0003: [F:/SocFpga/cpu/cache_util.v(line number: 4)] Elaborating module decoder_2_4
I: Verilog-0004: [F:/SocFpga/cpu/icache.v(line number: 214)] Elaborating instance sel_one_invalid
I: Verilog-0003: [F:/SocFpga/cpu/cache_util.v(line number: 14)] Elaborating module one_valid_n
I: Module instance {Hfpga_soc/g_ddr_profile.u_cpu/gen_icache.u_icache/sel_one_invalid} parameter value:
    N = 32'b00000000000000000000000000000010
I: Verilog-0004: [F:/SocFpga/cpu/icache.v(line number: 285)] Elaborating instance u
I: Verilog-0003: [F:/SocFpga/cpu/cache_bram.v(line number: 28)] Elaborating module data_bank_sram
I: Verilog-0004: [F:/SocFpga/cpu/cache_bram.v(line number: 36)] Elaborating instance u_ram
I: Verilog-0003: [F:/SocFpga/IP/DataRAM/DataRAM.v(line number: 16)] Elaborating module DataRAM
I: Verilog-0004: [F:/SocFpga/IP/DataRAM/DataRAM.v(line number: 125)] Elaborating instance U_ipml_spram_DataRAM
I: Verilog-0003: [F:/SocFpga/IP/DataRAM/rtl/ipm2l_spram_v1_8_DataRAM.v(line number: 17)] Elaborating module ipm2l_spram_v1_8_DataRAM
I: Module instance {Hfpga_soc/g_ddr_profile.u_cpu/gen_icache.u_icache/data_ram_way[0].data_ram_bank[0].u/u_ram/U_ipml_spram_DataRAM} parameter value:
    c_CAS_MODE = 18K
    c_ADDR_WIDTH = 32'b00000000000000000000000000001000
    c_DATA_WIDTH = 32'b00000000000000000000000000100000
    c_OUTPUT_REG = 32'b00000000000000000000000000000000
    c_RD_OCE_EN = 32'b00000000000000000000000000000000
    c_FAB_REG = 32'b00000000000000000000000000000000
    c_CLK_EN = 32'b00000000000000000000000000000000
    c_ADDR_STROBE_EN = 32'b00000000000000000000000000000000
    c_RESET_TYPE = ASYNC
    c_POWER_OPT = 32'b00000000000000000000000000000000
    c_CLK_OR_POL_INV = 32'b00000000000000000000000000000000
    c_INIT_FILE = NONE
    c_INIT_FORMAT = BIN
    c_WR_BYTE_EN = 32'b00000000000000000000000000000001
    c_BE_WIDTH = 32'b00000000000000000000000000000100
    c_RAM_MODE = SINGLE_PORT
    c_WRITE_MODE = NORMAL_WRITE
W: [F:/SocFpga/IP/DataRAM/rtl/ipm2l_spram_v1_8_DataRAM.v(line number: 123)] IPSpecCheck: 04030200 ipm2l_flex_spram parameter setting error !!!: c_ADDR_WIDTH must between 9-20 when DRM Resource is 18K (module instance : Hfpga_soc/g_ddr_profile.u_cpu/gen_icache.u_icache/data_ram_way[0].data_ram_bank[0].u/u_ram/U_ipml_spram_DataRAM)
W: Verilog-2039: [F:/SocFpga/IP/DataRAM/rtl/ipm2l_spram_v1_8_DataRAM.v(line number: 234)] Repeat multiplier in concatenation evaluates to 0
W: Verilog-2039: [F:/SocFpga/IP/DataRAM/rtl/ipm2l_spram_v1_8_DataRAM.v(line number: 238)] Repeat multiplier in concatenation evaluates to 0
W: Verilog-2038: [F:/SocFpga/IP/DataRAM/rtl/ipm2l_spram_v1_8_DataRAM.v(line number: 246)] Case condition never applies
W: Verilog-2038: [F:/SocFpga/IP/DataRAM/rtl/ipm2l_spram_v1_8_DataRAM.v(line number: 250)] Case condition never applies
W: Verilog-2038: [F:/SocFpga/IP/DataRAM/rtl/ipm2l_spram_v1_8_DataRAM.v(line number: 254)] Case condition never applies
W: Verilog-2038: [F:/SocFpga/IP/DataRAM/rtl/ipm2l_spram_v1_8_DataRAM.v(line number: 258)] Case condition never applies
W: Verilog-2038: [F:/SocFpga/IP/DataRAM/rtl/ipm2l_spram_v1_8_DataRAM.v(line number: 258)] Case condition never applies
W: Verilog-2038: [F:/SocFpga/IP/DataRAM/rtl/ipm2l_spram_v1_8_DataRAM.v(line number: 262)] Case condition never applies
W: Verilog-2038: [F:/SocFpga/IP/DataRAM/rtl/ipm2l_spram_v1_8_DataRAM.v(line number: 262)] Case condition never applies
I: Verilog-0004: [F:/SocFpga/IP/DataRAM/rtl/ipm2l_spram_v1_8_DataRAM.v(line number: 512)] Elaborating instance U_GTP_DRM18K
W: Verilog-2020: [F:/SocFpga/IP/DataRAM/rtl/ipm2l_spram_v1_8_DataRAM.v(line number: 388)] Net DA_bus[8] in ipm2l_spram_v1_8_DataRAM(original module ipm2l_spram_v1_8_DataRAM) does not have a driver, tie it to 0
W: Verilog-2020: [F:/SocFpga/IP/DataRAM/rtl/ipm2l_spram_v1_8_DataRAM.v(line number: 388)] Net DA_bus[17] in ipm2l_spram_v1_8_DataRAM(original module ipm2l_spram_v1_8_DataRAM) does not have a driver, tie it to 0
W: Verilog-2020: [F:/SocFpga/IP/DataRAM/rtl/ipm2l_spram_v1_8_DataRAM.v(line number: 389)] Net DB_bus[8] in ipm2l_spram_v1_8_DataRAM(original module ipm2l_spram_v1_8_DataRAM) does not have a driver, tie it to 0
W: Verilog-2020: [F:/SocFpga/IP/DataRAM/rtl/ipm2l_spram_v1_8_DataRAM.v(line number: 389)] Net DB_bus[17] in ipm2l_spram_v1_8_DataRAM(original module ipm2l_spram_v1_8_DataRAM) does not have a driver, tie it to 0
I: Verilog-0004: [F:/SocFpga/cpu/icache.v(line number: 285)] Elaborating instance u
I: Verilog-0003: [F:/SocFpga/cpu/cache_bram.v(line number: 28)] Elaborating module data_bank_sram
I: Verilog-0004: [F:/SocFpga/cpu/icache.v(line number: 285)] Elaborating instance u
I: Verilog-0003: [F:/SocFpga/cpu/cache_bram.v(line number: 28)] Elaborating module data_bank_sram
I: Verilog-0004: [F:/SocFpga/cpu/icache.v(line number: 285)] Elaborating instance u
I: Verilog-0003: [F:/SocFpga/cpu/cache_bram.v(line number: 28)] Elaborating module data_bank_sram
I: Verilog-0004: [F:/SocFpga/cpu/icache.v(line number: 285)] Elaborating instance u
I: Verilog-0003: [F:/SocFpga/cpu/cache_bram.v(line number: 28)] Elaborating module data_bank_sram
I: Verilog-0004: [F:/SocFpga/cpu/icache.v(line number: 285)] Elaborating instance u
I: Verilog-0003: [F:/SocFpga/cpu/cache_bram.v(line number: 28)] Elaborating module data_bank_sram
I: Verilog-0004: [F:/SocFpga/cpu/icache.v(line number: 285)] Elaborating instance u
I: Verilog-0003: [F:/SocFpga/cpu/cache_bram.v(line number: 28)] Elaborating module data_bank_sram
I: Verilog-0004: [F:/SocFpga/cpu/icache.v(line number: 285)] Elaborating instance u
I: Verilog-0003: [F:/SocFpga/cpu/cache_bram.v(line number: 28)] Elaborating module data_bank_sram
I: Verilog-0004: [F:/SocFpga/cpu/icache.v(line number: 299)] Elaborating instance u
I: Verilog-0003: [F:/SocFpga/cpu/cache_bram.v(line number: 48)] Elaborating module tagv_sram
I: Verilog-0004: [F:/SocFpga/cpu/cache_bram.v(line number: 56)] Elaborating instance u_ram
I: Verilog-0003: [F:/SocFpga/IP/TagvRAM/TagvRAM.v(line number: 16)] Elaborating module TagvRAM
I: Verilog-0004: [F:/SocFpga/IP/TagvRAM/TagvRAM.v(line number: 121)] Elaborating instance U_ipml_spram_TagvRAM
I: Verilog-0003: [F:/SocFpga/IP/TagvRAM/rtl/ipm2l_spram_v1_8_TagvRAM.v(line number: 17)] Elaborating module ipm2l_spram_v1_8_TagvRAM
I: Module instance {Hfpga_soc/g_ddr_profile.u_cpu/gen_icache.u_icache/tagv_ram_way[0].u/u_ram/U_ipml_spram_TagvRAM} parameter value:
    c_CAS_MODE = 18K
    c_ADDR_WIDTH = 32'b00000000000000000000000000001000
    c_DATA_WIDTH = 32'b00000000000000000000000000010101
    c_OUTPUT_REG = 32'b00000000000000000000000000000000
    c_RD_OCE_EN = 32'b00000000000000000000000000000000
    c_FAB_REG = 32'b00000000000000000000000000000000
    c_CLK_EN = 32'b00000000000000000000000000000000
    c_ADDR_STROBE_EN = 32'b00000000000000000000000000000000
    c_RESET_TYPE = ASYNC
    c_POWER_OPT = 32'b00000000000000000000000000000000
    c_CLK_OR_POL_INV = 32'b00000000000000000000000000000000
    c_INIT_FILE = NONE
    c_INIT_FORMAT = BIN
    c_WR_BYTE_EN = 32'b00000000000000000000000000000000
    c_BE_WIDTH = 32'b00000000000000000000000000000001
    c_RAM_MODE = SINGLE_PORT
    c_WRITE_MODE = NORMAL_WRITE
W: [F:/SocFpga/IP/TagvRAM/rtl/ipm2l_spram_v1_8_TagvRAM.v(line number: 122)] IPSpecCheck: 04030200 ipm2l_flex_spram parameter setting error !!!: c_ADDR_WIDTH must between 9-20 when DRM Resource is 18K (module instance : Hfpga_soc/g_ddr_profile.u_cpu/gen_icache.u_icache/tagv_ram_way[0].u/u_ram/U_ipml_spram_TagvRAM)
W: Verilog-2038: [F:/SocFpga/IP/TagvRAM/rtl/ipm2l_spram_v1_8_TagvRAM.v(line number: 245)] Case condition never applies
W: Verilog-2038: [F:/SocFpga/IP/TagvRAM/rtl/ipm2l_spram_v1_8_TagvRAM.v(line number: 249)] Case condition never applies
W: Verilog-2038: [F:/SocFpga/IP/TagvRAM/rtl/ipm2l_spram_v1_8_TagvRAM.v(line number: 253)] Case condition never applies
W: Verilog-2038: [F:/SocFpga/IP/TagvRAM/rtl/ipm2l_spram_v1_8_TagvRAM.v(line number: 257)] Case condition never applies
W: Verilog-2038: [F:/SocFpga/IP/TagvRAM/rtl/ipm2l_spram_v1_8_TagvRAM.v(line number: 257)] Case condition never applies
W: Verilog-2038: [F:/SocFpga/IP/TagvRAM/rtl/ipm2l_spram_v1_8_TagvRAM.v(line number: 261)] Case condition never applies
W: Verilog-2038: [F:/SocFpga/IP/TagvRAM/rtl/ipm2l_spram_v1_8_TagvRAM.v(line number: 261)] Case condition never applies
W: Verilog-2038: [F:/SocFpga/IP/TagvRAM/rtl/ipm2l_spram_v1_8_TagvRAM.v(line number: 265)] Case condition never applies
I: Verilog-0004: [F:/SocFpga/IP/TagvRAM/rtl/ipm2l_spram_v1_8_TagvRAM.v(line number: 508)] Elaborating instance U_GTP_DRM18K
I: Verilog-0004: [F:/SocFpga/cpu/icache.v(line number: 299)] Elaborating instance u
I: Verilog-0003: [F:/SocFpga/cpu/cache_bram.v(line number: 48)] Elaborating module tagv_sram
I: Verilog-0004: [F:/SocFpga/cpu/icache.v(line number: 311)] Elaborating instance u_lfsr
I: Verilog-0003: [F:/SocFpga/cpu/cache_util.v(line number: 33)] Elaborating module lfsr
I: Verilog-0004: [F:/SocFpga/cpu/Htop.v(line number: 394)] Elaborating instance u_btb
I: Verilog-0003: [F:/SocFpga/cpu/Btb.v(line number: 2)] Elaborating module Btb
I: Verilog-0004: [F:/SocFpga/cpu/Htop.v(line number: 413)] Elaborating instance u_idu
I: Verilog-0003: [F:/SocFpga/cpu/Hidu.v(line number: 3)] Elaborating module Hidu
I: Verilog-0004: [F:/SocFpga/cpu/Hidu.v(line number: 239)] Elaborating instance u_rf
I: Verilog-0003: [F:/SocFpga/cpu/HRegFile.v(line number: 3)] Elaborating module HRegFile
I: Verilog-0004: [F:/SocFpga/cpu/Htop.v(line number: 477)] Elaborating instance u_exu
I: Verilog-0003: [F:/SocFpga/cpu/Hexu.v(line number: 3)] Elaborating module Hexu
I: Verilog-0004: [F:/SocFpga/cpu/Hexu.v(line number: 135)] Elaborating instance u_mul
I: Verilog-0003: [F:/SocFpga/cpu/mul.v(line number: 9)] Elaborating module mul
I: Verilog-0004: [F:/SocFpga/cpu/Hexu.v(line number: 161)] Elaborating instance u_div
I: Verilog-0003: [F:/SocFpga/cpu/div.v(line number: 3)] Elaborating module div
I: Verilog-0004: [F:/SocFpga/cpu/Hexu.v(line number: 187)] Elaborating instance u_alu
I: Verilog-0003: [F:/SocFpga/cpu/Halu.v(line number: 2)] Elaborating module Halu
I: Verilog-0004: [F:/SocFpga/cpu/Hexu.v(line number: 215)] Elaborating instance u_csr
I: Verilog-0003: [F:/SocFpga/cpu/Hcsr.v(line number: 5)] Elaborating module Hcsr
I: Module instance {Hfpga_soc/g_ddr_profile.u_cpu/u_exu/u_csr} parameter value:
    CPU_HZ = 32'b00000100001011000001110110000000
I: Verilog-0004: [F:/SocFpga/cpu/Htop.v(line number: 539)] Elaborating instance u_dcache
I: Verilog-0003: [F:/SocFpga/cpu/dcache.v(line number: 3)] Elaborating module dcache
I: Module instance {Hfpga_soc/g_ddr_profile.u_cpu/gen_dcache.u_dcache} parameter value:
    CACHEABLE_DDR_BASE = 32'b10000000000000000000000000000000
    CACHEABLE_DDR_BYTES = 32'b00111000000000000000000000000000
I: Verilog-0004: [F:/SocFpga/cpu/dcache.v(line number: 321)] Elaborating instance dec_rand_way
I: Verilog-0003: [F:/SocFpga/cpu/cache_util.v(line number: 4)] Elaborating module decoder_2_4
I: Verilog-0004: [F:/SocFpga/cpu/dcache.v(line number: 324)] Elaborating instance sel_one_invalid
I: Verilog-0003: [F:/SocFpga/cpu/cache_util.v(line number: 14)] Elaborating module one_valid_n
I: Module instance {Hfpga_soc/g_ddr_profile.u_cpu/gen_dcache.u_dcache/sel_one_invalid} parameter value:
    N = 32'b00000000000000000000000000000010
I: Verilog-0004: [F:/SocFpga/cpu/dcache.v(line number: 422)] Elaborating instance u
I: Verilog-0003: [F:/SocFpga/cpu/cache_bram.v(line number: 28)] Elaborating module data_bank_sram
I: Verilog-0004: [F:/SocFpga/cpu/dcache.v(line number: 422)] Elaborating instance u
I: Verilog-0003: [F:/SocFpga/cpu/cache_bram.v(line number: 28)] Elaborating module data_bank_sram
I: Verilog-0004: [F:/SocFpga/cpu/dcache.v(line number: 422)] Elaborating instance u
I: Verilog-0003: [F:/SocFpga/cpu/cache_bram.v(line number: 28)] Elaborating module data_bank_sram
I: Verilog-0004: [F:/SocFpga/cpu/dcache.v(line number: 422)] Elaborating instance u
I: Verilog-0003: [F:/SocFpga/cpu/cache_bram.v(line number: 28)] Elaborating module data_bank_sram
I: Verilog-0004: [F:/SocFpga/cpu/dcache.v(line number: 422)] Elaborating instance u
I: Verilog-0003: [F:/SocFpga/cpu/cache_bram.v(line number: 28)] Elaborating module data_bank_sram
I: Verilog-0004: [F:/SocFpga/cpu/dcache.v(line number: 422)] Elaborating instance u
I: Verilog-0003: [F:/SocFpga/cpu/cache_bram.v(line number: 28)] Elaborating module data_bank_sram
I: Verilog-0004: [F:/SocFpga/cpu/dcache.v(line number: 422)] Elaborating instance u
I: Verilog-0003: [F:/SocFpga/cpu/cache_bram.v(line number: 28)] Elaborating module data_bank_sram
I: Verilog-0004: [F:/SocFpga/cpu/dcache.v(line number: 422)] Elaborating instance u
I: Verilog-0003: [F:/SocFpga/cpu/cache_bram.v(line number: 28)] Elaborating module data_bank_sram
I: Verilog-0004: [F:/SocFpga/cpu/dcache.v(line number: 436)] Elaborating instance u
I: Verilog-0003: [F:/SocFpga/cpu/cache_bram.v(line number: 48)] Elaborating module tagv_sram
I: Verilog-0004: [F:/SocFpga/cpu/dcache.v(line number: 436)] Elaborating instance u
I: Verilog-0003: [F:/SocFpga/cpu/cache_bram.v(line number: 48)] Elaborating module tagv_sram
I: Verilog-0004: [F:/SocFpga/cpu/dcache.v(line number: 447)] Elaborating instance u_lfsr
I: Verilog-0003: [F:/SocFpga/cpu/cache_util.v(line number: 33)] Elaborating module lfsr
I: Verilog-0004: [F:/SocFpga/cpu/Htop.v(line number: 579)] Elaborating instance u_memu
I: Verilog-0003: [F:/SocFpga/cpu/Hmemu.v(line number: 4)] Elaborating module Hmemu
I: Verilog-0004: [F:/SocFpga/cpu/Htop.v(line number: 610)] Elaborating instance u_wbu
I: Verilog-0003: [F:/SocFpga/cpu/Hwbu.v(line number: 3)] Elaborating module Hwbu
I: Verilog-0004: [F:/SocFpga/cpu/Htop.v(line number: 631)] Elaborating instance u_axi_bridge
I: Verilog-0003: [F:/SocFpga/cpu/axi_bridge.v(line number: 2)] Elaborating module axi_bridge
I: Verilog-0004: [F:/SocFpga/soc/Hfpga_soc.v(line number: 475)] Elaborating instance u_mem
I: Verilog-0003: [F:/SocFpga/soc/axi_mem_backend.v(line number: 10)] Elaborating module axi_mem_backend
I: Module instance {Hfpga_soc/g_ddr_profile.u_mem} parameter value:
    MMIO_BASE = 32'b01000000000000000000000000000000
    MMIO_BYTES = 32'b00000000000000000001000000000000
    DDR_BASE = 32'b10000000000000000000000000000000
    DDR_BYTES = 32'b01000000000000000000000000000000
I: Verilog-0004: [F:/SocFpga/soc/Hfpga_soc.v(line number: 545)] Elaborating instance GTP_INBUF_inst
I: Verilog-0004: [F:/SocFpga/soc/Hfpga_soc.v(line number: 550)] Elaborating instance u_jtag
I: Verilog-0003: [F:/SocFpga/jtag/jtag_top.v(line number: 3)] Elaborating module jtag_top
I: Verilog-0004: [F:/SocFpga/jtag/jtag_top.v(line number: 72)] Elaborating instance u_jtag_driver
I: Verilog-0003: [F:/SocFpga/jtag/jtag_driver.v(line number: 1)] Elaborating module jtag_driver
I: Module instance {Hfpga_soc/g_ddr_profile.u_jtag/u_jtag_driver} parameter value:
    DMI_ADDR_BITS = 32'b00000000000000000000000000000110
    DMI_DATA_BITS = 32'b00000000000000000000000000100000
    DMI_OP_BITS = 32'b00000000000000000000000000000010
    DM_RESP_BITS = 32'b00000000000000000000000000101000
    DTM_REQ_BITS = 32'b00000000000000000000000000101000
I: Verilog-0004: [F:/SocFpga/jtag/jtag_driver.v(line number: 238)] Elaborating instance tx
I: Verilog-0003: [F:/SocFpga/jtag/full_handshake_tx.v(line number: 7)] Elaborating module full_handshake_tx
I: Module instance {Hfpga_soc/g_ddr_profile.u_jtag/u_jtag_driver/tx} parameter value:
    DW = 32'b00000000000000000000000000101000
I: Verilog-0004: [F:/SocFpga/jtag/jtag_driver.v(line number: 251)] Elaborating instance rx
I: Verilog-0003: [F:/SocFpga/jtag/full_handshake_rx.v(line number: 7)] Elaborating module full_handshake_rx
I: Module instance {Hfpga_soc/g_ddr_profile.u_jtag/u_jtag_driver/rx} parameter value:
    DW = 32'b00000000000000000000000000101000
I: Verilog-0004: [F:/SocFpga/jtag/jtag_top.v(line number: 92)] Elaborating instance u_jtag_dm
I: Verilog-0003: [F:/SocFpga/jtag/jtag_dm.v(line number: 2)] Elaborating module jtag_dm
I: Module instance {Hfpga_soc/g_ddr_profile.u_jtag/u_jtag_dm} parameter value:
    DMI_ADDR_BITS = 32'b00000000000000000000000000000110
    DMI_DATA_BITS = 32'b00000000000000000000000000100000
    DMI_OP_BITS = 32'b00000000000000000000000000000010
    DM_RESP_BITS = 32'b00000000000000000000000000101000
    DTM_REQ_BITS = 32'b00000000000000000000000000101000
I: Verilog-0004: [F:/SocFpga/jtag/jtag_dm.v(line number: 453)] Elaborating instance tx
I: Verilog-0003: [F:/SocFpga/jtag/full_handshake_tx.v(line number: 7)] Elaborating module full_handshake_tx
I: Module instance {Hfpga_soc/g_ddr_profile.u_jtag/u_jtag_dm/tx} parameter value:
    DW = 32'b00000000000000000000000000101000
I: Verilog-0004: [F:/SocFpga/jtag/jtag_dm.v(line number: 466)] Elaborating instance rx
I: Verilog-0003: [F:/SocFpga/jtag/full_handshake_rx.v(line number: 7)] Elaborating module full_handshake_rx
I: Module instance {Hfpga_soc/g_ddr_profile.u_jtag/u_jtag_dm/rx} parameter value:
    DW = 32'b00000000000000000000000000101000
I: Verilog-0004: [F:/SocFpga/soc/Hfpga_soc.v(line number: 602)] Elaborating instance u_npu_ctrl
I: Verilog-0003: [F:/SocFpga/soc/Hnpu_ctrl.v(line number: 11)] Elaborating module Hnpu_ctrl
I: Module instance {Hfpga_soc/g_ddr_profile.u_npu_ctrl} parameter value:
    NPU_MMIO_BASE = 32'b01000000000000000000000100000000
    NPU_MMIO_BYTES = 32'b00000000000000000000000100000000
I: Verilog-0004: [F:/SocFpga/soc/Hfpga_soc.v(line number: 647)] Elaborating instance u_uart0_tx
I: Verilog-0003: [F:/SocFpga/soc/Huart_tx.v(line number: 6)] Elaborating module Huart_tx
I: Module instance {Hfpga_soc/g_ddr_profile.u_uart0_tx} parameter value:
    CLK_HZ = 32'b00000100001011000001110110000000
    BAUD = 32'b00000000000000011100001000000000
I: Verilog-0004: [F:/SocFpga/soc/Hfpga_soc.v(line number: 660)] Elaborating instance u_led
I: Verilog-0003: [F:/SocFpga/soc/Hled.v(line number: 3)] Elaborating module Hled
I: Module instance {Hfpga_soc/g_ddr_profile.u_led} parameter value:
    WIDTH = 32'b00000000000000000000000000000100
I: Verilog-0004: [F:/SocFpga/soc/Hfpga_soc.v(line number: 672)] Elaborating instance u_fpioa
I: Verilog-0003: [F:/SocFpga/soc/Hfpioa_simple.v(line number: 6)] Elaborating module Hfpioa_simple
I: Module instance {Hfpga_soc/g_ddr_profile.u_fpioa} parameter value:
    UART_TX_DEFAULT_FPIOA = 32'b00000000000000000000000000000000
    INPUT_ONLY_MASK = 32'b00110000000001000000000000000000
I: Verilog-0004: [F:/SocFpga/soc/Hfpga_soc.v(line number: 686)] Elaborating instance u_cam1_sccb_gpio
I: Verilog-0003: [F:/SocFpga/soc/Hcamera_sccb_gpio.v(line number: 21)] Elaborating module Hcamera_sccb_gpio
I: Verilog-0004: [F:/SocFpga/soc/Hfpga_soc.v(line number: 707)] Elaborating instance u_cam1
I: Verilog-0003: [F:/SocFpga/soc/Hcamera_subsystem.v(line number: 7)] Elaborating module Hcamera_subsystem
W: Sdm-2008: The attribute named ASYNC_REG is not legal, then it has no effect, ignore its value.
W: Sdm-2008: The attribute named ASYNC_REG is not legal, then it has no effect, ignore its value.
W: Sdm-2008: The attribute named ASYNC_REG is not legal, then it has no effect, ignore its value.
W: Sdm-2008: The attribute named ASYNC_REG is not legal, then it has no effect, ignore its value.
W: Sdm-2008: The attribute named ASYNC_REG is not legal, then it has no effect, ignore its value.
W: Sdm-2008: The attribute named ASYNC_REG is not legal, then it has no effect, ignore its value.
W: Sdm-2008: The attribute named ASYNC_REG is not legal, then it has no effect, ignore its value.
W: Sdm-2008: The attribute named ASYNC_REG is not legal, then it has no effect, ignore its value.
W: Sdm-2008: The attribute named ASYNC_REG is not legal, then it has no effect, ignore its value.
W: Sdm-2008: The attribute named ASYNC_REG is not legal, then it has no effect, ignore its value.
W: Sdm-2008: The attribute named ASYNC_REG is not legal, then it has no effect, ignore its value.
W: Sdm-2008: The attribute named ASYNC_REG is not legal, then it has no effect, ignore its value.
W: Sdm-2008: The attribute named ASYNC_REG is not legal, then it has no effect, ignore its value.
W: Sdm-2008: The attribute named ASYNC_REG is not legal, then it has no effect, ignore its value.
W: Sdm-2008: The attribute named ASYNC_REG is not legal, then it has no effect, ignore its value.
W: Sdm-2008: The attribute named ASYNC_REG is not legal, then it has no effect, ignore its value.
W: Sdm-2008: The attribute named ASYNC_REG is not legal, then it has no effect, ignore its value.
W: Sdm-2008: The attribute named ASYNC_REG is not legal, then it has no effect, ignore its value.
W: Sdm-2008: The attribute named ASYNC_REG is not legal, then it has no effect, ignore its value.
W: Sdm-2008: The attribute named ASYNC_REG is not legal, then it has no effect, ignore its value.
W: Sdm-2008: The attribute named ASYNC_REG is not legal, then it has no effect, ignore its value.
W: Sdm-2008: The attribute named ASYNC_REG is not legal, then it has no effect, ignore its value.
W: Sdm-2008: The attribute named ASYNC_REG is not legal, then it has no effect, ignore its value.
W: Sdm-2008: The attribute named ASYNC_REG is not legal, then it has no effect, ignore its value.
W: Sdm-2008: The attribute named ASYNC_REG is not legal, then it has no effect, ignore its value.
W: Sdm-2008: The attribute named ASYNC_REG is not legal, then it has no effect, ignore its value.
W: Sdm-2008: The attribute named ASYNC_REG is not legal, then it has no effect, ignore its value.
W: Sdm-2008: The attribute named ASYNC_REG is not legal, then it has no effect, ignore its value.
W: Sdm-2008: The attribute named ASYNC_REG is not legal, then it has no effect, ignore its value.
W: Sdm-2008: The attribute named ASYNC_REG is not legal, then it has no effect, ignore its value.
W: Sdm-2008: The attribute named ASYNC_REG is not legal, then it has no effect, ignore its value.
W: Sdm-2008: The attribute named ASYNC_REG is not legal, then it has no effect, ignore its value.
I: Module instance {Hfpga_soc/g_ddr_profile.u_cam1} parameter value:
    DDR_BASE = 32'b10000000000000000000000000000000
    DDR_BYTES = 32'b01000000000000000000000000000000
    BUFFER0_ADDR = 32'b10111000000000000000000000000000
    BUFFER1_ADDR = 32'b10111000000100000000000000000000
    FRAME_WIDTH = 32'b00000000000000000000001010000000
    FRAME_HEIGHT = 32'b00000000000000000000000111100000
    FIFO_ADDR_WIDTH = 32'b00000000000000000000000000001010
    DMA_TIMEOUT_CYCLES = 32'b00000000000011110100001001000000
    SNAPSHOT_TIMEOUT_CYCLES = 32'b00000000000011110100001001000000
    AXI_ID = 8'b01000000
    HARDWARE_CONSUMER = 1'b0
I: Verilog-0004: [F:/SocFpga/soc/Hcamera_subsystem.v(line number: 280)] Elaborating instance u_dvp_rx
I: Verilog-0003: [F:/SocFpga/soc/Hcamera_dvp_rx.v(line number: 5)] Elaborating module Hcamera_dvp_rx
I: Module instance {Hfpga_soc/g_ddr_profile.u_cam1/u_dvp_rx} parameter value:
    FRAME_WIDTH = 32'b00000000000000000000001010000000
    FRAME_HEIGHT = 32'b00000000000000000000000111100000
I: Verilog-0004: [F:/SocFpga/soc/Hcamera_subsystem.v(line number: 297)] Elaborating instance u_fifo
I: Verilog-0003: [F:/SocFpga/soc/Hcamera_async_fifo.v(line number: 6)] Elaborating module Hcamera_async_fifo
W: Sdm-2008: The attribute named ASYNC_REG is not legal, then it has no effect, ignore its value.
W: Sdm-2008: The attribute named ASYNC_REG is not legal, then it has no effect, ignore its value.
W: Sdm-2008: The attribute named ASYNC_REG is not legal, then it has no effect, ignore its value.
W: Sdm-2008: The attribute named ASYNC_REG is not legal, then it has no effect, ignore its value.
I: Module instance {Hfpga_soc/g_ddr_profile.u_cam1/u_fifo} parameter value:
    DATA_WIDTH = 32'b00000000000000000000000000010010
    ADDR_WIDTH = 32'b00000000000000000000000000001010
I: Verilog-0004: [F:/SocFpga/soc/Hcamera_subsystem.v(line number: 311)] Elaborating instance u_dma
I: Verilog-0003: [F:/SocFpga/soc/Hcamera_dma.v(line number: 5)] Elaborating module Hcamera_dma
I: Module instance {Hfpga_soc/g_ddr_profile.u_cam1/u_dma} parameter value:
    DDR_BASE = 32'b10000000000000000000000000000000
    DDR_BYTES = 32'b01000000000000000000000000000000
    BUFFER0_ADDR = 32'b10111000000000000000000000000000
    BUFFER1_ADDR = 32'b10111000000100000000000000000000
    FRAME_WIDTH = 32'b00000000000000000000001010000000
    FRAME_HEIGHT = 32'b00000000000000000000000111100000
    TIMEOUT_CYCLES = 32'b00000000000011110100001001000000
    AXI_ID = 8'b01000000
I: Verilog-0004: [F:/SocFpga/soc/Hfpga_soc.v(line number: 728)] Elaborating instance u_cam2_sccb_gpio
I: Verilog-0003: [F:/SocFpga/soc/Hcamera_sccb_gpio.v(line number: 21)] Elaborating module Hcamera_sccb_gpio
I: Verilog-0004: [F:/SocFpga/soc/Hfpga_soc.v(line number: 748)] Elaborating instance u_cam2
I: Verilog-0003: [F:/SocFpga/soc/Hcamera_subsystem.v(line number: 7)] Elaborating module Hcamera_subsystem
W: Sdm-2008: The attribute named ASYNC_REG is not legal, then it has no effect, ignore its value.
W: Sdm-2008: The attribute named ASYNC_REG is not legal, then it has no effect, ignore its value.
W: Sdm-2008: The attribute named ASYNC_REG is not legal, then it has no effect, ignore its value.
W: Sdm-2008: The attribute named ASYNC_REG is not legal, then it has no effect, ignore its value.
W: Sdm-2008: The attribute named ASYNC_REG is not legal, then it has no effect, ignore its value.
W: Sdm-2008: The attribute named ASYNC_REG is not legal, then it has no effect, ignore its value.
W: Sdm-2008: The attribute named ASYNC_REG is not legal, then it has no effect, ignore its value.
W: Sdm-2008: The attribute named ASYNC_REG is not legal, then it has no effect, ignore its value.
W: Sdm-2008: The attribute named ASYNC_REG is not legal, then it has no effect, ignore its value.
W: Sdm-2008: The attribute named ASYNC_REG is not legal, then it has no effect, ignore its value.
W: Sdm-2008: The attribute named ASYNC_REG is not legal, then it has no effect, ignore its value.
W: Sdm-2008: The attribute named ASYNC_REG is not legal, then it has no effect, ignore its value.
W: Sdm-2008: The attribute named ASYNC_REG is not legal, then it has no effect, ignore its value.
W: Sdm-2008: The attribute named ASYNC_REG is not legal, then it has no effect, ignore its value.
W: Sdm-2008: The attribute named ASYNC_REG is not legal, then it has no effect, ignore its value.
W: Sdm-2008: The attribute named ASYNC_REG is not legal, then it has no effect, ignore its value.
W: Sdm-2008: The attribute named ASYNC_REG is not legal, then it has no effect, ignore its value.
W: Sdm-2008: The attribute named ASYNC_REG is not legal, then it has no effect, ignore its value.
W: Sdm-2008: The attribute named ASYNC_REG is not legal, then it has no effect, ignore its value.
W: Sdm-2008: The attribute named ASYNC_REG is not legal, then it has no effect, ignore its value.
W: Sdm-2008: The attribute named ASYNC_REG is not legal, then it has no effect, ignore its value.
W: Sdm-2008: The attribute named ASYNC_REG is not legal, then it has no effect, ignore its value.
W: Sdm-2008: The attribute named ASYNC_REG is not legal, then it has no effect, ignore its value.
W: Sdm-2008: The attribute named ASYNC_REG is not legal, then it has no effect, ignore its value.
W: Sdm-2008: The attribute named ASYNC_REG is not legal, then it has no effect, ignore its value.
W: Sdm-2008: The attribute named ASYNC_REG is not legal, then it has no effect, ignore its value.
W: Sdm-2008: The attribute named ASYNC_REG is not legal, then it has no effect, ignore its value.
W: Sdm-2008: The attribute named ASYNC_REG is not legal, then it has no effect, ignore its value.
W: Sdm-2008: The attribute named ASYNC_REG is not legal, then it has no effect, ignore its value.
W: Sdm-2008: The attribute named ASYNC_REG is not legal, then it has no effect, ignore its value.
W: Sdm-2008: The attribute named ASYNC_REG is not legal, then it has no effect, ignore its value.
W: Sdm-2008: The attribute named ASYNC_REG is not legal, then it has no effect, ignore its value.
I: Module instance {Hfpga_soc/g_ddr_profile.u_cam2} parameter value:
    DDR_BASE = 32'b10000000000000000000000000000000
    DDR_BYTES = 32'b01000000000000000000000000000000
    BUFFER0_ADDR = 32'b10111000001000000000000000000000
    BUFFER1_ADDR = 32'b10111000001100000000000000000000
    FRAME_WIDTH = 32'b00000000000000000000001010000000
    FRAME_HEIGHT = 32'b00000000000000000000000111100000
    FIFO_ADDR_WIDTH = 32'b00000000000000000000000000001010
    DMA_TIMEOUT_CYCLES = 32'b00000000000011110100001001000000
    SNAPSHOT_TIMEOUT_CYCLES = 32'b00000000000011110100001001000000
    AXI_ID = 8'b01000001
    HARDWARE_CONSUMER = 1'b0
I: Verilog-0004: [F:/SocFpga/soc/Hcamera_subsystem.v(line number: 280)] Elaborating instance u_dvp_rx
I: Verilog-0003: [F:/SocFpga/soc/Hcamera_dvp_rx.v(line number: 5)] Elaborating module Hcamera_dvp_rx
I: Module instance {Hfpga_soc/g_ddr_profile.u_cam2/u_dvp_rx} parameter value:
    FRAME_WIDTH = 32'b00000000000000000000001010000000
    FRAME_HEIGHT = 32'b00000000000000000000000111100000
I: Verilog-0004: [F:/SocFpga/soc/Hcamera_subsystem.v(line number: 297)] Elaborating instance u_fifo
I: Verilog-0003: [F:/SocFpga/soc/Hcamera_async_fifo.v(line number: 6)] Elaborating module Hcamera_async_fifo
W: Sdm-2008: The attribute named ASYNC_REG is not legal, then it has no effect, ignore its value.
W: Sdm-2008: The attribute named ASYNC_REG is not legal, then it has no effect, ignore its value.
W: Sdm-2008: The attribute named ASYNC_REG is not legal, then it has no effect, ignore its value.
W: Sdm-2008: The attribute named ASYNC_REG is not legal, then it has no effect, ignore its value.
I: Module instance {Hfpga_soc/g_ddr_profile.u_cam2/u_fifo} parameter value:
    DATA_WIDTH = 32'b00000000000000000000000000010010
    ADDR_WIDTH = 32'b00000000000000000000000000001010
I: Verilog-0004: [F:/SocFpga/soc/Hcamera_subsystem.v(line number: 311)] Elaborating instance u_dma
I: Verilog-0003: [F:/SocFpga/soc/Hcamera_dma.v(line number: 5)] Elaborating module Hcamera_dma
I: Module instance {Hfpga_soc/g_ddr_profile.u_cam2/u_dma} parameter value:
    DDR_BASE = 32'b10000000000000000000000000000000
    DDR_BYTES = 32'b01000000000000000000000000000000
    BUFFER0_ADDR = 32'b10111000001000000000000000000000
    BUFFER1_ADDR = 32'b10111000001100000000000000000000
    FRAME_WIDTH = 32'b00000000000000000000001010000000
    FRAME_HEIGHT = 32'b00000000000000000000000111100000
    TIMEOUT_CYCLES = 32'b00000000000011110100001001000000
    AXI_ID = 8'b01000001
I: Verilog-0004: [F:/SocFpga/soc/Hfpga_soc.v(line number: 771)] Elaborating instance u_stereo_merge
I: Verilog-0003: [F:/SocFpga/soc/Haxi_2m1s_arbiter.v(line number: 9)] Elaborating module Haxi_2m1s_arbiter
I: Verilog-0004: [F:/SocFpga/soc/Hfpga_soc.v(line number: 881)] Elaborating instance u_debug_core
I: Verilog-0003: [F:/SocFpga/soc/Debug_core.v(line number: 5)] Elaborating module Debug_core
I: Verilog-0004: [F:/SocFpga/soc/Hfpga_soc.v(line number: 929)] Elaborating instance u_flash_ddr_boot
I: Verilog-0003: [F:/SocFpga/soc/flash_boot/flash_ddr_boot.v(line number: 12)] Elaborating module flash_ddr_boot
I: Module instance {Hfpga_soc/g_ddr_profile.u_flash_ddr_boot} parameter value:
    FLASH_BASE = 24'b101000000000000000000000
    DDR_BASE = 32'b10000000000000000000000000000000
    DDR_LIMIT = 33'b011000000000000000000000000000000
    IMAGE_BYTES = 32'b00000000000000000100000000000000
    SPI_CLK_DIV = 32'b00000000000000000000000000000100
    TIMEOUT_CYCLES = 32'b00000000000000011000011010100000
    DDR_INIT_TIMEOUT_CYCLES = 32'b00000100001011000001110110000000
I: Verilog-0004: [F:/SocFpga/soc/flash_boot/flash_ddr_boot.v(line number: 103)] Elaborating instance u_flash_reader
I: Verilog-0003: [F:/SocFpga/soc/flash_boot/spi_flash_byte_reader.v(line number: 5)] Elaborating module spi_flash_byte_reader
I: Module instance {Hfpga_soc/g_ddr_profile.u_flash_ddr_boot/u_flash_reader} parameter value:
    CLK_DIV = 32'b00000000000000000000000000000100
I: Verilog-0004: [F:/SocFpga/soc/flash_boot/flash_ddr_boot.v(line number: 141)] Elaborating instance u_loader
I: Verilog-0003: [F:/SocFpga/soc/flash_boot/flash_ddr_loader.v(line number: 5)] Elaborating module flash_ddr_loader
I: Module instance {Hfpga_soc/g_ddr_profile.u_flash_ddr_boot/u_loader} parameter value:
    FLASH_BASE = 24'b101000000000000000000000
    DDR_BASE = 32'b10000000000000000000000000000000
    DDR_LIMIT = 33'b011000000000000000000000000000000
    IMAGE_BYTES = 32'b00000000000000000100000000000000
    TIMEOUT_CYCLES = 32'b00000000000000011000011010100000
    DDR_INIT_TIMEOUT_CYCLES = 32'b00000100001011000001110110000000
I: Verilog-0004: [F:/SocFpga/soc/Hfpga_soc.v(line number: 969)] Elaborating instance u_flash_cfgclk
I: Verilog-0004: [F:/SocFpga/soc/Hfpga_soc.v(line number: 974)] Elaborating instance u_ddr_axi_bridge
I: Verilog-0003: [F:/SocFpga/soc/ddr_axi_bridge.v(line number: 8)] Elaborating module ddr_axi_bridge
I: Verilog-0004: [F:/SocFpga/soc/Hfpga_soc.v(line number: 1127)] Elaborating instance u_preprocess_stereo
I: Verilog-0003: [F:/SocFpga/soc/Hpreprocess_stereo.v(line number: 6)] Elaborating module Hpreprocess_stereo
I: Module instance {Hfpga_soc/g_ddr_profile.u_preprocess_stereo} parameter value:
    DDR_BASE = 32'b10000000000000000000000000000000
    DDR_BYTES = 32'b01000000000000000000000000000000
    FRAME_WIDTH = 32'b00000000000000000000001010000000
    FRAME_HEIGHT = 32'b00000000000000000000000111100000
    MAX_REGIONS = 32'b00000000000000000000000000001000
    MAX_OUTPUT_SIZE = 32'b00000000000000000000000010000000
    TIMEOUT_CYCLES = 32'b00000000000011110100001001000000
I: Verilog-0004: [F:/SocFpga/soc/Hpreprocess_stereo.v(line number: 144)] Elaborating instance u_preprocess
I: Verilog-0003: [F:/SocFpga/soc/Hcamera_preprocess.v(line number: 8)] Elaborating module Hcamera_preprocess
I: Module instance {Hfpga_soc/g_ddr_profile.u_preprocess_stereo/cameras[0].u_preprocess} parameter value:
    DDR_BASE = 32'b10000000000000000000000000000000
    DDR_BYTES = 32'b01000000000000000000000000000000
    SOURCE0 = 32'b10111000000000000000000000000000
    SOURCE1 = 32'b10111000000100000000000000000000
    SOURCE_SLOT_BYTES = 32'b00000000000100000000000000000000
    OUTPUT0 = 32'b10111000010000000000000000000000
    OUTPUT1 = 32'b10111000010100000000000000000000
    OUTPUT_BANK_BYTES = 32'b00000000000100000000000000000000
    ROI_STRIDE_BYTES = 32'b00000000000000001000000000000000
    FRAME_WIDTH = 32'b00000000000000000000001010000000
    FRAME_HEIGHT = 32'b00000000000000000000000111100000
    MAX_REGIONS = 32'b00000000000000000000000000001000
    MAX_OUTPUT_SIZE = 32'b00000000000000000000000010000000
    TIMEOUT_CYCLES = 32'b00000000000011110100001001000000
    AXI_ID = 8'b01010000
    CAMERA_ID = 8'b00000001
I: Verilog-0004: [F:/SocFpga/soc/Hcamera_preprocess.v(line number: 180)] Elaborating instance u_color
I: Verilog-0003: [F:/SocFpga/soc/Hpreprocess_color.v(line number: 5)] Elaborating module Hpreprocess_color
I: Verilog-0004: [F:/SocFpga/soc/Hcamera_preprocess.v(line number: 182)] Elaborating instance u_regions
I: Verilog-0003: [F:/SocFpga/soc/Hpreprocess_regions.v(line number: 6)] Elaborating module Hpreprocess_regions
I: Module instance {Hfpga_soc/g_ddr_profile.u_preprocess_stereo/cameras[0].u_preprocess/u_regions} parameter value:
    MAX_REGIONS = 32'b00000000000000000000000000001000
I: Verilog-0004: [F:/SocFpga/soc/Hpreprocess_stereo.v(line number: 144)] Elaborating instance u_preprocess
I: Verilog-0003: [F:/SocFpga/soc/Hcamera_preprocess.v(line number: 8)] Elaborating module Hcamera_preprocess
I: Module instance {Hfpga_soc/g_ddr_profile.u_preprocess_stereo/cameras[1].u_preprocess} parameter value:
    DDR_BASE = 32'b10000000000000000000000000000000
    DDR_BYTES = 32'b01000000000000000000000000000000
    SOURCE0 = 32'b10111000001000000000000000000000
    SOURCE1 = 32'b10111000001100000000000000000000
    SOURCE_SLOT_BYTES = 32'b00000000000100000000000000000000
    OUTPUT0 = 32'b10111000011000000000000000000000
    OUTPUT1 = 32'b10111000011100000000000000000000
    OUTPUT_BANK_BYTES = 32'b00000000000100000000000000000000
    ROI_STRIDE_BYTES = 32'b00000000000000001000000000000000
    FRAME_WIDTH = 32'b00000000000000000000001010000000
    FRAME_HEIGHT = 32'b00000000000000000000000111100000
    MAX_REGIONS = 32'b00000000000000000000000000001000
    MAX_OUTPUT_SIZE = 32'b00000000000000000000000010000000
    TIMEOUT_CYCLES = 32'b00000000000011110100001001000000
    AXI_ID = 8'b01010001
    CAMERA_ID = 8'b00000010
I: Verilog-0004: [F:/SocFpga/soc/Hcamera_preprocess.v(line number: 180)] Elaborating instance u_color
I: Verilog-0003: [F:/SocFpga/soc/Hpreprocess_color.v(line number: 5)] Elaborating module Hpreprocess_color
I: Verilog-0004: [F:/SocFpga/soc/Hcamera_preprocess.v(line number: 182)] Elaborating instance u_regions
I: Verilog-0003: [F:/SocFpga/soc/Hpreprocess_regions.v(line number: 6)] Elaborating module Hpreprocess_regions
I: Module instance {Hfpga_soc/g_ddr_profile.u_preprocess_stereo/cameras[1].u_preprocess/u_regions} parameter value:
    MAX_REGIONS = 32'b00000000000000000000000000001000
I: Verilog-0004: [F:/SocFpga/soc/Hpreprocess_stereo.v(line number: 206)] Elaborating instance u_merge
I: Verilog-0003: [F:/SocFpga/soc/Haxi_2m1s_arbiter.v(line number: 9)] Elaborating module Haxi_2m1s_arbiter
I: Verilog-0004: [F:/SocFpga/soc/Hfpga_soc.v(line number: 1182)] Elaborating instance u_int8_regs
I: Verilog-0003: [F:/SocFpga/soc/Hrgb565_int8_regs.v(line number: 7)] Elaborating module Hrgb565_int8_regs
W: Sdm-2008: The attribute named ASYNC_REG is not legal, then it has no effect, ignore its value.
W: Sdm-2008: The attribute named ASYNC_REG is not legal, then it has no effect, ignore its value.
W: Sdm-2008: The attribute named ASYNC_REG is not legal, then it has no effect, ignore its value.
W: Sdm-2008: The attribute named ASYNC_REG is not legal, then it has no effect, ignore its value.
W: Sdm-2008: The attribute named ASYNC_REG is not legal, then it has no effect, ignore its value.
W: Sdm-2008: The attribute named ASYNC_REG is not legal, then it has no effect, ignore its value.
W: Sdm-2008: The attribute named ASYNC_REG is not legal, then it has no effect, ignore its value.
W: Sdm-2008: The attribute named ASYNC_REG is not legal, then it has no effect, ignore its value.
W: Sdm-2008: The attribute named ASYNC_REG is not legal, then it has no effect, ignore its value.
W: Sdm-2008: The attribute named ASYNC_REG is not legal, then it has no effect, ignore its value.
W: Sdm-2008: The attribute named ASYNC_REG is not legal, then it has no effect, ignore its value.
W: Sdm-2008: The attribute named ASYNC_REG is not legal, then it has no effect, ignore its value.
W: Sdm-2008: The attribute named ASYNC_REG is not legal, then it has no effect, ignore its value.
W: Sdm-2008: The attribute named ASYNC_REG is not legal, then it has no effect, ignore its value.
W: Sdm-2008: The attribute named ASYNC_REG is not legal, then it has no effect, ignore its value.
W: Sdm-2008: The attribute named ASYNC_REG is not legal, then it has no effect, ignore its value.
W: Sdm-2008: The attribute named ASYNC_REG is not legal, then it has no effect, ignore its value.
W: Sdm-2008: The attribute named ASYNC_REG is not legal, then it has no effect, ignore its value.
W: Sdm-2008: The attribute named ASYNC_REG is not legal, then it has no effect, ignore its value.
W: Sdm-2008: The attribute named ASYNC_REG is not legal, then it has no effect, ignore its value.
I: Verilog-0004: [F:/SocFpga/soc/Hfpga_soc.v(line number: 1194)] Elaborating instance u_rgb565_int8
I: Verilog-0003: [F:/SocFpga/soc/Hrgb565_int8_stereo.v(line number: 6)] Elaborating module Hrgb565_int8_stereo
I: Module instance {Hfpga_soc/g_ddr_profile.u_rgb565_int8} parameter value:
    DDR_BASE = 32'b10000000000000000000000000000000
    DDR_BYTES = 32'b01000000000000000000000000000000
I: Verilog-0004: [F:/SocFpga/soc/Hrgb565_int8_stereo.v(line number: 57)] Elaborating instance u_lane
I: Verilog-0003: [F:/SocFpga/soc/Hrgb565_int8_lane.v(line number: 6)] Elaborating module Hrgb565_int8_lane
I: Module instance {Hfpga_soc/g_ddr_profile.u_rgb565_int8/lane[0].u_lane} parameter value:
    CAMERA = 1'b0
    AXI_ID = 8'b01100000
    DDR_BASE = 32'b10000000000000000000000000000000
    DDR_BYTES = 32'b01000000000000000000000000000000
    TIMEOUT_CYCLES = 32'b00000000000011110100001001000000
W: Verilog-2038: [F:/SocFpga/soc/Hrgb565_int8_lane.v(line number: 126)] Case condition never applies
W: Verilog-2038: [F:/SocFpga/soc/Hrgb565_int8_lane.v(line number: 126)] Case condition never applies
W: Verilog-2038: [F:/SocFpga/soc/Hrgb565_int8_lane.v(line number: 126)] Case condition never applies
W: Verilog-2038: [F:/SocFpga/soc/Hrgb565_int8_lane.v(line number: 126)] Case condition never applies
W: Verilog-2038: [F:/SocFpga/soc/Hrgb565_int8_lane.v(line number: 126)] Case condition never applies
W: Verilog-2038: [F:/SocFpga/soc/Hrgb565_int8_lane.v(line number: 126)] Case condition never applies
W: Verilog-2038: [F:/SocFpga/soc/Hrgb565_int8_lane.v(line number: 126)] Case condition never applies
W: Verilog-2038: [F:/SocFpga/soc/Hrgb565_int8_lane.v(line number: 126)] Case condition never applies
W: Verilog-2038: [F:/SocFpga/soc/Hrgb565_int8_lane.v(line number: 126)] Case condition never applies
W: Verilog-2038: [F:/SocFpga/soc/Hrgb565_int8_lane.v(line number: 126)] Case condition never applies
W: Verilog-2038: [F:/SocFpga/soc/Hrgb565_int8_lane.v(line number: 126)] Case condition never applies
W: Verilog-2038: [F:/SocFpga/soc/Hrgb565_int8_lane.v(line number: 126)] Case condition never applies
W: Verilog-2038: [F:/SocFpga/soc/Hrgb565_int8_lane.v(line number: 126)] Case condition never applies
W: Verilog-2038: [F:/SocFpga/soc/Hrgb565_int8_lane.v(line number: 126)] Case condition never applies
W: Verilog-2038: [F:/SocFpga/soc/Hrgb565_int8_lane.v(line number: 126)] Case condition never applies
W: Verilog-2038: [F:/SocFpga/soc/Hrgb565_int8_lane.v(line number: 127)] Case condition never applies
W: Verilog-2038: [F:/SocFpga/soc/Hrgb565_int8_lane.v(line number: 126)] Case condition never applies
W: Verilog-2038: [F:/SocFpga/soc/Hrgb565_int8_lane.v(line number: 127)] Case condition never applies
W: Verilog-2038: [F:/SocFpga/soc/Hrgb565_int8_lane.v(line number: 126)] Case condition never applies
W: Verilog-2038: [F:/SocFpga/soc/Hrgb565_int8_lane.v(line number: 127)] Case condition never applies
W: Verilog-2038: [F:/SocFpga/soc/Hrgb565_int8_lane.v(line number: 126)] Case condition never applies
W: Verilog-2038: [F:/SocFpga/soc/Hrgb565_int8_lane.v(line number: 127)] Case condition never applies
W: Verilog-2038: [F:/SocFpga/soc/Hrgb565_int8_lane.v(line number: 126)] Case condition never applies
W: Verilog-2038: [F:/SocFpga/soc/Hrgb565_int8_lane.v(line number: 127)] Case condition never applies
W: Verilog-2038: [F:/SocFpga/soc/Hrgb565_int8_lane.v(line number: 126)] Case condition never applies
W: Verilog-2038: [F:/SocFpga/soc/Hrgb565_int8_lane.v(line number: 127)] Case condition never applies
W: Verilog-2038: [F:/SocFpga/soc/Hrgb565_int8_lane.v(line number: 126)] Case condition never applies
W: Verilog-2038: [F:/SocFpga/soc/Hrgb565_int8_lane.v(line number: 127)] Case condition never applies
W: Verilog-2038: [F:/SocFpga/soc/Hrgb565_int8_lane.v(line number: 126)] Case condition never applies
W: Verilog-2038: [F:/SocFpga/soc/Hrgb565_int8_lane.v(line number: 127)] Case condition never applies
W: Verilog-2038: [F:/SocFpga/soc/Hrgb565_int8_lane.v(line number: 126)] Case condition never applies
W: Verilog-2038: [F:/SocFpga/soc/Hrgb565_int8_lane.v(line number: 127)] Case condition never applies
W: Verilog-2038: [F:/SocFpga/soc/Hrgb565_int8_lane.v(line number: 126)] Case condition never applies
W: Verilog-2038: [F:/SocFpga/soc/Hrgb565_int8_lane.v(line number: 127)] Case condition never applies
W: Verilog-2038: [F:/SocFpga/soc/Hrgb565_int8_lane.v(line number: 126)] Case condition never applies
W: Verilog-2038: [F:/SocFpga/soc/Hrgb565_int8_lane.v(line number: 127)] Case condition never applies
W: Verilog-2038: [F:/SocFpga/soc/Hrgb565_int8_lane.v(line number: 126)] Case condition never applies
W: Verilog-2038: [F:/SocFpga/soc/Hrgb565_int8_lane.v(line number: 127)] Case condition never applies
W: Verilog-2038: [F:/SocFpga/soc/Hrgb565_int8_lane.v(line number: 126)] Case condition never applies
W: Verilog-2038: [F:/SocFpga/soc/Hrgb565_int8_lane.v(line number: 127)] Case condition never applies
W: Verilog-2038: [F:/SocFpga/soc/Hrgb565_int8_lane.v(line number: 126)] Case condition never applies
W: Verilog-2038: [F:/SocFpga/soc/Hrgb565_int8_lane.v(line number: 127)] Case condition never applies
W: Verilog-2038: [F:/SocFpga/soc/Hrgb565_int8_lane.v(line number: 126)] Case condition never applies
W: Verilog-2038: [F:/SocFpga/soc/Hrgb565_int8_lane.v(line number: 127)] Case condition never applies
W: Verilog-2038: [F:/SocFpga/soc/Hrgb565_int8_lane.v(line number: 128)] Case condition never applies
W: Verilog-2038: [F:/SocFpga/soc/Hrgb565_int8_lane.v(line number: 126)] Case condition never applies
W: Verilog-2038: [F:/SocFpga/soc/Hrgb565_int8_lane.v(line number: 127)] Case condition never applies
W: Verilog-2038: [F:/SocFpga/soc/Hrgb565_int8_lane.v(line number: 128)] Case condition never applies
W: Verilog-2038: [F:/SocFpga/soc/Hrgb565_int8_lane.v(line number: 126)] Case condition never applies
W: Verilog-2038: [F:/SocFpga/soc/Hrgb565_int8_lane.v(line number: 127)] Case condition never applies
W: Verilog-2038: [F:/SocFpga/soc/Hrgb565_int8_lane.v(line number: 128)] Case condition never applies
W: Verilog-2038: [F:/SocFpga/soc/Hrgb565_int8_lane.v(line number: 126)] Case condition never applies
W: Verilog-2038: [F:/SocFpga/soc/Hrgb565_int8_lane.v(line number: 127)] Case condition never applies
W: Verilog-2038: [F:/SocFpga/soc/Hrgb565_int8_lane.v(line number: 128)] Case condition never applies
W: Verilog-2038: [F:/SocFpga/soc/Hrgb565_int8_lane.v(line number: 126)] Case condition never applies
W: Verilog-2038: [F:/SocFpga/soc/Hrgb565_int8_lane.v(line number: 127)] Case condition never applies
W: Verilog-2038: [F:/SocFpga/soc/Hrgb565_int8_lane.v(line number: 128)] Case condition never applies
W: Verilog-2038: [F:/SocFpga/soc/Hrgb565_int8_lane.v(line number: 126)] Case condition never applies
W: Verilog-2038: [F:/SocFpga/soc/Hrgb565_int8_lane.v(line number: 127)] Case condition never applies
W: Verilog-2038: [F:/SocFpga/soc/Hrgb565_int8_lane.v(line number: 128)] Case condition never applies
W: Verilog-2038: [F:/SocFpga/soc/Hrgb565_int8_lane.v(line number: 126)] Case condition never applies
W: Verilog-2038: [F:/SocFpga/soc/Hrgb565_int8_lane.v(line number: 127)] Case condition never applies
W: Verilog-2038: [F:/SocFpga/soc/Hrgb565_int8_lane.v(line number: 128)] Case condition never applies
W: Verilog-2038: [F:/SocFpga/soc/Hrgb565_int8_lane.v(line number: 126)] Case condition never applies
W: Verilog-2038: [F:/SocFpga/soc/Hrgb565_int8_lane.v(line number: 127)] Case condition never applies
W: Verilog-2038: [F:/SocFpga/soc/Hrgb565_int8_lane.v(line number: 128)] Case condition never applies
W: Verilog-2038: [F:/SocFpga/soc/Hrgb565_int8_lane.v(line number: 126)] Case condition never applies
W: Verilog-2038: [F:/SocFpga/soc/Hrgb565_int8_lane.v(line number: 127)] Case condition never applies
W: Verilog-2038: [F:/SocFpga/soc/Hrgb565_int8_lane.v(line number: 128)] Case condition never applies
W: Verilog-2038: [F:/SocFpga/soc/Hrgb565_int8_lane.v(line number: 126)] Case condition never applies
W: Verilog-2038: [F:/SocFpga/soc/Hrgb565_int8_lane.v(line number: 127)] Case condition never applies
W: Verilog-2038: [F:/SocFpga/soc/Hrgb565_int8_lane.v(line number: 128)] Case condition never applies
W: Verilog-2038: [F:/SocFpga/soc/Hrgb565_int8_lane.v(line number: 126)] Case condition never applies
W: Verilog-2038: [F:/SocFpga/soc/Hrgb565_int8_lane.v(line number: 127)] Case condition never applies
W: Verilog-2038: [F:/SocFpga/soc/Hrgb565_int8_lane.v(line number: 128)] Case condition never applies
W: Verilog-2038: [F:/SocFpga/soc/Hrgb565_int8_lane.v(line number: 126)] Case condition never applies
W: Verilog-2038: [F:/SocFpga/soc/Hrgb565_int8_lane.v(line number: 127)] Case condition never applies
W: Verilog-2038: [F:/SocFpga/soc/Hrgb565_int8_lane.v(line number: 128)] Case condition never applies
W: Verilog-2038: [F:/SocFpga/soc/Hrgb565_int8_lane.v(line number: 126)] Case condition never applies
W: Verilog-2038: [F:/SocFpga/soc/Hrgb565_int8_lane.v(line number: 127)] Case condition never applies
W: Verilog-2038: [F:/SocFpga/soc/Hrgb565_int8_lane.v(line number: 128)] Case condition never applies
W: Verilog-2038: [F:/SocFpga/soc/Hrgb565_int8_lane.v(line number: 126)] Case condition never applies
W: Verilog-2038: [F:/SocFpga/soc/Hrgb565_int8_lane.v(line number: 127)] Case condition never applies
W: Verilog-2038: [F:/SocFpga/soc/Hrgb565_int8_lane.v(line number: 128)] Case condition never applies
W: Verilog-2021: [F:/SocFpga/soc/Hrgb565_int8_lane.v(line number: 122)] Net block_base.base_1 in Hrgb565_int8_lane(original module Hrgb565_int8_lane) does not have a driver, tie it to 0
I: Verilog-0004: [F:/SocFpga/soc/Hrgb565_int8_stereo.v(line number: 57)] Elaborating instance u_lane
I: Verilog-0003: [F:/SocFpga/soc/Hrgb565_int8_lane.v(line number: 6)] Elaborating module Hrgb565_int8_lane
I: Module instance {Hfpga_soc/g_ddr_profile.u_rgb565_int8/lane[1].u_lane} parameter value:
    CAMERA = 1'b1
    AXI_ID = 8'b01100001
    DDR_BASE = 32'b10000000000000000000000000000000
    DDR_BYTES = 32'b01000000000000000000000000000000
    TIMEOUT_CYCLES = 32'b00000000000011110100001001000000
W: Verilog-2038: [F:/SocFpga/soc/Hrgb565_int8_lane.v(line number: 133)] Case condition never applies
W: Verilog-2038: [F:/SocFpga/soc/Hrgb565_int8_lane.v(line number: 133)] Case condition never applies
W: Verilog-2038: [F:/SocFpga/soc/Hrgb565_int8_lane.v(line number: 133)] Case condition never applies
W: Verilog-2038: [F:/SocFpga/soc/Hrgb565_int8_lane.v(line number: 133)] Case condition never applies
W: Verilog-2038: [F:/SocFpga/soc/Hrgb565_int8_lane.v(line number: 133)] Case condition never applies
W: Verilog-2038: [F:/SocFpga/soc/Hrgb565_int8_lane.v(line number: 133)] Case condition never applies
W: Verilog-2038: [F:/SocFpga/soc/Hrgb565_int8_lane.v(line number: 133)] Case condition never applies
W: Verilog-2038: [F:/SocFpga/soc/Hrgb565_int8_lane.v(line number: 133)] Case condition never applies
W: Verilog-2038: [F:/SocFpga/soc/Hrgb565_int8_lane.v(line number: 133)] Case condition never applies
W: Verilog-2038: [F:/SocFpga/soc/Hrgb565_int8_lane.v(line number: 133)] Case condition never applies
W: Verilog-2038: [F:/SocFpga/soc/Hrgb565_int8_lane.v(line number: 133)] Case condition never applies
W: Verilog-2038: [F:/SocFpga/soc/Hrgb565_int8_lane.v(line number: 133)] Case condition never applies
W: Verilog-2038: [F:/SocFpga/soc/Hrgb565_int8_lane.v(line number: 133)] Case condition never applies
W: Verilog-2038: [F:/SocFpga/soc/Hrgb565_int8_lane.v(line number: 133)] Case condition never applies
W: Verilog-2038: [F:/SocFpga/soc/Hrgb565_int8_lane.v(line number: 133)] Case condition never applies
W: Verilog-2038: [F:/SocFpga/soc/Hrgb565_int8_lane.v(line number: 134)] Case condition never applies
W: Verilog-2038: [F:/SocFpga/soc/Hrgb565_int8_lane.v(line number: 133)] Case condition never applies
W: Verilog-2038: [F:/SocFpga/soc/Hrgb565_int8_lane.v(line number: 134)] Case condition never applies
W: Verilog-2038: [F:/SocFpga/soc/Hrgb565_int8_lane.v(line number: 133)] Case condition never applies
W: Verilog-2038: [F:/SocFpga/soc/Hrgb565_int8_lane.v(line number: 134)] Case condition never applies
W: Verilog-2038: [F:/SocFpga/soc/Hrgb565_int8_lane.v(line number: 133)] Case condition never applies
W: Verilog-2038: [F:/SocFpga/soc/Hrgb565_int8_lane.v(line number: 134)] Case condition never applies
W: Verilog-2038: [F:/SocFpga/soc/Hrgb565_int8_lane.v(line number: 133)] Case condition never applies
W: Verilog-2038: [F:/SocFpga/soc/Hrgb565_int8_lane.v(line number: 134)] Case condition never applies
W: Verilog-2038: [F:/SocFpga/soc/Hrgb565_int8_lane.v(line number: 133)] Case condition never applies
W: Verilog-2038: [F:/SocFpga/soc/Hrgb565_int8_lane.v(line number: 134)] Case condition never applies
W: Verilog-2038: [F:/SocFpga/soc/Hrgb565_int8_lane.v(line number: 133)] Case condition never applies
W: Verilog-2038: [F:/SocFpga/soc/Hrgb565_int8_lane.v(line number: 134)] Case condition never applies
W: Verilog-2038: [F:/SocFpga/soc/Hrgb565_int8_lane.v(line number: 133)] Case condition never applies
W: Verilog-2038: [F:/SocFpga/soc/Hrgb565_int8_lane.v(line number: 134)] Case condition never applies
W: Verilog-2038: [F:/SocFpga/soc/Hrgb565_int8_lane.v(line number: 133)] Case condition never applies
W: Verilog-2038: [F:/SocFpga/soc/Hrgb565_int8_lane.v(line number: 134)] Case condition never applies
W: Verilog-2038: [F:/SocFpga/soc/Hrgb565_int8_lane.v(line number: 133)] Case condition never applies
W: Verilog-2038: [F:/SocFpga/soc/Hrgb565_int8_lane.v(line number: 134)] Case condition never applies
W: Verilog-2038: [F:/SocFpga/soc/Hrgb565_int8_lane.v(line number: 133)] Case condition never applies
W: Verilog-2038: [F:/SocFpga/soc/Hrgb565_int8_lane.v(line number: 134)] Case condition never applies
W: Verilog-2038: [F:/SocFpga/soc/Hrgb565_int8_lane.v(line number: 133)] Case condition never applies
W: Verilog-2038: [F:/SocFpga/soc/Hrgb565_int8_lane.v(line number: 134)] Case condition never applies
W: Verilog-2038: [F:/SocFpga/soc/Hrgb565_int8_lane.v(line number: 133)] Case condition never applies
W: Verilog-2038: [F:/SocFpga/soc/Hrgb565_int8_lane.v(line number: 134)] Case condition never applies
W: Verilog-2038: [F:/SocFpga/soc/Hrgb565_int8_lane.v(line number: 133)] Case condition never applies
W: Verilog-2038: [F:/SocFpga/soc/Hrgb565_int8_lane.v(line number: 134)] Case condition never applies
W: Verilog-2038: [F:/SocFpga/soc/Hrgb565_int8_lane.v(line number: 133)] Case condition never applies
W: Verilog-2038: [F:/SocFpga/soc/Hrgb565_int8_lane.v(line number: 134)] Case condition never applies
W: Verilog-2038: [F:/SocFpga/soc/Hrgb565_int8_lane.v(line number: 135)] Case condition never applies
W: Verilog-2038: [F:/SocFpga/soc/Hrgb565_int8_lane.v(line number: 133)] Case condition never applies
W: Verilog-2038: [F:/SocFpga/soc/Hrgb565_int8_lane.v(line number: 134)] Case condition never applies
W: Verilog-2038: [F:/SocFpga/soc/Hrgb565_int8_lane.v(line number: 135)] Case condition never applies
W: Verilog-2038: [F:/SocFpga/soc/Hrgb565_int8_lane.v(line number: 133)] Case condition never applies
W: Verilog-2038: [F:/SocFpga/soc/Hrgb565_int8_lane.v(line number: 134)] Case condition never applies
W: Verilog-2038: [F:/SocFpga/soc/Hrgb565_int8_lane.v(line number: 135)] Case condition never applies
W: Verilog-2038: [F:/SocFpga/soc/Hrgb565_int8_lane.v(line number: 133)] Case condition never applies
W: Verilog-2038: [F:/SocFpga/soc/Hrgb565_int8_lane.v(line number: 134)] Case condition never applies
W: Verilog-2038: [F:/SocFpga/soc/Hrgb565_int8_lane.v(line number: 135)] Case condition never applies
W: Verilog-2038: [F:/SocFpga/soc/Hrgb565_int8_lane.v(line number: 133)] Case condition never applies
W: Verilog-2038: [F:/SocFpga/soc/Hrgb565_int8_lane.v(line number: 134)] Case condition never applies
W: Verilog-2038: [F:/SocFpga/soc/Hrgb565_int8_lane.v(line number: 135)] Case condition never applies
W: Verilog-2038: [F:/SocFpga/soc/Hrgb565_int8_lane.v(line number: 133)] Case condition never applies
W: Verilog-2038: [F:/SocFpga/soc/Hrgb565_int8_lane.v(line number: 134)] Case condition never applies
W: Verilog-2038: [F:/SocFpga/soc/Hrgb565_int8_lane.v(line number: 135)] Case condition never applies
W: Verilog-2038: [F:/SocFpga/soc/Hrgb565_int8_lane.v(line number: 133)] Case condition never applies
W: Verilog-2038: [F:/SocFpga/soc/Hrgb565_int8_lane.v(line number: 134)] Case condition never applies
W: Verilog-2038: [F:/SocFpga/soc/Hrgb565_int8_lane.v(line number: 135)] Case condition never applies
W: Verilog-2038: [F:/SocFpga/soc/Hrgb565_int8_lane.v(line number: 133)] Case condition never applies
W: Verilog-2038: [F:/SocFpga/soc/Hrgb565_int8_lane.v(line number: 134)] Case condition never applies
W: Verilog-2038: [F:/SocFpga/soc/Hrgb565_int8_lane.v(line number: 135)] Case condition never applies
W: Verilog-2038: [F:/SocFpga/soc/Hrgb565_int8_lane.v(line number: 133)] Case condition never applies
W: Verilog-2038: [F:/SocFpga/soc/Hrgb565_int8_lane.v(line number: 134)] Case condition never applies
W: Verilog-2038: [F:/SocFpga/soc/Hrgb565_int8_lane.v(line number: 135)] Case condition never applies
W: Verilog-2038: [F:/SocFpga/soc/Hrgb565_int8_lane.v(line number: 133)] Case condition never applies
W: Verilog-2038: [F:/SocFpga/soc/Hrgb565_int8_lane.v(line number: 134)] Case condition never applies
W: Verilog-2038: [F:/SocFpga/soc/Hrgb565_int8_lane.v(line number: 135)] Case condition never applies
W: Verilog-2038: [F:/SocFpga/soc/Hrgb565_int8_lane.v(line number: 133)] Case condition never applies
W: Verilog-2038: [F:/SocFpga/soc/Hrgb565_int8_lane.v(line number: 134)] Case condition never applies
W: Verilog-2038: [F:/SocFpga/soc/Hrgb565_int8_lane.v(line number: 135)] Case condition never applies
W: Verilog-2038: [F:/SocFpga/soc/Hrgb565_int8_lane.v(line number: 133)] Case condition never applies
W: Verilog-2038: [F:/SocFpga/soc/Hrgb565_int8_lane.v(line number: 134)] Case condition never applies
W: Verilog-2038: [F:/SocFpga/soc/Hrgb565_int8_lane.v(line number: 135)] Case condition never applies
W: Verilog-2038: [F:/SocFpga/soc/Hrgb565_int8_lane.v(line number: 133)] Case condition never applies
W: Verilog-2038: [F:/SocFpga/soc/Hrgb565_int8_lane.v(line number: 134)] Case condition never applies
W: Verilog-2038: [F:/SocFpga/soc/Hrgb565_int8_lane.v(line number: 135)] Case condition never applies
W: Verilog-2038: [F:/SocFpga/soc/Hrgb565_int8_lane.v(line number: 133)] Case condition never applies
W: Verilog-2038: [F:/SocFpga/soc/Hrgb565_int8_lane.v(line number: 134)] Case condition never applies
W: Verilog-2038: [F:/SocFpga/soc/Hrgb565_int8_lane.v(line number: 135)] Case condition never applies
W: Verilog-2021: [F:/SocFpga/soc/Hrgb565_int8_lane.v(line number: 122)] Net block_base.base_1 in Hrgb565_int8_lane_1(original module Hrgb565_int8_lane) does not have a driver, tie it to 0
W: Verilog-2019: [F:/SocFpga/soc/Hfpga_soc.v(line number: 1194)] Width mismatch between port axi_arsize and signal bound to it for instantiated module Hrgb565_int8_stereo
W: Verilog-2019: [F:/SocFpga/soc/Hfpga_soc.v(line number: 1194)] Width mismatch between port axi_awsize and signal bound to it for instantiated module Hrgb565_int8_stereo
I: Verilog-0004: [F:/SocFpga/soc/Hfpga_soc.v(line number: 1234)] Elaborating instance u_int8_ddr_merge
I: Verilog-0003: [F:/SocFpga/soc/Hrgb565_int8_ddr_merge.v(line number: 6)] Elaborating module Hrgb565_int8_ddr_merge
I: Verilog-0004: [F:/SocFpga/soc/Hrgb565_int8_ddr_merge.v(line number: 55)] Elaborating instance u_lane_merge
I: Verilog-0003: [F:/SocFpga/soc/Haxi_2m1s_arbiter.v(line number: 9)] Elaborating module Haxi_2m1s_arbiter
I: Verilog-0004: [F:/SocFpga/soc/Hrgb565_int8_ddr_merge.v(line number: 101)] Elaborating instance u_capture_int8_merge
I: Verilog-0003: [F:/SocFpga/soc/Haxi_2m1s_arbiter.v(line number: 9)] Elaborating module Haxi_2m1s_arbiter
W: Verilog-2019: [F:/SocFpga/soc/Hfpga_soc.v(line number: 1234)] Width mismatch between port lane_arsize and signal bound to it for instantiated module Hrgb565_int8_ddr_merge
W: Verilog-2019: [F:/SocFpga/soc/Hfpga_soc.v(line number: 1234)] Width mismatch between port lane_awsize and signal bound to it for instantiated module Hrgb565_int8_ddr_merge
I: Verilog-0004: [F:/SocFpga/soc/Hfpga_soc.v(line number: 1412)] Elaborating instance u_camera_ddr_arbiter
I: Verilog-0003: [F:/SocFpga/soc/Haxi_2m1s_arbiter.v(line number: 9)] Elaborating module Haxi_2m1s_arbiter
I: Verilog-0004: [F:/SocFpga/soc/Hfpga_soc.v(line number: 1503)] Elaborating instance u_ddr3_ctrl
I: Verilog-0003: [F:/SocFpga/IP/ddr3_ctrl_v116/ddr3_ctrl_v116.v(line number: 13)] Elaborating module ddr3_ctrl_v116
I: Module instance {Hfpga_soc/g_ddr_profile.u_ddr3_ctrl} parameter value:
    MEM_ROW_WIDTH = 32'b00000000000000000000000000001111
    MEM_COLUMN_WIDTH = 32'b00000000000000000000000000001010
    MEM_BANK_WIDTH = 32'b00000000000000000000000000000011
    MEM_DQ_WIDTH = 32'b00000000000000000000000000100000
    MEM_DM_WIDTH = 32'b00000000000000000000000000000100
    MEM_DQS_WIDTH = 32'b00000000000000000000000000000100
    CTRL_ADDR_WIDTH = 32'b00000000000000000000000000011100
    AXI_ADDR_SHIFT = 32'b00000000000000000000000000000010
    AXI_ADDR_WIDTH = 32'b00000000000000000000000000011110
    AXI_DATA_WIDTH = 32'b00000000000000000000000100000000
    DEVICE_ID = 32'b00000000000000000000000000000000
I: Verilog-0004: [F:/SocFpga/IP/ddr3_ctrl_v116/ddr3_ctrl_v116.v(line number: 366)] Elaborating instance u_ddrc_rstn_sync
I: Verilog-0003: [F:/SocFpga/IP/ddr3_ctrl_v116/rtl/ips2l_rst_sync_v1_3.v(line number: 10)] Elaborating module ips2l_rst_sync_v1_3
I: Module instance {Hfpga_soc/g_ddr_profile.u_ddr3_ctrl/u_ddrc_rstn_sync} parameter value:
    DATA_WIDTH = 1'b1
    DFT_VALUE = 1'b0
I: Verilog-0004: [F:/SocFpga/IP/ddr3_ctrl_v116/ddr3_ctrl_v116.v(line number: 406)] Elaborating instance u_ips_ddrc_top
I: Verilog-0003: [F:/SocFpga/IP/ddr3_ctrl_v116/rtl/mcdq/ips2l_mcdq_wrapper_v1_9.vp(line number: 432)] Elaborating module ips2l_mcdq_wrapper_v1_9
I: Module instance {Hfpga_soc/g_ddr_profile.u_ddr3_ctrl/u_ips_ddrc_top} parameter value:
    AXI_ADDR_WIDTH = 32'b00000000000000000000000000011110
    AXI_DATA_WIDTH = 32'b00000000000000000000000100000000
    WR_WEIGHT = 32'b00000000000000000000000000000100
    RD_WEIGHT = 32'b00000000000000000000000000000100
    DDR_TYPE = 2'b00
    MEM_ROW_ADDR_WIDTH = 32'b00000000000000000000000000001111
    MEM_COL_ADDR_WIDTH = 32'b00000000000000000000000000001010
    MEM_BA_ADDR_WIDTH = 32'b00000000000000000000000000000011
    MEM_DQ_WIDTH = 32'b00000000000000000000000000100000
    CTRL_ADDR_WIDTH = 32'b00000000000000000000000000011100
    ADDR_MAPPING_SEL = 32'b00000000000000000000000000000000
    REF_NUM = 32'b00000000000000000000000000001000
    MR0_DDR3 = 16'b0001100100110000
    MR1_DDR3 = 16'b0000000000010100
    MR2_DDR3 = 16'b0000000000001000
    MR3_DDR3 = 16'b0000000000000000
    TXSDLL = 32'b00000000000000000000001000000000
    TCCD = 32'b00000000000000000000000000000100
    TXP = 32'b00000000000000000000000000000100
    TFAW = 32'b00000000000000000000000000010110
    TRAS = 32'b00000000000000000000000000010011
    TRCD = 32'b00000000000000000000000000000111
    TREFI = 32'b00000000000000000000111100111100
    TRFC = 32'b00000000000000000000000010010110
    TRC = 32'b00000000000000000000000000011001
    TRP = 32'b00000000000000000000000000000111
    TRRD = 32'b00000000000000000000000000000101
    TRTP = 32'b00000000000000000000000000000100
    TWR = 32'b00000000000000000000000000001000
    TWTR = 32'b00000000000000000000000000000100
I: Verilog-0004: [F:/SocFpga/IP/ddr3_ctrl_v116/rtl/mcdq/ips2l_mcdq_wrapper_v1_9.vp(line number: 654)] Elaborating instance mcdq_axi_mc
I: Verilog-0003: [F:/SocFpga/IP/ddr3_ctrl_v116/rtl/mcdq/axi/ips2l_mcdq_axi_mc_v1_6.vp(line number: 312)] Elaborating module ips2l_mcdq_axi_mc_v1_6
I: Module instance {Hfpga_soc/g_ddr_profile.u_ddr3_ctrl/u_ips_ddrc_top/mcdq_axi_mc} parameter value:
    AXI0_ADDR_WIDTH = 32'b00000000000000000000000000011110
    AXI0_DATA_WIDTH = 32'b00000000000000000000000100000000
    WR_WEIGHT = 32'b00000000000000000000000000000100
    RD_WEIGHT = 32'b00000000000000000000000000000100
    MEM_ROW_ADDR_WIDTH = 32'b00000000000000000000000000001111
    MEM_COL_ADDR_WIDTH = 32'b00000000000000000000000000001010
    TOTAL_BA_ADDR_WIDTH = 32'b00000000000000000000000000000011
    CTRL_ADDR_WIDTH = 32'b00000000000000000000000000011100
    MEM_DQ_WIDTH = 32'b00000000000000000000000000100000
    AXI_CMD_ALIGN_FIFO_WIDTH = 32'b00000000000000000000000000101010
    AXI_WDATA_ALIGN_FIFO_WIDTH = 32'b00000000000000000000000100100000
I: Verilog-0004: [F:/SocFpga/IP/ddr3_ctrl_v116/rtl/mcdq/axi/ips2l_mcdq_axi_mc_v1_6.vp(line number: 459)] Elaborating instance mcdq_axi_channel0
I: Verilog-0003: [F:/SocFpga/IP/ddr3_ctrl_v116/rtl/mcdq/axi/ips2l_mcdq_axi_channel_v1_6.vp(line number: 266)] Elaborating module ips2l_mcdq_axi_channel_v1_6
I: Module instance {Hfpga_soc/g_ddr_profile.u_ddr3_ctrl/u_ips_ddrc_top/mcdq_axi_mc/mcdq_axi_channel0} parameter value:
    AXI_ADDR_WIDTH = 32'b00000000000000000000000000011110
    AXI_DATA_WIDTH = 32'b00000000000000000000000100000000
    CTRL_ADDR_WIDTH = 32'b00000000000000000000000000011100
    MEM_DQ_WIDTH = 32'b00000000000000000000000000100000
    AXI_CMD_ALIGN_FIFO_WIDTH = 32'b00000000000000000000000000101010
    AXI_WDATA_ALIGN_FIFO_WIDTH = 32'b00000000000000000000000100100000
    AXI_CMD_FIFO_WIDTH = 32'b00000000000000000000000000110011
    AXI_WDATA_FIFO_WIDTH = 32'b00000000000000000000000100100001
I: Verilog-0004: [F:/SocFpga/IP/ddr3_ctrl_v116/rtl/mcdq/axi/ips2l_mcdq_axi_channel_v1_6.vp(line number: 351)] Elaborating instance mcdq_axi_buf
I: Verilog-0003: [F:/SocFpga/IP/ddr3_ctrl_v116/rtl/mcdq/axi/ips2l_mcdq_axi_buf_v1_5.vp(line number: 202)] Elaborating module ips2l_mcdq_axi_buf_v1_5
I: Module instance {Hfpga_soc/g_ddr_profile.u_ddr3_ctrl/u_ips_ddrc_top/mcdq_axi_mc/mcdq_axi_channel0/mcdq_axi_buf} parameter value:
    AXI_ADDR_WIDTH = 32'b00000000000000000000000000011110
    AXI_DATA_WIDTH = 32'b00000000000000000000000100000000
    AXI_CMD_FIFO_WIDTH = 32'b00000000000000000000000000110011
    AXI_WDATA_FIFO_WIDTH = 32'b00000000000000000000000100100001
I: Verilog-0004: [F:/SocFpga/IP/ddr3_ctrl_v116/rtl/mcdq/axi/ips2l_mcdq_axi_buf_v1_5.vp(line number: 329)] Elaborating instance u_axi_rdcmd_fifo
I: Verilog-0003: [F:/SocFpga/IP/ddr3_ctrl_v116/rtl/mcdq/axi/ips2l_cmd_fifo_v1_5.vp(line number: 207)] Elaborating module ips2l_cmd_fifo_v1_5
I: Module instance {Hfpga_soc/g_ddr_profile.u_ddr3_ctrl/u_ips_ddrc_top/mcdq_axi_mc/mcdq_axi_channel0/mcdq_axi_buf/u_axi_rdcmd_fifo} parameter value:
    D = 32'b00000000000000000000000000010000
    W = 32'b00000000000000000000000000110011
I: Verilog-0004: [F:/SocFpga/IP/ddr3_ctrl_v116/rtl/mcdq/axi/ips2l_cmd_fifo_v1_5.vp(line number: 272)] Elaborating instance ips2l_distributed_fifo
I: Verilog-0003: [F:/SocFpga/IP/ddr3_ctrl_v116/rtl/mcdq/distributed_fifo/ips2l_distributed_fifo_v1_0.vp(line number: 164)] Elaborating module ips2l_distributed_fifo_v1_0
I: Module instance {Hfpga_soc/g_ddr_profile.u_ddr3_ctrl/u_ips_ddrc_top/mcdq_axi_mc/mcdq_axi_channel0/mcdq_axi_buf/u_axi_rdcmd_fifo/ips2l_distributed_fifo} parameter value:
    ADDR_WIDTH = 32'b00000000000000000000000000000100
    DATA_WIDTH = 32'b00000000000000000000000000110011
    RST_TYPE = ASYNC
    OUT_REG = 32'b00000000000000000000000000000000
    FIFO_TYPE = SYNC_FIFO
    ALMOST_FULL_NUM = 32'b00000000000000000000000000001100
    ALMOST_EMPTY_NUM = 32'b00000000000000000000000000000100
I: Verilog-0004: [F:/SocFpga/IP/ddr3_ctrl_v116/rtl/mcdq/distributed_fifo/ips2l_distributed_fifo_v1_0.vp(line number: 226)] Elaborating instance u_ips2l_distributed_fifo_distributed_fifo_v1_0
I: Verilog-0003: [F:/SocFpga/IP/ddr3_ctrl_v116/rtl/mcdq/distributed_fifo/rtl/ips2l_distributed_fifo_v1_0_distributed_fifo_v1_0.vp(line number: 164)] Elaborating module ips2l_distributed_fifo_v1_0_distributed_fifo_v1_0
I: Module instance {Hfpga_soc/g_ddr_profile.u_ddr3_ctrl/u_ips_ddrc_top/mcdq_axi_mc/mcdq_axi_channel0/mcdq_axi_buf/u_axi_rdcmd_fifo/ips2l_distributed_fifo/u_ips2l_distributed_fifo_distributed_fifo_v1_0} parameter value:
    ADDR_WIDTH = 32'b00000000000000000000000000000100
    DATA_WIDTH = 32'b00000000000000000000000000110011
    RST_TYPE = ASYNC
    OUT_REG = 32'b00000000000000000000000000000000
    FIFO_TYPE = SYNC_FIFO
    ALMOST_FULL_NUM = 32'b00000000000000000000000000001100
    ALMOST_EMPTY_NUM = 32'b00000000000000000000000000000100
I: Verilog-0004: [F:/SocFpga/IP/ddr3_ctrl_v116/rtl/mcdq/distributed_fifo/rtl/ips2l_distributed_fifo_v1_0_distributed_fifo_v1_0.vp(line number: 207)] Elaborating instance ips2l_distributed_sdpram_distributed_fifo_v1_0
I: Verilog-0003: [F:/SocFpga/IP/ddr3_ctrl_v116/rtl/mcdq/distributed_fifo/rtl/ips2l_distributed_sdpram_v1_0_distributed_fifo_v1_0.vp(line number: 154)] Elaborating module ips2l_distributed_sdpram_v1_0_distributed_fifo_v1_0
I: Module instance {Hfpga_soc/g_ddr_profile.u_ddr3_ctrl/u_ips_ddrc_top/mcdq_axi_mc/mcdq_axi_channel0/mcdq_axi_buf/u_axi_rdcmd_fifo/ips2l_distributed_fifo/u_ips2l_distributed_fifo_distributed_fifo_v1_0/ips2l_distributed_sdpram_distributed_fifo_v1_0} parameter value:
    ADDR_WIDTH = 32'b00000000000000000000000000000100
    DATA_WIDTH = 32'b00000000000000000000000000110011
    RST_TYPE = ASYNC
    OUT_REG = 32'b00000000000000000000000000000000
    INIT_FILE = NONE
    FILE_FORMAT = BIN
I: Verilog-0004: [F:/SocFpga/IP/ddr3_ctrl_v116/rtl/mcdq/distributed_fifo/rtl/ips2l_distributed_fifo_v1_0_distributed_fifo_v1_0.vp(line number: 227)] Elaborating instance u_ips2l_distributed_fifo_ctr
I: Verilog-0003: [F:/SocFpga/IP/ddr3_ctrl_v116/rtl/mcdq/distributed_fifo/rtl/ips2l_distributed_fifo_ctr_v1_0.vp(line number: 303)] Elaborating module ips2l_distributed_fifo_ctr_v1_0
I: Module instance {Hfpga_soc/g_ddr_profile.u_ddr3_ctrl/u_ips_ddrc_top/mcdq_axi_mc/mcdq_axi_channel0/mcdq_axi_buf/u_axi_rdcmd_fifo/ips2l_distributed_fifo/u_ips2l_distributed_fifo_distributed_fifo_v1_0/u_ips2l_distributed_fifo_ctr} parameter value:
    DEPTH = 32'b00000000000000000000000000000100
    FIFO_TYPE = SYNC_FIFO
    ALMOST_FULL_NUM = 32'b00000000000000000000000000001100
    ALMOST_EMPTY_NUM = 32'b00000000000000000000000000000100
I: Verilog-0004: [F:/SocFpga/IP/ddr3_ctrl_v116/rtl/mcdq/axi/ips2l_mcdq_axi_buf_v1_5.vp(line number: 347)] Elaborating instance u_axi_wrcmd_fifo
I: Verilog-0003: [F:/SocFpga/IP/ddr3_ctrl_v116/rtl/mcdq/axi/ips2l_cmd_fifo_v1_5.vp(line number: 207)] Elaborating module ips2l_cmd_fifo_v1_5
I: Module instance {Hfpga_soc/g_ddr_profile.u_ddr3_ctrl/u_ips_ddrc_top/mcdq_axi_mc/mcdq_axi_channel0/mcdq_axi_buf/u_axi_wrcmd_fifo} parameter value:
    D = 32'b00000000000000000000000000010000
    W = 32'b00000000000000000000000000110011
I: Verilog-0004: [F:/SocFpga/IP/ddr3_ctrl_v116/rtl/mcdq/axi/ips2l_mcdq_axi_buf_v1_5.vp(line number: 365)] Elaborating instance u_wdata_fifo
I: Verilog-0003: [F:/SocFpga/IP/ddr3_ctrl_v116/rtl/mcdq/axi/ips2l_wdata_fifo_v1_5.vp(line number: 307)] Elaborating module ips2l_wdata_fifo_v1_5
I: Module instance {Hfpga_soc/g_ddr_profile.u_ddr3_ctrl/u_ips_ddrc_top/mcdq_axi_mc/mcdq_axi_channel0/mcdq_axi_buf/u_wdata_fifo} parameter value:
    D = 32'b00000000000000000000000000010000
    AXI_DATA_WIDTH = 32'b00000000000000000000000100000000
I: Verilog-0004: [F:/SocFpga/IP/ddr3_ctrl_v116/rtl/mcdq/axi/ips2l_wdata_fifo_v1_5.vp(line number: 383)] Elaborating instance ips2l_distributed_fifo_wstrb0
I: Verilog-0003: [F:/SocFpga/IP/ddr3_ctrl_v116/rtl/mcdq/distributed_fifo/ips2l_distributed_fifo_v1_0.vp(line number: 164)] Elaborating module ips2l_distributed_fifo_v1_0
I: Module instance {Hfpga_soc/g_ddr_profile.u_ddr3_ctrl/u_ips_ddrc_top/mcdq_axi_mc/mcdq_axi_channel0/mcdq_axi_buf/u_wdata_fifo/ips2l_distributed_fifo_wstrb0} parameter value:
    ADDR_WIDTH = 32'b00000000000000000000000000000100
    DATA_WIDTH = 32'b00000000000000000000000000100001
    RST_TYPE = ASYNC
    OUT_REG = 32'b00000000000000000000000000000000
    FIFO_TYPE = SYNC_FIFO
    ALMOST_FULL_NUM = 32'b00000000000000000000000000001100
    ALMOST_EMPTY_NUM = 32'b00000000000000000000000000000100
I: Verilog-0004: [F:/SocFpga/IP/ddr3_ctrl_v116/rtl/mcdq/distributed_fifo/ips2l_distributed_fifo_v1_0.vp(line number: 226)] Elaborating instance u_ips2l_distributed_fifo_distributed_fifo_v1_0
I: Verilog-0003: [F:/SocFpga/IP/ddr3_ctrl_v116/rtl/mcdq/distributed_fifo/rtl/ips2l_distributed_fifo_v1_0_distributed_fifo_v1_0.vp(line number: 164)] Elaborating module ips2l_distributed_fifo_v1_0_distributed_fifo_v1_0
I: Module instance {Hfpga_soc/g_ddr_profile.u_ddr3_ctrl/u_ips_ddrc_top/mcdq_axi_mc/mcdq_axi_channel0/mcdq_axi_buf/u_wdata_fifo/ips2l_distributed_fifo_wstrb0/u_ips2l_distributed_fifo_distributed_fifo_v1_0} parameter value:
    ADDR_WIDTH = 32'b00000000000000000000000000000100
    DATA_WIDTH = 32'b00000000000000000000000000100001
    RST_TYPE = ASYNC
    OUT_REG = 32'b00000000000000000000000000000000
    FIFO_TYPE = SYNC_FIFO
    ALMOST_FULL_NUM = 32'b00000000000000000000000000001100
    ALMOST_EMPTY_NUM = 32'b00000000000000000000000000000100
I: Verilog-0004: [F:/SocFpga/IP/ddr3_ctrl_v116/rtl/mcdq/distributed_fifo/rtl/ips2l_distributed_fifo_v1_0_distributed_fifo_v1_0.vp(line number: 207)] Elaborating instance ips2l_distributed_sdpram_distributed_fifo_v1_0
I: Verilog-0003: [F:/SocFpga/IP/ddr3_ctrl_v116/rtl/mcdq/distributed_fifo/rtl/ips2l_distributed_sdpram_v1_0_distributed_fifo_v1_0.vp(line number: 154)] Elaborating module ips2l_distributed_sdpram_v1_0_distributed_fifo_v1_0
I: Module instance {Hfpga_soc/g_ddr_profile.u_ddr3_ctrl/u_ips_ddrc_top/mcdq_axi_mc/mcdq_axi_channel0/mcdq_axi_buf/u_wdata_fifo/ips2l_distributed_fifo_wstrb0/u_ips2l_distributed_fifo_distributed_fifo_v1_0/ips2l_distributed_sdpram_distributed_fifo_v1_0} parameter value:
    ADDR_WIDTH = 32'b00000000000000000000000000000100
    DATA_WIDTH = 32'b00000000000000000000000000100001
    RST_TYPE = ASYNC
    OUT_REG = 32'b00000000000000000000000000000000
    INIT_FILE = NONE
    FILE_FORMAT = BIN
I: Verilog-0004: [F:/SocFpga/IP/ddr3_ctrl_v116/rtl/mcdq/distributed_fifo/rtl/ips2l_distributed_fifo_v1_0_distributed_fifo_v1_0.vp(line number: 227)] Elaborating instance u_ips2l_distributed_fifo_ctr
I: Verilog-0003: [F:/SocFpga/IP/ddr3_ctrl_v116/rtl/mcdq/distributed_fifo/rtl/ips2l_distributed_fifo_ctr_v1_0.vp(line number: 303)] Elaborating module ips2l_distributed_fifo_ctr_v1_0
I: Module instance {Hfpga_soc/g_ddr_profile.u_ddr3_ctrl/u_ips_ddrc_top/mcdq_axi_mc/mcdq_axi_channel0/mcdq_axi_buf/u_wdata_fifo/ips2l_distributed_fifo_wstrb0/u_ips2l_distributed_fifo_distributed_fifo_v1_0/u_ips2l_distributed_fifo_ctr} parameter value:
    DEPTH = 32'b00000000000000000000000000000100
    FIFO_TYPE = SYNC_FIFO
    ALMOST_FULL_NUM = 32'b00000000000000000000000000001100
    ALMOST_EMPTY_NUM = 32'b00000000000000000000000000000100
I: Verilog-0004: [F:/SocFpga/IP/ddr3_ctrl_v116/rtl/mcdq/axi/ips2l_wdata_fifo_v1_5.vp(line number: 443)] Elaborating instance ips2l_distributed_fifo_data
I: Verilog-0003: [F:/SocFpga/IP/ddr3_ctrl_v116/rtl/mcdq/distributed_fifo/ips2l_distributed_fifo_v1_0.vp(line number: 164)] Elaborating module ips2l_distributed_fifo_v1_0
I: Module instance {Hfpga_soc/g_ddr_profile.u_ddr3_ctrl/u_ips_ddrc_top/mcdq_axi_mc/mcdq_axi_channel0/mcdq_axi_buf/u_wdata_fifo/fifo_loop[0].ips2l_distributed_fifo_data} parameter value:
    ADDR_WIDTH = 32'b00000000000000000000000000000100
    DATA_WIDTH = 32'b00000000000000000000000000100000
    RST_TYPE = ASYNC
    OUT_REG = 32'b00000000000000000000000000000000
    FIFO_TYPE = SYNC_FIFO
    ALMOST_FULL_NUM = 32'b00000000000000000000000000001100
    ALMOST_EMPTY_NUM = 32'b00000000000000000000000000000100
I: Verilog-0004: [F:/SocFpga/IP/ddr3_ctrl_v116/rtl/mcdq/distributed_fifo/ips2l_distributed_fifo_v1_0.vp(line number: 226)] Elaborating instance u_ips2l_distributed_fifo_distributed_fifo_v1_0
I: Verilog-0003: [F:/SocFpga/IP/ddr3_ctrl_v116/rtl/mcdq/distributed_fifo/rtl/ips2l_distributed_fifo_v1_0_distributed_fifo_v1_0.vp(line number: 164)] Elaborating module ips2l_distributed_fifo_v1_0_distributed_fifo_v1_0
I: Module instance {Hfpga_soc/g_ddr_profile.u_ddr3_ctrl/u_ips_ddrc_top/mcdq_axi_mc/mcdq_axi_channel0/mcdq_axi_buf/u_wdata_fifo/fifo_loop[0].ips2l_distributed_fifo_data/u_ips2l_distributed_fifo_distributed_fifo_v1_0} parameter value:
    ADDR_WIDTH = 32'b00000000000000000000000000000100
    DATA_WIDTH = 32'b00000000000000000000000000100000
    RST_TYPE = ASYNC
    OUT_REG = 32'b00000000000000000000000000000000
    FIFO_TYPE = SYNC_FIFO
    ALMOST_FULL_NUM = 32'b00000000000000000000000000001100
    ALMOST_EMPTY_NUM = 32'b00000000000000000000000000000100
I: Verilog-0004: [F:/SocFpga/IP/ddr3_ctrl_v116/rtl/mcdq/distributed_fifo/rtl/ips2l_distributed_fifo_v1_0_distributed_fifo_v1_0.vp(line number: 207)] Elaborating instance ips2l_distributed_sdpram_distributed_fifo_v1_0
I: Verilog-0003: [F:/SocFpga/IP/ddr3_ctrl_v116/rtl/mcdq/distributed_fifo/rtl/ips2l_distributed_sdpram_v1_0_distributed_fifo_v1_0.vp(line number: 154)] Elaborating module ips2l_distributed_sdpram_v1_0_distributed_fifo_v1_0
I: Module instance {Hfpga_soc/g_ddr_profile.u_ddr3_ctrl/u_ips_ddrc_top/mcdq_axi_mc/mcdq_axi_channel0/mcdq_axi_buf/u_wdata_fifo/fifo_loop[0].ips2l_distributed_fifo_data/u_ips2l_distributed_fifo_distributed_fifo_v1_0/ips2l_distributed_sdpram_distributed_fifo_v1_0} parameter value:
    ADDR_WIDTH = 32'b00000000000000000000000000000100
    DATA_WIDTH = 32'b00000000000000000000000000100000
    RST_TYPE = ASYNC
    OUT_REG = 32'b00000000000000000000000000000000
    INIT_FILE = NONE
    FILE_FORMAT = BIN
I: Verilog-0004: [F:/SocFpga/IP/ddr3_ctrl_v116/rtl/mcdq/distributed_fifo/rtl/ips2l_distributed_fifo_v1_0_distributed_fifo_v1_0.vp(line number: 227)] Elaborating instance u_ips2l_distributed_fifo_ctr
I: Verilog-0003: [F:/SocFpga/IP/ddr3_ctrl_v116/rtl/mcdq/distributed_fifo/rtl/ips2l_distributed_fifo_ctr_v1_0.vp(line number: 303)] Elaborating module ips2l_distributed_fifo_ctr_v1_0
I: Module instance {Hfpga_soc/g_ddr_profile.u_ddr3_ctrl/u_ips_ddrc_top/mcdq_axi_mc/mcdq_axi_channel0/mcdq_axi_buf/u_wdata_fifo/fifo_loop[0].ips2l_distributed_fifo_data/u_ips2l_distributed_fifo_distributed_fifo_v1_0/u_ips2l_distributed_fifo_ctr} parameter value:
    DEPTH = 32'b00000000000000000000000000000100
    FIFO_TYPE = SYNC_FIFO
    ALMOST_FULL_NUM = 32'b00000000000000000000000000001100
    ALMOST_EMPTY_NUM = 32'b00000000000000000000000000000100
I: Verilog-0004: [F:/SocFpga/IP/ddr3_ctrl_v116/rtl/mcdq/axi/ips2l_wdata_fifo_v1_5.vp(line number: 443)] Elaborating instance ips2l_distributed_fifo_data
I: Verilog-0003: [F:/SocFpga/IP/ddr3_ctrl_v116/rtl/mcdq/distributed_fifo/ips2l_distributed_fifo_v1_0.vp(line number: 164)] Elaborating module ips2l_distributed_fifo_v1_0
I: Module instance {Hfpga_soc/g_ddr_profile.u_ddr3_ctrl/u_ips_ddrc_top/mcdq_axi_mc/mcdq_axi_channel0/mcdq_axi_buf/u_wdata_fifo/fifo_loop[1].ips2l_distributed_fifo_data} parameter value:
    ADDR_WIDTH = 32'b00000000000000000000000000000100
    DATA_WIDTH = 32'b00000000000000000000000000100000
    RST_TYPE = ASYNC
    OUT_REG = 32'b00000000000000000000000000000000
    FIFO_TYPE = SYNC_FIFO
    ALMOST_FULL_NUM = 32'b00000000000000000000000000001100
    ALMOST_EMPTY_NUM = 32'b00000000000000000000000000000100
I: Verilog-0004: [F:/SocFpga/IP/ddr3_ctrl_v116/rtl/mcdq/axi/ips2l_wdata_fifo_v1_5.vp(line number: 443)] Elaborating instance ips2l_distributed_fifo_data
I: Verilog-0003: [F:/SocFpga/IP/ddr3_ctrl_v116/rtl/mcdq/distributed_fifo/ips2l_distributed_fifo_v1_0.vp(line number: 164)] Elaborating module ips2l_distributed_fifo_v1_0
I: Module instance {Hfpga_soc/g_ddr_profile.u_ddr3_ctrl/u_ips_ddrc_top/mcdq_axi_mc/mcdq_axi_channel0/mcdq_axi_buf/u_wdata_fifo/fifo_loop[2].ips2l_distributed_fifo_data} parameter value:
    ADDR_WIDTH = 32'b00000000000000000000000000000100
    DATA_WIDTH = 32'b00000000000000000000000000100000
    RST_TYPE = ASYNC
    OUT_REG = 32'b00000000000000000000000000000000
    FIFO_TYPE = SYNC_FIFO
    ALMOST_FULL_NUM = 32'b00000000000000000000000000001100
    ALMOST_EMPTY_NUM = 32'b00000000000000000000000000000100
I: Verilog-0004: [F:/SocFpga/IP/ddr3_ctrl_v116/rtl/mcdq/axi/ips2l_wdata_fifo_v1_5.vp(line number: 443)] Elaborating instance ips2l_distributed_fifo_data
I: Verilog-0003: [F:/SocFpga/IP/ddr3_ctrl_v116/rtl/mcdq/distributed_fifo/ips2l_distributed_fifo_v1_0.vp(line number: 164)] Elaborating module ips2l_distributed_fifo_v1_0
I: Module instance {Hfpga_soc/g_ddr_profile.u_ddr3_ctrl/u_ips_ddrc_top/mcdq_axi_mc/mcdq_axi_channel0/mcdq_axi_buf/u_wdata_fifo/fifo_loop[3].ips2l_distributed_fifo_data} parameter value:
    ADDR_WIDTH = 32'b00000000000000000000000000000100
    DATA_WIDTH = 32'b00000000000000000000000000100000
    RST_TYPE = ASYNC
    OUT_REG = 32'b00000000000000000000000000000000
    FIFO_TYPE = SYNC_FIFO
    ALMOST_FULL_NUM = 32'b00000000000000000000000000001100
    ALMOST_EMPTY_NUM = 32'b00000000000000000000000000000100
I: Verilog-0004: [F:/SocFpga/IP/ddr3_ctrl_v116/rtl/mcdq/axi/ips2l_wdata_fifo_v1_5.vp(line number: 443)] Elaborating instance ips2l_distributed_fifo_data
I: Verilog-0003: [F:/SocFpga/IP/ddr3_ctrl_v116/rtl/mcdq/distributed_fifo/ips2l_distributed_fifo_v1_0.vp(line number: 164)] Elaborating module ips2l_distributed_fifo_v1_0
I: Module instance {Hfpga_soc/g_ddr_profile.u_ddr3_ctrl/u_ips_ddrc_top/mcdq_axi_mc/mcdq_axi_channel0/mcdq_axi_buf/u_wdata_fifo/fifo_loop[4].ips2l_distributed_fifo_data} parameter value:
    ADDR_WIDTH = 32'b00000000000000000000000000000100
    DATA_WIDTH = 32'b00000000000000000000000000100000
    RST_TYPE = ASYNC
    OUT_REG = 32'b00000000000000000000000000000000
    FIFO_TYPE = SYNC_FIFO
    ALMOST_FULL_NUM = 32'b00000000000000000000000000001100
    ALMOST_EMPTY_NUM = 32'b00000000000000000000000000000100
I: Verilog-0004: [F:/SocFpga/IP/ddr3_ctrl_v116/rtl/mcdq/axi/ips2l_wdata_fifo_v1_5.vp(line number: 443)] Elaborating instance ips2l_distributed_fifo_data
I: Verilog-0003: [F:/SocFpga/IP/ddr3_ctrl_v116/rtl/mcdq/distributed_fifo/ips2l_distributed_fifo_v1_0.vp(line number: 164)] Elaborating module ips2l_distributed_fifo_v1_0
I: Module instance {Hfpga_soc/g_ddr_profile.u_ddr3_ctrl/u_ips_ddrc_top/mcdq_axi_mc/mcdq_axi_channel0/mcdq_axi_buf/u_wdata_fifo/fifo_loop[5].ips2l_distributed_fifo_data} parameter value:
    ADDR_WIDTH = 32'b00000000000000000000000000000100
    DATA_WIDTH = 32'b00000000000000000000000000100000
    RST_TYPE = ASYNC
    OUT_REG = 32'b00000000000000000000000000000000
    FIFO_TYPE = SYNC_FIFO
    ALMOST_FULL_NUM = 32'b00000000000000000000000000001100
    ALMOST_EMPTY_NUM = 32'b00000000000000000000000000000100
I: Verilog-0004: [F:/SocFpga/IP/ddr3_ctrl_v116/rtl/mcdq/axi/ips2l_wdata_fifo_v1_5.vp(line number: 443)] Elaborating instance ips2l_distributed_fifo_data
I: Verilog-0003: [F:/SocFpga/IP/ddr3_ctrl_v116/rtl/mcdq/distributed_fifo/ips2l_distributed_fifo_v1_0.vp(line number: 164)] Elaborating module ips2l_distributed_fifo_v1_0
I: Module instance {Hfpga_soc/g_ddr_profile.u_ddr3_ctrl/u_ips_ddrc_top/mcdq_axi_mc/mcdq_axi_channel0/mcdq_axi_buf/u_wdata_fifo/fifo_loop[6].ips2l_distributed_fifo_data} parameter value:
    ADDR_WIDTH = 32'b00000000000000000000000000000100
    DATA_WIDTH = 32'b00000000000000000000000000100000
    RST_TYPE = ASYNC
    OUT_REG = 32'b00000000000000000000000000000000
    FIFO_TYPE = SYNC_FIFO
    ALMOST_FULL_NUM = 32'b00000000000000000000000000001100
    ALMOST_EMPTY_NUM = 32'b00000000000000000000000000000100
I: Verilog-0004: [F:/SocFpga/IP/ddr3_ctrl_v116/rtl/mcdq/axi/ips2l_wdata_fifo_v1_5.vp(line number: 443)] Elaborating instance ips2l_distributed_fifo_data
I: Verilog-0003: [F:/SocFpga/IP/ddr3_ctrl_v116/rtl/mcdq/distributed_fifo/ips2l_distributed_fifo_v1_0.vp(line number: 164)] Elaborating module ips2l_distributed_fifo_v1_0
I: Module instance {Hfpga_soc/g_ddr_profile.u_ddr3_ctrl/u_ips_ddrc_top/mcdq_axi_mc/mcdq_axi_channel0/mcdq_axi_buf/u_wdata_fifo/fifo_loop[7].ips2l_distributed_fifo_data} parameter value:
    ADDR_WIDTH = 32'b00000000000000000000000000000100
    DATA_WIDTH = 32'b00000000000000000000000000100000
    RST_TYPE = ASYNC
    OUT_REG = 32'b00000000000000000000000000000000
    FIFO_TYPE = SYNC_FIFO
    ALMOST_FULL_NUM = 32'b00000000000000000000000000001100
    ALMOST_EMPTY_NUM = 32'b00000000000000000000000000000100
I: Verilog-0004: [F:/SocFpga/IP/ddr3_ctrl_v116/rtl/mcdq/axi/ips2l_mcdq_axi_channel_v1_6.vp(line number: 396)] Elaborating instance mcdq_axi_wdata_align
I: Verilog-0003: [F:/SocFpga/IP/ddr3_ctrl_v116/rtl/mcdq/axi/ips2l_mcdq_axi_wdata_align_v1_5.vp(line number: 662)] Elaborating module ips2l_mcdq_axi_wdata_align_v1_5
I: Module instance {Hfpga_soc/g_ddr_profile.u_ddr3_ctrl/u_ips_ddrc_top/mcdq_axi_mc/mcdq_axi_channel0/mcdq_axi_wdata_align} parameter value:
    AXI_ADDR_WIDTH = 32'b00000000000000000000000000011110
    AXI_DATA_WIDTH = 32'b00000000000000000000000100000000
    CTRL_ADDR_WIDTH = 32'b00000000000000000000000000011100
    AXI_WDATA_DEPTH = 32'b00000000000000000000000000001010
    MEM_DQ_WIDTH = 32'b00000000000000000000000000100000
    AXI_CMD_FIFO_WIDTH = 32'b00000000000000000000000000110011
    AXI_CMD_ALIGN_FIFO_WIDTH = 32'b00000000000000000000000000101010
    AXI_WDATA_FIFO_WIDTH = 32'b00000000000000000000000100100001
    AXI_WDATA_ALIGN_FIFO_WIDTH = 32'b00000000000000000000000100100000
    AXI_WDATA_BYTES_MAX = 32'b00000000000000000000000000100000
    MEM_DQS_WIDTH = 32'b00000000000000000000000000000100
    AXI_ADDR_SHIFT = 32'b00000000000000000000000000000010
I: Verilog-0004: [F:/SocFpga/IP/ddr3_ctrl_v116/rtl/mcdq/axi/ips2l_mcdq_axi_wdata_align_v1_5.vp(line number: 834)] Elaborating instance u_axi_wrcmd_align_fifo
I: Verilog-0003: [F:/SocFpga/IP/ddr3_ctrl_v116/rtl/mcdq/axi/ips2l_cmd_fifo_v1_5.vp(line number: 207)] Elaborating module ips2l_cmd_fifo_v1_5
I: Module instance {Hfpga_soc/g_ddr_profile.u_ddr3_ctrl/u_ips_ddrc_top/mcdq_axi_mc/mcdq_axi_channel0/mcdq_axi_wdata_align/u_axi_wrcmd_align_fifo} parameter value:
    D = 32'b00000000000000000000000000010000
    W = 32'b00000000000000000000000000101010
I: Verilog-0004: [F:/SocFpga/IP/ddr3_ctrl_v116/rtl/mcdq/axi/ips2l_cmd_fifo_v1_5.vp(line number: 272)] Elaborating instance ips2l_distributed_fifo
I: Verilog-0003: [F:/SocFpga/IP/ddr3_ctrl_v116/rtl/mcdq/distributed_fifo/ips2l_distributed_fifo_v1_0.vp(line number: 164)] Elaborating module ips2l_distributed_fifo_v1_0
I: Module instance {Hfpga_soc/g_ddr_profile.u_ddr3_ctrl/u_ips_ddrc_top/mcdq_axi_mc/mcdq_axi_channel0/mcdq_axi_wdata_align/u_axi_wrcmd_align_fifo/ips2l_distributed_fifo} parameter value:
    ADDR_WIDTH = 32'b00000000000000000000000000000100
    DATA_WIDTH = 32'b00000000000000000000000000101010
    RST_TYPE = ASYNC
    OUT_REG = 32'b00000000000000000000000000000000
    FIFO_TYPE = SYNC_FIFO
    ALMOST_FULL_NUM = 32'b00000000000000000000000000001100
    ALMOST_EMPTY_NUM = 32'b00000000000000000000000000000100
I: Verilog-0004: [F:/SocFpga/IP/ddr3_ctrl_v116/rtl/mcdq/distributed_fifo/ips2l_distributed_fifo_v1_0.vp(line number: 226)] Elaborating instance u_ips2l_distributed_fifo_distributed_fifo_v1_0
I: Verilog-0003: [F:/SocFpga/IP/ddr3_ctrl_v116/rtl/mcdq/distributed_fifo/rtl/ips2l_distributed_fifo_v1_0_distributed_fifo_v1_0.vp(line number: 164)] Elaborating module ips2l_distributed_fifo_v1_0_distributed_fifo_v1_0
I: Module instance {Hfpga_soc/g_ddr_profile.u_ddr3_ctrl/u_ips_ddrc_top/mcdq_axi_mc/mcdq_axi_channel0/mcdq_axi_wdata_align/u_axi_wrcmd_align_fifo/ips2l_distributed_fifo/u_ips2l_distributed_fifo_distributed_fifo_v1_0} parameter value:
    ADDR_WIDTH = 32'b00000000000000000000000000000100
    DATA_WIDTH = 32'b00000000000000000000000000101010
    RST_TYPE = ASYNC
    OUT_REG = 32'b00000000000000000000000000000000
    FIFO_TYPE = SYNC_FIFO
    ALMOST_FULL_NUM = 32'b00000000000000000000000000001100
    ALMOST_EMPTY_NUM = 32'b00000000000000000000000000000100
I: Verilog-0004: [F:/SocFpga/IP/ddr3_ctrl_v116/rtl/mcdq/distributed_fifo/rtl/ips2l_distributed_fifo_v1_0_distributed_fifo_v1_0.vp(line number: 207)] Elaborating instance ips2l_distributed_sdpram_distributed_fifo_v1_0
I: Verilog-0003: [F:/SocFpga/IP/ddr3_ctrl_v116/rtl/mcdq/distributed_fifo/rtl/ips2l_distributed_sdpram_v1_0_distributed_fifo_v1_0.vp(line number: 154)] Elaborating module ips2l_distributed_sdpram_v1_0_distributed_fifo_v1_0
I: Module instance {Hfpga_soc/g_ddr_profile.u_ddr3_ctrl/u_ips_ddrc_top/mcdq_axi_mc/mcdq_axi_channel0/mcdq_axi_wdata_align/u_axi_wrcmd_align_fifo/ips2l_distributed_fifo/u_ips2l_distributed_fifo_distributed_fifo_v1_0/ips2l_distributed_sdpram_distributed_fifo_v1_0} parameter value:
    ADDR_WIDTH = 32'b00000000000000000000000000000100
    DATA_WIDTH = 32'b00000000000000000000000000101010
    RST_TYPE = ASYNC
    OUT_REG = 32'b00000000000000000000000000000000
    INIT_FILE = NONE
    FILE_FORMAT = BIN
I: Verilog-0004: [F:/SocFpga/IP/ddr3_ctrl_v116/rtl/mcdq/distributed_fifo/rtl/ips2l_distributed_fifo_v1_0_distributed_fifo_v1_0.vp(line number: 227)] Elaborating instance u_ips2l_distributed_fifo_ctr
I: Verilog-0003: [F:/SocFpga/IP/ddr3_ctrl_v116/rtl/mcdq/distributed_fifo/rtl/ips2l_distributed_fifo_ctr_v1_0.vp(line number: 303)] Elaborating module ips2l_distributed_fifo_ctr_v1_0
I: Module instance {Hfpga_soc/g_ddr_profile.u_ddr3_ctrl/u_ips_ddrc_top/mcdq_axi_mc/mcdq_axi_channel0/mcdq_axi_wdata_align/u_axi_wrcmd_align_fifo/ips2l_distributed_fifo/u_ips2l_distributed_fifo_distributed_fifo_v1_0/u_ips2l_distributed_fifo_ctr} parameter value:
    DEPTH = 32'b00000000000000000000000000000100
    FIFO_TYPE = SYNC_FIFO
    ALMOST_FULL_NUM = 32'b00000000000000000000000000001100
    ALMOST_EMPTY_NUM = 32'b00000000000000000000000000000100
I: Verilog-0004: [F:/SocFpga/IP/ddr3_ctrl_v116/rtl/mcdq/axi/ips2l_mcdq_axi_wdata_align_v1_5.vp(line number: 1465)] Elaborating instance u_axi_wdata_align_fifo
I: Verilog-0003: [F:/SocFpga/IP/ddr3_ctrl_v116/rtl/mcdq/axi/ips2l_wdata_align_fifo_v1_5.vp(line number: 303)] Elaborating module ips2l_wdata_align_fifo_v1_5
I: Module instance {Hfpga_soc/g_ddr_profile.u_ddr3_ctrl/u_ips_ddrc_top/mcdq_axi_mc/mcdq_axi_channel0/mcdq_axi_wdata_align/u_axi_wdata_align_fifo} parameter value:
    D = 32'b00000000000000000000000000100000
    MEM_DQ_WIDTH = 32'b00000000000000000000000000100000
I: Verilog-0004: [F:/SocFpga/IP/ddr3_ctrl_v116/rtl/mcdq/axi/ips2l_wdata_align_fifo_v1_5.vp(line number: 372)] Elaborating instance ips2l_distributed_fifo_wstrb0
I: Verilog-0003: [F:/SocFpga/IP/ddr3_ctrl_v116/rtl/mcdq/distributed_fifo/ips2l_distributed_fifo_v1_0.vp(line number: 164)] Elaborating module ips2l_distributed_fifo_v1_0
I: Module instance {Hfpga_soc/g_ddr_profile.u_ddr3_ctrl/u_ips_ddrc_top/mcdq_axi_mc/mcdq_axi_channel0/mcdq_axi_wdata_align/u_axi_wdata_align_fifo/ips2l_distributed_fifo_wstrb0} parameter value:
    ADDR_WIDTH = 32'b00000000000000000000000000000101
    DATA_WIDTH = 32'b00000000000000000000000000100000
    RST_TYPE = ASYNC
    OUT_REG = 32'b00000000000000000000000000000000
    FIFO_TYPE = SYNC_FIFO
    ALMOST_FULL_NUM = 32'b00000000000000000000000000011100
    ALMOST_EMPTY_NUM = 32'b00000000000000000000000000000100
I: Verilog-0004: [F:/SocFpga/IP/ddr3_ctrl_v116/rtl/mcdq/distributed_fifo/ips2l_distributed_fifo_v1_0.vp(line number: 226)] Elaborating instance u_ips2l_distributed_fifo_distributed_fifo_v1_0
I: Verilog-0003: [F:/SocFpga/IP/ddr3_ctrl_v116/rtl/mcdq/distributed_fifo/rtl/ips2l_distributed_fifo_v1_0_distributed_fifo_v1_0.vp(line number: 164)] Elaborating module ips2l_distributed_fifo_v1_0_distributed_fifo_v1_0
I: Module instance {Hfpga_soc/g_ddr_profile.u_ddr3_ctrl/u_ips_ddrc_top/mcdq_axi_mc/mcdq_axi_channel0/mcdq_axi_wdata_align/u_axi_wdata_align_fifo/ips2l_distributed_fifo_wstrb0/u_ips2l_distributed_fifo_distributed_fifo_v1_0} parameter value:
    ADDR_WIDTH = 32'b00000000000000000000000000000101
    DATA_WIDTH = 32'b00000000000000000000000000100000
    RST_TYPE = ASYNC
    OUT_REG = 32'b00000000000000000000000000000000
    FIFO_TYPE = SYNC_FIFO
    ALMOST_FULL_NUM = 32'b00000000000000000000000000011100
    ALMOST_EMPTY_NUM = 32'b00000000000000000000000000000100
I: Verilog-0004: [F:/SocFpga/IP/ddr3_ctrl_v116/rtl/mcdq/distributed_fifo/rtl/ips2l_distributed_fifo_v1_0_distributed_fifo_v1_0.vp(line number: 207)] Elaborating instance ips2l_distributed_sdpram_distributed_fifo_v1_0
I: Verilog-0003: [F:/SocFpga/IP/ddr3_ctrl_v116/rtl/mcdq/distributed_fifo/rtl/ips2l_distributed_sdpram_v1_0_distributed_fifo_v1_0.vp(line number: 154)] Elaborating module ips2l_distributed_sdpram_v1_0_distributed_fifo_v1_0
I: Module instance {Hfpga_soc/g_ddr_profile.u_ddr3_ctrl/u_ips_ddrc_top/mcdq_axi_mc/mcdq_axi_channel0/mcdq_axi_wdata_align/u_axi_wdata_align_fifo/ips2l_distributed_fifo_wstrb0/u_ips2l_distributed_fifo_distributed_fifo_v1_0/ips2l_distributed_sdpram_distributed_fifo_v1_0} parameter value:
    ADDR_WIDTH = 32'b00000000000000000000000000000101
    DATA_WIDTH = 32'b00000000000000000000000000100000
    RST_TYPE = ASYNC
    OUT_REG = 32'b00000000000000000000000000000000
    INIT_FILE = NONE
    FILE_FORMAT = BIN
I: Verilog-0004: [F:/SocFpga/IP/ddr3_ctrl_v116/rtl/mcdq/distributed_fifo/rtl/ips2l_distributed_fifo_v1_0_distributed_fifo_v1_0.vp(line number: 227)] Elaborating instance u_ips2l_distributed_fifo_ctr
I: Verilog-0003: [F:/SocFpga/IP/ddr3_ctrl_v116/rtl/mcdq/distributed_fifo/rtl/ips2l_distributed_fifo_ctr_v1_0.vp(line number: 303)] Elaborating module ips2l_distributed_fifo_ctr_v1_0
I: Module instance {Hfpga_soc/g_ddr_profile.u_ddr3_ctrl/u_ips_ddrc_top/mcdq_axi_mc/mcdq_axi_channel0/mcdq_axi_wdata_align/u_axi_wdata_align_fifo/ips2l_distributed_fifo_wstrb0/u_ips2l_distributed_fifo_distributed_fifo_v1_0/u_ips2l_distributed_fifo_ctr} parameter value:
    DEPTH = 32'b00000000000000000000000000000101
    FIFO_TYPE = SYNC_FIFO
    ALMOST_FULL_NUM = 32'b00000000000000000000000000011100
    ALMOST_EMPTY_NUM = 32'b00000000000000000000000000000100
I: Verilog-0004: [F:/SocFpga/IP/ddr3_ctrl_v116/rtl/mcdq/axi/ips2l_wdata_align_fifo_v1_5.vp(line number: 435)] Elaborating instance ips2l_distributed_fifo_data
I: Verilog-0003: [F:/SocFpga/IP/ddr3_ctrl_v116/rtl/mcdq/distributed_fifo/ips2l_distributed_fifo_v1_0.vp(line number: 164)] Elaborating module ips2l_distributed_fifo_v1_0
I: Module instance {Hfpga_soc/g_ddr_profile.u_ddr3_ctrl/u_ips_ddrc_top/mcdq_axi_mc/mcdq_axi_channel0/mcdq_axi_wdata_align/u_axi_wdata_align_fifo/fifo_loop[0].ips2l_distributed_fifo_data} parameter value:
    ADDR_WIDTH = 32'b00000000000000000000000000000101
    DATA_WIDTH = 32'b00000000000000000000000000100000
    RST_TYPE = ASYNC
    OUT_REG = 32'b00000000000000000000000000000000
    FIFO_TYPE = SYNC_FIFO
    ALMOST_FULL_NUM = 32'b00000000000000000000000000011100
    ALMOST_EMPTY_NUM = 32'b00000000000000000000000000000100
I: Verilog-0004: [F:/SocFpga/IP/ddr3_ctrl_v116/rtl/mcdq/axi/ips2l_wdata_align_fifo_v1_5.vp(line number: 435)] Elaborating instance ips2l_distributed_fifo_data
I: Verilog-0003: [F:/SocFpga/IP/ddr3_ctrl_v116/rtl/mcdq/distributed_fifo/ips2l_distributed_fifo_v1_0.vp(line number: 164)] Elaborating module ips2l_distributed_fifo_v1_0
I: Module instance {Hfpga_soc/g_ddr_profile.u_ddr3_ctrl/u_ips_ddrc_top/mcdq_axi_mc/mcdq_axi_channel0/mcdq_axi_wdata_align/u_axi_wdata_align_fifo/fifo_loop[1].ips2l_distributed_fifo_data} parameter value:
    ADDR_WIDTH = 32'b00000000000000000000000000000101
    DATA_WIDTH = 32'b00000000000000000000000000100000
    RST_TYPE = ASYNC
    OUT_REG = 32'b00000000000000000000000000000000
    FIFO_TYPE = SYNC_FIFO
    ALMOST_FULL_NUM = 32'b00000000000000000000000000011100
    ALMOST_EMPTY_NUM = 32'b00000000000000000000000000000100
I: Verilog-0004: [F:/SocFpga/IP/ddr3_ctrl_v116/rtl/mcdq/axi/ips2l_wdata_align_fifo_v1_5.vp(line number: 435)] Elaborating instance ips2l_distributed_fifo_data
I: Verilog-0003: [F:/SocFpga/IP/ddr3_ctrl_v116/rtl/mcdq/distributed_fifo/ips2l_distributed_fifo_v1_0.vp(line number: 164)] Elaborating module ips2l_distributed_fifo_v1_0
I: Module instance {Hfpga_soc/g_ddr_profile.u_ddr3_ctrl/u_ips_ddrc_top/mcdq_axi_mc/mcdq_axi_channel0/mcdq_axi_wdata_align/u_axi_wdata_align_fifo/fifo_loop[2].ips2l_distributed_fifo_data} parameter value:
    ADDR_WIDTH = 32'b00000000000000000000000000000101
    DATA_WIDTH = 32'b00000000000000000000000000100000
    RST_TYPE = ASYNC
    OUT_REG = 32'b00000000000000000000000000000000
    FIFO_TYPE = SYNC_FIFO
    ALMOST_FULL_NUM = 32'b00000000000000000000000000011100
    ALMOST_EMPTY_NUM = 32'b00000000000000000000000000000100
I: Verilog-0004: [F:/SocFpga/IP/ddr3_ctrl_v116/rtl/mcdq/axi/ips2l_wdata_align_fifo_v1_5.vp(line number: 435)] Elaborating instance ips2l_distributed_fifo_data
I: Verilog-0003: [F:/SocFpga/IP/ddr3_ctrl_v116/rtl/mcdq/distributed_fifo/ips2l_distributed_fifo_v1_0.vp(line number: 164)] Elaborating module ips2l_distributed_fifo_v1_0
I: Module instance {Hfpga_soc/g_ddr_profile.u_ddr3_ctrl/u_ips_ddrc_top/mcdq_axi_mc/mcdq_axi_channel0/mcdq_axi_wdata_align/u_axi_wdata_align_fifo/fifo_loop[3].ips2l_distributed_fifo_data} parameter value:
    ADDR_WIDTH = 32'b00000000000000000000000000000101
    DATA_WIDTH = 32'b00000000000000000000000000100000
    RST_TYPE = ASYNC
    OUT_REG = 32'b00000000000000000000000000000000
    FIFO_TYPE = SYNC_FIFO
    ALMOST_FULL_NUM = 32'b00000000000000000000000000011100
    ALMOST_EMPTY_NUM = 32'b00000000000000000000000000000100
I: Verilog-0004: [F:/SocFpga/IP/ddr3_ctrl_v116/rtl/mcdq/axi/ips2l_wdata_align_fifo_v1_5.vp(line number: 435)] Elaborating instance ips2l_distributed_fifo_data
I: Verilog-0003: [F:/SocFpga/IP/ddr3_ctrl_v116/rtl/mcdq/distributed_fifo/ips2l_distributed_fifo_v1_0.vp(line number: 164)] Elaborating module ips2l_distributed_fifo_v1_0
I: Module instance {Hfpga_soc/g_ddr_profile.u_ddr3_ctrl/u_ips_ddrc_top/mcdq_axi_mc/mcdq_axi_channel0/mcdq_axi_wdata_align/u_axi_wdata_align_fifo/fifo_loop[4].ips2l_distributed_fifo_data} parameter value:
    ADDR_WIDTH = 32'b00000000000000000000000000000101
    DATA_WIDTH = 32'b00000000000000000000000000100000
    RST_TYPE = ASYNC
    OUT_REG = 32'b00000000000000000000000000000000
    FIFO_TYPE = SYNC_FIFO
    ALMOST_FULL_NUM = 32'b00000000000000000000000000011100
    ALMOST_EMPTY_NUM = 32'b00000000000000000000000000000100
I: Verilog-0004: [F:/SocFpga/IP/ddr3_ctrl_v116/rtl/mcdq/axi/ips2l_wdata_align_fifo_v1_5.vp(line number: 435)] Elaborating instance ips2l_distributed_fifo_data
I: Verilog-0003: [F:/SocFpga/IP/ddr3_ctrl_v116/rtl/mcdq/distributed_fifo/ips2l_distributed_fifo_v1_0.vp(line number: 164)] Elaborating module ips2l_distributed_fifo_v1_0
I: Module instance {Hfpga_soc/g_ddr_profile.u_ddr3_ctrl/u_ips_ddrc_top/mcdq_axi_mc/mcdq_axi_channel0/mcdq_axi_wdata_align/u_axi_wdata_align_fifo/fifo_loop[5].ips2l_distributed_fifo_data} parameter value:
    ADDR_WIDTH = 32'b00000000000000000000000000000101
    DATA_WIDTH = 32'b00000000000000000000000000100000
    RST_TYPE = ASYNC
    OUT_REG = 32'b00000000000000000000000000000000
    FIFO_TYPE = SYNC_FIFO
    ALMOST_FULL_NUM = 32'b00000000000000000000000000011100
    ALMOST_EMPTY_NUM = 32'b00000000000000000000000000000100
I: Verilog-0004: [F:/SocFpga/IP/ddr3_ctrl_v116/rtl/mcdq/axi/ips2l_wdata_align_fifo_v1_5.vp(line number: 435)] Elaborating instance ips2l_distributed_fifo_data
I: Verilog-0003: [F:/SocFpga/IP/ddr3_ctrl_v116/rtl/mcdq/distributed_fifo/ips2l_distributed_fifo_v1_0.vp(line number: 164)] Elaborating module ips2l_distributed_fifo_v1_0
I: Module instance {Hfpga_soc/g_ddr_profile.u_ddr3_ctrl/u_ips_ddrc_top/mcdq_axi_mc/mcdq_axi_channel0/mcdq_axi_wdata_align/u_axi_wdata_align_fifo/fifo_loop[6].ips2l_distributed_fifo_data} parameter value:
    ADDR_WIDTH = 32'b00000000000000000000000000000101
    DATA_WIDTH = 32'b00000000000000000000000000100000
    RST_TYPE = ASYNC
    OUT_REG = 32'b00000000000000000000000000000000
    FIFO_TYPE = SYNC_FIFO
    ALMOST_FULL_NUM = 32'b00000000000000000000000000011100
    ALMOST_EMPTY_NUM = 32'b00000000000000000000000000000100
I: Verilog-0004: [F:/SocFpga/IP/ddr3_ctrl_v116/rtl/mcdq/axi/ips2l_wdata_align_fifo_v1_5.vp(line number: 435)] Elaborating instance ips2l_distributed_fifo_data
I: Verilog-0003: [F:/SocFpga/IP/ddr3_ctrl_v116/rtl/mcdq/distributed_fifo/ips2l_distributed_fifo_v1_0.vp(line number: 164)] Elaborating module ips2l_distributed_fifo_v1_0
I: Module instance {Hfpga_soc/g_ddr_profile.u_ddr3_ctrl/u_ips_ddrc_top/mcdq_axi_mc/mcdq_axi_channel0/mcdq_axi_wdata_align/u_axi_wdata_align_fifo/fifo_loop[7].ips2l_distributed_fifo_data} parameter value:
    ADDR_WIDTH = 32'b00000000000000000000000000000101
    DATA_WIDTH = 32'b00000000000000000000000000100000
    RST_TYPE = ASYNC
    OUT_REG = 32'b00000000000000000000000000000000
    FIFO_TYPE = SYNC_FIFO
    ALMOST_FULL_NUM = 32'b00000000000000000000000000011100
    ALMOST_EMPTY_NUM = 32'b00000000000000000000000000000100
I: Verilog-0004: [F:/SocFpga/IP/ddr3_ctrl_v116/rtl/mcdq/axi/ips2l_mcdq_axi_channel_v1_6.vp(line number: 415)] Elaborating instance mcdq_axi_bresp_buf
I: Verilog-0003: [F:/SocFpga/IP/ddr3_ctrl_v116/rtl/mcdq/axi/ips2l_mcdq_axi_bresp_buf_v1_5.vp(line number: 103)] Elaborating module ips2l_mcdq_axi_bresp_buf_v1_5
I: Verilog-0004: [F:/SocFpga/IP/ddr3_ctrl_v116/rtl/mcdq/axi/ips2l_mcdq_axi_bresp_buf_v1_5.vp(line number: 128)] Elaborating instance u_axi_bresp_fifo
I: Verilog-0003: [F:/SocFpga/IP/ddr3_ctrl_v116/rtl/mcdq/axi/ips2l_bresp_fifo_v1_5.vp(line number: 204)] Elaborating module ips2l_bresp_fifo_v1_5
I: Module instance {Hfpga_soc/g_ddr_profile.u_ddr3_ctrl/u_ips_ddrc_top/mcdq_axi_mc/mcdq_axi_channel0/mcdq_axi_bresp_buf/u_axi_bresp_fifo} parameter value:
    D = 32'b00000000000000000000000000100000
    W = 32'b00000000000000000000000000001010
I: Verilog-0004: [F:/SocFpga/IP/ddr3_ctrl_v116/rtl/mcdq/axi/ips2l_bresp_fifo_v1_5.vp(line number: 263)] Elaborating instance ips2l_distributed_fifo
I: Verilog-0003: [F:/SocFpga/IP/ddr3_ctrl_v116/rtl/mcdq/distributed_fifo/ips2l_distributed_fifo_v1_0.vp(line number: 164)] Elaborating module ips2l_distributed_fifo_v1_0
I: Module instance {Hfpga_soc/g_ddr_profile.u_ddr3_ctrl/u_ips_ddrc_top/mcdq_axi_mc/mcdq_axi_channel0/mcdq_axi_bresp_buf/u_axi_bresp_fifo/ips2l_distributed_fifo} parameter value:
    ADDR_WIDTH = 32'b00000000000000000000000000000101
    DATA_WIDTH = 32'b00000000000000000000000000001010
    RST_TYPE = ASYNC
    OUT_REG = 32'b00000000000000000000000000000000
    FIFO_TYPE = SYNC_FIFO
    ALMOST_FULL_NUM = 32'b00000000000000000000000000011100
    ALMOST_EMPTY_NUM = 32'b00000000000000000000000000000100
I: Verilog-0004: [F:/SocFpga/IP/ddr3_ctrl_v116/rtl/mcdq/distributed_fifo/ips2l_distributed_fifo_v1_0.vp(line number: 226)] Elaborating instance u_ips2l_distributed_fifo_distributed_fifo_v1_0
I: Verilog-0003: [F:/SocFpga/IP/ddr3_ctrl_v116/rtl/mcdq/distributed_fifo/rtl/ips2l_distributed_fifo_v1_0_distributed_fifo_v1_0.vp(line number: 164)] Elaborating module ips2l_distributed_fifo_v1_0_distributed_fifo_v1_0
I: Module instance {Hfpga_soc/g_ddr_profile.u_ddr3_ctrl/u_ips_ddrc_top/mcdq_axi_mc/mcdq_axi_channel0/mcdq_axi_bresp_buf/u_axi_bresp_fifo/ips2l_distributed_fifo/u_ips2l_distributed_fifo_distributed_fifo_v1_0} parameter value:
    ADDR_WIDTH = 32'b00000000000000000000000000000101
    DATA_WIDTH = 32'b00000000000000000000000000001010
    RST_TYPE = ASYNC
    OUT_REG = 32'b00000000000000000000000000000000
    FIFO_TYPE = SYNC_FIFO
    ALMOST_FULL_NUM = 32'b00000000000000000000000000011100
    ALMOST_EMPTY_NUM = 32'b00000000000000000000000000000100
I: Verilog-0004: [F:/SocFpga/IP/ddr3_ctrl_v116/rtl/mcdq/distributed_fifo/rtl/ips2l_distributed_fifo_v1_0_distributed_fifo_v1_0.vp(line number: 207)] Elaborating instance ips2l_distributed_sdpram_distributed_fifo_v1_0
I: Verilog-0003: [F:/SocFpga/IP/ddr3_ctrl_v116/rtl/mcdq/distributed_fifo/rtl/ips2l_distributed_sdpram_v1_0_distributed_fifo_v1_0.vp(line number: 154)] Elaborating module ips2l_distributed_sdpram_v1_0_distributed_fifo_v1_0
I: Module instance {Hfpga_soc/g_ddr_profile.u_ddr3_ctrl/u_ips_ddrc_top/mcdq_axi_mc/mcdq_axi_channel0/mcdq_axi_bresp_buf/u_axi_bresp_fifo/ips2l_distributed_fifo/u_ips2l_distributed_fifo_distributed_fifo_v1_0/ips2l_distributed_sdpram_distributed_fifo_v1_0} parameter value:
    ADDR_WIDTH = 32'b00000000000000000000000000000101
    DATA_WIDTH = 32'b00000000000000000000000000001010
    RST_TYPE = ASYNC
    OUT_REG = 32'b00000000000000000000000000000000
    INIT_FILE = NONE
    FILE_FORMAT = BIN
I: Verilog-0004: [F:/SocFpga/IP/ddr3_ctrl_v116/rtl/mcdq/distributed_fifo/rtl/ips2l_distributed_fifo_v1_0_distributed_fifo_v1_0.vp(line number: 227)] Elaborating instance u_ips2l_distributed_fifo_ctr
I: Verilog-0003: [F:/SocFpga/IP/ddr3_ctrl_v116/rtl/mcdq/distributed_fifo/rtl/ips2l_distributed_fifo_ctr_v1_0.vp(line number: 303)] Elaborating module ips2l_distributed_fifo_ctr_v1_0
I: Module instance {Hfpga_soc/g_ddr_profile.u_ddr3_ctrl/u_ips_ddrc_top/mcdq_axi_mc/mcdq_axi_channel0/mcdq_axi_bresp_buf/u_axi_bresp_fifo/ips2l_distributed_fifo/u_ips2l_distributed_fifo_distributed_fifo_v1_0/u_ips2l_distributed_fifo_ctr} parameter value:
    DEPTH = 32'b00000000000000000000000000000101
    FIFO_TYPE = SYNC_FIFO
    ALMOST_FULL_NUM = 32'b00000000000000000000000000011100
    ALMOST_EMPTY_NUM = 32'b00000000000000000000000000000100
I: Verilog-0004: [F:/SocFpga/IP/ddr3_ctrl_v116/rtl/mcdq/axi/ips2l_mcdq_axi_channel_v1_6.vp(line number: 437)] Elaborating instance mcdq_axi_rdata_align
I: Verilog-0003: [F:/SocFpga/IP/ddr3_ctrl_v116/rtl/mcdq/axi/ips2l_mcdq_axi_rdata_align_v1_6.vp(line number: 490)] Elaborating module ips2l_mcdq_axi_rdata_align_v1_6
I: Module instance {Hfpga_soc/g_ddr_profile.u_ddr3_ctrl/u_ips_ddrc_top/mcdq_axi_mc/mcdq_axi_channel0/mcdq_axi_rdata_align} parameter value:
    AXI_ADDR_WIDTH = 32'b00000000000000000000000000011110
    AXI_DATA_WIDTH = 32'b00000000000000000000000100000000
    CTRL_ADDR_WIDTH = 32'b00000000000000000000000000011100
    MEM_DQ_WIDTH = 32'b00000000000000000000000000100000
    AXI_CMD_FIFO_WIDTH = 32'b00000000000000000000000000110011
    AXI_CMD_ALIGN_FIFO_WIDTH = 32'b00000000000000000000000000101010
    AXI_WDATA_BYTES_MAX = 32'b00000000000000000000000000100000
    MEM_DQS_WIDTH = 32'b00000000000000000000000000000100
    AXI_ADDR_SHIFT = 32'b00000000000000000000000000000010
I: Verilog-0004: [F:/SocFpga/IP/ddr3_ctrl_v116/rtl/mcdq/axi/ips2l_mcdq_axi_rdata_align_v1_6.vp(line number: 864)] Elaborating instance u_axi_rdcmd_align_fifo
I: Verilog-0003: [F:/SocFpga/IP/ddr3_ctrl_v116/rtl/mcdq/axi/ips2l_cmd_align_fifo_v1_5.vp(line number: 207)] Elaborating module ips2l_cmd_align_fifo_v1_5
I: Module instance {Hfpga_soc/g_ddr_profile.u_ddr3_ctrl/u_ips_ddrc_top/mcdq_axi_mc/mcdq_axi_channel0/mcdq_axi_rdata_align/u_axi_rdcmd_align_fifo} parameter value:
    D = 32'b00000000000000000000000000010000
    W = 32'b00000000000000000000000000101010
I: Verilog-0004: [F:/SocFpga/IP/ddr3_ctrl_v116/rtl/mcdq/axi/ips2l_cmd_align_fifo_v1_5.vp(line number: 272)] Elaborating instance ips2l_distributed_fifo
I: Verilog-0003: [F:/SocFpga/IP/ddr3_ctrl_v116/rtl/mcdq/distributed_fifo/ips2l_distributed_fifo_v1_0.vp(line number: 164)] Elaborating module ips2l_distributed_fifo_v1_0
I: Module instance {Hfpga_soc/g_ddr_profile.u_ddr3_ctrl/u_ips_ddrc_top/mcdq_axi_mc/mcdq_axi_channel0/mcdq_axi_rdata_align/u_axi_rdcmd_align_fifo/ips2l_distributed_fifo} parameter value:
    ADDR_WIDTH = 32'b00000000000000000000000000000100
    DATA_WIDTH = 32'b00000000000000000000000000101010
    RST_TYPE = ASYNC
    OUT_REG = 32'b00000000000000000000000000000000
    FIFO_TYPE = SYNC_FIFO
    ALMOST_FULL_NUM = 32'b00000000000000000000000000001100
    ALMOST_EMPTY_NUM = 32'b00000000000000000000000000000100
I: Verilog-0004: [F:/SocFpga/IP/ddr3_ctrl_v116/rtl/mcdq/axi/ips2l_mcdq_axi_rdata_align_v1_6.vp(line number: 925)] Elaborating instance u_axi_rdcmd_back_fifo
I: Verilog-0003: [F:/SocFpga/IP/ddr3_ctrl_v116/rtl/mcdq/axi/ips2l_cmd_fifo_v1_5.vp(line number: 207)] Elaborating module ips2l_cmd_fifo_v1_5
I: Module instance {Hfpga_soc/g_ddr_profile.u_ddr3_ctrl/u_ips_ddrc_top/mcdq_axi_mc/mcdq_axi_channel0/mcdq_axi_rdata_align/u_axi_rdcmd_back_fifo} parameter value:
    D = 32'b00000000000000000000000000010000
    W = 32'b00000000000000000000000000100001
I: Verilog-0004: [F:/SocFpga/IP/ddr3_ctrl_v116/rtl/mcdq/axi/ips2l_cmd_fifo_v1_5.vp(line number: 272)] Elaborating instance ips2l_distributed_fifo
I: Verilog-0003: [F:/SocFpga/IP/ddr3_ctrl_v116/rtl/mcdq/distributed_fifo/ips2l_distributed_fifo_v1_0.vp(line number: 164)] Elaborating module ips2l_distributed_fifo_v1_0
I: Module instance {Hfpga_soc/g_ddr_profile.u_ddr3_ctrl/u_ips_ddrc_top/mcdq_axi_mc/mcdq_axi_channel0/mcdq_axi_rdata_align/u_axi_rdcmd_back_fifo/ips2l_distributed_fifo} parameter value:
    ADDR_WIDTH = 32'b00000000000000000000000000000100
    DATA_WIDTH = 32'b00000000000000000000000000100001
    RST_TYPE = ASYNC
    OUT_REG = 32'b00000000000000000000000000000000
    FIFO_TYPE = SYNC_FIFO
    ALMOST_FULL_NUM = 32'b00000000000000000000000000001100
    ALMOST_EMPTY_NUM = 32'b00000000000000000000000000000100
I: Verilog-0004: [F:/SocFpga/IP/ddr3_ctrl_v116/rtl/mcdq/axi/ips2l_mcdq_axi_rdata_align_v1_6.vp(line number: 945)] Elaborating instance u_mcdq_axi_rdata_arrange
I: Verilog-0003: [F:/SocFpga/IP/ddr3_ctrl_v116/rtl/mcdq/axi/ips2l_mcdq_axi_rdata_arrange_v1_5.vp(line number: 332)] Elaborating module ips2l_mcdq_axi_rdata_arrange_v1_5
I: Module instance {Hfpga_soc/g_ddr_profile.u_ddr3_ctrl/u_ips_ddrc_top/mcdq_axi_mc/mcdq_axi_channel0/mcdq_axi_rdata_align/u_mcdq_axi_rdata_arrange} parameter value:
    AXI_DATA_WIDTH = 32'b00000000000000000000000100000000
    AXI_BACK_CMD_FIFO_WIDTH = 32'b00000000000000000000000000100001
    MEM_DQ_WIDTH = 32'b00000000000000000000000000100000
    AXI_ADDR_SHIFT = 32'b00000000000000000000000000000010
    DATA_WIDTH_MUL = 32'b00000000000000000000000000000001
I: Verilog-0004: [F:/SocFpga/IP/ddr3_ctrl_v116/rtl/mcdq/axi/ips2l_mcdq_axi_rdata_arrange_v1_5.vp(line number: 413)] Elaborating instance u_axi_rdata_mac_fifo0
I: Verilog-0003: [F:/SocFpga/IP/ddr3_ctrl_v116/rtl/mcdq/axi/ips2l_rddata_fifo_v1_5.vp(line number: 216)] Elaborating module ips2l_rddata_fifo_v1_5
I: Module instance {Hfpga_soc/g_ddr_profile.u_ddr3_ctrl/u_ips_ddrc_top/mcdq_axi_mc/mcdq_axi_channel0/mcdq_axi_rdata_align/u_mcdq_axi_rdata_arrange/u_axi_rdata_mac_fifo0} parameter value:
    D = 32'b00000000000000000000000001000000
    MEM_DQ_WIDTH = 32'b00000000000000000000000000100000
    ALMOST_FULL_NUM = 32'b00000000000000000000000000010000
I: Verilog-0004: [F:/SocFpga/IP/ddr3_ctrl_v116/rtl/mcdq/axi/ips2l_rddata_fifo_v1_5.vp(line number: 285)] Elaborating instance ips2l_distributed_fifo
I: Verilog-0003: [F:/SocFpga/IP/ddr3_ctrl_v116/rtl/mcdq/distributed_fifo/ips2l_distributed_fifo_v1_0.vp(line number: 164)] Elaborating module ips2l_distributed_fifo_v1_0
I: Module instance {Hfpga_soc/g_ddr_profile.u_ddr3_ctrl/u_ips_ddrc_top/mcdq_axi_mc/mcdq_axi_channel0/mcdq_axi_rdata_align/u_mcdq_axi_rdata_arrange/u_axi_rdata_mac_fifo0/fifo_loop[0].ips2l_distributed_fifo} parameter value:
    ADDR_WIDTH = 32'b00000000000000000000000000000110
    DATA_WIDTH = 32'b00000000000000000000000000100000
    RST_TYPE = ASYNC
    OUT_REG = 32'b00000000000000000000000000000000
    FIFO_TYPE = SYNC_FIFO
    ALMOST_FULL_NUM = 32'b00000000000000000000000000010000
    ALMOST_EMPTY_NUM = 32'b00000000000000000000000000000100
I: Verilog-0004: [F:/SocFpga/IP/ddr3_ctrl_v116/rtl/mcdq/distributed_fifo/ips2l_distributed_fifo_v1_0.vp(line number: 226)] Elaborating instance u_ips2l_distributed_fifo_distributed_fifo_v1_0
I: Verilog-0003: [F:/SocFpga/IP/ddr3_ctrl_v116/rtl/mcdq/distributed_fifo/rtl/ips2l_distributed_fifo_v1_0_distributed_fifo_v1_0.vp(line number: 164)] Elaborating module ips2l_distributed_fifo_v1_0_distributed_fifo_v1_0
I: Module instance {Hfpga_soc/g_ddr_profile.u_ddr3_ctrl/u_ips_ddrc_top/mcdq_axi_mc/mcdq_axi_channel0/mcdq_axi_rdata_align/u_mcdq_axi_rdata_arrange/u_axi_rdata_mac_fifo0/fifo_loop[0].ips2l_distributed_fifo/u_ips2l_distributed_fifo_distributed_fifo_v1_0} parameter value:
    ADDR_WIDTH = 32'b00000000000000000000000000000110
    DATA_WIDTH = 32'b00000000000000000000000000100000
    RST_TYPE = ASYNC
    OUT_REG = 32'b00000000000000000000000000000000
    FIFO_TYPE = SYNC_FIFO
    ALMOST_FULL_NUM = 32'b00000000000000000000000000010000
    ALMOST_EMPTY_NUM = 32'b00000000000000000000000000000100
I: Verilog-0004: [F:/SocFpga/IP/ddr3_ctrl_v116/rtl/mcdq/distributed_fifo/rtl/ips2l_distributed_fifo_v1_0_distributed_fifo_v1_0.vp(line number: 207)] Elaborating instance ips2l_distributed_sdpram_distributed_fifo_v1_0
I: Verilog-0003: [F:/SocFpga/IP/ddr3_ctrl_v116/rtl/mcdq/distributed_fifo/rtl/ips2l_distributed_sdpram_v1_0_distributed_fifo_v1_0.vp(line number: 154)] Elaborating module ips2l_distributed_sdpram_v1_0_distributed_fifo_v1_0
I: Module instance {Hfpga_soc/g_ddr_profile.u_ddr3_ctrl/u_ips_ddrc_top/mcdq_axi_mc/mcdq_axi_channel0/mcdq_axi_rdata_align/u_mcdq_axi_rdata_arrange/u_axi_rdata_mac_fifo0/fifo_loop[0].ips2l_distributed_fifo/u_ips2l_distributed_fifo_distributed_fifo_v1_0/ips2l_distributed_sdpram_distributed_fifo_v1_0} parameter value:
    ADDR_WIDTH = 32'b00000000000000000000000000000110
    DATA_WIDTH = 32'b00000000000000000000000000100000
    RST_TYPE = ASYNC
    OUT_REG = 32'b00000000000000000000000000000000
    INIT_FILE = NONE
    FILE_FORMAT = BIN
I: Verilog-0004: [F:/SocFpga/IP/ddr3_ctrl_v116/rtl/mcdq/distributed_fifo/rtl/ips2l_distributed_fifo_v1_0_distributed_fifo_v1_0.vp(line number: 227)] Elaborating instance u_ips2l_distributed_fifo_ctr
I: Verilog-0003: [F:/SocFpga/IP/ddr3_ctrl_v116/rtl/mcdq/distributed_fifo/rtl/ips2l_distributed_fifo_ctr_v1_0.vp(line number: 303)] Elaborating module ips2l_distributed_fifo_ctr_v1_0
I: Module instance {Hfpga_soc/g_ddr_profile.u_ddr3_ctrl/u_ips_ddrc_top/mcdq_axi_mc/mcdq_axi_channel0/mcdq_axi_rdata_align/u_mcdq_axi_rdata_arrange/u_axi_rdata_mac_fifo0/fifo_loop[0].ips2l_distributed_fifo/u_ips2l_distributed_fifo_distributed_fifo_v1_0/u_ips2l_distributed_fifo_ctr} parameter value:
    DEPTH = 32'b00000000000000000000000000000110
    FIFO_TYPE = SYNC_FIFO
    ALMOST_FULL_NUM = 32'b00000000000000000000000000010000
    ALMOST_EMPTY_NUM = 32'b00000000000000000000000000000100
I: Verilog-0004: [F:/SocFpga/IP/ddr3_ctrl_v116/rtl/mcdq/axi/ips2l_rddata_fifo_v1_5.vp(line number: 285)] Elaborating instance ips2l_distributed_fifo
I: Verilog-0003: [F:/SocFpga/IP/ddr3_ctrl_v116/rtl/mcdq/distributed_fifo/ips2l_distributed_fifo_v1_0.vp(line number: 164)] Elaborating module ips2l_distributed_fifo_v1_0
I: Module instance {Hfpga_soc/g_ddr_profile.u_ddr3_ctrl/u_ips_ddrc_top/mcdq_axi_mc/mcdq_axi_channel0/mcdq_axi_rdata_align/u_mcdq_axi_rdata_arrange/u_axi_rdata_mac_fifo0/fifo_loop[1].ips2l_distributed_fifo} parameter value:
    ADDR_WIDTH = 32'b00000000000000000000000000000110
    DATA_WIDTH = 32'b00000000000000000000000000100000
    RST_TYPE = ASYNC
    OUT_REG = 32'b00000000000000000000000000000000
    FIFO_TYPE = SYNC_FIFO
    ALMOST_FULL_NUM = 32'b00000000000000000000000000010000
    ALMOST_EMPTY_NUM = 32'b00000000000000000000000000000100
I: Verilog-0004: [F:/SocFpga/IP/ddr3_ctrl_v116/rtl/mcdq/axi/ips2l_rddata_fifo_v1_5.vp(line number: 285)] Elaborating instance ips2l_distributed_fifo
I: Verilog-0003: [F:/SocFpga/IP/ddr3_ctrl_v116/rtl/mcdq/distributed_fifo/ips2l_distributed_fifo_v1_0.vp(line number: 164)] Elaborating module ips2l_distributed_fifo_v1_0
I: Module instance {Hfpga_soc/g_ddr_profile.u_ddr3_ctrl/u_ips_ddrc_top/mcdq_axi_mc/mcdq_axi_channel0/mcdq_axi_rdata_align/u_mcdq_axi_rdata_arrange/u_axi_rdata_mac_fifo0/fifo_loop[2].ips2l_distributed_fifo} parameter value:
    ADDR_WIDTH = 32'b00000000000000000000000000000110
    DATA_WIDTH = 32'b00000000000000000000000000100000
    RST_TYPE = ASYNC
    OUT_REG = 32'b00000000000000000000000000000000
    FIFO_TYPE = SYNC_FIFO
    ALMOST_FULL_NUM = 32'b00000000000000000000000000010000
    ALMOST_EMPTY_NUM = 32'b00000000000000000000000000000100
I: Verilog-0004: [F:/SocFpga/IP/ddr3_ctrl_v116/rtl/mcdq/axi/ips2l_rddata_fifo_v1_5.vp(line number: 285)] Elaborating instance ips2l_distributed_fifo
I: Verilog-0003: [F:/SocFpga/IP/ddr3_ctrl_v116/rtl/mcdq/distributed_fifo/ips2l_distributed_fifo_v1_0.vp(line number: 164)] Elaborating module ips2l_distributed_fifo_v1_0
I: Module instance {Hfpga_soc/g_ddr_profile.u_ddr3_ctrl/u_ips_ddrc_top/mcdq_axi_mc/mcdq_axi_channel0/mcdq_axi_rdata_align/u_mcdq_axi_rdata_arrange/u_axi_rdata_mac_fifo0/fifo_loop[3].ips2l_distributed_fifo} parameter value:
    ADDR_WIDTH = 32'b00000000000000000000000000000110
    DATA_WIDTH = 32'b00000000000000000000000000100000
    RST_TYPE = ASYNC
    OUT_REG = 32'b00000000000000000000000000000000
    FIFO_TYPE = SYNC_FIFO
    ALMOST_FULL_NUM = 32'b00000000000000000000000000010000
    ALMOST_EMPTY_NUM = 32'b00000000000000000000000000000100
I: Verilog-0004: [F:/SocFpga/IP/ddr3_ctrl_v116/rtl/mcdq/axi/ips2l_rddata_fifo_v1_5.vp(line number: 285)] Elaborating instance ips2l_distributed_fifo
I: Verilog-0003: [F:/SocFpga/IP/ddr3_ctrl_v116/rtl/mcdq/distributed_fifo/ips2l_distributed_fifo_v1_0.vp(line number: 164)] Elaborating module ips2l_distributed_fifo_v1_0
I: Module instance {Hfpga_soc/g_ddr_profile.u_ddr3_ctrl/u_ips_ddrc_top/mcdq_axi_mc/mcdq_axi_channel0/mcdq_axi_rdata_align/u_mcdq_axi_rdata_arrange/u_axi_rdata_mac_fifo0/fifo_loop[4].ips2l_distributed_fifo} parameter value:
    ADDR_WIDTH = 32'b00000000000000000000000000000110
    DATA_WIDTH = 32'b00000000000000000000000000100000
    RST_TYPE = ASYNC
    OUT_REG = 32'b00000000000000000000000000000000
    FIFO_TYPE = SYNC_FIFO
    ALMOST_FULL_NUM = 32'b00000000000000000000000000010000
    ALMOST_EMPTY_NUM = 32'b00000000000000000000000000000100
I: Verilog-0004: [F:/SocFpga/IP/ddr3_ctrl_v116/rtl/mcdq/axi/ips2l_rddata_fifo_v1_5.vp(line number: 285)] Elaborating instance ips2l_distributed_fifo
I: Verilog-0003: [F:/SocFpga/IP/ddr3_ctrl_v116/rtl/mcdq/distributed_fifo/ips2l_distributed_fifo_v1_0.vp(line number: 164)] Elaborating module ips2l_distributed_fifo_v1_0
I: Module instance {Hfpga_soc/g_ddr_profile.u_ddr3_ctrl/u_ips_ddrc_top/mcdq_axi_mc/mcdq_axi_channel0/mcdq_axi_rdata_align/u_mcdq_axi_rdata_arrange/u_axi_rdata_mac_fifo0/fifo_loop[5].ips2l_distributed_fifo} parameter value:
    ADDR_WIDTH = 32'b00000000000000000000000000000110
    DATA_WIDTH = 32'b00000000000000000000000000100000
    RST_TYPE = ASYNC
    OUT_REG = 32'b00000000000000000000000000000000
    FIFO_TYPE = SYNC_FIFO
    ALMOST_FULL_NUM = 32'b00000000000000000000000000010000
    ALMOST_EMPTY_NUM = 32'b00000000000000000000000000000100
I: Verilog-0004: [F:/SocFpga/IP/ddr3_ctrl_v116/rtl/mcdq/axi/ips2l_rddata_fifo_v1_5.vp(line number: 285)] Elaborating instance ips2l_distributed_fifo
I: Verilog-0003: [F:/SocFpga/IP/ddr3_ctrl_v116/rtl/mcdq/distributed_fifo/ips2l_distributed_fifo_v1_0.vp(line number: 164)] Elaborating module ips2l_distributed_fifo_v1_0
I: Module instance {Hfpga_soc/g_ddr_profile.u_ddr3_ctrl/u_ips_ddrc_top/mcdq_axi_mc/mcdq_axi_channel0/mcdq_axi_rdata_align/u_mcdq_axi_rdata_arrange/u_axi_rdata_mac_fifo0/fifo_loop[6].ips2l_distributed_fifo} parameter value:
    ADDR_WIDTH = 32'b00000000000000000000000000000110
    DATA_WIDTH = 32'b00000000000000000000000000100000
    RST_TYPE = ASYNC
    OUT_REG = 32'b00000000000000000000000000000000
    FIFO_TYPE = SYNC_FIFO
    ALMOST_FULL_NUM = 32'b00000000000000000000000000010000
    ALMOST_EMPTY_NUM = 32'b00000000000000000000000000000100
I: Verilog-0004: [F:/SocFpga/IP/ddr3_ctrl_v116/rtl/mcdq/axi/ips2l_rddata_fifo_v1_5.vp(line number: 285)] Elaborating instance ips2l_distributed_fifo
I: Verilog-0003: [F:/SocFpga/IP/ddr3_ctrl_v116/rtl/mcdq/distributed_fifo/ips2l_distributed_fifo_v1_0.vp(line number: 164)] Elaborating module ips2l_distributed_fifo_v1_0
I: Module instance {Hfpga_soc/g_ddr_profile.u_ddr3_ctrl/u_ips_ddrc_top/mcdq_axi_mc/mcdq_axi_channel0/mcdq_axi_rdata_align/u_mcdq_axi_rdata_arrange/u_axi_rdata_mac_fifo0/fifo_loop[7].ips2l_distributed_fifo} parameter value:
    ADDR_WIDTH = 32'b00000000000000000000000000000110
    DATA_WIDTH = 32'b00000000000000000000000000100000
    RST_TYPE = ASYNC
    OUT_REG = 32'b00000000000000000000000000000000
    FIFO_TYPE = SYNC_FIFO
    ALMOST_FULL_NUM = 32'b00000000000000000000000000010000
    ALMOST_EMPTY_NUM = 32'b00000000000000000000000000000100
I: Verilog-0004: [F:/SocFpga/IP/ddr3_ctrl_v116/rtl/mcdq/axi/ips2l_mcdq_axi_rdata_arrange_v1_5.vp(line number: 466)] Elaborating instance u_axi_rdata_mac_fifo1
I: Verilog-0003: [F:/SocFpga/IP/ddr3_ctrl_v116/rtl/mcdq/axi/ips2l_mcdq_reg_fifo2_v1_5.vp(line number: 113)] Elaborating module ips2l_mcdq_reg_fifo2_v1_5
I: Module instance {Hfpga_soc/g_ddr_profile.u_ddr3_ctrl/u_ips_ddrc_top/mcdq_axi_mc/mcdq_axi_channel0/mcdq_axi_rdata_align/u_mcdq_axi_rdata_arrange/u_axi_rdata_mac_fifo1} parameter value:
    W = 32'b00000000000000000000000100000000
I: Verilog-0004: [F:/SocFpga/IP/ddr3_ctrl_v116/rtl/mcdq/axi/ips2l_mcdq_axi_rdata_arrange_v1_5.vp(line number: 624)] Elaborating instance u_axi_rdata_fifo
I: Verilog-0003: [F:/SocFpga/IP/ddr3_ctrl_v116/rtl/mcdq/axi/ips2l_rdata_align_fifo_v1_5.vp(line number: 257)] Elaborating module ips2l_rdata_align_fifo_v1_5
I: Module instance {Hfpga_soc/g_ddr_profile.u_ddr3_ctrl/u_ips_ddrc_top/mcdq_axi_mc/mcdq_axi_channel0/mcdq_axi_rdata_align/u_mcdq_axi_rdata_arrange/u_axi_rdata_fifo} parameter value:
    D = 32'b00000000000000000000000000010000
    AXI_DATA_WIDTH = 32'b00000000000000000000000100000000
I: Verilog-0004: [F:/SocFpga/IP/ddr3_ctrl_v116/rtl/mcdq/axi/ips2l_rdata_align_fifo_v1_5.vp(line number: 323)] Elaborating instance ips2l_distributed_fifo
I: Verilog-0003: [F:/SocFpga/IP/ddr3_ctrl_v116/rtl/mcdq/distributed_fifo/ips2l_distributed_fifo_v1_0.vp(line number: 164)] Elaborating module ips2l_distributed_fifo_v1_0
I: Module instance {Hfpga_soc/g_ddr_profile.u_ddr3_ctrl/u_ips_ddrc_top/mcdq_axi_mc/mcdq_axi_channel0/mcdq_axi_rdata_align/u_mcdq_axi_rdata_arrange/u_axi_rdata_fifo/ips2l_distributed_fifo} parameter value:
    ADDR_WIDTH = 32'b00000000000000000000000000000100
    DATA_WIDTH = 32'b00000000000000000000000000001011
    RST_TYPE = ASYNC
    OUT_REG = 32'b00000000000000000000000000000000
    FIFO_TYPE = SYNC_FIFO
    ALMOST_FULL_NUM = 32'b00000000000000000000000000001100
    ALMOST_EMPTY_NUM = 32'b00000000000000000000000000000100
I: Verilog-0004: [F:/SocFpga/IP/ddr3_ctrl_v116/rtl/mcdq/distributed_fifo/ips2l_distributed_fifo_v1_0.vp(line number: 226)] Elaborating instance u_ips2l_distributed_fifo_distributed_fifo_v1_0
I: Verilog-0003: [F:/SocFpga/IP/ddr3_ctrl_v116/rtl/mcdq/distributed_fifo/rtl/ips2l_distributed_fifo_v1_0_distributed_fifo_v1_0.vp(line number: 164)] Elaborating module ips2l_distributed_fifo_v1_0_distributed_fifo_v1_0
I: Module instance {Hfpga_soc/g_ddr_profile.u_ddr3_ctrl/u_ips_ddrc_top/mcdq_axi_mc/mcdq_axi_channel0/mcdq_axi_rdata_align/u_mcdq_axi_rdata_arrange/u_axi_rdata_fifo/ips2l_distributed_fifo/u_ips2l_distributed_fifo_distributed_fifo_v1_0} parameter value:
    ADDR_WIDTH = 32'b00000000000000000000000000000100
    DATA_WIDTH = 32'b00000000000000000000000000001011
    RST_TYPE = ASYNC
    OUT_REG = 32'b00000000000000000000000000000000
    FIFO_TYPE = SYNC_FIFO
    ALMOST_FULL_NUM = 32'b00000000000000000000000000001100
    ALMOST_EMPTY_NUM = 32'b00000000000000000000000000000100
I: Verilog-0004: [F:/SocFpga/IP/ddr3_ctrl_v116/rtl/mcdq/distributed_fifo/rtl/ips2l_distributed_fifo_v1_0_distributed_fifo_v1_0.vp(line number: 207)] Elaborating instance ips2l_distributed_sdpram_distributed_fifo_v1_0
I: Verilog-0003: [F:/SocFpga/IP/ddr3_ctrl_v116/rtl/mcdq/distributed_fifo/rtl/ips2l_distributed_sdpram_v1_0_distributed_fifo_v1_0.vp(line number: 154)] Elaborating module ips2l_distributed_sdpram_v1_0_distributed_fifo_v1_0
I: Module instance {Hfpga_soc/g_ddr_profile.u_ddr3_ctrl/u_ips_ddrc_top/mcdq_axi_mc/mcdq_axi_channel0/mcdq_axi_rdata_align/u_mcdq_axi_rdata_arrange/u_axi_rdata_fifo/ips2l_distributed_fifo/u_ips2l_distributed_fifo_distributed_fifo_v1_0/ips2l_distributed_sdpram_distributed_fifo_v1_0} parameter value:
    ADDR_WIDTH = 32'b00000000000000000000000000000100
    DATA_WIDTH = 32'b00000000000000000000000000001011
    RST_TYPE = ASYNC
    OUT_REG = 32'b00000000000000000000000000000000
    INIT_FILE = NONE
    FILE_FORMAT = BIN
I: Verilog-0004: [F:/SocFpga/IP/ddr3_ctrl_v116/rtl/mcdq/distributed_fifo/rtl/ips2l_distributed_fifo_v1_0_distributed_fifo_v1_0.vp(line number: 227)] Elaborating instance u_ips2l_distributed_fifo_ctr
I: Verilog-0003: [F:/SocFpga/IP/ddr3_ctrl_v116/rtl/mcdq/distributed_fifo/rtl/ips2l_distributed_fifo_ctr_v1_0.vp(line number: 303)] Elaborating module ips2l_distributed_fifo_ctr_v1_0
I: Module instance {Hfpga_soc/g_ddr_profile.u_ddr3_ctrl/u_ips_ddrc_top/mcdq_axi_mc/mcdq_axi_channel0/mcdq_axi_rdata_align/u_mcdq_axi_rdata_arrange/u_axi_rdata_fifo/ips2l_distributed_fifo/u_ips2l_distributed_fifo_distributed_fifo_v1_0/u_ips2l_distributed_fifo_ctr} parameter value:
    DEPTH = 32'b00000000000000000000000000000100
    FIFO_TYPE = SYNC_FIFO
    ALMOST_FULL_NUM = 32'b00000000000000000000000000001100
    ALMOST_EMPTY_NUM = 32'b00000000000000000000000000000100
I: Verilog-0004: [F:/SocFpga/IP/ddr3_ctrl_v116/rtl/mcdq/axi/ips2l_rdata_align_fifo_v1_5.vp(line number: 353)] Elaborating instance ips2l_distributed_fifo_data
I: Verilog-0003: [F:/SocFpga/IP/ddr3_ctrl_v116/rtl/mcdq/distributed_fifo/ips2l_distributed_fifo_v1_0.vp(line number: 164)] Elaborating module ips2l_distributed_fifo_v1_0
I: Module instance {Hfpga_soc/g_ddr_profile.u_ddr3_ctrl/u_ips_ddrc_top/mcdq_axi_mc/mcdq_axi_channel0/mcdq_axi_rdata_align/u_mcdq_axi_rdata_arrange/u_axi_rdata_fifo/fifo_loop[0].ips2l_distributed_fifo_data} parameter value:
    ADDR_WIDTH = 32'b00000000000000000000000000000100
    DATA_WIDTH = 32'b00000000000000000000000000100000
    RST_TYPE = ASYNC
    OUT_REG = 32'b00000000000000000000000000000000
    FIFO_TYPE = SYNC_FIFO
    ALMOST_FULL_NUM = 32'b00000000000000000000000000001100
    ALMOST_EMPTY_NUM = 32'b00000000000000000000000000000100
I: Verilog-0004: [F:/SocFpga/IP/ddr3_ctrl_v116/rtl/mcdq/axi/ips2l_rdata_align_fifo_v1_5.vp(line number: 353)] Elaborating instance ips2l_distributed_fifo_data
I: Verilog-0003: [F:/SocFpga/IP/ddr3_ctrl_v116/rtl/mcdq/distributed_fifo/ips2l_distributed_fifo_v1_0.vp(line number: 164)] Elaborating module ips2l_distributed_fifo_v1_0
I: Module instance {Hfpga_soc/g_ddr_profile.u_ddr3_ctrl/u_ips_ddrc_top/mcdq_axi_mc/mcdq_axi_channel0/mcdq_axi_rdata_align/u_mcdq_axi_rdata_arrange/u_axi_rdata_fifo/fifo_loop[1].ips2l_distributed_fifo_data} parameter value:
    ADDR_WIDTH = 32'b00000000000000000000000000000100
    DATA_WIDTH = 32'b00000000000000000000000000100000
    RST_TYPE = ASYNC
    OUT_REG = 32'b00000000000000000000000000000000
    FIFO_TYPE = SYNC_FIFO
    ALMOST_FULL_NUM = 32'b00000000000000000000000000001100
    ALMOST_EMPTY_NUM = 32'b00000000000000000000000000000100
I: Verilog-0004: [F:/SocFpga/IP/ddr3_ctrl_v116/rtl/mcdq/axi/ips2l_rdata_align_fifo_v1_5.vp(line number: 353)] Elaborating instance ips2l_distributed_fifo_data
I: Verilog-0003: [F:/SocFpga/IP/ddr3_ctrl_v116/rtl/mcdq/distributed_fifo/ips2l_distributed_fifo_v1_0.vp(line number: 164)] Elaborating module ips2l_distributed_fifo_v1_0
I: Module instance {Hfpga_soc/g_ddr_profile.u_ddr3_ctrl/u_ips_ddrc_top/mcdq_axi_mc/mcdq_axi_channel0/mcdq_axi_rdata_align/u_mcdq_axi_rdata_arrange/u_axi_rdata_fifo/fifo_loop[2].ips2l_distributed_fifo_data} parameter value:
    ADDR_WIDTH = 32'b00000000000000000000000000000100
    DATA_WIDTH = 32'b00000000000000000000000000100000
    RST_TYPE = ASYNC
    OUT_REG = 32'b00000000000000000000000000000000
    FIFO_TYPE = SYNC_FIFO
    ALMOST_FULL_NUM = 32'b00000000000000000000000000001100
    ALMOST_EMPTY_NUM = 32'b00000000000000000000000000000100
I: Verilog-0004: [F:/SocFpga/IP/ddr3_ctrl_v116/rtl/mcdq/axi/ips2l_rdata_align_fifo_v1_5.vp(line number: 353)] Elaborating instance ips2l_distributed_fifo_data
I: Verilog-0003: [F:/SocFpga/IP/ddr3_ctrl_v116/rtl/mcdq/distributed_fifo/ips2l_distributed_fifo_v1_0.vp(line number: 164)] Elaborating module ips2l_distributed_fifo_v1_0
I: Module instance {Hfpga_soc/g_ddr_profile.u_ddr3_ctrl/u_ips_ddrc_top/mcdq_axi_mc/mcdq_axi_channel0/mcdq_axi_rdata_align/u_mcdq_axi_rdata_arrange/u_axi_rdata_fifo/fifo_loop[3].ips2l_distributed_fifo_data} parameter value:
    ADDR_WIDTH = 32'b00000000000000000000000000000100
    DATA_WIDTH = 32'b00000000000000000000000000100000
    RST_TYPE = ASYNC
    OUT_REG = 32'b00000000000000000000000000000000
    FIFO_TYPE = SYNC_FIFO
    ALMOST_FULL_NUM = 32'b00000000000000000000000000001100
    ALMOST_EMPTY_NUM = 32'b00000000000000000000000000000100
I: Verilog-0004: [F:/SocFpga/IP/ddr3_ctrl_v116/rtl/mcdq/axi/ips2l_rdata_align_fifo_v1_5.vp(line number: 353)] Elaborating instance ips2l_distributed_fifo_data
I: Verilog-0003: [F:/SocFpga/IP/ddr3_ctrl_v116/rtl/mcdq/distributed_fifo/ips2l_distributed_fifo_v1_0.vp(line number: 164)] Elaborating module ips2l_distributed_fifo_v1_0
I: Module instance {Hfpga_soc/g_ddr_profile.u_ddr3_ctrl/u_ips_ddrc_top/mcdq_axi_mc/mcdq_axi_channel0/mcdq_axi_rdata_align/u_mcdq_axi_rdata_arrange/u_axi_rdata_fifo/fifo_loop[4].ips2l_distributed_fifo_data} parameter value:
    ADDR_WIDTH = 32'b00000000000000000000000000000100
    DATA_WIDTH = 32'b00000000000000000000000000100000
    RST_TYPE = ASYNC
    OUT_REG = 32'b00000000000000000000000000000000
    FIFO_TYPE = SYNC_FIFO
    ALMOST_FULL_NUM = 32'b00000000000000000000000000001100
    ALMOST_EMPTY_NUM = 32'b00000000000000000000000000000100
I: Verilog-0004: [F:/SocFpga/IP/ddr3_ctrl_v116/rtl/mcdq/axi/ips2l_rdata_align_fifo_v1_5.vp(line number: 353)] Elaborating instance ips2l_distributed_fifo_data
I: Verilog-0003: [F:/SocFpga/IP/ddr3_ctrl_v116/rtl/mcdq/distributed_fifo/ips2l_distributed_fifo_v1_0.vp(line number: 164)] Elaborating module ips2l_distributed_fifo_v1_0
I: Module instance {Hfpga_soc/g_ddr_profile.u_ddr3_ctrl/u_ips_ddrc_top/mcdq_axi_mc/mcdq_axi_channel0/mcdq_axi_rdata_align/u_mcdq_axi_rdata_arrange/u_axi_rdata_fifo/fifo_loop[5].ips2l_distributed_fifo_data} parameter value:
    ADDR_WIDTH = 32'b00000000000000000000000000000100
    DATA_WIDTH = 32'b00000000000000000000000000100000
    RST_TYPE = ASYNC
    OUT_REG = 32'b00000000000000000000000000000000
    FIFO_TYPE = SYNC_FIFO
    ALMOST_FULL_NUM = 32'b00000000000000000000000000001100
    ALMOST_EMPTY_NUM = 32'b00000000000000000000000000000100
I: Verilog-0004: [F:/SocFpga/IP/ddr3_ctrl_v116/rtl/mcdq/axi/ips2l_rdata_align_fifo_v1_5.vp(line number: 353)] Elaborating instance ips2l_distributed_fifo_data
I: Verilog-0003: [F:/SocFpga/IP/ddr3_ctrl_v116/rtl/mcdq/distributed_fifo/ips2l_distributed_fifo_v1_0.vp(line number: 164)] Elaborating module ips2l_distributed_fifo_v1_0
I: Module instance {Hfpga_soc/g_ddr_profile.u_ddr3_ctrl/u_ips_ddrc_top/mcdq_axi_mc/mcdq_axi_channel0/mcdq_axi_rdata_align/u_mcdq_axi_rdata_arrange/u_axi_rdata_fifo/fifo_loop[6].ips2l_distributed_fifo_data} parameter value:
    ADDR_WIDTH = 32'b00000000000000000000000000000100
    DATA_WIDTH = 32'b00000000000000000000000000100000
    RST_TYPE = ASYNC
    OUT_REG = 32'b00000000000000000000000000000000
    FIFO_TYPE = SYNC_FIFO
    ALMOST_FULL_NUM = 32'b00000000000000000000000000001100
    ALMOST_EMPTY_NUM = 32'b00000000000000000000000000000100
I: Verilog-0004: [F:/SocFpga/IP/ddr3_ctrl_v116/rtl/mcdq/axi/ips2l_rdata_align_fifo_v1_5.vp(line number: 353)] Elaborating instance ips2l_distributed_fifo_data
I: Verilog-0003: [F:/SocFpga/IP/ddr3_ctrl_v116/rtl/mcdq/distributed_fifo/ips2l_distributed_fifo_v1_0.vp(line number: 164)] Elaborating module ips2l_distributed_fifo_v1_0
I: Module instance {Hfpga_soc/g_ddr_profile.u_ddr3_ctrl/u_ips_ddrc_top/mcdq_axi_mc/mcdq_axi_channel0/mcdq_axi_rdata_align/u_mcdq_axi_rdata_arrange/u_axi_rdata_fifo/fifo_loop[7].ips2l_distributed_fifo_data} parameter value:
    ADDR_WIDTH = 32'b00000000000000000000000000000100
    DATA_WIDTH = 32'b00000000000000000000000000100000
    RST_TYPE = ASYNC
    OUT_REG = 32'b00000000000000000000000000000000
    FIFO_TYPE = SYNC_FIFO
    ALMOST_FULL_NUM = 32'b00000000000000000000000000001100
    ALMOST_EMPTY_NUM = 32'b00000000000000000000000000000100
I: Verilog-0004: [F:/SocFpga/IP/ddr3_ctrl_v116/rtl/mcdq/axi/ips2l_mcdq_axi_mc_v1_6.vp(line number: 524)] Elaborating instance mcdq_axi_cmd_arb
I: Verilog-0003: [F:/SocFpga/IP/ddr3_ctrl_v116/rtl/mcdq/axi/ips2l_mcdq_axi_cmd_arb_v1_5a.vp(line number: 201)] Elaborating module ips2l_mcdq_axi_cmd_arb_v1_5a
I: Module instance {Hfpga_soc/g_ddr_profile.u_ddr3_ctrl/u_ips_ddrc_top/mcdq_axi_mc/mcdq_axi_cmd_arb} parameter value:
    WR_WEIGHT = 32'b00000000000000000000000000000100
    RD_WEIGHT = 32'b00000000000000000000000000000100
    CTRL_ADDR_WIDTH = 32'b00000000000000000000000000011100
    ARB_AXI_WIDTH = 32'b00000000000000000000000000101100
    MEM_ROW_ADDR_WIDTH = 32'b00000000000000000000000000001111
    MEM_COL_ADDR_WIDTH = 32'b00000000000000000000000000001010
    TOTAL_BA_ADDR_WIDTH = 32'b00000000000000000000000000000011
    ADDR_MAPPING_SEL = 32'b00000000000000000000000000000000
I: Verilog-0004: [F:/SocFpga/IP/ddr3_ctrl_v116/rtl/mcdq/axi/ips2l_mcdq_axi_cmd_arb_v1_5a.vp(line number: 353)] Elaborating instance mcdq_axi_dec
I: Verilog-0003: [F:/SocFpga/IP/ddr3_ctrl_v116/rtl/mcdq/axi/ips2l_mcdq_axi_dec_v1_5.vp(line number: 209)] Elaborating module ips2l_mcdq_axi_dec_v1_5
I: Module instance {Hfpga_soc/g_ddr_profile.u_ddr3_ctrl/u_ips_ddrc_top/mcdq_axi_mc/mcdq_axi_cmd_arb/mcdq_axi_dec} parameter value:
    ARB_AXI_WIDTH = 32'b00000000000000000000000000101100
    CTRL_ADDR_WIDTH = 32'b00000000000000000000000000011100
    MEM_ROW_ADDR_WIDTH = 32'b00000000000000000000000000001111
    MEM_COL_ADDR_WIDTH = 32'b00000000000000000000000000001010
    TOTAL_BA_ADDR_WIDTH = 32'b00000000000000000000000000000011
    ADDR_MAPPING_SEL = 32'b00000000000000000000000000000000
I: Verilog-0004: [F:/SocFpga/IP/ddr3_ctrl_v116/rtl/mcdq/axi/ips2l_mcdq_axi_dec_v1_5.vp(line number: 377)] Elaborating instance u_user_cmd_fifo
I: Verilog-0003: [F:/SocFpga/IP/ddr3_ctrl_v116/rtl/mcdq/axi/ips2l_mcdq_reg_fifo2_v1_5.vp(line number: 113)] Elaborating module ips2l_mcdq_reg_fifo2_v1_5
I: Module instance {Hfpga_soc/g_ddr_profile.u_ddr3_ctrl/u_ips_ddrc_top/mcdq_axi_mc/mcdq_axi_cmd_arb/mcdq_axi_dec/u_user_cmd_fifo} parameter value:
    W = 32'b00000000000000000000000000111110
I: Verilog-0004: [F:/SocFpga/IP/ddr3_ctrl_v116/rtl/mcdq/ips2l_mcdq_wrapper_v1_9.vp(line number: 750)] Elaborating instance mcdq_mac_top
I: Verilog-0003: [F:/SocFpga/IP/ddr3_ctrl_v116/rtl/mcdq/mac/ips2l_mcdq_mac_top_v1_8b.vp(line number: 668)] Elaborating module ips2l_mcdq_mac_top_v1_8b
I: Module instance {Hfpga_soc/g_ddr_profile.u_ddr3_ctrl/u_ips_ddrc_top/mcdq_mac_top} parameter value:
    DDR_TYPE = 2'b00
    MEM_BG_ADDR_WIDTH = 32'b00000000000000000000000000000000
    MEM_ROW_ADDR_WIDTH = 32'b00000000000000000000000000001111
    MEM_COL_ADDR_WIDTH = 32'b00000000000000000000000000001010
    MEM_BA_ADDR_WIDTH = 32'b00000000000000000000000000000011
    MEM_DQ_WIDTH = 32'b00000000000000000000000000100000
    CTRL_ADDR_WIDTH = 32'b00000000000000000000000000011100
    TOTAL_ADDR_WIDTH = 32'b00000000000000000000000000001111
    REF_NUM = 32'b00000000000000000000000000001000
    MR0_DDR4 = 16'b0000000000000000
    MR1_DDR4 = 16'b0000000000000000
    MR2_DDR4 = 16'b0000000000000000
    MR3_DDR4 = 16'b0000000000000000
    MR4_DDR4 = 16'b0000000000000000
    MR5_DDR4 = 16'b0000000000000000
    MR6_DDR4 = 16'b0000000000000000
    MR0_DDR3 = 16'b0001100100110000
    MR1_DDR3 = 16'b0000000000010100
    MR2_DDR3 = 16'b0000000000001000
    MR3_DDR3 = 16'b0000000000000000
    MR_DDR2 = 16'b0000000000000000
    EMR1_DDR2 = 16'b0000000000000000
    EMR2_DDR2 = 16'b0000000000000000
    EMR3_DDR2 = 16'b0000000000000000
    MR_LPDDR = 16'b0000000000000000
    EMR_LPDDR = 16'b0000000000000000
    TXSDLL = 32'b00000000000000000000001000000000
    TCCD = 32'b00000000000000000000000000000100
    TXP = 32'b00000000000000000000000000000100
    TFAW = 32'b00000000000000000000000000010110
    TRAS = 32'b00000000000000000000000000010011
    TRCD = 32'b00000000000000000000000000000111
    TREFI = 32'b00000000000000000000111100111100
    TRFC = 32'b00000000000000000000000010010110
    TRC = 32'b00000000000000000000000000011001
    TRP = 32'b00000000000000000000000000000111
    TRRD = 32'b00000000000000000000000000000101
    TRTP = 32'b00000000000000000000000000000100
    TWR = 32'b00000000000000000000000000001000
    TWTR = 32'b00000000000000000000000000000100
I: Verilog-0004: [F:/SocFpga/IP/ddr3_ctrl_v116/rtl/mcdq/mac/ips2l_mcdq_mac_top_v1_8b.vp(line number: 919)] Elaborating instance mcdq_wdatapath
I: Verilog-0003: [F:/SocFpga/IP/ddr3_ctrl_v116/rtl/mcdq/mac/ips2l_mcdq_wdatapath_v1_8.vp(line number: 207)] Elaborating module ips2l_mcdq_wdatapath_v1_8
I: Module instance {Hfpga_soc/g_ddr_profile.u_ddr3_ctrl/u_ips_ddrc_top/mcdq_mac_top/mcdq_wdatapath} parameter value:
    DDR_TYPE = 2'b00
    DQ_WIDTH = 32'b00000000000000000000000000100000
I: Verilog-0004: [F:/SocFpga/IP/ddr3_ctrl_v116/rtl/mcdq/mac/ips2l_mcdq_wdatapath_v1_8.vp(line number: 277)] Elaborating instance ips2l_distributed_fifo
I: Verilog-0003: [F:/SocFpga/IP/ddr3_ctrl_v116/rtl/mcdq/distributed_fifo/ips2l_distributed_fifo_v1_0.vp(line number: 164)] Elaborating module ips2l_distributed_fifo_v1_0
I: Module instance {Hfpga_soc/g_ddr_profile.u_ddr3_ctrl/u_ips_ddrc_top/mcdq_mac_top/mcdq_wdatapath/ips2l_distributed_fifo} parameter value:
    ADDR_WIDTH = 32'b00000000000000000000000000000100
    DATA_WIDTH = 32'b00000000000000000000000000000010
    RST_TYPE = ASYNC
    OUT_REG = 32'b00000000000000000000000000000000
    FIFO_TYPE = SYNC_FIFO
    ALMOST_FULL_NUM = 32'b00000000000000000000000000000100
    ALMOST_EMPTY_NUM = 32'b00000000000000000000000000000100
I: Verilog-0004: [F:/SocFpga/IP/ddr3_ctrl_v116/rtl/mcdq/distributed_fifo/ips2l_distributed_fifo_v1_0.vp(line number: 226)] Elaborating instance u_ips2l_distributed_fifo_distributed_fifo_v1_0
I: Verilog-0003: [F:/SocFpga/IP/ddr3_ctrl_v116/rtl/mcdq/distributed_fifo/rtl/ips2l_distributed_fifo_v1_0_distributed_fifo_v1_0.vp(line number: 164)] Elaborating module ips2l_distributed_fifo_v1_0_distributed_fifo_v1_0
I: Module instance {Hfpga_soc/g_ddr_profile.u_ddr3_ctrl/u_ips_ddrc_top/mcdq_mac_top/mcdq_wdatapath/ips2l_distributed_fifo/u_ips2l_distributed_fifo_distributed_fifo_v1_0} parameter value:
    ADDR_WIDTH = 32'b00000000000000000000000000000100
    DATA_WIDTH = 32'b00000000000000000000000000000010
    RST_TYPE = ASYNC
    OUT_REG = 32'b00000000000000000000000000000000
    FIFO_TYPE = SYNC_FIFO
    ALMOST_FULL_NUM = 32'b00000000000000000000000000000100
    ALMOST_EMPTY_NUM = 32'b00000000000000000000000000000100
I: Verilog-0004: [F:/SocFpga/IP/ddr3_ctrl_v116/rtl/mcdq/distributed_fifo/rtl/ips2l_distributed_fifo_v1_0_distributed_fifo_v1_0.vp(line number: 207)] Elaborating instance ips2l_distributed_sdpram_distributed_fifo_v1_0
I: Verilog-0003: [F:/SocFpga/IP/ddr3_ctrl_v116/rtl/mcdq/distributed_fifo/rtl/ips2l_distributed_sdpram_v1_0_distributed_fifo_v1_0.vp(line number: 154)] Elaborating module ips2l_distributed_sdpram_v1_0_distributed_fifo_v1_0
I: Module instance {Hfpga_soc/g_ddr_profile.u_ddr3_ctrl/u_ips_ddrc_top/mcdq_mac_top/mcdq_wdatapath/ips2l_distributed_fifo/u_ips2l_distributed_fifo_distributed_fifo_v1_0/ips2l_distributed_sdpram_distributed_fifo_v1_0} parameter value:
    ADDR_WIDTH = 32'b00000000000000000000000000000100
    DATA_WIDTH = 32'b00000000000000000000000000000010
    RST_TYPE = ASYNC
    OUT_REG = 32'b00000000000000000000000000000000
    INIT_FILE = NONE
    FILE_FORMAT = BIN
I: Verilog-0004: [F:/SocFpga/IP/ddr3_ctrl_v116/rtl/mcdq/distributed_fifo/rtl/ips2l_distributed_fifo_v1_0_distributed_fifo_v1_0.vp(line number: 227)] Elaborating instance u_ips2l_distributed_fifo_ctr
I: Verilog-0003: [F:/SocFpga/IP/ddr3_ctrl_v116/rtl/mcdq/distributed_fifo/rtl/ips2l_distributed_fifo_ctr_v1_0.vp(line number: 303)] Elaborating module ips2l_distributed_fifo_ctr_v1_0
I: Module instance {Hfpga_soc/g_ddr_profile.u_ddr3_ctrl/u_ips_ddrc_top/mcdq_mac_top/mcdq_wdatapath/ips2l_distributed_fifo/u_ips2l_distributed_fifo_distributed_fifo_v1_0/u_ips2l_distributed_fifo_ctr} parameter value:
    DEPTH = 32'b00000000000000000000000000000100
    FIFO_TYPE = SYNC_FIFO
    ALMOST_FULL_NUM = 32'b00000000000000000000000000000100
    ALMOST_EMPTY_NUM = 32'b00000000000000000000000000000100
I: Verilog-0004: [F:/SocFpga/IP/ddr3_ctrl_v116/rtl/mcdq/mac/ips2l_mcdq_wdatapath_v1_8.vp(line number: 308)] Elaborating instance mc3q_wdp_dcp
I: Verilog-0003: [F:/SocFpga/IP/ddr3_ctrl_v116/rtl/mcdq/mac/ips2l_mcdq_wdp_dcp_v1_6.vp(line number: 167)] Elaborating module ips2l_mcdq_wdp_dcp_v1_6
I: Verilog-0004: [F:/SocFpga/IP/ddr3_ctrl_v116/rtl/mcdq/mac/ips2l_mcdq_wdatapath_v1_8.vp(line number: 343)] Elaborating instance mcdq_wdp_align
I: Verilog-0003: [F:/SocFpga/IP/ddr3_ctrl_v116/rtl/mcdq/mac/ips2l_mcdq_wdp_align_v1_5.vp(line number: 174)] Elaborating module ips2l_mcdq_wdp_align_v1_5
I: Module instance {Hfpga_soc/g_ddr_profile.u_ddr3_ctrl/u_ips_ddrc_top/mcdq_mac_top/mcdq_wdatapath/mcdq_wdp_align} parameter value:
    DQ_WIDTH = 32'b00000000000000000000000000100000
I: Verilog-0004: [F:/SocFpga/IP/ddr3_ctrl_v116/rtl/mcdq/mac/ips2l_mcdq_mac_top_v1_8b.vp(line number: 946)] Elaborating instance mcdq_rdatapath
I: Verilog-0003: [F:/SocFpga/IP/ddr3_ctrl_v116/rtl/mcdq/mac/ips2l_mcdq_rdatapath_v1_6.vp(line number: 117)] Elaborating module ips2l_mcdq_rdatapath_v1_6
I: Module instance {Hfpga_soc/g_ddr_profile.u_ddr3_ctrl/u_ips_ddrc_top/mcdq_mac_top/mcdq_rdatapath} parameter value:
    DQ_WIDTH = 32'b00000000000000000000000000100000
I: Verilog-0004: [F:/SocFpga/IP/ddr3_ctrl_v116/rtl/mcdq/mac/ips2l_mcdq_rdatapath_v1_6.vp(line number: 148)] Elaborating instance mcdq_prefetch_fifo
I: Verilog-0003: [F:/SocFpga/IP/ddr3_ctrl_v116/rtl/mcdq/mac/ips2l_mcdq_prefetch_fifo_v1_5.vp(line number: 129)] Elaborating module ips2l_mcdq_prefetch_fifo_v1_5
I: Module instance {Hfpga_soc/g_ddr_profile.u_ddr3_ctrl/u_ips_ddrc_top/mcdq_mac_top/mcdq_rdatapath/mcdq_prefetch_fifo} parameter value:
    D = 32'b00000000000000000000000000100000
    W = 32'b00000000000000000000000000001011
I: Verilog-0004: [F:/SocFpga/IP/ddr3_ctrl_v116/rtl/mcdq/mac/ips2l_mcdq_prefetch_fifo_v1_5.vp(line number: 199)] Elaborating instance ips2l_distributed_fifo
I: Verilog-0003: [F:/SocFpga/IP/ddr3_ctrl_v116/rtl/mcdq/distributed_fifo/ips2l_distributed_fifo_v1_0.vp(line number: 164)] Elaborating module ips2l_distributed_fifo_v1_0
I: Module instance {Hfpga_soc/g_ddr_profile.u_ddr3_ctrl/u_ips_ddrc_top/mcdq_mac_top/mcdq_rdatapath/mcdq_prefetch_fifo/ips2l_distributed_fifo} parameter value:
    ADDR_WIDTH = 32'b00000000000000000000000000000101
    DATA_WIDTH = 32'b00000000000000000000000000001011
    RST_TYPE = ASYNC
    OUT_REG = 32'b00000000000000000000000000000000
    FIFO_TYPE = SYNC_FIFO
    ALMOST_FULL_NUM = 32'b00000000000000000000000000000100
    ALMOST_EMPTY_NUM = 32'b00000000000000000000000000000100
I: Verilog-0004: [F:/SocFpga/IP/ddr3_ctrl_v116/rtl/mcdq/distributed_fifo/ips2l_distributed_fifo_v1_0.vp(line number: 226)] Elaborating instance u_ips2l_distributed_fifo_distributed_fifo_v1_0
I: Verilog-0003: [F:/SocFpga/IP/ddr3_ctrl_v116/rtl/mcdq/distributed_fifo/rtl/ips2l_distributed_fifo_v1_0_distributed_fifo_v1_0.vp(line number: 164)] Elaborating module ips2l_distributed_fifo_v1_0_distributed_fifo_v1_0
I: Module instance {Hfpga_soc/g_ddr_profile.u_ddr3_ctrl/u_ips_ddrc_top/mcdq_mac_top/mcdq_rdatapath/mcdq_prefetch_fifo/ips2l_distributed_fifo/u_ips2l_distributed_fifo_distributed_fifo_v1_0} parameter value:
    ADDR_WIDTH = 32'b00000000000000000000000000000101
    DATA_WIDTH = 32'b00000000000000000000000000001011
    RST_TYPE = ASYNC
    OUT_REG = 32'b00000000000000000000000000000000
    FIFO_TYPE = SYNC_FIFO
    ALMOST_FULL_NUM = 32'b00000000000000000000000000000100
    ALMOST_EMPTY_NUM = 32'b00000000000000000000000000000100
I: Verilog-0004: [F:/SocFpga/IP/ddr3_ctrl_v116/rtl/mcdq/distributed_fifo/rtl/ips2l_distributed_fifo_v1_0_distributed_fifo_v1_0.vp(line number: 207)] Elaborating instance ips2l_distributed_sdpram_distributed_fifo_v1_0
I: Verilog-0003: [F:/SocFpga/IP/ddr3_ctrl_v116/rtl/mcdq/distributed_fifo/rtl/ips2l_distributed_sdpram_v1_0_distributed_fifo_v1_0.vp(line number: 154)] Elaborating module ips2l_distributed_sdpram_v1_0_distributed_fifo_v1_0
I: Module instance {Hfpga_soc/g_ddr_profile.u_ddr3_ctrl/u_ips_ddrc_top/mcdq_mac_top/mcdq_rdatapath/mcdq_prefetch_fifo/ips2l_distributed_fifo/u_ips2l_distributed_fifo_distributed_fifo_v1_0/ips2l_distributed_sdpram_distributed_fifo_v1_0} parameter value:
    ADDR_WIDTH = 32'b00000000000000000000000000000101
    DATA_WIDTH = 32'b00000000000000000000000000001011
    RST_TYPE = ASYNC
    OUT_REG = 32'b00000000000000000000000000000000
    INIT_FILE = NONE
    FILE_FORMAT = BIN
I: Verilog-0004: [F:/SocFpga/IP/ddr3_ctrl_v116/rtl/mcdq/distributed_fifo/rtl/ips2l_distributed_fifo_v1_0_distributed_fifo_v1_0.vp(line number: 227)] Elaborating instance u_ips2l_distributed_fifo_ctr
I: Verilog-0003: [F:/SocFpga/IP/ddr3_ctrl_v116/rtl/mcdq/distributed_fifo/rtl/ips2l_distributed_fifo_ctr_v1_0.vp(line number: 303)] Elaborating module ips2l_distributed_fifo_ctr_v1_0
I: Module instance {Hfpga_soc/g_ddr_profile.u_ddr3_ctrl/u_ips_ddrc_top/mcdq_mac_top/mcdq_rdatapath/mcdq_prefetch_fifo/ips2l_distributed_fifo/u_ips2l_distributed_fifo_distributed_fifo_v1_0/u_ips2l_distributed_fifo_ctr} parameter value:
    DEPTH = 32'b00000000000000000000000000000101
    FIFO_TYPE = SYNC_FIFO
    ALMOST_FULL_NUM = 32'b00000000000000000000000000000100
    ALMOST_EMPTY_NUM = 32'b00000000000000000000000000000100
I: Verilog-0004: [F:/SocFpga/IP/ddr3_ctrl_v116/rtl/mcdq/mac/ips2l_mcdq_mac_top_v1_8b.vp(line number: 975)] Elaborating instance mcdq_dcd_top
I: Verilog-0003: [F:/SocFpga/IP/ddr3_ctrl_v116/rtl/mcdq/mac/ips2l_mcdq_dcd_top_v1_8.vp(line number: 209)] Elaborating module ips2l_mcdq_dcd_top_v1_8
I: Module instance {Hfpga_soc/g_ddr_profile.u_ddr3_ctrl/u_ips_ddrc_top/mcdq_mac_top/mcdq_dcd_top} parameter value:
    SINGLE_RANK = true
    CTRL_ADDR_WIDTH = 32'b00000000000000000000000000011100
    RADDR_WIDTH = 32'b00000000000000000000000000000001
    TOTAL_BA_ADDR_WIDTH = 32'b00000000000000000000000000000011
    ROW_ADDR_WIDTH = 32'b00000000000000000000000000001111
    COL_ADDR_WIDTH = 32'b00000000000000000000000000001010
    BURST_LENGTH = 32'b00000000000000000000000000001000
    REF_NUM = 32'b00000000000000000000000000001000
    TREFI = 32'b00000000000000000000001111001111
I: Verilog-0004: [F:/SocFpga/IP/ddr3_ctrl_v116/rtl/mcdq/mac/ips2l_mcdq_dcd_top_v1_8.vp(line number: 273)] Elaborating instance mcdq_dcd_bm
I: Verilog-0003: [F:/SocFpga/IP/ddr3_ctrl_v116/rtl/mcdq/mac/ips2l_mcdq_dcd_bm_v1_6.vp(line number: 284)] Elaborating module ips2l_mcdq_dcd_bm_v1_6
I: Module instance {Hfpga_soc/g_ddr_profile.u_ddr3_ctrl/u_ips_ddrc_top/mcdq_mac_top/mcdq_dcd_top/mcdq_dcd_bm} parameter value:
    CTRL_ADDR_WIDTH = 32'b00000000000000000000000000011100
    ROW_ADDR_WIDTH = 32'b00000000000000000000000000001111
    TOTAL_BANK_WIDTH = 32'b00000000000000000000000000000011
    TREFI = 32'b00000000000000000000001111001111
    REF_NUM = 32'b00000000000000000000000000001000
I: Verilog-0004: [F:/SocFpga/IP/ddr3_ctrl_v116/rtl/mcdq/mac/ips2l_mcdq_dcd_bm_v1_6.vp(line number: 415)] Elaborating instance mcdq_dcd_rowaddr
I: Verilog-0003: [F:/SocFpga/IP/ddr3_ctrl_v116/rtl/mcdq/mac/ips2l_mcdq_dcd_rowaddr_v1_5.vp(line number: 110)] Elaborating module ips2l_mcdq_dcd_rowaddr_v1_5
I: Module instance {Hfpga_soc/g_ddr_profile.u_ddr3_ctrl/u_ips_ddrc_top/mcdq_mac_top/mcdq_dcd_top/mcdq_dcd_bm/mcdq_dcd_rowaddr} parameter value:
    ROW_ADDR_WIDTH = 32'b00000000000000000000000000001111
    TOTAL_BANK_WIDTH = 32'b00000000000000000000000000000011
I: Verilog-0004: [F:/SocFpga/IP/ddr3_ctrl_v116/rtl/mcdq/mac/ips2l_mcdq_dcd_top_v1_8.vp(line number: 317)] Elaborating instance mcdq_dcd_sm
I: Verilog-0003: [F:/SocFpga/IP/ddr3_ctrl_v116/rtl/mcdq/mac/ips2l_mcdq_dcd_sm_v1_6.vp(line number: 244)] Elaborating module ips2l_mcdq_dcd_sm_v1_6
I: Module instance {Hfpga_soc/g_ddr_profile.u_ddr3_ctrl/u_ips_ddrc_top/mcdq_mac_top/mcdq_dcd_top/mcdq_dcd_sm} parameter value:
    CTRL_ADDR_WIDTH = 32'b00000000000000000000000000011100
    ROW_ADDR_WIDTH = 32'b00000000000000000000000000001111
    COL_ADDR_WIDTH = 32'b00000000000000000000000000001010
    BURST_LENGTH = 32'b00000000000000000000000000001000
    REF_NUM = 32'b00000000000000000000000000001000
I: Verilog-0004: [F:/SocFpga/IP/ddr3_ctrl_v116/rtl/mcdq/mac/ips2l_mcdq_mac_top_v1_8b.vp(line number: 1024)] Elaborating instance mcdq_dcp_top
I: Verilog-0003: [F:/SocFpga/IP/ddr3_ctrl_v116/rtl/mcdq/mac/ips2l_mcdq_dcp_top_v1_8b.vp(line number: 363)] Elaborating module ips2l_mcdq_dcp_top_v1_8b
I: Module instance {Hfpga_soc/g_ddr_profile.u_ddr3_ctrl/u_ips_ddrc_top/mcdq_mac_top/mcdq_dcp_top} parameter value:
    SINGLE_RANK = true
    CTRL_ADDR_WIDTH = 32'b00000000000000000000000000011100
    ROW_ADDR_WIDTH = 32'b00000000000000000000000000001111
    COL_ADDR_WIDTH = 32'b00000000000000000000000000001010
    TOTAL_BA_ADDR_WIDTH = 32'b00000000000000000000000000000011
    RADDR_WIDTH = 32'b00000000000000000000000000000001
    TZQCS = 32'b00000000000000000000000001001011
    TRP = 32'b00000000000000000000000000000111
    TFAW = 32'b00000000000000000000000000010110
    TRAS = 32'b00000000000000000000000000010011
    TRCD = 32'b00000000000000000000000000000111
    TRFC = 32'b00000000000000000000000010010110
    TRRD = 32'b00000000000000000000000000000101
    TRC = 32'b00000000000000000000000000011001
    TCCD = 32'b00000000000000000000000000000100
I: Verilog-0004: [F:/SocFpga/IP/ddr3_ctrl_v116/rtl/mcdq/mac/ips2l_mcdq_dcp_top_v1_8b.vp(line number: 468)] Elaborating instance mcdq_dcp_buf
I: Verilog-0003: [F:/SocFpga/IP/ddr3_ctrl_v116/rtl/mcdq/mac/ips2l_mcdq_dcp_buf_v1_8b.vp(line number: 332)] Elaborating module ips2l_mcdq_dcp_buf_v1_8b
I: Module instance {Hfpga_soc/g_ddr_profile.u_ddr3_ctrl/u_ips_ddrc_top/mcdq_mac_top/mcdq_dcp_top/mcdq_dcp_buf} parameter value:
    CTRL_ADDR_WIDTH = 32'b00000000000000000000000000011100
    COL_ADDR_WIDTH = 32'b00000000000000000000000000001010
    FIFO_DATA_WIDTH = 32'b00000000000000000000000000110001
    TRFC = 32'b00000000000000000000000010010110
I: Verilog-0004: [F:/SocFpga/IP/ddr3_ctrl_v116/rtl/mcdq/mac/ips2l_mcdq_dcp_buf_v1_8b.vp(line number: 442)] Elaborating instance A_ips2l_distributed_fifo
I: Verilog-0003: [F:/SocFpga/IP/ddr3_ctrl_v116/rtl/mcdq/distributed_fifo/ips2l_distributed_fifo_v1_0.vp(line number: 164)] Elaborating module ips2l_distributed_fifo_v1_0
I: Module instance {Hfpga_soc/g_ddr_profile.u_ddr3_ctrl/u_ips_ddrc_top/mcdq_mac_top/mcdq_dcp_top/mcdq_dcp_buf/A_ips2l_distributed_fifo} parameter value:
    ADDR_WIDTH = 32'b00000000000000000000000000000100
    DATA_WIDTH = 32'b00000000000000000000000000110001
    RST_TYPE = ASYNC
    OUT_REG = 32'b00000000000000000000000000000000
    FIFO_TYPE = SYNC_FIFO
    ALMOST_FULL_NUM = 32'b00000000000000000000000000001100
    ALMOST_EMPTY_NUM = 32'b00000000000000000000000000000100
I: Verilog-0004: [F:/SocFpga/IP/ddr3_ctrl_v116/rtl/mcdq/distributed_fifo/ips2l_distributed_fifo_v1_0.vp(line number: 226)] Elaborating instance u_ips2l_distributed_fifo_distributed_fifo_v1_0
I: Verilog-0003: [F:/SocFpga/IP/ddr3_ctrl_v116/rtl/mcdq/distributed_fifo/rtl/ips2l_distributed_fifo_v1_0_distributed_fifo_v1_0.vp(line number: 164)] Elaborating module ips2l_distributed_fifo_v1_0_distributed_fifo_v1_0
I: Module instance {Hfpga_soc/g_ddr_profile.u_ddr3_ctrl/u_ips_ddrc_top/mcdq_mac_top/mcdq_dcp_top/mcdq_dcp_buf/A_ips2l_distributed_fifo/u_ips2l_distributed_fifo_distributed_fifo_v1_0} parameter value:
    ADDR_WIDTH = 32'b00000000000000000000000000000100
    DATA_WIDTH = 32'b00000000000000000000000000110001
    RST_TYPE = ASYNC
    OUT_REG = 32'b00000000000000000000000000000000
    FIFO_TYPE = SYNC_FIFO
    ALMOST_FULL_NUM = 32'b00000000000000000000000000001100
    ALMOST_EMPTY_NUM = 32'b00000000000000000000000000000100
I: Verilog-0004: [F:/SocFpga/IP/ddr3_ctrl_v116/rtl/mcdq/distributed_fifo/rtl/ips2l_distributed_fifo_v1_0_distributed_fifo_v1_0.vp(line number: 207)] Elaborating instance ips2l_distributed_sdpram_distributed_fifo_v1_0
I: Verilog-0003: [F:/SocFpga/IP/ddr3_ctrl_v116/rtl/mcdq/distributed_fifo/rtl/ips2l_distributed_sdpram_v1_0_distributed_fifo_v1_0.vp(line number: 154)] Elaborating module ips2l_distributed_sdpram_v1_0_distributed_fifo_v1_0
I: Module instance {Hfpga_soc/g_ddr_profile.u_ddr3_ctrl/u_ips_ddrc_top/mcdq_mac_top/mcdq_dcp_top/mcdq_dcp_buf/A_ips2l_distributed_fifo/u_ips2l_distributed_fifo_distributed_fifo_v1_0/ips2l_distributed_sdpram_distributed_fifo_v1_0} parameter value:
    ADDR_WIDTH = 32'b00000000000000000000000000000100
    DATA_WIDTH = 32'b00000000000000000000000000110001
    RST_TYPE = ASYNC
    OUT_REG = 32'b00000000000000000000000000000000
    INIT_FILE = NONE
    FILE_FORMAT = BIN
I: Verilog-0004: [F:/SocFpga/IP/ddr3_ctrl_v116/rtl/mcdq/distributed_fifo/rtl/ips2l_distributed_fifo_v1_0_distributed_fifo_v1_0.vp(line number: 227)] Elaborating instance u_ips2l_distributed_fifo_ctr
I: Verilog-0003: [F:/SocFpga/IP/ddr3_ctrl_v116/rtl/mcdq/distributed_fifo/rtl/ips2l_distributed_fifo_ctr_v1_0.vp(line number: 303)] Elaborating module ips2l_distributed_fifo_ctr_v1_0
I: Module instance {Hfpga_soc/g_ddr_profile.u_ddr3_ctrl/u_ips_ddrc_top/mcdq_mac_top/mcdq_dcp_top/mcdq_dcp_buf/A_ips2l_distributed_fifo/u_ips2l_distributed_fifo_distributed_fifo_v1_0/u_ips2l_distributed_fifo_ctr} parameter value:
    DEPTH = 32'b00000000000000000000000000000100
    FIFO_TYPE = SYNC_FIFO
    ALMOST_FULL_NUM = 32'b00000000000000000000000000001100
    ALMOST_EMPTY_NUM = 32'b00000000000000000000000000000100
I: Verilog-0004: [F:/SocFpga/IP/ddr3_ctrl_v116/rtl/mcdq/mac/ips2l_mcdq_dcp_buf_v1_8b.vp(line number: 493)] Elaborating instance B_ips2l_distributed_fifo
I: Verilog-0003: [F:/SocFpga/IP/ddr3_ctrl_v116/rtl/mcdq/distributed_fifo/ips2l_distributed_fifo_v1_0.vp(line number: 164)] Elaborating module ips2l_distributed_fifo_v1_0
I: Module instance {Hfpga_soc/g_ddr_profile.u_ddr3_ctrl/u_ips_ddrc_top/mcdq_mac_top/mcdq_dcp_top/mcdq_dcp_buf/B_ips2l_distributed_fifo} parameter value:
    ADDR_WIDTH = 32'b00000000000000000000000000000100
    DATA_WIDTH = 32'b00000000000000000000000000110001
    RST_TYPE = ASYNC
    OUT_REG = 32'b00000000000000000000000000000000
    FIFO_TYPE = SYNC_FIFO
    ALMOST_FULL_NUM = 32'b00000000000000000000000000001100
    ALMOST_EMPTY_NUM = 32'b00000000000000000000000000000100
I: Verilog-0004: [F:/SocFpga/IP/ddr3_ctrl_v116/rtl/mcdq/mac/ips2l_mcdq_dcp_top_v1_8b.vp(line number: 532)] Elaborating instance mcdq_dcp_back_ctrl
I: Verilog-0003: [F:/SocFpga/IP/ddr3_ctrl_v116/rtl/mcdq/mac/ips2l_mcdq_dcp_back_ctrl_v1_6.vp(line number: 682)] Elaborating module ips2l_mcdq_dcp_back_ctrl_v1_6
I: Module instance {Hfpga_soc/g_ddr_profile.u_ddr3_ctrl/u_ips_ddrc_top/mcdq_mac_top/mcdq_dcp_top/mcdq_dcp_back_ctrl} parameter value:
    SINGLE_RANK = true
    FIFO_DATA_WIDTH = 32'b00000000000000000000000000110001
    CTRL_ADDR_WIDTH = 32'b00000000000000000000000000011100
    ROW_ADDR_WIDTH = 32'b00000000000000000000000000001111
    COL_ADDR_WIDTH = 32'b00000000000000000000000000001010
    BA_ADDR_WIDTH = 32'b00000000000000000000000000000011
    RADDR_WIDTH = 32'b00000000000000000000000000000001
    TZQCS = 32'b00000000000000000000000001001011
    TRP = 32'b00000000000000000000000000000111
    TFAW = 32'b00000000000000000000000000010110
    TRAS = 32'b00000000000000000000000000010011
    TRCD = 32'b00000000000000000000000000000111
    TRFC = 32'b00000000000000000000000010010110
    TRRD = 32'b00000000000000000000000000000101
    TRC = 32'b00000000000000000000000000011001
    TCCD = 32'b00000000000000000000000000000100
I: Verilog-0004: [F:/SocFpga/IP/ddr3_ctrl_v116/rtl/mcdq/mac/ips2l_mcdq_dcp_back_ctrl_v1_6.vp(line number: 1077)] Elaborating instance timing_act2wr_pass
I: Verilog-0003: [F:/SocFpga/IP/ddr3_ctrl_v116/rtl/mcdq/mac/syn_mod/ips2l_mcdq_timing_act2wr_pass_v1_5.vp(line number: 149)] Elaborating module ips2l_mcdq_timing_act2wr_pass_v1_5
I: Module instance {Hfpga_soc/g_ddr_profile.u_ddr3_ctrl/u_ips_ddrc_top/mcdq_mac_top/mcdq_dcp_top/mcdq_dcp_back_ctrl/timing_act2wr_pass} parameter value:
    CNT_WIDTH = 32'b00000000000000000000000000000101
I: Verilog-0004: [F:/SocFpga/IP/ddr3_ctrl_v116/rtl/mcdq/mac/ips2l_mcdq_dcp_back_ctrl_v1_6.vp(line number: 1091)] Elaborating instance mcdq_timing_rd_pass
I: Verilog-0003: [F:/SocFpga/IP/ddr3_ctrl_v116/rtl/mcdq/mac/syn_mod/ips2l_mcdq_timing_rd_pass_v1_5.vp(line number: 162)] Elaborating module ips2l_mcdq_timing_rd_pass_v1_5
I: Module instance {Hfpga_soc/g_ddr_profile.u_ddr3_ctrl/u_ips_ddrc_top/mcdq_mac_top/mcdq_dcp_top/mcdq_dcp_back_ctrl/mcdq_timing_rd_pass} parameter value:
    CNT0_WIDTH = 32'b00000000000000000000000000000011
    CNT1_WIDTH = 32'b00000000000000000000000000000111
I: Verilog-0004: [F:/SocFpga/IP/ddr3_ctrl_v116/rtl/mcdq/mac/ips2l_mcdq_dcp_back_ctrl_v1_6.vp(line number: 1110)] Elaborating instance timing_wr_pass
I: Verilog-0003: [F:/SocFpga/IP/ddr3_ctrl_v116/rtl/mcdq/mac/syn_mod/ips2l_mcdq_timing_wr_pass_v1_5.vp(line number: 161)] Elaborating module ips2l_mcdq_timing_wr_pass_v1_5
I: Module instance {Hfpga_soc/g_ddr_profile.u_ddr3_ctrl/u_ips_ddrc_top/mcdq_mac_top/mcdq_dcp_top/mcdq_dcp_back_ctrl/timing_wr_pass} parameter value:
    CNT0_WIDTH = 32'b00000000000000000000000000000011
    CNT1_WIDTH = 32'b00000000000000000000000000000110
I: Verilog-0004: [F:/SocFpga/IP/ddr3_ctrl_v116/rtl/mcdq/mac/ips2l_mcdq_dcp_back_ctrl_v1_6.vp(line number: 1172)] Elaborating instance timing_pre_pass
I: Verilog-0003: [F:/SocFpga/IP/ddr3_ctrl_v116/rtl/mcdq/mac/syn_mod/ips2l_mcdq_timing_pre_pass_v1_5.vp(line number: 182)] Elaborating module ips2l_mcdq_timing_pre_pass_v1_5
I: Module instance {Hfpga_soc/g_ddr_profile.u_ddr3_ctrl/u_ips_ddrc_top/mcdq_mac_top/mcdq_dcp_top/mcdq_dcp_back_ctrl/PRE_PASS_LOOP[0].timing_pre_pass} parameter value:
    CNT0_WIDTH = 32'b00000000000000000000000000000110
    CNT1_WIDTH = 32'b00000000000000000000000000000111
    CNT2_WIDTH = 32'b00000000000000000000000000000101
I: Verilog-0004: [F:/SocFpga/IP/ddr3_ctrl_v116/rtl/mcdq/mac/ips2l_mcdq_dcp_back_ctrl_v1_6.vp(line number: 1172)] Elaborating instance timing_pre_pass
I: Verilog-0003: [F:/SocFpga/IP/ddr3_ctrl_v116/rtl/mcdq/mac/syn_mod/ips2l_mcdq_timing_pre_pass_v1_5.vp(line number: 182)] Elaborating module ips2l_mcdq_timing_pre_pass_v1_5
I: Module instance {Hfpga_soc/g_ddr_profile.u_ddr3_ctrl/u_ips_ddrc_top/mcdq_mac_top/mcdq_dcp_top/mcdq_dcp_back_ctrl/PRE_PASS_LOOP[1].timing_pre_pass} parameter value:
    CNT0_WIDTH = 32'b00000000000000000000000000000110
    CNT1_WIDTH = 32'b00000000000000000000000000000111
    CNT2_WIDTH = 32'b00000000000000000000000000000101
I: Verilog-0004: [F:/SocFpga/IP/ddr3_ctrl_v116/rtl/mcdq/mac/ips2l_mcdq_dcp_back_ctrl_v1_6.vp(line number: 1172)] Elaborating instance timing_pre_pass
I: Verilog-0003: [F:/SocFpga/IP/ddr3_ctrl_v116/rtl/mcdq/mac/syn_mod/ips2l_mcdq_timing_pre_pass_v1_5.vp(line number: 182)] Elaborating module ips2l_mcdq_timing_pre_pass_v1_5
I: Module instance {Hfpga_soc/g_ddr_profile.u_ddr3_ctrl/u_ips_ddrc_top/mcdq_mac_top/mcdq_dcp_top/mcdq_dcp_back_ctrl/PRE_PASS_LOOP[2].timing_pre_pass} parameter value:
    CNT0_WIDTH = 32'b00000000000000000000000000000110
    CNT1_WIDTH = 32'b00000000000000000000000000000111
    CNT2_WIDTH = 32'b00000000000000000000000000000101
I: Verilog-0004: [F:/SocFpga/IP/ddr3_ctrl_v116/rtl/mcdq/mac/ips2l_mcdq_dcp_back_ctrl_v1_6.vp(line number: 1172)] Elaborating instance timing_pre_pass
I: Verilog-0003: [F:/SocFpga/IP/ddr3_ctrl_v116/rtl/mcdq/mac/syn_mod/ips2l_mcdq_timing_pre_pass_v1_5.vp(line number: 182)] Elaborating module ips2l_mcdq_timing_pre_pass_v1_5
I: Module instance {Hfpga_soc/g_ddr_profile.u_ddr3_ctrl/u_ips_ddrc_top/mcdq_mac_top/mcdq_dcp_top/mcdq_dcp_back_ctrl/PRE_PASS_LOOP[3].timing_pre_pass} parameter value:
    CNT0_WIDTH = 32'b00000000000000000000000000000110
    CNT1_WIDTH = 32'b00000000000000000000000000000111
    CNT2_WIDTH = 32'b00000000000000000000000000000101
I: Verilog-0004: [F:/SocFpga/IP/ddr3_ctrl_v116/rtl/mcdq/mac/ips2l_mcdq_dcp_back_ctrl_v1_6.vp(line number: 1172)] Elaborating instance timing_pre_pass
I: Verilog-0003: [F:/SocFpga/IP/ddr3_ctrl_v116/rtl/mcdq/mac/syn_mod/ips2l_mcdq_timing_pre_pass_v1_5.vp(line number: 182)] Elaborating module ips2l_mcdq_timing_pre_pass_v1_5
I: Module instance {Hfpga_soc/g_ddr_profile.u_ddr3_ctrl/u_ips_ddrc_top/mcdq_mac_top/mcdq_dcp_top/mcdq_dcp_back_ctrl/PRE_PASS_LOOP[4].timing_pre_pass} parameter value:
    CNT0_WIDTH = 32'b00000000000000000000000000000110
    CNT1_WIDTH = 32'b00000000000000000000000000000111
    CNT2_WIDTH = 32'b00000000000000000000000000000101
I: Verilog-0004: [F:/SocFpga/IP/ddr3_ctrl_v116/rtl/mcdq/mac/ips2l_mcdq_dcp_back_ctrl_v1_6.vp(line number: 1172)] Elaborating instance timing_pre_pass
I: Verilog-0003: [F:/SocFpga/IP/ddr3_ctrl_v116/rtl/mcdq/mac/syn_mod/ips2l_mcdq_timing_pre_pass_v1_5.vp(line number: 182)] Elaborating module ips2l_mcdq_timing_pre_pass_v1_5
I: Module instance {Hfpga_soc/g_ddr_profile.u_ddr3_ctrl/u_ips_ddrc_top/mcdq_mac_top/mcdq_dcp_top/mcdq_dcp_back_ctrl/PRE_PASS_LOOP[5].timing_pre_pass} parameter value:
    CNT0_WIDTH = 32'b00000000000000000000000000000110
    CNT1_WIDTH = 32'b00000000000000000000000000000111
    CNT2_WIDTH = 32'b00000000000000000000000000000101
I: Verilog-0004: [F:/SocFpga/IP/ddr3_ctrl_v116/rtl/mcdq/mac/ips2l_mcdq_dcp_back_ctrl_v1_6.vp(line number: 1172)] Elaborating instance timing_pre_pass
I: Verilog-0003: [F:/SocFpga/IP/ddr3_ctrl_v116/rtl/mcdq/mac/syn_mod/ips2l_mcdq_timing_pre_pass_v1_5.vp(line number: 182)] Elaborating module ips2l_mcdq_timing_pre_pass_v1_5
I: Module instance {Hfpga_soc/g_ddr_profile.u_ddr3_ctrl/u_ips_ddrc_top/mcdq_mac_top/mcdq_dcp_top/mcdq_dcp_back_ctrl/PRE_PASS_LOOP[6].timing_pre_pass} parameter value:
    CNT0_WIDTH = 32'b00000000000000000000000000000110
    CNT1_WIDTH = 32'b00000000000000000000000000000111
    CNT2_WIDTH = 32'b00000000000000000000000000000101
I: Verilog-0004: [F:/SocFpga/IP/ddr3_ctrl_v116/rtl/mcdq/mac/ips2l_mcdq_dcp_back_ctrl_v1_6.vp(line number: 1172)] Elaborating instance timing_pre_pass
I: Verilog-0003: [F:/SocFpga/IP/ddr3_ctrl_v116/rtl/mcdq/mac/syn_mod/ips2l_mcdq_timing_pre_pass_v1_5.vp(line number: 182)] Elaborating module ips2l_mcdq_timing_pre_pass_v1_5
I: Module instance {Hfpga_soc/g_ddr_profile.u_ddr3_ctrl/u_ips_ddrc_top/mcdq_mac_top/mcdq_dcp_top/mcdq_dcp_back_ctrl/PRE_PASS_LOOP[7].timing_pre_pass} parameter value:
    CNT0_WIDTH = 32'b00000000000000000000000000000110
    CNT1_WIDTH = 32'b00000000000000000000000000000111
    CNT2_WIDTH = 32'b00000000000000000000000000000101
I: Verilog-0004: [F:/SocFpga/IP/ddr3_ctrl_v116/rtl/mcdq/mac/ips2l_mcdq_dcp_back_ctrl_v1_6.vp(line number: 1197)] Elaborating instance timing_prea_pass
I: Verilog-0003: [F:/SocFpga/IP/ddr3_ctrl_v116/rtl/mcdq/mac/syn_mod/ips2l_mcdq_timing_pre_pass_v1_5.vp(line number: 182)] Elaborating module ips2l_mcdq_timing_pre_pass_v1_5
I: Module instance {Hfpga_soc/g_ddr_profile.u_ddr3_ctrl/u_ips_ddrc_top/mcdq_mac_top/mcdq_dcp_top/mcdq_dcp_back_ctrl/timing_prea_pass} parameter value:
    CNT0_WIDTH = 32'b00000000000000000000000000000110
    CNT1_WIDTH = 32'b00000000000000000000000000000111
    CNT2_WIDTH = 32'b00000000000000000000000000000101
I: Verilog-0004: [F:/SocFpga/IP/ddr3_ctrl_v116/rtl/mcdq/mac/ips2l_mcdq_dcp_back_ctrl_v1_6.vp(line number: 1217)] Elaborating instance timing_ref_pass
I: Verilog-0003: [F:/SocFpga/IP/ddr3_ctrl_v116/rtl/mcdq/mac/syn_mod/ips2l_mcdq_timing_ref_pass_v1_5.vp(line number: 124)] Elaborating module ips2l_mcdq_timing_ref_pass_v1_5
I: Module instance {Hfpga_soc/g_ddr_profile.u_ddr3_ctrl/u_ips_ddrc_top/mcdq_mac_top/mcdq_dcp_top/mcdq_dcp_back_ctrl/timing_ref_pass} parameter value:
    CNT_WIDTH = 32'b00000000000000000000000000001000
I: Verilog-0004: [F:/SocFpga/IP/ddr3_ctrl_v116/rtl/mcdq/mac/ips2l_mcdq_dcp_back_ctrl_v1_6.vp(line number: 1250)] Elaborating instance trc_timing
I: Verilog-0003: [F:/SocFpga/IP/ddr3_ctrl_v116/rtl/mcdq/mac/syn_mod/ips2l_mcdq_trc_timing_v1_5.vp(line number: 183)] Elaborating module ips2l_mcdq_trc_timing_v1_5
I: Module instance {Hfpga_soc/g_ddr_profile.u_ddr3_ctrl/u_ips_ddrc_top/mcdq_mac_top/mcdq_dcp_top/mcdq_dcp_back_ctrl/TRC_LOOP[0].trc_timing} parameter value:
    CNT_WIDTH = 32'b00000000000000000000000000000101
    TDELAY = 32'b00000000000000000000000000011001
I: Verilog-0004: [F:/SocFpga/IP/ddr3_ctrl_v116/rtl/mcdq/mac/ips2l_mcdq_dcp_back_ctrl_v1_6.vp(line number: 1250)] Elaborating instance trc_timing
I: Verilog-0003: [F:/SocFpga/IP/ddr3_ctrl_v116/rtl/mcdq/mac/syn_mod/ips2l_mcdq_trc_timing_v1_5.vp(line number: 183)] Elaborating module ips2l_mcdq_trc_timing_v1_5
I: Module instance {Hfpga_soc/g_ddr_profile.u_ddr3_ctrl/u_ips_ddrc_top/mcdq_mac_top/mcdq_dcp_top/mcdq_dcp_back_ctrl/TRC_LOOP[1].trc_timing} parameter value:
    CNT_WIDTH = 32'b00000000000000000000000000000101
    TDELAY = 32'b00000000000000000000000000011001
I: Verilog-0004: [F:/SocFpga/IP/ddr3_ctrl_v116/rtl/mcdq/mac/ips2l_mcdq_dcp_back_ctrl_v1_6.vp(line number: 1250)] Elaborating instance trc_timing
I: Verilog-0003: [F:/SocFpga/IP/ddr3_ctrl_v116/rtl/mcdq/mac/syn_mod/ips2l_mcdq_trc_timing_v1_5.vp(line number: 183)] Elaborating module ips2l_mcdq_trc_timing_v1_5
I: Module instance {Hfpga_soc/g_ddr_profile.u_ddr3_ctrl/u_ips_ddrc_top/mcdq_mac_top/mcdq_dcp_top/mcdq_dcp_back_ctrl/TRC_LOOP[2].trc_timing} parameter value:
    CNT_WIDTH = 32'b00000000000000000000000000000101
    TDELAY = 32'b00000000000000000000000000011001
I: Verilog-0004: [F:/SocFpga/IP/ddr3_ctrl_v116/rtl/mcdq/mac/ips2l_mcdq_dcp_back_ctrl_v1_6.vp(line number: 1250)] Elaborating instance trc_timing
I: Verilog-0003: [F:/SocFpga/IP/ddr3_ctrl_v116/rtl/mcdq/mac/syn_mod/ips2l_mcdq_trc_timing_v1_5.vp(line number: 183)] Elaborating module ips2l_mcdq_trc_timing_v1_5
I: Module instance {Hfpga_soc/g_ddr_profile.u_ddr3_ctrl/u_ips_ddrc_top/mcdq_mac_top/mcdq_dcp_top/mcdq_dcp_back_ctrl/TRC_LOOP[3].trc_timing} parameter value:
    CNT_WIDTH = 32'b00000000000000000000000000000101
    TDELAY = 32'b00000000000000000000000000011001
I: Verilog-0004: [F:/SocFpga/IP/ddr3_ctrl_v116/rtl/mcdq/mac/ips2l_mcdq_dcp_back_ctrl_v1_6.vp(line number: 1250)] Elaborating instance trc_timing
I: Verilog-0003: [F:/SocFpga/IP/ddr3_ctrl_v116/rtl/mcdq/mac/syn_mod/ips2l_mcdq_trc_timing_v1_5.vp(line number: 183)] Elaborating module ips2l_mcdq_trc_timing_v1_5
I: Module instance {Hfpga_soc/g_ddr_profile.u_ddr3_ctrl/u_ips_ddrc_top/mcdq_mac_top/mcdq_dcp_top/mcdq_dcp_back_ctrl/TRC_LOOP[4].trc_timing} parameter value:
    CNT_WIDTH = 32'b00000000000000000000000000000101
    TDELAY = 32'b00000000000000000000000000011001
I: Verilog-0004: [F:/SocFpga/IP/ddr3_ctrl_v116/rtl/mcdq/mac/ips2l_mcdq_dcp_back_ctrl_v1_6.vp(line number: 1250)] Elaborating instance trc_timing
I: Verilog-0003: [F:/SocFpga/IP/ddr3_ctrl_v116/rtl/mcdq/mac/syn_mod/ips2l_mcdq_trc_timing_v1_5.vp(line number: 183)] Elaborating module ips2l_mcdq_trc_timing_v1_5
I: Module instance {Hfpga_soc/g_ddr_profile.u_ddr3_ctrl/u_ips_ddrc_top/mcdq_mac_top/mcdq_dcp_top/mcdq_dcp_back_ctrl/TRC_LOOP[5].trc_timing} parameter value:
    CNT_WIDTH = 32'b00000000000000000000000000000101
    TDELAY = 32'b00000000000000000000000000011001
I: Verilog-0004: [F:/SocFpga/IP/ddr3_ctrl_v116/rtl/mcdq/mac/ips2l_mcdq_dcp_back_ctrl_v1_6.vp(line number: 1250)] Elaborating instance trc_timing
I: Verilog-0003: [F:/SocFpga/IP/ddr3_ctrl_v116/rtl/mcdq/mac/syn_mod/ips2l_mcdq_trc_timing_v1_5.vp(line number: 183)] Elaborating module ips2l_mcdq_trc_timing_v1_5
I: Module instance {Hfpga_soc/g_ddr_profile.u_ddr3_ctrl/u_ips_ddrc_top/mcdq_mac_top/mcdq_dcp_top/mcdq_dcp_back_ctrl/TRC_LOOP[6].trc_timing} parameter value:
    CNT_WIDTH = 32'b00000000000000000000000000000101
    TDELAY = 32'b00000000000000000000000000011001
I: Verilog-0004: [F:/SocFpga/IP/ddr3_ctrl_v116/rtl/mcdq/mac/ips2l_mcdq_dcp_back_ctrl_v1_6.vp(line number: 1250)] Elaborating instance trc_timing
I: Verilog-0003: [F:/SocFpga/IP/ddr3_ctrl_v116/rtl/mcdq/mac/syn_mod/ips2l_mcdq_trc_timing_v1_5.vp(line number: 183)] Elaborating module ips2l_mcdq_trc_timing_v1_5
I: Module instance {Hfpga_soc/g_ddr_profile.u_ddr3_ctrl/u_ips_ddrc_top/mcdq_mac_top/mcdq_dcp_top/mcdq_dcp_back_ctrl/TRC_LOOP[7].trc_timing} parameter value:
    CNT_WIDTH = 32'b00000000000000000000000000000101
    TDELAY = 32'b00000000000000000000000000011001
I: Verilog-0004: [F:/SocFpga/IP/ddr3_ctrl_v116/rtl/mcdq/mac/ips2l_mcdq_dcp_back_ctrl_v1_6.vp(line number: 1284)] Elaborating instance tfaw_timing
I: Verilog-0003: [F:/SocFpga/IP/ddr3_ctrl_v116/rtl/mcdq/mac/syn_mod/ips2l_mcdq_tfaw_timing_v1_5.vp(line number: 162)] Elaborating module ips2l_mcdq_tfaw_timing_v1_5
I: Module instance {Hfpga_soc/g_ddr_profile.u_ddr3_ctrl/u_ips_ddrc_top/mcdq_mac_top/mcdq_dcp_top/mcdq_dcp_back_ctrl/tfaw_timing} parameter value:
    CNT_WIDTH = 32'b00000000000000000000000000000101
    TFAW = 32'b00000000000000000000000000010110
I: Verilog-0004: [F:/SocFpga/IP/ddr3_ctrl_v116/rtl/mcdq/mac/syn_mod/ips2l_mcdq_tfaw_timing_v1_5.vp(line number: 202)] Elaborating instance mcdq_tfaw
I: Verilog-0003: [F:/SocFpga/IP/ddr3_ctrl_v116/rtl/mcdq/mac/syn_mod/ips2l_mcdq_tfaw_v1_5.vp(line number: 102)] Elaborating module ips2l_mcdq_tfaw_v1_5
I: Module instance {Hfpga_soc/g_ddr_profile.u_ddr3_ctrl/u_ips_ddrc_top/mcdq_mac_top/mcdq_dcp_top/mcdq_dcp_back_ctrl/tfaw_timing/TFAW_LOOP[0].mcdq_tfaw} parameter value:
    TFAW = 32'b00000000000000000000000000010110
    CNT_WIDTH = 32'b00000000000000000000000000000101
I: Verilog-0004: [F:/SocFpga/IP/ddr3_ctrl_v116/rtl/mcdq/mac/syn_mod/ips2l_mcdq_tfaw_timing_v1_5.vp(line number: 202)] Elaborating instance mcdq_tfaw
I: Verilog-0003: [F:/SocFpga/IP/ddr3_ctrl_v116/rtl/mcdq/mac/syn_mod/ips2l_mcdq_tfaw_v1_5.vp(line number: 102)] Elaborating module ips2l_mcdq_tfaw_v1_5
I: Module instance {Hfpga_soc/g_ddr_profile.u_ddr3_ctrl/u_ips_ddrc_top/mcdq_mac_top/mcdq_dcp_top/mcdq_dcp_back_ctrl/tfaw_timing/TFAW_LOOP[1].mcdq_tfaw} parameter value:
    TFAW = 32'b00000000000000000000000000010110
    CNT_WIDTH = 32'b00000000000000000000000000000101
I: Verilog-0004: [F:/SocFpga/IP/ddr3_ctrl_v116/rtl/mcdq/mac/syn_mod/ips2l_mcdq_tfaw_timing_v1_5.vp(line number: 202)] Elaborating instance mcdq_tfaw
I: Verilog-0003: [F:/SocFpga/IP/ddr3_ctrl_v116/rtl/mcdq/mac/syn_mod/ips2l_mcdq_tfaw_v1_5.vp(line number: 102)] Elaborating module ips2l_mcdq_tfaw_v1_5
I: Module instance {Hfpga_soc/g_ddr_profile.u_ddr3_ctrl/u_ips_ddrc_top/mcdq_mac_top/mcdq_dcp_top/mcdq_dcp_back_ctrl/tfaw_timing/TFAW_LOOP[2].mcdq_tfaw} parameter value:
    TFAW = 32'b00000000000000000000000000010110
    CNT_WIDTH = 32'b00000000000000000000000000000101
I: Verilog-0004: [F:/SocFpga/IP/ddr3_ctrl_v116/rtl/mcdq/mac/ips2l_mcdq_dcp_back_ctrl_v1_6.vp(line number: 1317)] Elaborating instance twra2act_timing
I: Verilog-0003: [F:/SocFpga/IP/ddr3_ctrl_v116/rtl/mcdq/mac/syn_mod/ips2l_mcdq_com_timing_v1_5.vp(line number: 136)] Elaborating module ips2l_mcdq_com_timing_v1_5
I: Module instance {Hfpga_soc/g_ddr_profile.u_ddr3_ctrl/u_ips_ddrc_top/mcdq_mac_top/mcdq_dcp_top/mcdq_dcp_back_ctrl/TWRA2ACT_LOOP[0].twra2act_timing} parameter value:
    CNT_WIDTH = 32'b00000000000000000000000000000111
I: Verilog-0004: [F:/SocFpga/IP/ddr3_ctrl_v116/rtl/mcdq/mac/ips2l_mcdq_dcp_back_ctrl_v1_6.vp(line number: 1317)] Elaborating instance twra2act_timing
I: Verilog-0003: [F:/SocFpga/IP/ddr3_ctrl_v116/rtl/mcdq/mac/syn_mod/ips2l_mcdq_com_timing_v1_5.vp(line number: 136)] Elaborating module ips2l_mcdq_com_timing_v1_5
I: Module instance {Hfpga_soc/g_ddr_profile.u_ddr3_ctrl/u_ips_ddrc_top/mcdq_mac_top/mcdq_dcp_top/mcdq_dcp_back_ctrl/TWRA2ACT_LOOP[1].twra2act_timing} parameter value:
    CNT_WIDTH = 32'b00000000000000000000000000000111
I: Verilog-0004: [F:/SocFpga/IP/ddr3_ctrl_v116/rtl/mcdq/mac/ips2l_mcdq_dcp_back_ctrl_v1_6.vp(line number: 1317)] Elaborating instance twra2act_timing
I: Verilog-0003: [F:/SocFpga/IP/ddr3_ctrl_v116/rtl/mcdq/mac/syn_mod/ips2l_mcdq_com_timing_v1_5.vp(line number: 136)] Elaborating module ips2l_mcdq_com_timing_v1_5
I: Module instance {Hfpga_soc/g_ddr_profile.u_ddr3_ctrl/u_ips_ddrc_top/mcdq_mac_top/mcdq_dcp_top/mcdq_dcp_back_ctrl/TWRA2ACT_LOOP[2].twra2act_timing} parameter value:
    CNT_WIDTH = 32'b00000000000000000000000000000111
I: Verilog-0004: [F:/SocFpga/IP/ddr3_ctrl_v116/rtl/mcdq/mac/ips2l_mcdq_dcp_back_ctrl_v1_6.vp(line number: 1317)] Elaborating instance twra2act_timing
I: Verilog-0003: [F:/SocFpga/IP/ddr3_ctrl_v116/rtl/mcdq/mac/syn_mod/ips2l_mcdq_com_timing_v1_5.vp(line number: 136)] Elaborating module ips2l_mcdq_com_timing_v1_5
I: Module instance {Hfpga_soc/g_ddr_profile.u_ddr3_ctrl/u_ips_ddrc_top/mcdq_mac_top/mcdq_dcp_top/mcdq_dcp_back_ctrl/TWRA2ACT_LOOP[3].twra2act_timing} parameter value:
    CNT_WIDTH = 32'b00000000000000000000000000000111
I: Verilog-0004: [F:/SocFpga/IP/ddr3_ctrl_v116/rtl/mcdq/mac/ips2l_mcdq_dcp_back_ctrl_v1_6.vp(line number: 1317)] Elaborating instance twra2act_timing
I: Verilog-0003: [F:/SocFpga/IP/ddr3_ctrl_v116/rtl/mcdq/mac/syn_mod/ips2l_mcdq_com_timing_v1_5.vp(line number: 136)] Elaborating module ips2l_mcdq_com_timing_v1_5
I: Module instance {Hfpga_soc/g_ddr_profile.u_ddr3_ctrl/u_ips_ddrc_top/mcdq_mac_top/mcdq_dcp_top/mcdq_dcp_back_ctrl/TWRA2ACT_LOOP[4].twra2act_timing} parameter value:
    CNT_WIDTH = 32'b00000000000000000000000000000111
I: Verilog-0004: [F:/SocFpga/IP/ddr3_ctrl_v116/rtl/mcdq/mac/ips2l_mcdq_dcp_back_ctrl_v1_6.vp(line number: 1317)] Elaborating instance twra2act_timing
I: Verilog-0003: [F:/SocFpga/IP/ddr3_ctrl_v116/rtl/mcdq/mac/syn_mod/ips2l_mcdq_com_timing_v1_5.vp(line number: 136)] Elaborating module ips2l_mcdq_com_timing_v1_5
I: Module instance {Hfpga_soc/g_ddr_profile.u_ddr3_ctrl/u_ips_ddrc_top/mcdq_mac_top/mcdq_dcp_top/mcdq_dcp_back_ctrl/TWRA2ACT_LOOP[5].twra2act_timing} parameter value:
    CNT_WIDTH = 32'b00000000000000000000000000000111
I: Verilog-0004: [F:/SocFpga/IP/ddr3_ctrl_v116/rtl/mcdq/mac/ips2l_mcdq_dcp_back_ctrl_v1_6.vp(line number: 1317)] Elaborating instance twra2act_timing
I: Verilog-0003: [F:/SocFpga/IP/ddr3_ctrl_v116/rtl/mcdq/mac/syn_mod/ips2l_mcdq_com_timing_v1_5.vp(line number: 136)] Elaborating module ips2l_mcdq_com_timing_v1_5
I: Module instance {Hfpga_soc/g_ddr_profile.u_ddr3_ctrl/u_ips_ddrc_top/mcdq_mac_top/mcdq_dcp_top/mcdq_dcp_back_ctrl/TWRA2ACT_LOOP[6].twra2act_timing} parameter value:
    CNT_WIDTH = 32'b00000000000000000000000000000111
I: Verilog-0004: [F:/SocFpga/IP/ddr3_ctrl_v116/rtl/mcdq/mac/ips2l_mcdq_dcp_back_ctrl_v1_6.vp(line number: 1317)] Elaborating instance twra2act_timing
I: Verilog-0003: [F:/SocFpga/IP/ddr3_ctrl_v116/rtl/mcdq/mac/syn_mod/ips2l_mcdq_com_timing_v1_5.vp(line number: 136)] Elaborating module ips2l_mcdq_com_timing_v1_5
I: Module instance {Hfpga_soc/g_ddr_profile.u_ddr3_ctrl/u_ips_ddrc_top/mcdq_mac_top/mcdq_dcp_top/mcdq_dcp_back_ctrl/TWRA2ACT_LOOP[7].twra2act_timing} parameter value:
    CNT_WIDTH = 32'b00000000000000000000000000000111
I: Verilog-0004: [F:/SocFpga/IP/ddr3_ctrl_v116/rtl/mcdq/mac/ips2l_mcdq_dcp_back_ctrl_v1_6.vp(line number: 1352)] Elaborating instance trda2act_timing
I: Verilog-0003: [F:/SocFpga/IP/ddr3_ctrl_v116/rtl/mcdq/mac/syn_mod/ips2l_mcdq_com_timing_v1_5.vp(line number: 136)] Elaborating module ips2l_mcdq_com_timing_v1_5
I: Module instance {Hfpga_soc/g_ddr_profile.u_ddr3_ctrl/u_ips_ddrc_top/mcdq_mac_top/mcdq_dcp_top/mcdq_dcp_back_ctrl/TRDA2ACT_LOOP[0].trda2act_timing} parameter value:
    CNT_WIDTH = 32'b00000000000000000000000000000110
I: Verilog-0004: [F:/SocFpga/IP/ddr3_ctrl_v116/rtl/mcdq/mac/ips2l_mcdq_dcp_back_ctrl_v1_6.vp(line number: 1352)] Elaborating instance trda2act_timing
I: Verilog-0003: [F:/SocFpga/IP/ddr3_ctrl_v116/rtl/mcdq/mac/syn_mod/ips2l_mcdq_com_timing_v1_5.vp(line number: 136)] Elaborating module ips2l_mcdq_com_timing_v1_5
I: Module instance {Hfpga_soc/g_ddr_profile.u_ddr3_ctrl/u_ips_ddrc_top/mcdq_mac_top/mcdq_dcp_top/mcdq_dcp_back_ctrl/TRDA2ACT_LOOP[1].trda2act_timing} parameter value:
    CNT_WIDTH = 32'b00000000000000000000000000000110
I: Verilog-0004: [F:/SocFpga/IP/ddr3_ctrl_v116/rtl/mcdq/mac/ips2l_mcdq_dcp_back_ctrl_v1_6.vp(line number: 1352)] Elaborating instance trda2act_timing
I: Verilog-0003: [F:/SocFpga/IP/ddr3_ctrl_v116/rtl/mcdq/mac/syn_mod/ips2l_mcdq_com_timing_v1_5.vp(line number: 136)] Elaborating module ips2l_mcdq_com_timing_v1_5
I: Module instance {Hfpga_soc/g_ddr_profile.u_ddr3_ctrl/u_ips_ddrc_top/mcdq_mac_top/mcdq_dcp_top/mcdq_dcp_back_ctrl/TRDA2ACT_LOOP[2].trda2act_timing} parameter value:
    CNT_WIDTH = 32'b00000000000000000000000000000110
I: Verilog-0004: [F:/SocFpga/IP/ddr3_ctrl_v116/rtl/mcdq/mac/ips2l_mcdq_dcp_back_ctrl_v1_6.vp(line number: 1352)] Elaborating instance trda2act_timing
I: Verilog-0003: [F:/SocFpga/IP/ddr3_ctrl_v116/rtl/mcdq/mac/syn_mod/ips2l_mcdq_com_timing_v1_5.vp(line number: 136)] Elaborating module ips2l_mcdq_com_timing_v1_5
I: Module instance {Hfpga_soc/g_ddr_profile.u_ddr3_ctrl/u_ips_ddrc_top/mcdq_mac_top/mcdq_dcp_top/mcdq_dcp_back_ctrl/TRDA2ACT_LOOP[3].trda2act_timing} parameter value:
    CNT_WIDTH = 32'b00000000000000000000000000000110
I: Verilog-0004: [F:/SocFpga/IP/ddr3_ctrl_v116/rtl/mcdq/mac/ips2l_mcdq_dcp_back_ctrl_v1_6.vp(line number: 1352)] Elaborating instance trda2act_timing
I: Verilog-0003: [F:/SocFpga/IP/ddr3_ctrl_v116/rtl/mcdq/mac/syn_mod/ips2l_mcdq_com_timing_v1_5.vp(line number: 136)] Elaborating module ips2l_mcdq_com_timing_v1_5
I: Module instance {Hfpga_soc/g_ddr_profile.u_ddr3_ctrl/u_ips_ddrc_top/mcdq_mac_top/mcdq_dcp_top/mcdq_dcp_back_ctrl/TRDA2ACT_LOOP[4].trda2act_timing} parameter value:
    CNT_WIDTH = 32'b00000000000000000000000000000110
I: Verilog-0004: [F:/SocFpga/IP/ddr3_ctrl_v116/rtl/mcdq/mac/ips2l_mcdq_dcp_back_ctrl_v1_6.vp(line number: 1352)] Elaborating instance trda2act_timing
I: Verilog-0003: [F:/SocFpga/IP/ddr3_ctrl_v116/rtl/mcdq/mac/syn_mod/ips2l_mcdq_com_timing_v1_5.vp(line number: 136)] Elaborating module ips2l_mcdq_com_timing_v1_5
I: Module instance {Hfpga_soc/g_ddr_profile.u_ddr3_ctrl/u_ips_ddrc_top/mcdq_mac_top/mcdq_dcp_top/mcdq_dcp_back_ctrl/TRDA2ACT_LOOP[5].trda2act_timing} parameter value:
    CNT_WIDTH = 32'b00000000000000000000000000000110
I: Verilog-0004: [F:/SocFpga/IP/ddr3_ctrl_v116/rtl/mcdq/mac/ips2l_mcdq_dcp_back_ctrl_v1_6.vp(line number: 1352)] Elaborating instance trda2act_timing
I: Verilog-0003: [F:/SocFpga/IP/ddr3_ctrl_v116/rtl/mcdq/mac/syn_mod/ips2l_mcdq_com_timing_v1_5.vp(line number: 136)] Elaborating module ips2l_mcdq_com_timing_v1_5
I: Module instance {Hfpga_soc/g_ddr_profile.u_ddr3_ctrl/u_ips_ddrc_top/mcdq_mac_top/mcdq_dcp_top/mcdq_dcp_back_ctrl/TRDA2ACT_LOOP[6].trda2act_timing} parameter value:
    CNT_WIDTH = 32'b00000000000000000000000000000110
I: Verilog-0004: [F:/SocFpga/IP/ddr3_ctrl_v116/rtl/mcdq/mac/ips2l_mcdq_dcp_back_ctrl_v1_6.vp(line number: 1352)] Elaborating instance trda2act_timing
I: Verilog-0003: [F:/SocFpga/IP/ddr3_ctrl_v116/rtl/mcdq/mac/syn_mod/ips2l_mcdq_com_timing_v1_5.vp(line number: 136)] Elaborating module ips2l_mcdq_com_timing_v1_5
I: Module instance {Hfpga_soc/g_ddr_profile.u_ddr3_ctrl/u_ips_ddrc_top/mcdq_mac_top/mcdq_dcp_top/mcdq_dcp_back_ctrl/TRDA2ACT_LOOP[7].trda2act_timing} parameter value:
    CNT_WIDTH = 32'b00000000000000000000000000000110
I: Verilog-0004: [F:/SocFpga/IP/ddr3_ctrl_v116/rtl/mcdq/mac/ips2l_mcdq_dcp_back_ctrl_v1_6.vp(line number: 1369)] Elaborating instance timing_act_pass
I: Verilog-0003: [F:/SocFpga/IP/ddr3_ctrl_v116/rtl/mcdq/mac/syn_mod/ips2l_mcdq_timing_act_pass_v1_5.vp(line number: 126)] Elaborating module ips2l_mcdq_timing_act_pass_v1_5
I: Module instance {Hfpga_soc/g_ddr_profile.u_ddr3_ctrl/u_ips_ddrc_top/mcdq_mac_top/mcdq_dcp_top/mcdq_dcp_back_ctrl/timing_act_pass} parameter value:
    CNT_WIDTH = 32'b00000000000000000000000000001000
I: Verilog-0004: [F:/SocFpga/IP/ddr3_ctrl_v116/rtl/mcdq/mac/ips2l_mcdq_dcp_top_v1_8b.vp(line number: 569)] Elaborating instance mcdq_dcp_out
I: Verilog-0003: [F:/SocFpga/IP/ddr3_ctrl_v116/rtl/mcdq/mac/ips2l_mcdq_dcp_out_v1_6.vp(line number: 244)] Elaborating module ips2l_mcdq_dcp_out_v1_6
I: Module instance {Hfpga_soc/g_ddr_profile.u_ddr3_ctrl/u_ips_ddrc_top/mcdq_mac_top/mcdq_dcp_top/mcdq_dcp_out} parameter value:
    SINGLE_RANK = true
    CTRL_ADDR_WIDTH = 32'b00000000000000000000000000011100
    ROW_ADDR_WIDTH = 32'b00000000000000000000000000001111
    COL_ADDR_WIDTH = 32'b00000000000000000000000000001010
    BADDR_WIDTH = 32'b00000000000000000000000000000011
    RADDR_WIDTH = 32'b00000000000000000000000000000001
I: Verilog-0004: [F:/SocFpga/IP/ddr3_ctrl_v116/rtl/mcdq/mac/ips2l_mcdq_mac_top_v1_8b.vp(line number: 1075)] Elaborating instance mcdq_calib_delay
I: Verilog-0003: [F:/SocFpga/IP/ddr3_ctrl_v116/rtl/mcdq/mac/ips2l_mcdq_calib_delay_v1_5.vp(line number: 135)] Elaborating module ips2l_mcdq_calib_delay_v1_5
I: Module instance {Hfpga_soc/g_ddr_profile.u_ddr3_ctrl/u_ips_ddrc_top/mcdq_mac_top/mcdq_calib_delay} parameter value:
    ADDR_WIDTH = 32'b00000000000000000000000000001111
    TOTAL_BA_ADDR_WIDTH = 32'b00000000000000000000000000000011
I: Verilog-0004: [F:/SocFpga/IP/ddr3_ctrl_v116/rtl/mcdq/mac/ips2l_mcdq_mac_top_v1_8b.vp(line number: 1104)] Elaborating instance mcdq_dfi
I: Verilog-0003: [F:/SocFpga/IP/ddr3_ctrl_v116/rtl/mcdq/mac/ips2l_mcdq_dfi_v1_7a.vp(line number: 740)] Elaborating module ips2l_mcdq_dfi_v1_7a
I: Module instance {Hfpga_soc/g_ddr_profile.u_ddr3_ctrl/u_ips_ddrc_top/mcdq_mac_top/mcdq_dfi} parameter value:
    BA_ADDR_WIDTH = 32'b00000000000000000000000000000011
    BG_ADDR_WIDTH = 32'b00000000000000000000000000000000
    TOTAL_BA_ADDR_WIDTH = 32'b00000000000000000000000000000011
    TOTAL_ADDR_WIDTH = 32'b00000000000000000000000000001111
    ROW_ADDR_WIDTH = 32'b00000000000000000000000000001111
W: Verilog-2039: [F:/SocFpga/IP/ddr3_ctrl_v116/rtl/mcdq/mac/ips2l_mcdq_dfi_v1_7a.vp(line number: 1065)] Repeat multiplier in concatenation evaluates to 0
W: Verilog-2039: [F:/SocFpga/IP/ddr3_ctrl_v116/rtl/mcdq/mac/ips2l_mcdq_dfi_v1_7a.vp(line number: 1128)] Repeat multiplier in concatenation evaluates to 0
W: Verilog-2039: [F:/SocFpga/IP/ddr3_ctrl_v116/rtl/mcdq/mac/ips2l_mcdq_dfi_v1_7a.vp(line number: 1280)] Repeat multiplier in concatenation evaluates to 0
I: Verilog-0004: [F:/SocFpga/IP/ddr3_ctrl_v116/rtl/mcdq/mac/ips2l_mcdq_mac_top_v1_8b.vp(line number: 1152)] Elaborating instance mcdq_apb_cross
I: Verilog-0003: [F:/SocFpga/IP/ddr3_ctrl_v116/rtl/mcdq/mac/ips2l_mcdq_apb_cross_v1_5.vp(line number: 179)] Elaborating module ips2l_mcdq_apb_cross_v1_5
I: Verilog-0004: [F:/SocFpga/IP/ddr3_ctrl_v116/rtl/mcdq/mac/ips2l_mcdq_mac_top_v1_8b.vp(line number: 1195)] Elaborating instance mcdq_cfg_apb
I: Verilog-0003: [F:/SocFpga/IP/ddr3_ctrl_v116/rtl/mcdq/mac/ips2l_mcdq_cfg_apb_v1_5a.vp(line number: 748)] Elaborating module ips2l_mcdq_cfg_apb_v1_5a
I: Module instance {Hfpga_soc/g_ddr_profile.u_ddr3_ctrl/u_ips_ddrc_top/mcdq_mac_top/mcdq_cfg_apb} parameter value:
    DDR_TYPE = 2'b00
    MEM_DQ_WIDTH = 32'b00000000000000000000000000100000
    MR0_DDR4 = 16'b0000000000000000
    MR1_DDR4 = 16'b0000000000000000
    MR2_DDR4 = 16'b0000000000000000
    MR3_DDR4 = 16'b0000000000000000
    MR4_DDR4 = 16'b0000000000000000
    MR5_DDR4 = 16'b0000000000000000
    MR6_DDR4 = 16'b0000000000000000
    MR0_DDR3 = 16'b0001100100110000
    MR1_DDR3 = 16'b0000000000010100
    MR2_DDR3 = 16'b0000000000001000
    MR3_DDR3 = 16'b0000000000000000
    MR_DDR2 = 16'b0000000000000000
    EMR1_DDR2 = 16'b0000000000000000
    EMR2_DDR2 = 16'b0000000000000000
    EMR3_DDR2 = 16'b0000000000000000
    MR_LPDDR = 16'b0000000000000000
    EMR_LPDDR = 16'b0000000000000000
I: Verilog-0004: [F:/SocFpga/IP/ddr3_ctrl_v116/rtl/mcdq/mac/ips2l_mcdq_mac_top_v1_8b.vp(line number: 1255)] Elaborating instance mcdq_mrs
I: Verilog-0003: [F:/SocFpga/IP/ddr3_ctrl_v116/rtl/mcdq/mac/ips2l_mcdq_mrs_v1_5.vp(line number: 390)] Elaborating module ips2l_mcdq_mrs_v1_5
I: Module instance {Hfpga_soc/g_ddr_profile.u_ddr3_ctrl/u_ips_ddrc_top/mcdq_mac_top/mcdq_mrs} parameter value:
    DDR_TYPE = 2'b00
    TOTAL_BA_ADDR_WIDTH = 32'b00000000000000000000000000000011
    TRFC = 32'b00000000000000000000000010010110
    TRP = 32'b00000000000000000000000000000111
I: Verilog-0004: [F:/SocFpga/IP/ddr3_ctrl_v116/rtl/mcdq/mac/ips2l_mcdq_mac_top_v1_8b.vp(line number: 1280)] Elaborating instance mcdq_mpr
I: Verilog-0003: [F:/SocFpga/IP/ddr3_ctrl_v116/rtl/mcdq/mac/ips2l_mcdq_mpr_v1_5.vp(line number: 348)] Elaborating module ips2l_mcdq_mpr_v1_5
I: Module instance {Hfpga_soc/g_ddr_profile.u_ddr3_ctrl/u_ips_ddrc_top/mcdq_mac_top/mcdq_mpr} parameter value:
    TRFC = 32'b00000000000000000000000010010110
    TRP = 32'b00000000000000000000000000000111
I: Verilog-0004: [F:/SocFpga/IP/ddr3_ctrl_v116/rtl/mcdq/mac/ips2l_mcdq_mac_top_v1_8b.vp(line number: 1302)] Elaborating instance mcdq_lp
I: Verilog-0003: [F:/SocFpga/IP/ddr3_ctrl_v116/rtl/mcdq/mac/ips2l_mcdq_lp_v1_5.vp(line number: 349)] Elaborating module ips2l_mcdq_lp_v1_5
I: Module instance {Hfpga_soc/g_ddr_profile.u_ddr3_ctrl/u_ips_ddrc_top/mcdq_mac_top/mcdq_lp} parameter value:
    ROW_ADDR_WIDTH = 32'b00000000000000000000000000001111
    TRFC = 32'b00000000000000000000000010010110
    TREFI = 32'b00000000000000000000001111001111
    TRP = 32'b00000000000000000000000000000111
    TXSDLL = 32'b00000000000000000000000010000000
    TXP = 32'b00000000000000000000000000000100
I: Verilog-0004: [F:/SocFpga/IP/ddr3_ctrl_v116/ddr3_ctrl_v116.v(line number: 515)] Elaborating instance u_ddrphy_top
I: Verilog-0003: [F:/SocFpga/IP/ddr3_ctrl_v116/ddr3_ctrl_v116_ddrphy_top.v(line number: 13)] Elaborating module ddr3_ctrl_v116_ddrphy_top
I: Module instance {Hfpga_soc/g_ddr_profile.u_ddr3_ctrl/u_ddrphy_top} parameter value:
    MEM_TYPE = DDR3
    TMRD = 8'b00000001
    TMOD = 8'b00000011
    TXPR = 8'b00100111
    TRP = 8'b00000010
    TRFC = 8'b00100110
    TRCD = 8'b00000010
    MEM_ROW_WIDTH = 32'b00000000000000000000000000001111
    TOTAL_ADDR_WIDTH = 32'b00000000000000000000000000001111
    MEM_BANK_WIDTH = 32'b00000000000000000000000000000011
    MEM_DQ_WIDTH = 32'b00000000000000000000000000100000
    MEM_DM_WIDTH = 32'b00000000000000000000000000000100
    DEVICE_ID = 32'b00000000000000000000000000000000
    MEM_DQS_WIDTH = 32'b00000000000000000000000000000100
I: Verilog-0004: [F:/SocFpga/IP/ddr3_ctrl_v116/ddr3_ctrl_v116_ddrphy_top.v(line number: 465)] Elaborating instance u_clkbufm
I: Verilog-0004: [F:/SocFpga/IP/ddr3_ctrl_v116/ddr3_ctrl_v116_ddrphy_top.v(line number: 478)] Elaborating instance u_ips2l_ddrphy_rst_clk_phase_adj
I: Verilog-0003: [F:/SocFpga/IP/ddr3_ctrl_v116/rtl/ddrphy/ips2l_ddrphy_rst_clk_phase_adj_v1_14.vp(line number: 205)] Elaborating module ips2l_ddrphy_rst_clk_phase_adj_v1_14
I: Module instance {Hfpga_soc/g_ddr_profile.u_ddr3_ctrl/u_ddrphy_top/u_ips2l_ddrphy_rst_clk_phase_adj} parameter value:
    PHASE_ADJ_DIR = 32'b00000000000000000000000000000000
    PHASE_ADJ_STEP = 32'b00000000000000000000000000001000
    RST_GPLL_PHASE_EN = 32'b00000000000000000000000000000000
    OUT_SYNC_RST_CLK_PHASE_ADJ_STEP = 8'b00100000
    SCAN_RST_CLK_WINDOW = 1'b0
I: Verilog-0004: [F:/SocFpga/IP/ddr3_ctrl_v116/rtl/ddrphy/ips2l_ddrphy_rst_clk_phase_adj_v1_14.vp(line number: 407)] Elaborating instance u_gpll_phase_adj_req_sync
I: Verilog-0003: [F:/SocFpga/IP/ddr3_ctrl_v116/rtl/ips2l_rst_sync_v1_3.v(line number: 10)] Elaborating module ips2l_rst_sync_v1_3
I: Module instance {Hfpga_soc/g_ddr_profile.u_ddr3_ctrl/u_ddrphy_top/u_ips2l_ddrphy_rst_clk_phase_adj/u_gpll_phase_adj_req_sync} parameter value:
    DATA_WIDTH = 32'b00000000000000000000000000000001
    DFT_VALUE = 1'b0
I: Verilog-0004: [F:/SocFpga/IP/ddr3_ctrl_v116/rtl/ddrphy/ips2l_ddrphy_rst_clk_phase_adj_v1_14.vp(line number: 418)] Elaborating instance u_find_out_sync_point_sync
I: Verilog-0003: [F:/SocFpga/IP/ddr3_ctrl_v116/rtl/ips2l_rst_sync_v1_3.v(line number: 10)] Elaborating module ips2l_rst_sync_v1_3
I: Module instance {Hfpga_soc/g_ddr_profile.u_ddr3_ctrl/u_ddrphy_top/u_ips2l_ddrphy_rst_clk_phase_adj/u_find_out_sync_point_sync} parameter value:
    DATA_WIDTH = 32'b00000000000000000000000000000001
    DFT_VALUE = 1'b0
I: Verilog-0004: [F:/SocFpga/IP/ddr3_ctrl_v116/rtl/ddrphy/ips2l_ddrphy_rst_clk_phase_adj_v1_14.vp(line number: 429)] Elaborating instance u_terminate_rst_clk_phase_adj_sync
I: Verilog-0003: [F:/SocFpga/IP/ddr3_ctrl_v116/rtl/ips2l_rst_sync_v1_3.v(line number: 10)] Elaborating module ips2l_rst_sync_v1_3
I: Module instance {Hfpga_soc/g_ddr_profile.u_ddr3_ctrl/u_ddrphy_top/u_ips2l_ddrphy_rst_clk_phase_adj/u_terminate_rst_clk_phase_adj_sync} parameter value:
    DATA_WIDTH = 32'b00000000000000000000000000000001
    DFT_VALUE = 1'b0
I: Verilog-0004: [F:/SocFpga/IP/ddr3_ctrl_v116/rtl/ddrphy/ips2l_ddrphy_rst_clk_phase_adj_v1_14.vp(line number: 440)] Elaborating instance u_dll_update_req_rst_ctrl_sync
I: Verilog-0003: [F:/SocFpga/IP/ddr3_ctrl_v116/rtl/ips2l_rst_sync_v1_3.v(line number: 10)] Elaborating module ips2l_rst_sync_v1_3
I: Module instance {Hfpga_soc/g_ddr_profile.u_ddr3_ctrl/u_ddrphy_top/u_ips2l_ddrphy_rst_clk_phase_adj/u_dll_update_req_rst_ctrl_sync} parameter value:
    DATA_WIDTH = 32'b00000000000000000000000000000001
    DFT_VALUE = 1'b0
I: Verilog-0004: [F:/SocFpga/IP/ddr3_ctrl_v116/ddr3_ctrl_v116_ddrphy_top.v(line number: 507)] Elaborating instance rst_clk_gpll
I: Verilog-0003: [F:/SocFpga/IP/ddr3_ctrl_v116/rtl/pll/ips2l_ddrphy_gpll_v1_3.v(line number: 10)] Elaborating module ips2l_ddrphy_gpll_v1_3
I: Module instance {Hfpga_soc/g_ddr_profile.u_ddr3_ctrl/u_ddrphy_top/rst_clk_gpll} parameter value:
    CLKIN_FREQ = 125.000000
    BANDWIDTH = HIGH
    IDIV = 32'b00000000000000000000000000000001
    FDIV = 8.000000
    DUTYF = 32'b00000000000000000000000000001000
    ODIV0 = 8.000000
    ODIV1 = 32'b00000000000000000000000000010000
    DUTY0 = 32'b00000000000000000000000000001000
    STATIC_PHASE0 = 32'b00000000000000000000000000000000
    INTERNAL_FB = CLKOUTF
    ODIV2 = 32'b00000000000000000000000000000100
    ODIV3 = 32'b00000000000000000000000000001000
    ODIV4 = 32'b00000000000000000000000000010000
    ODIV5 = 32'b00000000000000000000000000100000
    ODIV6 = 32'b00000000000000000000000001000000
I: Verilog-0004: [F:/SocFpga/IP/ddr3_ctrl_v116/rtl/pll/ips2l_ddrphy_gpll_v1_3.v(line number: 104)] Elaborating instance u_gpll
I: Verilog-0004: [F:/SocFpga/IP/ddr3_ctrl_v116/ddr3_ctrl_v116_ddrphy_top.v(line number: 522)] Elaborating instance u_rst_clk_bufg
I: Verilog-0004: [F:/SocFpga/IP/ddr3_ctrl_v116/ddr3_ctrl_v116_ddrphy_top.v(line number: 531)] Elaborating instance u_ddrphy_rst_seq_rstn_sync
I: Verilog-0003: [F:/SocFpga/IP/ddr3_ctrl_v116/rtl/ips2l_rst_sync_v1_3.v(line number: 10)] Elaborating module ips2l_rst_sync_v1_3
I: Module instance {Hfpga_soc/g_ddr_profile.u_ddr3_ctrl/u_ddrphy_top/u_ddrphy_rst_seq_rstn_sync} parameter value:
    DATA_WIDTH = 32'b00000000000000000000000000000001
    DFT_VALUE = 1'b0
I: Verilog-0004: [F:/SocFpga/IP/ddr3_ctrl_v116/ddr3_ctrl_v116_ddrphy_top.v(line number: 549)] Elaborating instance ddrphy_gpll
I: Verilog-0003: [F:/SocFpga/IP/ddr3_ctrl_v116/rtl/pll/ips2l_ddrphy_gpll_v1_3.v(line number: 10)] Elaborating module ips2l_ddrphy_gpll_v1_3
I: Module instance {Hfpga_soc/g_ddr_profile.u_ddr3_ctrl/u_ddrphy_top/ddrphy_gpll} parameter value:
    CLKIN_FREQ = 125.000000
    BANDWIDTH = HIGH
    IDIV = 32'b00000000000000000000000000000001
    FDIV = 8.000000
    DUTYF = 32'b00000000000000000000000000001000
    ODIV0 = 8.000000
    ODIV1 = 32'b00000000000000000000000000010000
    DUTY0 = 32'b00000000000000000000000000001000
    STATIC_PHASE0 = 32'b00000000000000000000000000000000
    INTERNAL_FB = CLKOUTF
    ODIV2 = 32'b00000000000000000000000000000100
    ODIV3 = 32'b00000000000000000000000000001000
    ODIV4 = 32'b00000000000000000000000000010000
    ODIV5 = 32'b00000000000000000000000000100000
    ODIV6 = 32'b00000000000000000000000001000000
I: Verilog-0004: [F:/SocFpga/IP/ddr3_ctrl_v116/ddr3_ctrl_v116_ddrphy_top.v(line number: 564)] Elaborating instance u_ddrphy_gpll_phase
I: Verilog-0003: [F:/SocFpga/IP/ddr3_ctrl_v116/rtl/ddrphy/ips2l_ddrphy_gpll_phase_v1_0.vp(line number: 103)] Elaborating module ips2l_ddrphy_gpll_phase_v1_0
I: Verilog-0004: [F:/SocFpga/IP/ddr3_ctrl_v116/ddr3_ctrl_v116_ddrphy_top.v(line number: 573)] Elaborating instance u_sysclk_bufg
I: Verilog-0004: [F:/SocFpga/IP/ddr3_ctrl_v116/ddr3_ctrl_v116_ddrphy_top.v(line number: 580)] Elaborating instance u_ddrphy_cpd
I: Verilog-0004: [F:/SocFpga/IP/ddr3_ctrl_v116/ddr3_ctrl_v116_ddrphy_top.v(line number: 593)] Elaborating instance u_ddrphy_cpd_rstn_sync
I: Verilog-0003: [F:/SocFpga/IP/ddr3_ctrl_v116/rtl/ips2l_rst_sync_v1_3.v(line number: 10)] Elaborating module ips2l_rst_sync_v1_3
I: Module instance {Hfpga_soc/g_ddr_profile.u_ddr3_ctrl/u_ddrphy_top/u_ddrphy_cpd_rstn_sync} parameter value:
    DATA_WIDTH = 32'b00000000000000000000000000000001
    DFT_VALUE = 1'b0
I: Verilog-0004: [F:/SocFpga/IP/ddr3_ctrl_v116/ddr3_ctrl_v116_ddrphy_top.v(line number: 600)] Elaborating instance u_ips2l_ddrphy_cpd_lock
I: Verilog-0003: [F:/SocFpga/IP/ddr3_ctrl_v116/rtl/ddrphy/ips2l_ddrphy_cpd_lock_v1_0.vp(line number: 105)] Elaborating module ips2l_ddrphy_cpd_lock_v1_0
I: Verilog-0004: [F:/SocFpga/IP/ddr3_ctrl_v116/ddr3_ctrl_v116_ddrphy_top.v(line number: 608)] Elaborating instance ddrphy_cpd_ctrl
I: Verilog-0003: [F:/SocFpga/IP/ddr3_ctrl_v116/rtl/ddrphy/ips2l_ddrphy_cpd_ctrl_v1_3.vp(line number: 216)] Elaborating module ips2l_ddrphy_cpd_ctrl_v1_3
I: Verilog-0004: [F:/SocFpga/IP/ddr3_ctrl_v116/ddr3_ctrl_v116_ddrphy_top.v(line number: 630)] Elaborating instance ddrphy_reset_ctrl
I: Verilog-0003: [F:/SocFpga/IP/ddr3_ctrl_v116/rtl/ddrphy/ips2l_ddrphy_reset_ctrl_v1_14.vp(line number: 319)] Elaborating module ips2l_ddrphy_reset_ctrl_v1_14
I: Module instance {Hfpga_soc/g_ddr_profile.u_ddr3_ctrl/u_ddrphy_top/ddrphy_reset_ctrl} parameter value:
    RST_GPLL_PHASE_EN = 32'b00000000000000000000000000000000
I: Verilog-0004: [F:/SocFpga/IP/ddr3_ctrl_v116/rtl/ddrphy/ips2l_ddrphy_reset_ctrl_v1_14.vp(line number: 487)] Elaborating instance ddrphy_pll_lock_debounce
I: Verilog-0003: [F:/SocFpga/IP/ddr3_ctrl_v116/rtl/ddrphy/ips2l_ddrphy_rst_debounce_v1_0.vp(line number: 118)] Elaborating module ips2l_ddrphy_rst_debounce_v1_0
I: Module instance {Hfpga_soc/g_ddr_profile.u_ddr3_ctrl/u_ddrphy_top/ddrphy_reset_ctrl/ddrphy_pll_lock_debounce} parameter value:
    RISE_CNTR_WIDTH = 32'b00000000000000000000000000010011
    RISE_CNTR_VALUE = 19'b1000000000000000000
    ACTIVE_HIGH = 1'b0
I: Verilog-0004: [F:/SocFpga/IP/ddr3_ctrl_v116/rtl/ddrphy/ips2l_ddrphy_reset_ctrl_v1_14.vp(line number: 698)] Elaborating instance u_ddrphy_rstn_sync
I: Verilog-0003: [F:/SocFpga/IP/ddr3_ctrl_v116/rtl/ips2l_rst_sync_v1_3.v(line number: 10)] Elaborating module ips2l_rst_sync_v1_3
I: Module instance {Hfpga_soc/g_ddr_profile.u_ddr3_ctrl/u_ddrphy_top/ddrphy_reset_ctrl/u_ddrphy_rstn_sync} parameter value:
    DATA_WIDTH = 32'b00000000000000000000000000000001
    DFT_VALUE = 1'b0
I: Verilog-0004: [F:/SocFpga/IP/ddr3_ctrl_v116/rtl/ddrphy/ips2l_ddrphy_reset_ctrl_v1_14.vp(line number: 708)] Elaborating instance u_dll_rst_sync
I: Verilog-0003: [F:/SocFpga/IP/ddr3_ctrl_v116/rtl/ips2l_rst_sync_v1_3.v(line number: 10)] Elaborating module ips2l_rst_sync_v1_3
I: Module instance {Hfpga_soc/g_ddr_profile.u_ddr3_ctrl/u_ddrphy_top/ddrphy_reset_ctrl/u_dll_rst_sync} parameter value:
    DATA_WIDTH = 32'b00000000000000000000000000000001
    DFT_VALUE = 1'b0
I: Verilog-0004: [F:/SocFpga/IP/ddr3_ctrl_v116/ddr3_ctrl_v116_ddrphy_top.v(line number: 672)] Elaborating instance ddrphy_check_ppll_out_sync_point
I: Verilog-0003: [F:/SocFpga/IP/ddr3_ctrl_v116/rtl/ddrphy/ips2l_ddrphy_check_ppll_out_sync_point_v1_14.vp(line number: 277)] Elaborating module ips2l_ddrphy_check_ppll_out_sync_point_v1_14
I: Module instance {Hfpga_soc/g_ddr_profile.u_ddr3_ctrl/u_ddrphy_top/ddrphy_check_ppll_out_sync_point} parameter value:
    OUT_SYNC_RST_CLK_PHASE_ADJ_STEP = 8'b00100000
    SCAN_RST_CLK_WINDOW = 1'b0
    RST_GPLL_PHASE_EN = 32'b00000000000000000000000000000000
    JUDGE_OUT_SYNC_DIFFERENCE_CALUE = 8'b00101000
    RST_CLK_WINDOW_MIN_STEP = 8'b00011000
I: Verilog-0004: [F:/SocFpga/IP/ddr3_ctrl_v116/rtl/ddrphy/ips2l_ddrphy_check_ppll_out_sync_point_v1_14.vp(line number: 583)] Elaborating instance u_rst_gpll_phase_adj_finish_sync
I: Verilog-0003: [F:/SocFpga/IP/ddr3_ctrl_v116/rtl/ips2l_rst_sync_v1_3.v(line number: 10)] Elaborating module ips2l_rst_sync_v1_3
I: Module instance {Hfpga_soc/g_ddr_profile.u_ddr3_ctrl/u_ddrphy_top/ddrphy_check_ppll_out_sync_point/u_rst_gpll_phase_adj_finish_sync} parameter value:
    DATA_WIDTH = 32'b00000000000000000000000000000001
    DFT_VALUE = 1'b0
I: Verilog-0004: [F:/SocFpga/IP/ddr3_ctrl_v116/rtl/ddrphy/ips2l_ddrphy_check_ppll_out_sync_point_v1_14.vp(line number: 594)] Elaborating instance u_check_out_sync_point_begin_sync
I: Verilog-0003: [F:/SocFpga/IP/ddr3_ctrl_v116/rtl/ips2l_rst_sync_v1_3.v(line number: 10)] Elaborating module ips2l_rst_sync_v1_3
I: Module instance {Hfpga_soc/g_ddr_profile.u_ddr3_ctrl/u_ddrphy_top/ddrphy_check_ppll_out_sync_point/u_check_out_sync_point_begin_sync} parameter value:
    DATA_WIDTH = 32'b00000000000000000000000000000001
    DFT_VALUE = 1'b0
I: Verilog-0004: [F:/SocFpga/IP/ddr3_ctrl_v116/rtl/ddrphy/ips2l_ddrphy_check_ppll_out_sync_point_v1_14.vp(line number: 605)] Elaborating instance u_wrlvl_step_fix_sync
I: Verilog-0003: [F:/SocFpga/IP/ddr3_ctrl_v116/rtl/ips2l_rst_sync_v1_3.v(line number: 10)] Elaborating module ips2l_rst_sync_v1_3
I: Module instance {Hfpga_soc/g_ddr_profile.u_ddr3_ctrl/u_ddrphy_top/ddrphy_check_ppll_out_sync_point/u_wrlvl_step_fix_sync} parameter value:
    DATA_WIDTH = 32'b00000000000000000000000000000001
    DFT_VALUE = 1'b0
I: Verilog-0004: [F:/SocFpga/IP/ddr3_ctrl_v116/ddr3_ctrl_v116_ddrphy_top.v(line number: 690)] Elaborating instance ddrphy_dll_update_ctrl
I: Verilog-0003: [F:/SocFpga/IP/ddr3_ctrl_v116/rtl/ddrphy/ips2l_ddrphy_dll_update_ctrl_v1_14.vp(line number: 158)] Elaborating module ips2l_ddrphy_dll_update_ctrl_v1_14
I: Verilog-0004: [F:/SocFpga/IP/ddr3_ctrl_v116/ddr3_ctrl_v116_ddrphy_top.v(line number: 707)] Elaborating instance u_dll_update_n_sync
I: Verilog-0003: [F:/SocFpga/IP/ddr3_ctrl_v116/rtl/ips2l_rst_sync_v1_3.v(line number: 10)] Elaborating module ips2l_rst_sync_v1_3
I: Module instance {Hfpga_soc/g_ddr_profile.u_ddr3_ctrl/u_ddrphy_top/u_dll_update_n_sync} parameter value:
    DATA_WIDTH = 32'b00000000000000000000000000000001
    DFT_VALUE = 1'b1
I: Verilog-0004: [F:/SocFpga/IP/ddr3_ctrl_v116/ddr3_ctrl_v116_ddrphy_top.v(line number: 717)] Elaborating instance u_dll_freeze_sync
I: Verilog-0003: [F:/SocFpga/IP/ddr3_ctrl_v116/rtl/ips2l_rst_sync_v1_3.v(line number: 10)] Elaborating module ips2l_rst_sync_v1_3
I: Module instance {Hfpga_soc/g_ddr_profile.u_ddr3_ctrl/u_ddrphy_top/u_dll_freeze_sync} parameter value:
    DATA_WIDTH = 32'b00000000000000000000000000000001
    DFT_VALUE = 1'b0
I: Verilog-0004: [F:/SocFpga/IP/ddr3_ctrl_v116/ddr3_ctrl_v116_ddrphy_top.v(line number: 727)] Elaborating instance ddrphy_gate_update_ctrl
I: Verilog-0003: [F:/SocFpga/IP/ddr3_ctrl_v116/rtl/ddrphy/ips2l_ddrphy_gate_update_ctrl_v1_11.vp(line number: 134)] Elaborating module ips2l_ddrphy_gate_update_ctrl_v1_11
I: Module instance {Hfpga_soc/g_ddr_profile.u_ddr3_ctrl/u_ddrphy_top/ddrphy_gate_update_ctrl} parameter value:
    UPDATE_EN = 1'b0
    MEM_DQS_WIDTH = 32'b00000000000000000000000000000100
I: Verilog-0004: [F:/SocFpga/IP/ddr3_ctrl_v116/rtl/ddrphy/ips2l_ddrphy_gate_update_ctrl_v1_11.vp(line number: 216)] Elaborating instance ddrphy_drift_ctrl
I: Verilog-0003: [F:/SocFpga/IP/ddr3_ctrl_v116/rtl/ddrphy/ips2l_ddrphy_drift_ctrl_v1_11.vp(line number: 146)] Elaborating module ips2l_ddrphy_drift_ctrl_v1_11
I: Verilog-0004: [F:/SocFpga/IP/ddr3_ctrl_v116/rtl/ddrphy/ips2l_ddrphy_gate_update_ctrl_v1_11.vp(line number: 216)] Elaborating instance ddrphy_drift_ctrl
I: Verilog-0003: [F:/SocFpga/IP/ddr3_ctrl_v116/rtl/ddrphy/ips2l_ddrphy_drift_ctrl_v1_11.vp(line number: 146)] Elaborating module ips2l_ddrphy_drift_ctrl_v1_11
I: Verilog-0004: [F:/SocFpga/IP/ddr3_ctrl_v116/rtl/ddrphy/ips2l_ddrphy_gate_update_ctrl_v1_11.vp(line number: 216)] Elaborating instance ddrphy_drift_ctrl
I: Verilog-0003: [F:/SocFpga/IP/ddr3_ctrl_v116/rtl/ddrphy/ips2l_ddrphy_drift_ctrl_v1_11.vp(line number: 146)] Elaborating module ips2l_ddrphy_drift_ctrl_v1_11
I: Verilog-0004: [F:/SocFpga/IP/ddr3_ctrl_v116/rtl/ddrphy/ips2l_ddrphy_gate_update_ctrl_v1_11.vp(line number: 216)] Elaborating instance ddrphy_drift_ctrl
I: Verilog-0003: [F:/SocFpga/IP/ddr3_ctrl_v116/rtl/ddrphy/ips2l_ddrphy_drift_ctrl_v1_11.vp(line number: 146)] Elaborating module ips2l_ddrphy_drift_ctrl_v1_11
I: Verilog-0004: [F:/SocFpga/IP/ddr3_ctrl_v116/ddr3_ctrl_v116_ddrphy_top.v(line number: 765)] Elaborating instance ddrphy_calib_top
I: Verilog-0003: [F:/SocFpga/IP/ddr3_ctrl_v116/rtl/ddrphy/ips2l_ddrphy_calib_top_v1_16.vp(line number: 455)] Elaborating module ips2l_ddrphy_calib_top_v1_16
I: Module instance {Hfpga_soc/g_ddr_profile.u_ddr3_ctrl/u_ddrphy_top/ddrphy_calib_top} parameter value:
    DDR_TYPE = 2'b00
    WRCAL_EN = 1'b1
    WRCAL_PERBITS = 1'b1
    EYECAL_EN = 32'b00000000000000000000000000000001
    DEBUG_TRAINING = 32'b00000000000000000000000000000000
    T200US = 20'b00000110011010001010
    T500US = 20'b00001111100100000110
    T400NS = 8'b00110011
    TMRD = 8'b00000001
    TMOD = 8'b00000011
    TXPR = 8'b00100111
    TRP = 8'b00000010
    TZQINIT = 10'b0010000000
    TRFC = 8'b00100110
    TRCD = 8'b00000010
    REF_CNT = 4'b1001
    TEST_DATA_PATTERN0 = 64'b0101010110101010010101011010101000001000111101110000100011110111
    TEST_DATA_PATTERN1 = 64'b0111111110011111011111111001111110000000111111101000000011111110
    TEST_DATA_PATTERN2 = 64'b1111000000001111111100000000111100000001111111110000000111111111
    TEST_DATA_PATTERN3 = 64'b1101111110101010110111111010101001010101101010100101010110101010
    MEM_ADDR_WIDTH = 32'b00000000000000000000000000001111
    MEM_BANKADDR_WIDTH = 32'b00000000000000000000000000000011
    MEM_DQ_WIDTH = 32'b00000000000000000000000000100000
    MEM_DM_WIDTH = 32'b00000000000000000000000000000100
    MEM_DQS_WIDTH = 32'b00000000000000000000000000000100
    RST_GPLL_PHASE_EN = 32'b00000000000000000000000000000000
I: Verilog-0004: [F:/SocFpga/IP/ddr3_ctrl_v116/rtl/ddrphy/ips2l_ddrphy_calib_top_v1_16.vp(line number: 674)] Elaborating instance ddrphy_main_ctrl
I: Verilog-0003: [F:/SocFpga/IP/ddr3_ctrl_v116/rtl/ddrphy/ips2l_ddrphy_main_ctrl_v1_14.vp(line number: 273)] Elaborating module ips2l_ddrphy_main_ctrl_v1_14
I: Module instance {Hfpga_soc/g_ddr_profile.u_ddr3_ctrl/u_ddrphy_top/ddrphy_calib_top/ddrphy_main_ctrl} parameter value:
    DDR_TYPE = 2'b00
    EYECAL_EN = 32'b00000000000000000000000000000001
    RST_GPLL_PHASE_EN = 32'b00000000000000000000000000000000
I: Verilog-0004: [F:/SocFpga/IP/ddr3_ctrl_v116/rtl/ddrphy/ips2l_ddrphy_main_ctrl_v1_14.vp(line number: 541)] Elaborating instance u_wrlvl_done_sync
I: Verilog-0003: [F:/SocFpga/IP/ddr3_ctrl_v116/rtl/ips2l_rst_sync_v1_3.v(line number: 10)] Elaborating module ips2l_rst_sync_v1_3
I: Module instance {Hfpga_soc/g_ddr_profile.u_ddr3_ctrl/u_ddrphy_top/ddrphy_calib_top/ddrphy_main_ctrl/u_wrlvl_done_sync} parameter value:
    DATA_WIDTH = 32'b00000000000000000000000000000001
    DFT_VALUE = 1'b0
I: Verilog-0004: [F:/SocFpga/IP/ddr3_ctrl_v116/rtl/ddrphy/ips2l_ddrphy_main_ctrl_v1_14.vp(line number: 551)] Elaborating instance u_rst_gpll_phase_adj_finish_sync
I: Verilog-0003: [F:/SocFpga/IP/ddr3_ctrl_v116/rtl/ips2l_rst_sync_v1_3.v(line number: 10)] Elaborating module ips2l_rst_sync_v1_3
I: Module instance {Hfpga_soc/g_ddr_profile.u_ddr3_ctrl/u_ddrphy_top/ddrphy_calib_top/ddrphy_main_ctrl/u_rst_gpll_phase_adj_finish_sync} parameter value:
    DATA_WIDTH = 32'b00000000000000000000000000000001
    DFT_VALUE = 1'b0
I: Verilog-0004: [F:/SocFpga/IP/ddr3_ctrl_v116/rtl/ddrphy/ips2l_ddrphy_main_ctrl_v1_14.vp(line number: 561)] Elaborating instance u_wrlvl_trained_flag_sync
I: Verilog-0003: [F:/SocFpga/IP/ddr3_ctrl_v116/rtl/ips2l_rst_sync_v1_3.v(line number: 10)] Elaborating module ips2l_rst_sync_v1_3
I: Module instance {Hfpga_soc/g_ddr_profile.u_ddr3_ctrl/u_ddrphy_top/ddrphy_calib_top/ddrphy_main_ctrl/u_wrlvl_trained_flag_sync} parameter value:
    DATA_WIDTH = 32'b00000000000000000000000000000001
    DFT_VALUE = 1'b0
I: Verilog-0004: [F:/SocFpga/IP/ddr3_ctrl_v116/rtl/ddrphy/ips2l_ddrphy_calib_top_v1_16.vp(line number: 724)] Elaborating instance ddrphy_init
I: Verilog-0003: [F:/SocFpga/IP/ddr3_ctrl_v116/rtl/ddrphy/ips2l_ddrphy_init_v1_0.vp(line number: 611)] Elaborating module ips2l_ddrphy_init_v1_0
I: Module instance {Hfpga_soc/g_ddr_profile.u_ddr3_ctrl/u_ddrphy_top/ddrphy_calib_top/ddrphy_init} parameter value:
    DDR_TYPE = 2'b00
    T200US = 20'b00000110011010001010
    T500US = 20'b00001111100100000110
    T400NS = 8'b00110011
    TMRD = 8'b00000001
    TMOD = 8'b00000011
    TXPR = 8'b00100111
    TRP = 8'b00000010
    TRFC = 8'b00100110
    TZQINIT = 10'b0010000000
    REF_CNT = 4'b1001
    MEM_ADDR_WIDTH = 32'b00000000000000000000000000001111
    MEM_BANKADDR_WIDTH = 32'b00000000000000000000000000000011
I: Verilog-0004: [F:/SocFpga/IP/ddr3_ctrl_v116/rtl/ddrphy/ips2l_ddrphy_calib_top_v1_16.vp(line number: 752)] Elaborating instance ddrphy_wrlvl
I: Verilog-0003: [F:/SocFpga/IP/ddr3_ctrl_v116/rtl/ddrphy/ips2l_ddrphy_wrlvl_v1_14.vp(line number: 223)] Elaborating module ips2l_ddrphy_wrlvl_v1_14
I: Module instance {Hfpga_soc/g_ddr_profile.u_ddr3_ctrl/u_ddrphy_top/ddrphy_calib_top/ddrphy_wrlvl} parameter value:
    TMOD = 8'b00000011
    TRFC = 8'b00100110
    MEM_ADDR_WIDTH = 32'b00000000000000000000000000001111
    MEM_BANKADDR_WIDTH = 32'b00000000000000000000000000000011
I: Verilog-0004: [F:/SocFpga/IP/ddr3_ctrl_v116/rtl/ddrphy/ips2l_ddrphy_calib_top_v1_16.vp(line number: 782)] Elaborating instance ddrphy_rdcal
I: Verilog-0003: [F:/SocFpga/IP/ddr3_ctrl_v116/rtl/ddrphy/ips2l_ddrphy_rdcal_v1_10.vp(line number: 784)] Elaborating module ips2l_ddrphy_rdcal_v1_10
I: Module instance {Hfpga_soc/g_ddr_profile.u_ddr3_ctrl/u_ddrphy_top/ddrphy_calib_top/ddrphy_rdcal} parameter value:
    DDR_TYPE = 2'b00
    TRFC = 8'b00100110
    TRCD = 8'b00000010
    MEM_ADDR_WIDTH = 32'b00000000000000000000000000001111
    MEM_BANKADDR_WIDTH = 32'b00000000000000000000000000000011
    MEM_DQ_WIDTH = 32'b00000000000000000000000000100000
I: Verilog-0004: [F:/SocFpga/IP/ddr3_ctrl_v116/rtl/ddrphy/ips2l_ddrphy_calib_top_v1_16.vp(line number: 841)] Elaborating instance ddrphy_wrcal
I: Verilog-0003: [F:/SocFpga/IP/ddr3_ctrl_v116/rtl/ddrphy/ips2l_ddrphy_wrcal_v1_16.vp(line number: 554)] Elaborating module ips2l_ddrphy_wrcal_v1_16
I: Module instance {Hfpga_soc/g_ddr_profile.u_ddr3_ctrl/u_ddrphy_top/ddrphy_calib_top/ddrphy_wrcal} parameter value:
    WRCAL_EN = 1'b1
    WRCAL_PERBITS = 1'b1
    TRFC = 8'b00100110
    TRCD = 8'b00000010
    TEST_DATA_PATTERN0 = 64'b0101010110101010010101011010101000001000111101110000100011110111
    TEST_DATA_PATTERN1 = 64'b0111111110011111011111111001111110000000111111101000000011111110
    TEST_DATA_PATTERN2 = 64'b1111000000001111111100000000111100000001111111110000000111111111
    TEST_DATA_PATTERN3 = 64'b1101111110101010110111111010101001010101101010100101010110101010
    MEM_ADDR_WIDTH = 32'b00000000000000000000000000001111
    MEM_BANKADDR_WIDTH = 32'b00000000000000000000000000000011
    MEM_DQ_WIDTH = 32'b00000000000000000000000000100000
I: Verilog-0004: [F:/SocFpga/IP/ddr3_ctrl_v116/rtl/ddrphy/ips2l_ddrphy_calib_top_v1_16.vp(line number: 873)] Elaborating instance ddrphy_eyecal
I: Verilog-0003: [F:/SocFpga/IP/ddr3_ctrl_v116/rtl/ddrphy/ips2l_ddrphy_eyecal_v1_5.vp(line number: 262)] Elaborating module ips2l_ddrphy_eyecal_v1_5
I: Module instance {Hfpga_soc/g_ddr_profile.u_ddr3_ctrl/u_ddrphy_top/ddrphy_calib_top/ddrphy_eyecal} parameter value:
    TRFC = 8'b00100110
    TRCD = 8'b00000010
    MEM_ADDR_WIDTH = 32'b00000000000000000000000000001111
    MEM_BANKADDR_WIDTH = 32'b00000000000000000000000000000011
    MEM_DQ_WIDTH = 32'b00000000000000000000000000100000
I: Verilog-0004: [F:/SocFpga/IP/ddr3_ctrl_v116/rtl/ddrphy/ips2l_ddrphy_calib_top_v1_16.vp(line number: 901)] Elaborating instance ddrphy_calib_mux
I: Verilog-0003: [F:/SocFpga/IP/ddr3_ctrl_v116/rtl/ddrphy/ips2l_ddrphy_calib_mux_v1_0.vp(line number: 233)] Elaborating module ips2l_ddrphy_calib_mux_v1_0
I: Module instance {Hfpga_soc/g_ddr_profile.u_ddr3_ctrl/u_ddrphy_top/ddrphy_calib_top/ddrphy_calib_mux} parameter value:
    DDR_TYPE = 2'b00
    MEM_ADDR_WIDTH = 32'b00000000000000000000000000001111
    MEM_BANKADDR_WIDTH = 32'b00000000000000000000000000000011
I: Verilog-0004: [F:/SocFpga/IP/ddr3_ctrl_v116/rtl/ddrphy/ips2l_ddrphy_calib_top_v1_16.vp(line number: 969)] Elaborating instance ddrphy_upcal
I: Verilog-0003: [F:/SocFpga/IP/ddr3_ctrl_v116/rtl/ddrphy/ips2l_ddrphy_upcal_v1_0.vp(line number: 185)] Elaborating module ips2l_ddrphy_upcal_v1_0
I: Module instance {Hfpga_soc/g_ddr_profile.u_ddr3_ctrl/u_ddrphy_top/ddrphy_calib_top/ddrphy_upcal} parameter value:
    MEM_DQS_WIDTH = 32'b00000000000000000000000000000100
I: Verilog-0004: [F:/SocFpga/IP/ddr3_ctrl_v116/ddr3_ctrl_v116_ddrphy_top.v(line number: 845)] Elaborating instance ddrphy_training_ctrl
I: Verilog-0003: [F:/SocFpga/IP/ddr3_ctrl_v116/rtl/ddrphy/ips2l_ddrphy_training_ctrl_v1_11.vp(line number: 120)] Elaborating module ips2l_ddrphy_training_ctrl_v1_11
I: Module instance {Hfpga_soc/g_ddr_profile.u_ddr3_ctrl/u_ddrphy_top/ddrphy_training_ctrl} parameter value:
    SRB_DQS_RST_TRAINING_HIGH_CLK = 32'b00000000000000000000000000000011
I: Verilog-0004: [F:/SocFpga/IP/ddr3_ctrl_v116/ddr3_ctrl_v116_ddrphy_top.v(line number: 857)] Elaborating instance u_force_read_clk_ctrl_sync
I: Verilog-0003: [F:/SocFpga/IP/ddr3_ctrl_v116/rtl/ips2l_rst_sync_v1_3.v(line number: 10)] Elaborating module ips2l_rst_sync_v1_3
I: Module instance {Hfpga_soc/g_ddr_profile.u_ddr3_ctrl/u_ddrphy_top/u_force_read_clk_ctrl_sync} parameter value:
    DATA_WIDTH = 32'b00000000000000000000000000000001
    DFT_VALUE = 1'b0
I: Verilog-0004: [F:/SocFpga/IP/ddr3_ctrl_v116/ddr3_ctrl_v116_ddrphy_top.v(line number: 867)] Elaborating instance u_force_samp_position_sync
I: Verilog-0003: [F:/SocFpga/IP/ddr3_ctrl_v116/rtl/ips2l_rst_sync_v1_3.v(line number: 10)] Elaborating module ips2l_rst_sync_v1_3
I: Module instance {Hfpga_soc/g_ddr_profile.u_ddr3_ctrl/u_ddrphy_top/u_force_samp_position_sync} parameter value:
    DATA_WIDTH = 32'b00000000000000000000000000000001
    DFT_VALUE = 1'b0
I: Verilog-0004: [F:/SocFpga/IP/ddr3_ctrl_v116/ddr3_ctrl_v116_ddrphy_top.v(line number: 877)] Elaborating instance u_samp_position_dyn_adj_sync
I: Verilog-0003: [F:/SocFpga/IP/ddr3_ctrl_v116/rtl/ips2l_rst_sync_v1_3.v(line number: 10)] Elaborating module ips2l_rst_sync_v1_3
I: Module instance {Hfpga_soc/g_ddr_profile.u_ddr3_ctrl/u_ddrphy_top/u_samp_position_dyn_adj_sync} parameter value:
    DATA_WIDTH = 32'b00000000000000000000000000000001
    DFT_VALUE = 1'b0
I: Verilog-0004: [F:/SocFpga/IP/ddr3_ctrl_v116/ddr3_ctrl_v116_ddrphy_top.v(line number: 887)] Elaborating instance u_wrcal_position_dyn_adj_sync
I: Verilog-0003: [F:/SocFpga/IP/ddr3_ctrl_v116/rtl/ips2l_rst_sync_v1_3.v(line number: 10)] Elaborating module ips2l_rst_sync_v1_3
I: Module instance {Hfpga_soc/g_ddr_profile.u_ddr3_ctrl/u_ddrphy_top/u_wrcal_position_dyn_adj_sync} parameter value:
    DATA_WIDTH = 32'b00000000000000000000000000000001
    DFT_VALUE = 1'b0
I: Verilog-0004: [F:/SocFpga/IP/ddr3_ctrl_v116/ddr3_ctrl_v116_ddrphy_top.v(line number: 919)] Elaborating instance ddrphy_slice_top
I: Verilog-0003: [F:/SocFpga/IP/ddr3_ctrl_v116/rtl/ddrphy/ips2l_ddrphy_slice_top_v1_16.vp(line number: 1381)] Elaborating module ips2l_ddrphy_slice_top_v1_16
I: Module instance {Hfpga_soc/g_ddr_profile.u_ddr3_ctrl/u_ddrphy_top/ddrphy_slice_top} parameter value:
    CLKIN_FREQ = 125.000000
    PPLL_BANDWIDTH = HIGH
    DDR_TYPE = 2'b00
    DIMM_EN = 32'b00000000000000000000000000000000
    GATE_MODE = 1'b1
    WRCAL_EN = 1'b1
    WRCAL_PERBITS = 1'b1
    TEST_DATA_PATTERN0 = 64'b0101010110101010010101011010101000001000111101110000100011110111
    TEST_DATA_PATTERN1 = 64'b0111111110011111011111111001111110000000111111101000000011111110
    TEST_DATA_PATTERN2 = 64'b1111000000001111111100000000111100000001111111110000000111111111
    TEST_DATA_PATTERN3 = 64'b1101111110101010110111111010101001010101101010100101010110101010
    SC_LDO_CTRL = 2'b00
    SC_DLY_2X = 1'b1
    PERBITS_DLY_2X = 1'b1
    PPLL_IDIV = 32'b00000000000000000000000000000001
    PPLL_FDIV = 32'b00000000000000000000000000010000
    PPLL_ODIVPHY = 32'b00000000000000000000000000000010
    MEM_ADDR_WIDTH = 32'b00000000000000000000000000001111
    MEM_BANKADDR_WIDTH = 32'b00000000000000000000000000000011
    MEM_DQ_WIDTH = 32'b00000000000000000000000000100000
    MEM_DQS_WIDTH = 32'b00000000000000000000000000000100
    MEM_DM_WIDTH = 32'b00000000000000000000000000000100
    DEVICE_ID = 32'b00000000000000000000000000000000
    MIN_DQSI_WIN = 9'b000001010
    GATEI_EN = 1'b1
I: Verilog-0004: [F:/SocFpga/IP/ddr3_ctrl_v116/rtl/ddrphy/ips2l_ddrphy_slice_top_v1_16.vp(line number: 1561)] Elaborating instance u_wrlvl_trained_flag_sync
I: Verilog-0003: [F:/SocFpga/IP/ddr3_ctrl_v116/rtl/ips2l_rst_sync_v1_3.v(line number: 10)] Elaborating module ips2l_rst_sync_v1_3
I: Module instance {Hfpga_soc/g_ddr_profile.u_ddr3_ctrl/u_ddrphy_top/ddrphy_slice_top/u_wrlvl_trained_flag_sync} parameter value:
    DATA_WIDTH = 32'b00000000000000000000000000000001
    DFT_VALUE = 1'b0
I: Verilog-0004: [F:/SocFpga/IP/ddr3_ctrl_v116/rtl/ddrphy/ips2l_ddrphy_slice_top_v1_16.vp(line number: 2077)] Elaborating instance u_clkbufr
I: Verilog-0004: [F:/SocFpga/IP/ddr3_ctrl_v116/rtl/ddrphy/ips2l_ddrphy_slice_top_v1_16.vp(line number: 2096)] Elaborating instance ddrphy_ppll
I: Verilog-0003: [F:/SocFpga/IP/ddr3_ctrl_v116/rtl/pll/ips2l_ddrphy_ppll_v1_0.v(line number: 10)] Elaborating module ips2l_ddrphy_ppll_v1_0
I: Module instance {Hfpga_soc/g_ddr_profile.u_ddr3_ctrl/u_ddrphy_top/ddrphy_slice_top/i_dqs_bank[0].ddrphy_ppll} parameter value:
    CLKIN_FREQ = 125.000000
    BANDWIDTH = HIGH
    CLKOUT4_SYN_EN = TRUE
    INTERNAL_FB = CLKOUT4
    IDIV = 32'b00000000000000000000000000000001
    FDIV = 32'b00000000000000000000000000010000
    ODIVPHY = 32'b00000000000000000000000000000010
    ODIV0 = 32'b00000000000000000000000000010000
    ODIV1 = 32'b00000000000000000000000000000010
    ODIV2 = 32'b00000000000000000000000000000100
    ODIV3 = 32'b00000000000000000000000000001000
    ODIV4 = 32'b00000000000000000000000000010000
I: Verilog-0004: [F:/SocFpga/IP/ddr3_ctrl_v116/rtl/pll/ips2l_ddrphy_ppll_v1_0.v(line number: 78)] Elaborating instance u_ppll
I: Verilog-0004: [F:/SocFpga/IP/ddr3_ctrl_v116/rtl/ddrphy/ips2l_ddrphy_slice_top_v1_16.vp(line number: 2110)] Elaborating instance u_ddrphy_ioclkdiv
I: Verilog-0004: [F:/SocFpga/IP/ddr3_ctrl_v116/rtl/ddrphy/ips2l_ddrphy_slice_top_v1_16.vp(line number: 2077)] Elaborating instance u_clkbufr
I: Verilog-0004: [F:/SocFpga/IP/ddr3_ctrl_v116/rtl/ddrphy/ips2l_ddrphy_slice_top_v1_16.vp(line number: 2096)] Elaborating instance ddrphy_ppll
I: Verilog-0003: [F:/SocFpga/IP/ddr3_ctrl_v116/rtl/pll/ips2l_ddrphy_ppll_v1_0.v(line number: 10)] Elaborating module ips2l_ddrphy_ppll_v1_0
I: Module instance {Hfpga_soc/g_ddr_profile.u_ddr3_ctrl/u_ddrphy_top/ddrphy_slice_top/i_dqs_bank[1].ddrphy_ppll} parameter value:
    CLKIN_FREQ = 125.000000
    BANDWIDTH = HIGH
    CLKOUT4_SYN_EN = TRUE
    INTERNAL_FB = CLKOUT4
    IDIV = 32'b00000000000000000000000000000001
    FDIV = 32'b00000000000000000000000000010000
    ODIVPHY = 32'b00000000000000000000000000000010
    ODIV0 = 32'b00000000000000000000000000010000
    ODIV1 = 32'b00000000000000000000000000000010
    ODIV2 = 32'b00000000000000000000000000000100
    ODIV3 = 32'b00000000000000000000000000001000
    ODIV4 = 32'b00000000000000000000000000010000
I: Verilog-0004: [F:/SocFpga/IP/ddr3_ctrl_v116/rtl/ddrphy/ips2l_ddrphy_slice_top_v1_16.vp(line number: 2110)] Elaborating instance u_ddrphy_ioclkdiv
I: Verilog-0004: [F:/SocFpga/IP/ddr3_ctrl_v116/rtl/ddrphy/ips2l_ddrphy_slice_top_v1_16.vp(line number: 2136)] Elaborating instance ddrphy_data_slice
I: Verilog-0003: [F:/SocFpga/IP/ddr3_ctrl_v116/rtl/ddrphy/ips2l_ddrphy_data_slice_v1_16.vp(line number: 603)] Elaborating module ips2l_ddrphy_data_slice_v1_16
I: Module instance {Hfpga_soc/g_ddr_profile.u_ddr3_ctrl/u_ddrphy_top/ddrphy_slice_top/i_dqs_group[0].ddrphy_data_slice} parameter value:
    DDR_TYPE = 2'b00
    TEST_DATA_PATTERN0 = 64'b0101010110101010010101011010101000001000111101110000100011110111
    TEST_DATA_PATTERN1 = 64'b0111111110011111011111111001111110000000111111101000000011111110
    TEST_DATA_PATTERN2 = 64'b1111000000001111111100000000111100000001111111110000000111111111
    TEST_DATA_PATTERN3 = 64'b1101111110101010110111111010101001010101101010100101010110101010
    GATE_MODE = 1'b1
    SC_LDO_CTRL = 2'b00
    SC_DLY_2X = 1'b1
    PERBITS_DLY_2X = 1'b1
    WL_MAX_STEP = 8'b11001001
    WL_MAX_CHECK = 5'b11111
    MIN_DQSI_WIN = 9'b000001010
    DEVICE_ID = 32'b00000000000000000000000000000000
    GATEI_EN = 1'b1
I: Verilog-0004: [F:/SocFpga/IP/ddr3_ctrl_v116/rtl/ddrphy/ips2l_ddrphy_data_slice_v1_16.vp(line number: 823)] Elaborating instance ddrphy_data_slice_wrlvl
I: Verilog-0003: [F:/SocFpga/IP/ddr3_ctrl_v116/rtl/ddrphy/ips2l_ddrphy_data_slice_wrlvl_v1_14.vp(line number: 340)] Elaborating module ips2l_ddrphy_data_slice_wrlvl_v1_14
I: Module instance {Hfpga_soc/g_ddr_profile.u_ddr3_ctrl/u_ddrphy_top/ddrphy_slice_top/i_dqs_group[0].ddrphy_data_slice/ddrphy_data_slice_wrlvl} parameter value:
    WL_MAX_STEP = 8'b11001001
    CK_MAX_STEP = 8'b10000000
    WL_MAX_CHECK = 5'b11111
I: Verilog-0004: [F:/SocFpga/IP/ddr3_ctrl_v116/rtl/ddrphy/ips2l_ddrphy_data_slice_v1_16.vp(line number: 863)] Elaborating instance ddrphy_dqs_rddata_align
I: Verilog-0003: [F:/SocFpga/IP/ddr3_ctrl_v116/rtl/ddrphy/ips2l_ddrphy_dqs_rddata_align_v1_16.vp(line number: 632)] Elaborating module ips2l_ddrphy_dqs_rddata_align_v1_16
I: Module instance {Hfpga_soc/g_ddr_profile.u_ddr3_ctrl/u_ddrphy_top/ddrphy_slice_top/i_dqs_group[0].ddrphy_data_slice/ddrphy_dqs_rddata_align} parameter value:
    TEST_DATA_PATTERN0 = 64'b0101010110101010010101011010101000001000111101110000100011110111
    TEST_DATA_PATTERN1 = 64'b0111111110011111011111111001111110000000111111101000000011111110
    TEST_DATA_PATTERN2 = 64'b1111000000001111111100000000111100000001111111110000000111111111
    TEST_DATA_PATTERN3 = 64'b1101111110101010110111111010101001010101101010100101010110101010
I: Verilog-0004: [F:/SocFpga/IP/ddr3_ctrl_v116/rtl/ddrphy/ips2l_ddrphy_data_slice_v1_16.vp(line number: 903)] Elaborating instance ddrphy_wdata_path_adj
I: Verilog-0003: [F:/SocFpga/IP/ddr3_ctrl_v116/rtl/ddrphy/ips2l_ddrphy_wdata_path_adj_v1_16.vp(line number: 294)] Elaborating module ips2l_ddrphy_wdata_path_adj_v1_16
I: Module instance {Hfpga_soc/g_ddr_profile.u_ddr3_ctrl/u_ddrphy_top/ddrphy_slice_top/i_dqs_group[0].ddrphy_data_slice/ddrphy_wdata_path_adj} parameter value:
    DQ_WIDTH = 32'b00000000000000000000000000001000
I: Verilog-0004: [F:/SocFpga/IP/ddr3_ctrl_v116/rtl/ddrphy/ips2l_ddrphy_data_slice_v1_16.vp(line number: 977)] Elaborating instance u_ddc_dq
I: Verilog-0004: [F:/SocFpga/IP/ddr3_ctrl_v116/rtl/ddrphy/ips2l_ddrphy_data_slice_v1_16.vp(line number: 1020)] Elaborating instance u_dll_dq
I: Verilog-0004: [F:/SocFpga/IP/ddr3_ctrl_v116/rtl/ddrphy/ips2l_ddrphy_data_slice_v1_16.vp(line number: 1052)] Elaborating instance u_tserdes0_dqs
I: Verilog-0004: [F:/SocFpga/IP/ddr3_ctrl_v116/rtl/ddrphy/ips2l_ddrphy_data_slice_v1_16.vp(line number: 1094)] Elaborating instance u_tserdes1_dq
I: Verilog-0004: [F:/SocFpga/IP/ddr3_ctrl_v116/rtl/ddrphy/ips2l_ddrphy_data_slice_v1_16.vp(line number: 1136)] Elaborating instance u_oserdes_dqs
I: Verilog-0004: [F:/SocFpga/IP/ddr3_ctrl_v116/rtl/ddrphy/ips2l_ddrphy_data_slice_v1_16.vp(line number: 1168)] Elaborating instance u_iobufco_dqs
I: Verilog-0004: [F:/SocFpga/IP/ddr3_ctrl_v116/rtl/ddrphy/ips2l_ddrphy_data_slice_v1_16.vp(line number: 1205)] Elaborating instance u_oserdes_dq
I: Verilog-0004: [F:/SocFpga/IP/ddr3_ctrl_v116/rtl/ddrphy/ips2l_ddrphy_data_slice_v1_16.vp(line number: 1229)] Elaborating instance u_iodelay_dq
I: Verilog-0004: [F:/SocFpga/IP/ddr3_ctrl_v116/rtl/ddrphy/ips2l_ddrphy_data_slice_v1_16.vp(line number: 1239)] Elaborating instance u_odelay_dq
I: Verilog-0004: [F:/SocFpga/IP/ddr3_ctrl_v116/rtl/ddrphy/ips2l_ddrphy_data_slice_v1_16.vp(line number: 1260)] Elaborating instance u_iserdes_dq
I: Verilog-0004: [F:/SocFpga/IP/ddr3_ctrl_v116/rtl/ddrphy/ips2l_ddrphy_data_slice_v1_16.vp(line number: 1282)] Elaborating instance u_iobuf_dq
I: Verilog-0004: [F:/SocFpga/IP/ddr3_ctrl_v116/rtl/ddrphy/ips2l_ddrphy_data_slice_v1_16.vp(line number: 1205)] Elaborating instance u_oserdes_dq
I: Verilog-0004: [F:/SocFpga/IP/ddr3_ctrl_v116/rtl/ddrphy/ips2l_ddrphy_data_slice_v1_16.vp(line number: 1229)] Elaborating instance u_iodelay_dq
I: Verilog-0004: [F:/SocFpga/IP/ddr3_ctrl_v116/rtl/ddrphy/ips2l_ddrphy_data_slice_v1_16.vp(line number: 1239)] Elaborating instance u_odelay_dq
I: Verilog-0004: [F:/SocFpga/IP/ddr3_ctrl_v116/rtl/ddrphy/ips2l_ddrphy_data_slice_v1_16.vp(line number: 1260)] Elaborating instance u_iserdes_dq
I: Verilog-0004: [F:/SocFpga/IP/ddr3_ctrl_v116/rtl/ddrphy/ips2l_ddrphy_data_slice_v1_16.vp(line number: 1282)] Elaborating instance u_iobuf_dq
I: Verilog-0004: [F:/SocFpga/IP/ddr3_ctrl_v116/rtl/ddrphy/ips2l_ddrphy_data_slice_v1_16.vp(line number: 1205)] Elaborating instance u_oserdes_dq
I: Verilog-0004: [F:/SocFpga/IP/ddr3_ctrl_v116/rtl/ddrphy/ips2l_ddrphy_data_slice_v1_16.vp(line number: 1229)] Elaborating instance u_iodelay_dq
I: Verilog-0004: [F:/SocFpga/IP/ddr3_ctrl_v116/rtl/ddrphy/ips2l_ddrphy_data_slice_v1_16.vp(line number: 1239)] Elaborating instance u_odelay_dq
I: Verilog-0004: [F:/SocFpga/IP/ddr3_ctrl_v116/rtl/ddrphy/ips2l_ddrphy_data_slice_v1_16.vp(line number: 1260)] Elaborating instance u_iserdes_dq
I: Verilog-0004: [F:/SocFpga/IP/ddr3_ctrl_v116/rtl/ddrphy/ips2l_ddrphy_data_slice_v1_16.vp(line number: 1282)] Elaborating instance u_iobuf_dq
I: Verilog-0004: [F:/SocFpga/IP/ddr3_ctrl_v116/rtl/ddrphy/ips2l_ddrphy_data_slice_v1_16.vp(line number: 1205)] Elaborating instance u_oserdes_dq
I: Verilog-0004: [F:/SocFpga/IP/ddr3_ctrl_v116/rtl/ddrphy/ips2l_ddrphy_data_slice_v1_16.vp(line number: 1229)] Elaborating instance u_iodelay_dq
I: Verilog-0004: [F:/SocFpga/IP/ddr3_ctrl_v116/rtl/ddrphy/ips2l_ddrphy_data_slice_v1_16.vp(line number: 1239)] Elaborating instance u_odelay_dq
I: Verilog-0004: [F:/SocFpga/IP/ddr3_ctrl_v116/rtl/ddrphy/ips2l_ddrphy_data_slice_v1_16.vp(line number: 1260)] Elaborating instance u_iserdes_dq
I: Verilog-0004: [F:/SocFpga/IP/ddr3_ctrl_v116/rtl/ddrphy/ips2l_ddrphy_data_slice_v1_16.vp(line number: 1282)] Elaborating instance u_iobuf_dq
I: Verilog-0004: [F:/SocFpga/IP/ddr3_ctrl_v116/rtl/ddrphy/ips2l_ddrphy_data_slice_v1_16.vp(line number: 1205)] Elaborating instance u_oserdes_dq
I: Verilog-0004: [F:/SocFpga/IP/ddr3_ctrl_v116/rtl/ddrphy/ips2l_ddrphy_data_slice_v1_16.vp(line number: 1229)] Elaborating instance u_iodelay_dq
I: Verilog-0004: [F:/SocFpga/IP/ddr3_ctrl_v116/rtl/ddrphy/ips2l_ddrphy_data_slice_v1_16.vp(line number: 1239)] Elaborating instance u_odelay_dq
I: Verilog-0004: [F:/SocFpga/IP/ddr3_ctrl_v116/rtl/ddrphy/ips2l_ddrphy_data_slice_v1_16.vp(line number: 1260)] Elaborating instance u_iserdes_dq
I: Verilog-0004: [F:/SocFpga/IP/ddr3_ctrl_v116/rtl/ddrphy/ips2l_ddrphy_data_slice_v1_16.vp(line number: 1282)] Elaborating instance u_iobuf_dq
I: Verilog-0004: [F:/SocFpga/IP/ddr3_ctrl_v116/rtl/ddrphy/ips2l_ddrphy_data_slice_v1_16.vp(line number: 1205)] Elaborating instance u_oserdes_dq
I: Verilog-0004: [F:/SocFpga/IP/ddr3_ctrl_v116/rtl/ddrphy/ips2l_ddrphy_data_slice_v1_16.vp(line number: 1229)] Elaborating instance u_iodelay_dq
I: Verilog-0004: [F:/SocFpga/IP/ddr3_ctrl_v116/rtl/ddrphy/ips2l_ddrphy_data_slice_v1_16.vp(line number: 1239)] Elaborating instance u_odelay_dq
I: Verilog-0004: [F:/SocFpga/IP/ddr3_ctrl_v116/rtl/ddrphy/ips2l_ddrphy_data_slice_v1_16.vp(line number: 1260)] Elaborating instance u_iserdes_dq
I: Verilog-0004: [F:/SocFpga/IP/ddr3_ctrl_v116/rtl/ddrphy/ips2l_ddrphy_data_slice_v1_16.vp(line number: 1282)] Elaborating instance u_iobuf_dq
I: Verilog-0004: [F:/SocFpga/IP/ddr3_ctrl_v116/rtl/ddrphy/ips2l_ddrphy_data_slice_v1_16.vp(line number: 1205)] Elaborating instance u_oserdes_dq
I: Verilog-0004: [F:/SocFpga/IP/ddr3_ctrl_v116/rtl/ddrphy/ips2l_ddrphy_data_slice_v1_16.vp(line number: 1229)] Elaborating instance u_iodelay_dq
I: Verilog-0004: [F:/SocFpga/IP/ddr3_ctrl_v116/rtl/ddrphy/ips2l_ddrphy_data_slice_v1_16.vp(line number: 1239)] Elaborating instance u_odelay_dq
I: Verilog-0004: [F:/SocFpga/IP/ddr3_ctrl_v116/rtl/ddrphy/ips2l_ddrphy_data_slice_v1_16.vp(line number: 1260)] Elaborating instance u_iserdes_dq
I: Verilog-0004: [F:/SocFpga/IP/ddr3_ctrl_v116/rtl/ddrphy/ips2l_ddrphy_data_slice_v1_16.vp(line number: 1282)] Elaborating instance u_iobuf_dq
I: Verilog-0004: [F:/SocFpga/IP/ddr3_ctrl_v116/rtl/ddrphy/ips2l_ddrphy_data_slice_v1_16.vp(line number: 1205)] Elaborating instance u_oserdes_dq
I: Verilog-0004: [F:/SocFpga/IP/ddr3_ctrl_v116/rtl/ddrphy/ips2l_ddrphy_data_slice_v1_16.vp(line number: 1229)] Elaborating instance u_iodelay_dq
I: Verilog-0004: [F:/SocFpga/IP/ddr3_ctrl_v116/rtl/ddrphy/ips2l_ddrphy_data_slice_v1_16.vp(line number: 1239)] Elaborating instance u_odelay_dq
I: Verilog-0004: [F:/SocFpga/IP/ddr3_ctrl_v116/rtl/ddrphy/ips2l_ddrphy_data_slice_v1_16.vp(line number: 1260)] Elaborating instance u_iserdes_dq
I: Verilog-0004: [F:/SocFpga/IP/ddr3_ctrl_v116/rtl/ddrphy/ips2l_ddrphy_data_slice_v1_16.vp(line number: 1282)] Elaborating instance u_iobuf_dq
I: Verilog-0004: [F:/SocFpga/IP/ddr3_ctrl_v116/rtl/ddrphy/ips2l_ddrphy_data_slice_v1_16.vp(line number: 1314)] Elaborating instance u_oserdes_dm
I: Verilog-0004: [F:/SocFpga/IP/ddr3_ctrl_v116/rtl/ddrphy/ips2l_ddrphy_data_slice_v1_16.vp(line number: 1335)] Elaborating instance u_outbuft_dm
W: Verilog-2023: [F:/SocFpga/IP/ddr3_ctrl_v116/rtl/ddrphy/ips2l_ddrphy_data_slice_v1_16.vp(line number: 1229)] Give initial value 0 for the no drive pin EN_N in module instance Hfpga_soc/g_ddr_profile.u_ddr3_ctrl/u_ddrphy_top/ddrphy_slice_top/i_dqs_group[0].ddrphy_data_slice.dq_loop[0].u_iodelay_dq
W: Verilog-2023: [F:/SocFpga/IP/ddr3_ctrl_v116/rtl/ddrphy/ips2l_ddrphy_data_slice_v1_16.vp(line number: 1239)] Give initial value 0 for the no drive pin EN_N in module instance Hfpga_soc/g_ddr_profile.u_ddr3_ctrl/u_ddrphy_top/ddrphy_slice_top/i_dqs_group[0].ddrphy_data_slice.dq_loop[0].u_odelay_dq
W: Verilog-2023: [F:/SocFpga/IP/ddr3_ctrl_v116/rtl/ddrphy/ips2l_ddrphy_data_slice_v1_16.vp(line number: 1229)] Give initial value 0 for the no drive pin EN_N in module instance Hfpga_soc/g_ddr_profile.u_ddr3_ctrl/u_ddrphy_top/ddrphy_slice_top/i_dqs_group[0].ddrphy_data_slice.dq_loop[1].u_iodelay_dq
W: Verilog-2023: [F:/SocFpga/IP/ddr3_ctrl_v116/rtl/ddrphy/ips2l_ddrphy_data_slice_v1_16.vp(line number: 1239)] Give initial value 0 for the no drive pin EN_N in module instance Hfpga_soc/g_ddr_profile.u_ddr3_ctrl/u_ddrphy_top/ddrphy_slice_top/i_dqs_group[0].ddrphy_data_slice.dq_loop[1].u_odelay_dq
W: Verilog-2023: [F:/SocFpga/IP/ddr3_ctrl_v116/rtl/ddrphy/ips2l_ddrphy_data_slice_v1_16.vp(line number: 1229)] Give initial value 0 for the no drive pin EN_N in module instance Hfpga_soc/g_ddr_profile.u_ddr3_ctrl/u_ddrphy_top/ddrphy_slice_top/i_dqs_group[0].ddrphy_data_slice.dq_loop[2].u_iodelay_dq
W: Verilog-2023: [F:/SocFpga/IP/ddr3_ctrl_v116/rtl/ddrphy/ips2l_ddrphy_data_slice_v1_16.vp(line number: 1239)] Give initial value 0 for the no drive pin EN_N in module instance Hfpga_soc/g_ddr_profile.u_ddr3_ctrl/u_ddrphy_top/ddrphy_slice_top/i_dqs_group[0].ddrphy_data_slice.dq_loop[2].u_odelay_dq
W: Verilog-2023: [F:/SocFpga/IP/ddr3_ctrl_v116/rtl/ddrphy/ips2l_ddrphy_data_slice_v1_16.vp(line number: 1229)] Give initial value 0 for the no drive pin EN_N in module instance Hfpga_soc/g_ddr_profile.u_ddr3_ctrl/u_ddrphy_top/ddrphy_slice_top/i_dqs_group[0].ddrphy_data_slice.dq_loop[3].u_iodelay_dq
W: Verilog-2023: [F:/SocFpga/IP/ddr3_ctrl_v116/rtl/ddrphy/ips2l_ddrphy_data_slice_v1_16.vp(line number: 1239)] Give initial value 0 for the no drive pin EN_N in module instance Hfpga_soc/g_ddr_profile.u_ddr3_ctrl/u_ddrphy_top/ddrphy_slice_top/i_dqs_group[0].ddrphy_data_slice.dq_loop[3].u_odelay_dq
W: Verilog-2023: [F:/SocFpga/IP/ddr3_ctrl_v116/rtl/ddrphy/ips2l_ddrphy_data_slice_v1_16.vp(line number: 1229)] Give initial value 0 for the no drive pin EN_N in module instance Hfpga_soc/g_ddr_profile.u_ddr3_ctrl/u_ddrphy_top/ddrphy_slice_top/i_dqs_group[0].ddrphy_data_slice.dq_loop[4].u_iodelay_dq
W: Verilog-2023: [F:/SocFpga/IP/ddr3_ctrl_v116/rtl/ddrphy/ips2l_ddrphy_data_slice_v1_16.vp(line number: 1239)] Give initial value 0 for the no drive pin EN_N in module instance Hfpga_soc/g_ddr_profile.u_ddr3_ctrl/u_ddrphy_top/ddrphy_slice_top/i_dqs_group[0].ddrphy_data_slice.dq_loop[4].u_odelay_dq
W: Verilog-2023: [F:/SocFpga/IP/ddr3_ctrl_v116/rtl/ddrphy/ips2l_ddrphy_data_slice_v1_16.vp(line number: 1229)] Give initial value 0 for the no drive pin EN_N in module instance Hfpga_soc/g_ddr_profile.u_ddr3_ctrl/u_ddrphy_top/ddrphy_slice_top/i_dqs_group[0].ddrphy_data_slice.dq_loop[5].u_iodelay_dq
W: Verilog-2023: [F:/SocFpga/IP/ddr3_ctrl_v116/rtl/ddrphy/ips2l_ddrphy_data_slice_v1_16.vp(line number: 1239)] Give initial value 0 for the no drive pin EN_N in module instance Hfpga_soc/g_ddr_profile.u_ddr3_ctrl/u_ddrphy_top/ddrphy_slice_top/i_dqs_group[0].ddrphy_data_slice.dq_loop[5].u_odelay_dq
W: Verilog-2023: [F:/SocFpga/IP/ddr3_ctrl_v116/rtl/ddrphy/ips2l_ddrphy_data_slice_v1_16.vp(line number: 1229)] Give initial value 0 for the no drive pin EN_N in module instance Hfpga_soc/g_ddr_profile.u_ddr3_ctrl/u_ddrphy_top/ddrphy_slice_top/i_dqs_group[0].ddrphy_data_slice.dq_loop[6].u_iodelay_dq
W: Verilog-2023: [F:/SocFpga/IP/ddr3_ctrl_v116/rtl/ddrphy/ips2l_ddrphy_data_slice_v1_16.vp(line number: 1239)] Give initial value 0 for the no drive pin EN_N in module instance Hfpga_soc/g_ddr_profile.u_ddr3_ctrl/u_ddrphy_top/ddrphy_slice_top/i_dqs_group[0].ddrphy_data_slice.dq_loop[6].u_odelay_dq
W: Verilog-2023: [F:/SocFpga/IP/ddr3_ctrl_v116/rtl/ddrphy/ips2l_ddrphy_data_slice_v1_16.vp(line number: 1229)] Give initial value 0 for the no drive pin EN_N in module instance Hfpga_soc/g_ddr_profile.u_ddr3_ctrl/u_ddrphy_top/ddrphy_slice_top/i_dqs_group[0].ddrphy_data_slice.dq_loop[7].u_iodelay_dq
W: Verilog-2023: [F:/SocFpga/IP/ddr3_ctrl_v116/rtl/ddrphy/ips2l_ddrphy_data_slice_v1_16.vp(line number: 1239)] Give initial value 0 for the no drive pin EN_N in module instance Hfpga_soc/g_ddr_profile.u_ddr3_ctrl/u_ddrphy_top/ddrphy_slice_top/i_dqs_group[0].ddrphy_data_slice.dq_loop[7].u_odelay_dq
I: Verilog-0004: [F:/SocFpga/IP/ddr3_ctrl_v116/rtl/ddrphy/ips2l_ddrphy_slice_top_v1_16.vp(line number: 2136)] Elaborating instance ddrphy_data_slice
I: Verilog-0003: [F:/SocFpga/IP/ddr3_ctrl_v116/rtl/ddrphy/ips2l_ddrphy_data_slice_v1_16.vp(line number: 603)] Elaborating module ips2l_ddrphy_data_slice_v1_16
I: Module instance {Hfpga_soc/g_ddr_profile.u_ddr3_ctrl/u_ddrphy_top/ddrphy_slice_top/i_dqs_group[1].ddrphy_data_slice} parameter value:
    DDR_TYPE = 2'b00
    TEST_DATA_PATTERN0 = 64'b0101010110101010010101011010101000001000111101110000100011110111
    TEST_DATA_PATTERN1 = 64'b0111111110011111011111111001111110000000111111101000000011111110
    TEST_DATA_PATTERN2 = 64'b1111000000001111111100000000111100000001111111110000000111111111
    TEST_DATA_PATTERN3 = 64'b1101111110101010110111111010101001010101101010100101010110101010
    GATE_MODE = 1'b1
    SC_LDO_CTRL = 2'b00
    SC_DLY_2X = 1'b1
    PERBITS_DLY_2X = 1'b1
    WL_MAX_STEP = 8'b11001001
    WL_MAX_CHECK = 5'b11111
    MIN_DQSI_WIN = 9'b000001010
    DEVICE_ID = 32'b00000000000000000000000000000000
    GATEI_EN = 1'b1
I: Verilog-0004: [F:/SocFpga/IP/ddr3_ctrl_v116/rtl/ddrphy/ips2l_ddrphy_slice_top_v1_16.vp(line number: 2136)] Elaborating instance ddrphy_data_slice
I: Verilog-0003: [F:/SocFpga/IP/ddr3_ctrl_v116/rtl/ddrphy/ips2l_ddrphy_data_slice_v1_16.vp(line number: 603)] Elaborating module ips2l_ddrphy_data_slice_v1_16
I: Module instance {Hfpga_soc/g_ddr_profile.u_ddr3_ctrl/u_ddrphy_top/ddrphy_slice_top/i_dqs_group[2].ddrphy_data_slice} parameter value:
    DDR_TYPE = 2'b00
    TEST_DATA_PATTERN0 = 64'b0101010110101010010101011010101000001000111101110000100011110111
    TEST_DATA_PATTERN1 = 64'b0111111110011111011111111001111110000000111111101000000011111110
    TEST_DATA_PATTERN2 = 64'b1111000000001111111100000000111100000001111111110000000111111111
    TEST_DATA_PATTERN3 = 64'b1101111110101010110111111010101001010101101010100101010110101010
    GATE_MODE = 1'b1
    SC_LDO_CTRL = 2'b00
    SC_DLY_2X = 1'b1
    PERBITS_DLY_2X = 1'b1
    WL_MAX_STEP = 8'b11001001
    WL_MAX_CHECK = 5'b11111
    MIN_DQSI_WIN = 9'b000001010
    DEVICE_ID = 32'b00000000000000000000000000000000
    GATEI_EN = 1'b1
I: Verilog-0004: [F:/SocFpga/IP/ddr3_ctrl_v116/rtl/ddrphy/ips2l_ddrphy_slice_top_v1_16.vp(line number: 2136)] Elaborating instance ddrphy_data_slice
I: Verilog-0003: [F:/SocFpga/IP/ddr3_ctrl_v116/rtl/ddrphy/ips2l_ddrphy_data_slice_v1_16.vp(line number: 603)] Elaborating module ips2l_ddrphy_data_slice_v1_16
I: Module instance {Hfpga_soc/g_ddr_profile.u_ddr3_ctrl/u_ddrphy_top/ddrphy_slice_top/i_dqs_group[3].ddrphy_data_slice} parameter value:
    DDR_TYPE = 2'b00
    TEST_DATA_PATTERN0 = 64'b0101010110101010010101011010101000001000111101110000100011110111
    TEST_DATA_PATTERN1 = 64'b0111111110011111011111111001111110000000111111101000000011111110
    TEST_DATA_PATTERN2 = 64'b1111000000001111111100000000111100000001111111110000000111111111
    TEST_DATA_PATTERN3 = 64'b1101111110101010110111111010101001010101101010100101010110101010
    GATE_MODE = 1'b1
    SC_LDO_CTRL = 2'b00
    SC_DLY_2X = 1'b1
    PERBITS_DLY_2X = 1'b1
    WL_MAX_STEP = 8'b11001001
    WL_MAX_CHECK = 5'b11111
    MIN_DQSI_WIN = 9'b000001010
    DEVICE_ID = 32'b00000000000000000000000000000000
    GATEI_EN = 1'b1
I: Verilog-0004: [F:/SocFpga/IP/ddr3_ctrl_v116/rtl/ddrphy/ips2l_ddrphy_slice_top_v1_16.vp(line number: 2245)] Elaborating instance ddrphy_data_slice_wrcal
I: Verilog-0003: [F:/SocFpga/IP/ddr3_ctrl_v116/rtl/ddrphy/ips2l_ddrphy_data_slice_wrcal_v1_16.vp(line number: 539)] Elaborating module ips2l_ddrphy_data_slice_wrcal_v1_16
I: Module instance {Hfpga_soc/g_ddr_profile.u_ddr3_ctrl/u_ddrphy_top/ddrphy_slice_top/ddrphy_data_slice_wrcal} parameter value:
    MEM_DQS_WIDTH = 32'b00000000000000000000000000000100
    WRCAL_EN = 1'b1
    MIN_DQ_WIN = 4'b1010
    WRCAL_PERBITS = 1'b1
I: Verilog-0004: [F:/SocFpga/IP/ddr3_ctrl_v116/rtl/ddrphy/ips2l_ddrphy_slice_top_v1_16.vp(line number: 2286)] Elaborating instance ddrphy_dqsi_rdel_cal
I: Verilog-0003: [F:/SocFpga/IP/ddr3_ctrl_v116/rtl/ddrphy/ips2l_ddrphy_dqsi_rdel_cal_v1_16.vp(line number: 689)] Elaborating module ips2l_ddrphy_dqsi_rdel_cal_v1_16
I: Module instance {Hfpga_soc/g_ddr_profile.u_ddr3_ctrl/u_ddrphy_top/ddrphy_slice_top/ddrphy_dqsi_rdel_cal} parameter value:
    DIMM_EN = 32'b00000000000000000000000000000000
    PERBITS_DLY_2X = 1'b1
    MIN_DQSI_WIN = 9'b000001010
    MEM_DQS_WIDTH = 32'b00000000000000000000000000000100
I: Verilog-0004: [F:/SocFpga/IP/ddr3_ctrl_v116/rtl/ddrphy/ips2l_ddrphy_slice_top_v1_16.vp(line number: 2333)] Elaborating instance ddrphy_data_slice_dqs_gate_cal
I: Verilog-0003: [F:/SocFpga/IP/ddr3_ctrl_v116/rtl/ddrphy/ips2l_ddrphy_data_slice_dqs_gate_cal_v1_14.vp(line number: 158)] Elaborating module ips2l_ddrphy_data_slice_dqs_gate_cal_v1_14
I: Module instance {Hfpga_soc/g_ddr_profile.u_ddr3_ctrl/u_ddrphy_top/ddrphy_slice_top/ddrphy_data_slice_dqs_gate_cal} parameter value:
    GATE_MODE = 1'b1
    MEM_DQS_WIDTH = 32'b00000000000000000000000000000100
I: Verilog-0004: [F:/SocFpga/IP/ddr3_ctrl_v116/rtl/ddrphy/ips2l_ddrphy_data_slice_dqs_gate_cal_v1_14.vp(line number: 200)] Elaborating instance ddrphy_dqs_gate_coarse_cal
I: Verilog-0003: [F:/SocFpga/IP/ddr3_ctrl_v116/rtl/ddrphy/ips2l_ddrphy_dqs_gate_coarse_cal_v1_12.vp(line number: 230)] Elaborating module ips2l_ddrphy_dqs_gate_coarse_cal_v1_12
I: Module instance {Hfpga_soc/g_ddr_profile.u_ddr3_ctrl/u_ddrphy_top/ddrphy_slice_top/ddrphy_data_slice_dqs_gate_cal/ddrphy_dqs_gate_coarse_cal} parameter value:
    MEM_DQS_WIDTH = 32'b00000000000000000000000000000100
I: Verilog-0004: [F:/SocFpga/IP/ddr3_ctrl_v116/rtl/ddrphy/ips2l_ddrphy_data_slice_dqs_gate_cal_v1_14.vp(line number: 217)] Elaborating instance ddrphy_gatecal
I: Verilog-0003: [F:/SocFpga/IP/ddr3_ctrl_v116/rtl/ddrphy/ips2l_ddrphy_gatecal_v1_14.vp(line number: 352)] Elaborating module ips2l_ddrphy_gatecal_v1_14
I: Module instance {Hfpga_soc/g_ddr_profile.u_ddr3_ctrl/u_ddrphy_top/ddrphy_slice_top/ddrphy_data_slice_dqs_gate_cal/ddrphy_gatecal} parameter value:
    GATE_MODE = 1'b1
    MEM_DQS_WIDTH = 32'b00000000000000000000000000000100
I: Verilog-0004: [F:/SocFpga/IP/ddr3_ctrl_v116/rtl/ddrphy/ips2l_ddrphy_slice_top_v1_16.vp(line number: 2373)] Elaborating instance ddrphy_slice_rddata_align
I: Verilog-0003: [F:/SocFpga/IP/ddr3_ctrl_v116/rtl/ddrphy/ips2l_ddrphy_slice_rddata_align_v1_0.vp(line number: 142)] Elaborating module ips2l_ddrphy_slice_rddata_align_v1_0
I: Module instance {Hfpga_soc/g_ddr_profile.u_ddr3_ctrl/u_ddrphy_top/ddrphy_slice_top/ddrphy_slice_rddata_align} parameter value:
    MEM_DQ_WIDTH = 32'b00000000000000000000000000100000
    MEM_DQS_WIDTH = 32'b00000000000000000000000000000100
I: Verilog-0004: [F:/SocFpga/IP/ddr3_ctrl_v116/rtl/ddrphy/ips2l_ddrphy_slice_top_v1_16.vp(line number: 2390)] Elaborating instance ddrphy_control_path_adj
I: Verilog-0003: [F:/SocFpga/IP/ddr3_ctrl_v116/rtl/ddrphy/ips2l_ddrphy_control_path_adj_v1_16.vp(line number: 168)] Elaborating module ips2l_ddrphy_control_path_adj_v1_16
I: Module instance {Hfpga_soc/g_ddr_profile.u_ddr3_ctrl/u_ddrphy_top/ddrphy_slice_top/ddrphy_control_path_adj} parameter value:
    DDR_TYPE = 2'b00
    MEM_ADDR_WIDTH = 32'b00000000000000000000000000001111
    MEM_BANKADDR_WIDTH = 32'b00000000000000000000000000000011
    SLIP_BIT_NUM = 2'b01
I: Verilog-0004: [F:/SocFpga/IP/ddr3_ctrl_v116/rtl/ddrphy/ips2l_ddrphy_slice_top_v1_16.vp(line number: 2560)] Elaborating instance u_ddc_ca
I: Verilog-0004: [F:/SocFpga/IP/ddr3_ctrl_v116/rtl/ddrphy/ips2l_ddrphy_slice_top_v1_16.vp(line number: 2612)] Elaborating instance u_tserdes_ca0
I: Verilog-0004: [F:/SocFpga/IP/ddr3_ctrl_v116/rtl/ddrphy/ips2l_ddrphy_slice_top_v1_16.vp(line number: 2654)] Elaborating instance u_tserdes_ca1
I: Verilog-0004: [F:/SocFpga/IP/ddr3_ctrl_v116/rtl/ddrphy/ips2l_ddrphy_slice_top_v1_16.vp(line number: 2560)] Elaborating instance u_ddc_ca
I: Verilog-0004: [F:/SocFpga/IP/ddr3_ctrl_v116/rtl/ddrphy/ips2l_ddrphy_slice_top_v1_16.vp(line number: 2612)] Elaborating instance u_tserdes_ca0
I: Verilog-0004: [F:/SocFpga/IP/ddr3_ctrl_v116/rtl/ddrphy/ips2l_ddrphy_slice_top_v1_16.vp(line number: 2654)] Elaborating instance u_tserdes_ca1
I: Verilog-0004: [F:/SocFpga/IP/ddr3_ctrl_v116/rtl/ddrphy/ips2l_ddrphy_slice_top_v1_16.vp(line number: 2560)] Elaborating instance u_ddc_ca
I: Verilog-0004: [F:/SocFpga/IP/ddr3_ctrl_v116/rtl/ddrphy/ips2l_ddrphy_slice_top_v1_16.vp(line number: 2612)] Elaborating instance u_tserdes_ca0
I: Verilog-0004: [F:/SocFpga/IP/ddr3_ctrl_v116/rtl/ddrphy/ips2l_ddrphy_slice_top_v1_16.vp(line number: 2654)] Elaborating instance u_tserdes_ca1
I: Verilog-0004: [F:/SocFpga/IP/ddr3_ctrl_v116/rtl/ddrphy/ips2l_ddrphy_slice_top_v1_16.vp(line number: 2699)] Elaborating instance u_oserdes_ck
I: Verilog-0004: [F:/SocFpga/IP/ddr3_ctrl_v116/rtl/ddrphy/ips2l_ddrphy_slice_top_v1_16.vp(line number: 2758)] Elaborating instance u_iodelay_dq
I: Verilog-0004: [F:/SocFpga/IP/ddr3_ctrl_v116/rtl/ddrphy/ips2l_ddrphy_slice_top_v1_16.vp(line number: 2765)] Elaborating instance u_outbuftco_ck
I: Verilog-0004: [F:/SocFpga/IP/ddr3_ctrl_v116/rtl/ddrphy/ips2l_ddrphy_slice_top_v1_16.vp(line number: 2795)] Elaborating instance u_oserdes_odt
I: Verilog-0004: [F:/SocFpga/IP/ddr3_ctrl_v116/rtl/ddrphy/ips2l_ddrphy_slice_top_v1_16.vp(line number: 2819)] Elaborating instance u_odelay_odt
I: Verilog-0004: [F:/SocFpga/IP/ddr3_ctrl_v116/rtl/ddrphy/ips2l_ddrphy_slice_top_v1_16.vp(line number: 2826)] Elaborating instance u_outbuft_odt
I: Verilog-0004: [F:/SocFpga/IP/ddr3_ctrl_v116/rtl/ddrphy/ips2l_ddrphy_slice_top_v1_16.vp(line number: 2854)] Elaborating instance u_oserdes_csn
I: Verilog-0004: [F:/SocFpga/IP/ddr3_ctrl_v116/rtl/ddrphy/ips2l_ddrphy_slice_top_v1_16.vp(line number: 2878)] Elaborating instance u_odelay_csn
I: Verilog-0004: [F:/SocFpga/IP/ddr3_ctrl_v116/rtl/ddrphy/ips2l_ddrphy_slice_top_v1_16.vp(line number: 2885)] Elaborating instance u_outbuft_csn
I: Verilog-0004: [F:/SocFpga/IP/ddr3_ctrl_v116/rtl/ddrphy/ips2l_ddrphy_slice_top_v1_16.vp(line number: 2913)] Elaborating instance u_oserdes_rasn
I: Verilog-0004: [F:/SocFpga/IP/ddr3_ctrl_v116/rtl/ddrphy/ips2l_ddrphy_slice_top_v1_16.vp(line number: 2937)] Elaborating instance u_odelay_rasn
I: Verilog-0004: [F:/SocFpga/IP/ddr3_ctrl_v116/rtl/ddrphy/ips2l_ddrphy_slice_top_v1_16.vp(line number: 2944)] Elaborating instance u_outbuft_rasn
I: Verilog-0004: [F:/SocFpga/IP/ddr3_ctrl_v116/rtl/ddrphy/ips2l_ddrphy_slice_top_v1_16.vp(line number: 2973)] Elaborating instance u_oserdes_casn
I: Verilog-0004: [F:/SocFpga/IP/ddr3_ctrl_v116/rtl/ddrphy/ips2l_ddrphy_slice_top_v1_16.vp(line number: 2997)] Elaborating instance u_odelay_casn
I: Verilog-0004: [F:/SocFpga/IP/ddr3_ctrl_v116/rtl/ddrphy/ips2l_ddrphy_slice_top_v1_16.vp(line number: 3004)] Elaborating instance u_outbuft_casn
I: Verilog-0004: [F:/SocFpga/IP/ddr3_ctrl_v116/rtl/ddrphy/ips2l_ddrphy_slice_top_v1_16.vp(line number: 3032)] Elaborating instance u_oserdes_wen
I: Verilog-0004: [F:/SocFpga/IP/ddr3_ctrl_v116/rtl/ddrphy/ips2l_ddrphy_slice_top_v1_16.vp(line number: 3056)] Elaborating instance u_odelay_wen
I: Verilog-0004: [F:/SocFpga/IP/ddr3_ctrl_v116/rtl/ddrphy/ips2l_ddrphy_slice_top_v1_16.vp(line number: 3063)] Elaborating instance u_outbuft_wen
I: Verilog-0004: [F:/SocFpga/IP/ddr3_ctrl_v116/rtl/ddrphy/ips2l_ddrphy_slice_top_v1_16.vp(line number: 3092)] Elaborating instance u_oserdes_cke
I: Verilog-0004: [F:/SocFpga/IP/ddr3_ctrl_v116/rtl/ddrphy/ips2l_ddrphy_slice_top_v1_16.vp(line number: 3116)] Elaborating instance u_odelay_cke
I: Verilog-0004: [F:/SocFpga/IP/ddr3_ctrl_v116/rtl/ddrphy/ips2l_ddrphy_slice_top_v1_16.vp(line number: 3123)] Elaborating instance u_outbuft_cke
I: Verilog-0004: [F:/SocFpga/IP/ddr3_ctrl_v116/rtl/ddrphy/ips2l_ddrphy_slice_top_v1_16.vp(line number: 3158)] Elaborating instance u_oserdes_addr
I: Verilog-0004: [F:/SocFpga/IP/ddr3_ctrl_v116/rtl/ddrphy/ips2l_ddrphy_slice_top_v1_16.vp(line number: 3182)] Elaborating instance u_odelay_addr
I: Verilog-0004: [F:/SocFpga/IP/ddr3_ctrl_v116/rtl/ddrphy/ips2l_ddrphy_slice_top_v1_16.vp(line number: 3189)] Elaborating instance u_outbuft_addr0
I: Verilog-0004: [F:/SocFpga/IP/ddr3_ctrl_v116/rtl/ddrphy/ips2l_ddrphy_slice_top_v1_16.vp(line number: 3158)] Elaborating instance u_oserdes_addr
I: Verilog-0004: [F:/SocFpga/IP/ddr3_ctrl_v116/rtl/ddrphy/ips2l_ddrphy_slice_top_v1_16.vp(line number: 3182)] Elaborating instance u_odelay_addr
I: Verilog-0004: [F:/SocFpga/IP/ddr3_ctrl_v116/rtl/ddrphy/ips2l_ddrphy_slice_top_v1_16.vp(line number: 3189)] Elaborating instance u_outbuft_addr0
I: Verilog-0004: [F:/SocFpga/IP/ddr3_ctrl_v116/rtl/ddrphy/ips2l_ddrphy_slice_top_v1_16.vp(line number: 3158)] Elaborating instance u_oserdes_addr
I: Verilog-0004: [F:/SocFpga/IP/ddr3_ctrl_v116/rtl/ddrphy/ips2l_ddrphy_slice_top_v1_16.vp(line number: 3182)] Elaborating instance u_odelay_addr
I: Verilog-0004: [F:/SocFpga/IP/ddr3_ctrl_v116/rtl/ddrphy/ips2l_ddrphy_slice_top_v1_16.vp(line number: 3189)] Elaborating instance u_outbuft_addr0
I: Verilog-0004: [F:/SocFpga/IP/ddr3_ctrl_v116/rtl/ddrphy/ips2l_ddrphy_slice_top_v1_16.vp(line number: 3158)] Elaborating instance u_oserdes_addr
I: Verilog-0004: [F:/SocFpga/IP/ddr3_ctrl_v116/rtl/ddrphy/ips2l_ddrphy_slice_top_v1_16.vp(line number: 3182)] Elaborating instance u_odelay_addr
I: Verilog-0004: [F:/SocFpga/IP/ddr3_ctrl_v116/rtl/ddrphy/ips2l_ddrphy_slice_top_v1_16.vp(line number: 3189)] Elaborating instance u_outbuft_addr0
I: Verilog-0004: [F:/SocFpga/IP/ddr3_ctrl_v116/rtl/ddrphy/ips2l_ddrphy_slice_top_v1_16.vp(line number: 3158)] Elaborating instance u_oserdes_addr
I: Verilog-0004: [F:/SocFpga/IP/ddr3_ctrl_v116/rtl/ddrphy/ips2l_ddrphy_slice_top_v1_16.vp(line number: 3182)] Elaborating instance u_odelay_addr
I: Verilog-0004: [F:/SocFpga/IP/ddr3_ctrl_v116/rtl/ddrphy/ips2l_ddrphy_slice_top_v1_16.vp(line number: 3189)] Elaborating instance u_outbuft_addr0
I: Verilog-0004: [F:/SocFpga/IP/ddr3_ctrl_v116/rtl/ddrphy/ips2l_ddrphy_slice_top_v1_16.vp(line number: 3158)] Elaborating instance u_oserdes_addr
I: Verilog-0004: [F:/SocFpga/IP/ddr3_ctrl_v116/rtl/ddrphy/ips2l_ddrphy_slice_top_v1_16.vp(line number: 3182)] Elaborating instance u_odelay_addr
I: Verilog-0004: [F:/SocFpga/IP/ddr3_ctrl_v116/rtl/ddrphy/ips2l_ddrphy_slice_top_v1_16.vp(line number: 3189)] Elaborating instance u_outbuft_addr0
I: Verilog-0004: [F:/SocFpga/IP/ddr3_ctrl_v116/rtl/ddrphy/ips2l_ddrphy_slice_top_v1_16.vp(line number: 3158)] Elaborating instance u_oserdes_addr
I: Verilog-0004: [F:/SocFpga/IP/ddr3_ctrl_v116/rtl/ddrphy/ips2l_ddrphy_slice_top_v1_16.vp(line number: 3182)] Elaborating instance u_odelay_addr
I: Verilog-0004: [F:/SocFpga/IP/ddr3_ctrl_v116/rtl/ddrphy/ips2l_ddrphy_slice_top_v1_16.vp(line number: 3189)] Elaborating instance u_outbuft_addr0
I: Verilog-0004: [F:/SocFpga/IP/ddr3_ctrl_v116/rtl/ddrphy/ips2l_ddrphy_slice_top_v1_16.vp(line number: 3158)] Elaborating instance u_oserdes_addr
I: Verilog-0004: [F:/SocFpga/IP/ddr3_ctrl_v116/rtl/ddrphy/ips2l_ddrphy_slice_top_v1_16.vp(line number: 3182)] Elaborating instance u_odelay_addr
I: Verilog-0004: [F:/SocFpga/IP/ddr3_ctrl_v116/rtl/ddrphy/ips2l_ddrphy_slice_top_v1_16.vp(line number: 3189)] Elaborating instance u_outbuft_addr0
I: Verilog-0004: [F:/SocFpga/IP/ddr3_ctrl_v116/rtl/ddrphy/ips2l_ddrphy_slice_top_v1_16.vp(line number: 3158)] Elaborating instance u_oserdes_addr
I: Verilog-0004: [F:/SocFpga/IP/ddr3_ctrl_v116/rtl/ddrphy/ips2l_ddrphy_slice_top_v1_16.vp(line number: 3182)] Elaborating instance u_odelay_addr
I: Verilog-0004: [F:/SocFpga/IP/ddr3_ctrl_v116/rtl/ddrphy/ips2l_ddrphy_slice_top_v1_16.vp(line number: 3189)] Elaborating instance u_outbuft_addr0
I: Verilog-0004: [F:/SocFpga/IP/ddr3_ctrl_v116/rtl/ddrphy/ips2l_ddrphy_slice_top_v1_16.vp(line number: 3158)] Elaborating instance u_oserdes_addr
I: Verilog-0004: [F:/SocFpga/IP/ddr3_ctrl_v116/rtl/ddrphy/ips2l_ddrphy_slice_top_v1_16.vp(line number: 3182)] Elaborating instance u_odelay_addr
I: Verilog-0004: [F:/SocFpga/IP/ddr3_ctrl_v116/rtl/ddrphy/ips2l_ddrphy_slice_top_v1_16.vp(line number: 3189)] Elaborating instance u_outbuft_addr0
I: Verilog-0004: [F:/SocFpga/IP/ddr3_ctrl_v116/rtl/ddrphy/ips2l_ddrphy_slice_top_v1_16.vp(line number: 3158)] Elaborating instance u_oserdes_addr
I: Verilog-0004: [F:/SocFpga/IP/ddr3_ctrl_v116/rtl/ddrphy/ips2l_ddrphy_slice_top_v1_16.vp(line number: 3182)] Elaborating instance u_odelay_addr
I: Verilog-0004: [F:/SocFpga/IP/ddr3_ctrl_v116/rtl/ddrphy/ips2l_ddrphy_slice_top_v1_16.vp(line number: 3189)] Elaborating instance u_outbuft_addr0
I: Verilog-0004: [F:/SocFpga/IP/ddr3_ctrl_v116/rtl/ddrphy/ips2l_ddrphy_slice_top_v1_16.vp(line number: 3158)] Elaborating instance u_oserdes_addr
I: Verilog-0004: [F:/SocFpga/IP/ddr3_ctrl_v116/rtl/ddrphy/ips2l_ddrphy_slice_top_v1_16.vp(line number: 3182)] Elaborating instance u_odelay_addr
I: Verilog-0004: [F:/SocFpga/IP/ddr3_ctrl_v116/rtl/ddrphy/ips2l_ddrphy_slice_top_v1_16.vp(line number: 3189)] Elaborating instance u_outbuft_addr0
I: Verilog-0004: [F:/SocFpga/IP/ddr3_ctrl_v116/rtl/ddrphy/ips2l_ddrphy_slice_top_v1_16.vp(line number: 3158)] Elaborating instance u_oserdes_addr
I: Verilog-0004: [F:/SocFpga/IP/ddr3_ctrl_v116/rtl/ddrphy/ips2l_ddrphy_slice_top_v1_16.vp(line number: 3182)] Elaborating instance u_odelay_addr
I: Verilog-0004: [F:/SocFpga/IP/ddr3_ctrl_v116/rtl/ddrphy/ips2l_ddrphy_slice_top_v1_16.vp(line number: 3189)] Elaborating instance u_outbuft_addr0
I: Verilog-0004: [F:/SocFpga/IP/ddr3_ctrl_v116/rtl/ddrphy/ips2l_ddrphy_slice_top_v1_16.vp(line number: 3158)] Elaborating instance u_oserdes_addr
I: Verilog-0004: [F:/SocFpga/IP/ddr3_ctrl_v116/rtl/ddrphy/ips2l_ddrphy_slice_top_v1_16.vp(line number: 3182)] Elaborating instance u_odelay_addr
I: Verilog-0004: [F:/SocFpga/IP/ddr3_ctrl_v116/rtl/ddrphy/ips2l_ddrphy_slice_top_v1_16.vp(line number: 3189)] Elaborating instance u_outbuft_addr0
I: Verilog-0004: [F:/SocFpga/IP/ddr3_ctrl_v116/rtl/ddrphy/ips2l_ddrphy_slice_top_v1_16.vp(line number: 3158)] Elaborating instance u_oserdes_addr
I: Verilog-0004: [F:/SocFpga/IP/ddr3_ctrl_v116/rtl/ddrphy/ips2l_ddrphy_slice_top_v1_16.vp(line number: 3182)] Elaborating instance u_odelay_addr
I: Verilog-0004: [F:/SocFpga/IP/ddr3_ctrl_v116/rtl/ddrphy/ips2l_ddrphy_slice_top_v1_16.vp(line number: 3189)] Elaborating instance u_outbuft_addr0
I: Verilog-0004: [F:/SocFpga/IP/ddr3_ctrl_v116/rtl/ddrphy/ips2l_ddrphy_slice_top_v1_16.vp(line number: 3223)] Elaborating instance u_oserdes_ba
I: Verilog-0004: [F:/SocFpga/IP/ddr3_ctrl_v116/rtl/ddrphy/ips2l_ddrphy_slice_top_v1_16.vp(line number: 3247)] Elaborating instance u_odelay_ba
I: Verilog-0004: [F:/SocFpga/IP/ddr3_ctrl_v116/rtl/ddrphy/ips2l_ddrphy_slice_top_v1_16.vp(line number: 3254)] Elaborating instance u_outbuft_ba
I: Verilog-0004: [F:/SocFpga/IP/ddr3_ctrl_v116/rtl/ddrphy/ips2l_ddrphy_slice_top_v1_16.vp(line number: 3223)] Elaborating instance u_oserdes_ba
I: Verilog-0004: [F:/SocFpga/IP/ddr3_ctrl_v116/rtl/ddrphy/ips2l_ddrphy_slice_top_v1_16.vp(line number: 3247)] Elaborating instance u_odelay_ba
I: Verilog-0004: [F:/SocFpga/IP/ddr3_ctrl_v116/rtl/ddrphy/ips2l_ddrphy_slice_top_v1_16.vp(line number: 3254)] Elaborating instance u_outbuft_ba
I: Verilog-0004: [F:/SocFpga/IP/ddr3_ctrl_v116/rtl/ddrphy/ips2l_ddrphy_slice_top_v1_16.vp(line number: 3223)] Elaborating instance u_oserdes_ba
I: Verilog-0004: [F:/SocFpga/IP/ddr3_ctrl_v116/rtl/ddrphy/ips2l_ddrphy_slice_top_v1_16.vp(line number: 3247)] Elaborating instance u_odelay_ba
I: Verilog-0004: [F:/SocFpga/IP/ddr3_ctrl_v116/rtl/ddrphy/ips2l_ddrphy_slice_top_v1_16.vp(line number: 3254)] Elaborating instance u_outbuft_ba
W: Verilog-2023: [F:/SocFpga/IP/ddr3_ctrl_v116/rtl/ddrphy/ips2l_ddrphy_slice_top_v1_16.vp(line number: 2758)] Give initial value 0 for the no drive pin EN_N in module instance Hfpga_soc/g_ddr_profile.u_ddr3_ctrl/u_ddrphy_top/ddrphy_slice_top.u_iodelay_dq
W: Verilog-2023: [F:/SocFpga/IP/ddr3_ctrl_v116/rtl/ddrphy/ips2l_ddrphy_slice_top_v1_16.vp(line number: 2819)] Give initial value 0 for the no drive pin EN_N in module instance Hfpga_soc/g_ddr_profile.u_ddr3_ctrl/u_ddrphy_top/ddrphy_slice_top.u_odelay_odt
W: Verilog-2023: [F:/SocFpga/IP/ddr3_ctrl_v116/rtl/ddrphy/ips2l_ddrphy_slice_top_v1_16.vp(line number: 2878)] Give initial value 0 for the no drive pin EN_N in module instance Hfpga_soc/g_ddr_profile.u_ddr3_ctrl/u_ddrphy_top/ddrphy_slice_top.u_odelay_csn
W: Verilog-2023: [F:/SocFpga/IP/ddr3_ctrl_v116/rtl/ddrphy/ips2l_ddrphy_slice_top_v1_16.vp(line number: 2937)] Give initial value 0 for the no drive pin EN_N in module instance Hfpga_soc/g_ddr_profile.u_ddr3_ctrl/u_ddrphy_top/ddrphy_slice_top.u_odelay_rasn
W: Verilog-2023: [F:/SocFpga/IP/ddr3_ctrl_v116/rtl/ddrphy/ips2l_ddrphy_slice_top_v1_16.vp(line number: 2997)] Give initial value 0 for the no drive pin EN_N in module instance Hfpga_soc/g_ddr_profile.u_ddr3_ctrl/u_ddrphy_top/ddrphy_slice_top.u_odelay_casn
W: Verilog-2023: [F:/SocFpga/IP/ddr3_ctrl_v116/rtl/ddrphy/ips2l_ddrphy_slice_top_v1_16.vp(line number: 3056)] Give initial value 0 for the no drive pin EN_N in module instance Hfpga_soc/g_ddr_profile.u_ddr3_ctrl/u_ddrphy_top/ddrphy_slice_top.u_odelay_wen
W: Verilog-2023: [F:/SocFpga/IP/ddr3_ctrl_v116/rtl/ddrphy/ips2l_ddrphy_slice_top_v1_16.vp(line number: 3116)] Give initial value 0 for the no drive pin EN_N in module instance Hfpga_soc/g_ddr_profile.u_ddr3_ctrl/u_ddrphy_top/ddrphy_slice_top.u_odelay_cke
W: Verilog-2023: [F:/SocFpga/IP/ddr3_ctrl_v116/rtl/ddrphy/ips2l_ddrphy_slice_top_v1_16.vp(line number: 3182)] Give initial value 0 for the no drive pin EN_N in module instance Hfpga_soc/g_ddr_profile.u_ddr3_ctrl/u_ddrphy_top/ddrphy_slice_top.i_mem_addr_0[0].u_odelay_addr
W: Verilog-2023: [F:/SocFpga/IP/ddr3_ctrl_v116/rtl/ddrphy/ips2l_ddrphy_slice_top_v1_16.vp(line number: 3182)] Give initial value 0 for the no drive pin EN_N in module instance Hfpga_soc/g_ddr_profile.u_ddr3_ctrl/u_ddrphy_top/ddrphy_slice_top.i_mem_addr_0[1].u_odelay_addr
W: Verilog-2023: [F:/SocFpga/IP/ddr3_ctrl_v116/rtl/ddrphy/ips2l_ddrphy_slice_top_v1_16.vp(line number: 3182)] Give initial value 0 for the no drive pin EN_N in module instance Hfpga_soc/g_ddr_profile.u_ddr3_ctrl/u_ddrphy_top/ddrphy_slice_top.i_mem_addr_0[2].u_odelay_addr
W: Verilog-2023: [F:/SocFpga/IP/ddr3_ctrl_v116/rtl/ddrphy/ips2l_ddrphy_slice_top_v1_16.vp(line number: 3182)] Give initial value 0 for the no drive pin EN_N in module instance Hfpga_soc/g_ddr_profile.u_ddr3_ctrl/u_ddrphy_top/ddrphy_slice_top.i_mem_addr_0[3].u_odelay_addr
W: Verilog-2023: [F:/SocFpga/IP/ddr3_ctrl_v116/rtl/ddrphy/ips2l_ddrphy_slice_top_v1_16.vp(line number: 3182)] Give initial value 0 for the no drive pin EN_N in module instance Hfpga_soc/g_ddr_profile.u_ddr3_ctrl/u_ddrphy_top/ddrphy_slice_top.i_mem_addr_0[4].u_odelay_addr
W: Verilog-2023: [F:/SocFpga/IP/ddr3_ctrl_v116/rtl/ddrphy/ips2l_ddrphy_slice_top_v1_16.vp(line number: 3182)] Give initial value 0 for the no drive pin EN_N in module instance Hfpga_soc/g_ddr_profile.u_ddr3_ctrl/u_ddrphy_top/ddrphy_slice_top.i_mem_addr_0[5].u_odelay_addr
W: Verilog-2023: [F:/SocFpga/IP/ddr3_ctrl_v116/rtl/ddrphy/ips2l_ddrphy_slice_top_v1_16.vp(line number: 3182)] Give initial value 0 for the no drive pin EN_N in module instance Hfpga_soc/g_ddr_profile.u_ddr3_ctrl/u_ddrphy_top/ddrphy_slice_top.i_mem_addr_0[6].u_odelay_addr
W: Verilog-2023: [F:/SocFpga/IP/ddr3_ctrl_v116/rtl/ddrphy/ips2l_ddrphy_slice_top_v1_16.vp(line number: 3182)] Give initial value 0 for the no drive pin EN_N in module instance Hfpga_soc/g_ddr_profile.u_ddr3_ctrl/u_ddrphy_top/ddrphy_slice_top.i_mem_addr_0[7].u_odelay_addr
W: Verilog-2023: [F:/SocFpga/IP/ddr3_ctrl_v116/rtl/ddrphy/ips2l_ddrphy_slice_top_v1_16.vp(line number: 3182)] Give initial value 0 for the no drive pin EN_N in module instance Hfpga_soc/g_ddr_profile.u_ddr3_ctrl/u_ddrphy_top/ddrphy_slice_top.i_mem_addr_0[8].u_odelay_addr
W: Verilog-2023: [F:/SocFpga/IP/ddr3_ctrl_v116/rtl/ddrphy/ips2l_ddrphy_slice_top_v1_16.vp(line number: 3182)] Give initial value 0 for the no drive pin EN_N in module instance Hfpga_soc/g_ddr_profile.u_ddr3_ctrl/u_ddrphy_top/ddrphy_slice_top.i_mem_addr_0[9].u_odelay_addr
W: Verilog-2023: [F:/SocFpga/IP/ddr3_ctrl_v116/rtl/ddrphy/ips2l_ddrphy_slice_top_v1_16.vp(line number: 3182)] Give initial value 0 for the no drive pin EN_N in module instance Hfpga_soc/g_ddr_profile.u_ddr3_ctrl/u_ddrphy_top/ddrphy_slice_top.i_mem_addr_0[10].u_odelay_addr
W: Verilog-2023: [F:/SocFpga/IP/ddr3_ctrl_v116/rtl/ddrphy/ips2l_ddrphy_slice_top_v1_16.vp(line number: 3182)] Give initial value 0 for the no drive pin EN_N in module instance Hfpga_soc/g_ddr_profile.u_ddr3_ctrl/u_ddrphy_top/ddrphy_slice_top.i_mem_addr_0[11].u_odelay_addr
W: Verilog-2023: [F:/SocFpga/IP/ddr3_ctrl_v116/rtl/ddrphy/ips2l_ddrphy_slice_top_v1_16.vp(line number: 3182)] Give initial value 0 for the no drive pin EN_N in module instance Hfpga_soc/g_ddr_profile.u_ddr3_ctrl/u_ddrphy_top/ddrphy_slice_top.i_mem_addr_0[12].u_odelay_addr
W: Verilog-2023: [F:/SocFpga/IP/ddr3_ctrl_v116/rtl/ddrphy/ips2l_ddrphy_slice_top_v1_16.vp(line number: 3182)] Give initial value 0 for the no drive pin EN_N in module instance Hfpga_soc/g_ddr_profile.u_ddr3_ctrl/u_ddrphy_top/ddrphy_slice_top.i_mem_addr_0[13].u_odelay_addr
W: Verilog-2023: [F:/SocFpga/IP/ddr3_ctrl_v116/rtl/ddrphy/ips2l_ddrphy_slice_top_v1_16.vp(line number: 3182)] Give initial value 0 for the no drive pin EN_N in module instance Hfpga_soc/g_ddr_profile.u_ddr3_ctrl/u_ddrphy_top/ddrphy_slice_top.i_mem_addr_0[14].u_odelay_addr
W: Verilog-2023: [F:/SocFpga/IP/ddr3_ctrl_v116/rtl/ddrphy/ips2l_ddrphy_slice_top_v1_16.vp(line number: 3247)] Give initial value 0 for the no drive pin EN_N in module instance Hfpga_soc/g_ddr_profile.u_ddr3_ctrl/u_ddrphy_top/ddrphy_slice_top.k_mem_ba[0].u_odelay_ba
W: Verilog-2023: [F:/SocFpga/IP/ddr3_ctrl_v116/rtl/ddrphy/ips2l_ddrphy_slice_top_v1_16.vp(line number: 3247)] Give initial value 0 for the no drive pin EN_N in module instance Hfpga_soc/g_ddr_profile.u_ddr3_ctrl/u_ddrphy_top/ddrphy_slice_top.k_mem_ba[1].u_odelay_ba
W: Verilog-2023: [F:/SocFpga/IP/ddr3_ctrl_v116/rtl/ddrphy/ips2l_ddrphy_slice_top_v1_16.vp(line number: 3247)] Give initial value 0 for the no drive pin EN_N in module instance Hfpga_soc/g_ddr_profile.u_ddr3_ctrl/u_ddrphy_top/ddrphy_slice_top.k_mem_ba[2].u_odelay_ba
I: Verilog-0004: [F:/SocFpga/IP/ddr3_ctrl_v116/ddr3_ctrl_v116_ddrphy_top.v(line number: 1052)] Elaborating instance ddrphy_dfi
I: Verilog-0003: [F:/SocFpga/IP/ddr3_ctrl_v116/rtl/ddrphy/ips2l_ddrphy_dfi_v1_3.vp(line number: 354)] Elaborating module ips2l_ddrphy_dfi_v1_3
I: Module instance {Hfpga_soc/g_ddr_profile.u_ddr3_ctrl/u_ddrphy_top/ddrphy_dfi} parameter value:
    DDR_TYPE = 2'b00
    MEM_ADDR_WIDTH = 32'b00000000000000000000000000001111
    MEM_BANKADDR_WIDTH = 32'b00000000000000000000000000000011
    MEM_DQ_WIDTH = 32'b00000000000000000000000000100000
    MEM_DQS_WIDTH = 32'b00000000000000000000000000000100
    MEM_DM_WIDTH = 32'b00000000000000000000000000000100
I: Verilog-0004: [F:/SocFpga/IP/ddr3_ctrl_v116/ddr3_ctrl_v116_ddrphy_top.v(line number: 1124)] Elaborating instance ddrphy_info
I: Verilog-0003: [F:/SocFpga/IP/ddr3_ctrl_v116/rtl/ddrphy/ips2l_ddrphy_info_v1_0.vp(line number: 208)] Elaborating module ips2l_ddrphy_info_v1_0
I: Module instance {Hfpga_soc/g_ddr_profile.u_ddr3_ctrl/u_ddrphy_top/ddrphy_info} parameter value:
    DDR_TYPE = 2'b00
    MEM_ADDR_WIDTH = 32'b00000000000000000000000000001111
    MEM_BANKADDR_WIDTH = 32'b00000000000000000000000000000011
    MR0_DDR3 = 16'b0001100100110000
    MR1_DDR3 = 16'b0000000000010100
    MR2_DDR3 = 16'b0000000000001000
    MR3_DDR3 = 16'b0000000000000000
    MR_DDR2 = 16'b0000101101000011
    EMR1_DDR2 = 16'b0000000000010100
    EMR2_DDR2 = 16'b0000000000000000
    EMR3_DDR2 = 16'b0000000000000000
    MR_LPDDR = 16'b0000000000100011
    EMR_LPDDR = 16'b0000000000000000
Executing : rtl-elaborate successfully. Time elapsed: 1.003s wall, 0.344s user + 0.125s system = 0.469s CPU (46.7%)

Start rtl-prep.
Executing : rtl-prep successfully. Time elapsed: 0.953s wall, 0.500s user + 0.000s system = 0.500s CPU (52.5%)

Start rtl-infer.
Start DFF-inference.
W: Sdm-2014: [F:/SocFpga/soc/Hcamera_subsystem.v(line number: 160)] Feedback mux created for signal 'snapshot_dvp_frame_count_mem'. It is possible a async set/reset assignment for this is signal missing. To improve timing and area, specify a set/reset value. 
W: Sdm-2014: [F:/SocFpga/soc/Hcamera_subsystem.v(line number: 161)] Feedback mux created for signal 'snapshot_pclk_count_mem'. It is possible a async set/reset assignment for this is signal missing. To improve timing and area, specify a set/reset value. 
W: Sdm-2014: [F:/SocFpga/soc/Hcamera_subsystem.v(line number: 162)] Feedback mux created for signal 'snapshot_dvp_errors_mem'. It is possible a async set/reset assignment for this is signal missing. To improve timing and area, specify a set/reset value. 
W: Sdm-2014: [F:/SocFpga/soc/Hcamera_subsystem.v(line number: 210)] Feedback mux created for signal 'snap_frame_count_mem'. It is possible a async set/reset assignment for this is signal missing. To improve timing and area, specify a set/reset value. 
W: Sdm-2014: [F:/SocFpga/soc/Hcamera_subsystem.v(line number: 211)] Feedback mux created for signal 'snap_pixel_count_mem'. It is possible a async set/reset assignment for this is signal missing. To improve timing and area, specify a set/reset value. 
W: Sdm-2014: [F:/SocFpga/soc/Hcamera_subsystem.v(line number: 212)] Feedback mux created for signal 'snap_byte_count_mem'. It is possible a async set/reset assignment for this is signal missing. To improve timing and area, specify a set/reset value. 
W: Sdm-2014: [F:/SocFpga/soc/Hcamera_subsystem.v(line number: 213)] Feedback mux created for signal 'snap_line_count_mem'. It is possible a async set/reset assignment for this is signal missing. To improve timing and area, specify a set/reset value. 
W: Sdm-2014: [F:/SocFpga/soc/Hcamera_subsystem.v(line number: 214)] Feedback mux created for signal 'snap_current_pixel_mem'. It is possible a async set/reset assignment for this is signal missing. To improve timing and area, specify a set/reset value. 
W: Sdm-2014: [F:/SocFpga/soc/Hcamera_subsystem.v(line number: 215)] Feedback mux created for signal 'snap_current_byte_mem'. It is possible a async set/reset assignment for this is signal missing. To improve timing and area, specify a set/reset value. 
W: Sdm-2014: [F:/SocFpga/soc/Hcamera_subsystem.v(line number: 216)] Feedback mux created for signal 'snap_current_line_mem'. It is possible a async set/reset assignment for this is signal missing. To improve timing and area, specify a set/reset value. 
W: Sdm-2014: [F:/SocFpga/soc/Hcamera_subsystem.v(line number: 217)] Feedback mux created for signal 'snap_last_frame_addr_mem'. It is possible a async set/reset assignment for this is signal missing. To improve timing and area, specify a set/reset value. 
W: Sdm-2014: [F:/SocFpga/soc/Hcamera_subsystem.v(line number: 218)] Feedback mux created for signal 'snap_current_write_buffer_mem'. It is possible a async set/reset assignment for this is signal missing. To improve timing and area, specify a set/reset value. 
W: Sdm-2014: [F:/SocFpga/soc/Hcamera_subsystem.v(line number: 219)] Feedback mux created for signal 'snap_last_complete_buffer_mem'. It is possible a async set/reset assignment for this is signal missing. To improve timing and area, specify a set/reset value. 
W: Sdm-2014: [F:/SocFpga/soc/Hcamera_subsystem.v(line number: 220)] Feedback mux created for signal 'snap_checksum_mem'. It is possible a async set/reset assignment for this is signal missing. To improve timing and area, specify a set/reset value. 
W: Sdm-2014: [F:/SocFpga/soc/Hcamera_subsystem.v(line number: 221)] Feedback mux created for signal 'snap_ready_mask_mem'. It is possible a async set/reset assignment for this is signal missing. To improve timing and area, specify a set/reset value. 
W: Sdm-2014: [F:/SocFpga/soc/Hcamera_subsystem.v(line number: 222)] Feedback mux created for signal 'snap_dropped_frames_mem'. It is possible a async set/reset assignment for this is signal missing. To improve timing and area, specify a set/reset value. 
W: Sdm-2014: [F:/SocFpga/soc/Hcamera_subsystem.v(line number: 223)] Feedback mux created for signal 'snap_dma_error_code_mem'. It is possible a async set/reset assignment for this is signal missing. To improve timing and area, specify a set/reset value. 
W: Sdm-2014: [F:/SocFpga/soc/Hcamera_subsystem.v(line number: 224)] Feedback mux created for signal 'snap_dma_status_mem'. It is possible a async set/reset assignment for this is signal missing. To improve timing and area, specify a set/reset value. 
W: Sdm-2014: [F:/SocFpga/soc/Hcamera_subsystem.v(line number: 225)] Feedback mux created for signal 'snap_ddr_ready_mem'. It is possible a async set/reset assignment for this is signal missing. To improve timing and area, specify a set/reset value. 
W: Sdm-2014: [F:/SocFpga/soc/Hcamera_subsystem.v(line number: 226)] Feedback mux created for signal 'snap_fifo_level_mem'. It is possible a async set/reset assignment for this is signal missing. To improve timing and area, specify a set/reset value. 
W: Sdm-2014: [F:/SocFpga/soc/Hcamera_subsystem.v(line number: 227)] Feedback mux created for signal 'snap_fifo_error_mem'. It is possible a async set/reset assignment for this is signal missing. To improve timing and area, specify a set/reset value. 
W: Sdm-2014: [F:/SocFpga/soc/Hcamera_subsystem.v(line number: 163)] Feedback mux created for signal 'snapshot_fifo_max_mem'. It is possible a async set/reset assignment for this is signal missing. To improve timing and area, specify a set/reset value. 
W: Sdm-2014: [F:/SocFpga/soc/Hcamera_subsystem.v(line number: 228)] Feedback mux created for signal 'snap_status_mem'. It is possible a async set/reset assignment for this is signal missing. To improve timing and area, specify a set/reset value. 
W: Sdm-2014: [F:/SocFpga/soc/Hcamera_subsystem.v(line number: 160)] Feedback mux created for signal 'snapshot_dvp_frame_count_mem'. It is possible a async set/reset assignment for this is signal missing. To improve timing and area, specify a set/reset value. 
W: Sdm-2014: [F:/SocFpga/soc/Hcamera_subsystem.v(line number: 161)] Feedback mux created for signal 'snapshot_pclk_count_mem'. It is possible a async set/reset assignment for this is signal missing. To improve timing and area, specify a set/reset value. 
W: Sdm-2014: [F:/SocFpga/soc/Hcamera_subsystem.v(line number: 162)] Feedback mux created for signal 'snapshot_dvp_errors_mem'. It is possible a async set/reset assignment for this is signal missing. To improve timing and area, specify a set/reset value. 
W: Sdm-2014: [F:/SocFpga/soc/Hcamera_subsystem.v(line number: 210)] Feedback mux created for signal 'snap_frame_count_mem'. It is possible a async set/reset assignment for this is signal missing. To improve timing and area, specify a set/reset value. 
W: Sdm-2014: [F:/SocFpga/soc/Hcamera_subsystem.v(line number: 211)] Feedback mux created for signal 'snap_pixel_count_mem'. It is possible a async set/reset assignment for this is signal missing. To improve timing and area, specify a set/reset value. 
W: Sdm-2014: [F:/SocFpga/soc/Hcamera_subsystem.v(line number: 212)] Feedback mux created for signal 'snap_byte_count_mem'. It is possible a async set/reset assignment for this is signal missing. To improve timing and area, specify a set/reset value. 
W: Sdm-2014: [F:/SocFpga/soc/Hcamera_subsystem.v(line number: 213)] Feedback mux created for signal 'snap_line_count_mem'. It is possible a async set/reset assignment for this is signal missing. To improve timing and area, specify a set/reset value. 
W: Sdm-2014: [F:/SocFpga/soc/Hcamera_subsystem.v(line number: 214)] Feedback mux created for signal 'snap_current_pixel_mem'. It is possible a async set/reset assignment for this is signal missing. To improve timing and area, specify a set/reset value. 
W: Sdm-2014: [F:/SocFpga/soc/Hcamera_subsystem.v(line number: 215)] Feedback mux created for signal 'snap_current_byte_mem'. It is possible a async set/reset assignment for this is signal missing. To improve timing and area, specify a set/reset value. 
W: Sdm-2014: [F:/SocFpga/soc/Hcamera_subsystem.v(line number: 216)] Feedback mux created for signal 'snap_current_line_mem'. It is possible a async set/reset assignment for this is signal missing. To improve timing and area, specify a set/reset value. 
W: Sdm-2014: [F:/SocFpga/soc/Hcamera_subsystem.v(line number: 217)] Feedback mux created for signal 'snap_last_frame_addr_mem'. It is possible a async set/reset assignment for this is signal missing. To improve timing and area, specify a set/reset value. 
W: Sdm-2014: [F:/SocFpga/soc/Hcamera_subsystem.v(line number: 218)] Feedback mux created for signal 'snap_current_write_buffer_mem'. It is possible a async set/reset assignment for this is signal missing. To improve timing and area, specify a set/reset value. 
W: Sdm-2014: [F:/SocFpga/soc/Hcamera_subsystem.v(line number: 219)] Feedback mux created for signal 'snap_last_complete_buffer_mem'. It is possible a async set/reset assignment for this is signal missing. To improve timing and area, specify a set/reset value. 
W: Sdm-2014: [F:/SocFpga/soc/Hcamera_subsystem.v(line number: 220)] Feedback mux created for signal 'snap_checksum_mem'. It is possible a async set/reset assignment for this is signal missing. To improve timing and area, specify a set/reset value. 
W: Sdm-2014: [F:/SocFpga/soc/Hcamera_subsystem.v(line number: 221)] Feedback mux created for signal 'snap_ready_mask_mem'. It is possible a async set/reset assignment for this is signal missing. To improve timing and area, specify a set/reset value. 
W: Sdm-2014: [F:/SocFpga/soc/Hcamera_subsystem.v(line number: 222)] Feedback mux created for signal 'snap_dropped_frames_mem'. It is possible a async set/reset assignment for this is signal missing. To improve timing and area, specify a set/reset value. 
W: Sdm-2014: [F:/SocFpga/soc/Hcamera_subsystem.v(line number: 223)] Feedback mux created for signal 'snap_dma_error_code_mem'. It is possible a async set/reset assignment for this is signal missing. To improve timing and area, specify a set/reset value. 
W: Sdm-2014: [F:/SocFpga/soc/Hcamera_subsystem.v(line number: 224)] Feedback mux created for signal 'snap_dma_status_mem'. It is possible a async set/reset assignment for this is signal missing. To improve timing and area, specify a set/reset value. 
W: Sdm-2014: [F:/SocFpga/soc/Hcamera_subsystem.v(line number: 225)] Feedback mux created for signal 'snap_ddr_ready_mem'. It is possible a async set/reset assignment for this is signal missing. To improve timing and area, specify a set/reset value. 
W: Sdm-2014: [F:/SocFpga/soc/Hcamera_subsystem.v(line number: 226)] Feedback mux created for signal 'snap_fifo_level_mem'. It is possible a async set/reset assignment for this is signal missing. To improve timing and area, specify a set/reset value. 
W: Sdm-2014: [F:/SocFpga/soc/Hcamera_subsystem.v(line number: 227)] Feedback mux created for signal 'snap_fifo_error_mem'. It is possible a async set/reset assignment for this is signal missing. To improve timing and area, specify a set/reset value. 
W: Sdm-2014: [F:/SocFpga/soc/Hcamera_subsystem.v(line number: 163)] Feedback mux created for signal 'snapshot_fifo_max_mem'. It is possible a async set/reset assignment for this is signal missing. To improve timing and area, specify a set/reset value. 
W: Sdm-2014: [F:/SocFpga/soc/Hcamera_subsystem.v(line number: 228)] Feedback mux created for signal 'snap_status_mem'. It is possible a async set/reset assignment for this is signal missing. To improve timing and area, specify a set/reset value. 
W: Sdm-2000: [F:/SocFpga/soc/Hcamera_dma.v(line number: 137)] Removed register node g_ddr_profile.u_cam1/u_dma/timeout_count[31] that is stuck at constant 0.
W: Sdm-2000: [F:/SocFpga/soc/Hcamera_dma.v(line number: 137)] Removed register node g_ddr_profile.u_cam1/u_dma/timeout_count[30] that is stuck at constant 0.
W: Sdm-2000: [F:/SocFpga/soc/Hcamera_dma.v(line number: 137)] Removed register node g_ddr_profile.u_cam1/u_dma/timeout_count[29] that is stuck at constant 0.
W: Sdm-2000: [F:/SocFpga/soc/Hcamera_dma.v(line number: 137)] Removed register node g_ddr_profile.u_cam1/u_dma/timeout_count[28] that is stuck at constant 0.
W: Sdm-2000: [F:/SocFpga/soc/Hcamera_dma.v(line number: 137)] Removed register node g_ddr_profile.u_cam1/u_dma/timeout_count[27] that is stuck at constant 0.
W: Sdm-2000: [F:/SocFpga/soc/Hcamera_dma.v(line number: 137)] Removed register node g_ddr_profile.u_cam1/u_dma/timeout_count[26] that is stuck at constant 0.
W: Sdm-2000: [F:/SocFpga/soc/Hcamera_dma.v(line number: 137)] Removed register node g_ddr_profile.u_cam1/u_dma/timeout_count[25] that is stuck at constant 0.
W: Sdm-2000: [F:/SocFpga/soc/Hcamera_dma.v(line number: 137)] Removed register node g_ddr_profile.u_cam1/u_dma/timeout_count[24] that is stuck at constant 0.
W: Sdm-2000: [F:/SocFpga/soc/Hcamera_dma.v(line number: 137)] Removed register node g_ddr_profile.u_cam1/u_dma/timeout_count[23] that is stuck at constant 0.
W: Sdm-2000: [F:/SocFpga/soc/Hcamera_dma.v(line number: 137)] Removed register node g_ddr_profile.u_cam1/u_dma/timeout_count[22] that is stuck at constant 0.
W: Sdm-2000: [F:/SocFpga/soc/Hcamera_dma.v(line number: 137)] Removed register node g_ddr_profile.u_cam1/u_dma/timeout_count[21] that is stuck at constant 0.
W: Sdm-2000: [F:/SocFpga/soc/Hcamera_dma.v(line number: 137)] Removed register node g_ddr_profile.u_cam1/u_dma/timeout_count[20] that is stuck at constant 0.
W: Sdm-2000: [F:/SocFpga/soc/Hcamera_preprocess.v(line number: 215)] Removed register node g_ddr_profile.u_preprocess_stereo/cameras[1].u_preprocess/wait_count[31] that is stuck at constant 0.
W: Sdm-2000: [F:/SocFpga/soc/Hcamera_preprocess.v(line number: 215)] Removed register node g_ddr_profile.u_preprocess_stereo/cameras[1].u_preprocess/wait_count[30] that is stuck at constant 0.
W: Sdm-2000: [F:/SocFpga/soc/Hcamera_preprocess.v(line number: 215)] Removed register node g_ddr_profile.u_preprocess_stereo/cameras[1].u_preprocess/wait_count[29] that is stuck at constant 0.
W: Sdm-2000: [F:/SocFpga/soc/Hcamera_preprocess.v(line number: 215)] Removed register node g_ddr_profile.u_preprocess_stereo/cameras[1].u_preprocess/wait_count[28] that is stuck at constant 0.
W: Sdm-2000: [F:/SocFpga/soc/Hcamera_preprocess.v(line number: 215)] Removed register node g_ddr_profile.u_preprocess_stereo/cameras[1].u_preprocess/wait_count[27] that is stuck at constant 0.
W: Sdm-2000: [F:/SocFpga/soc/Hcamera_preprocess.v(line number: 215)] Removed register node g_ddr_profile.u_preprocess_stereo/cameras[1].u_preprocess/wait_count[26] that is stuck at constant 0.
W: Sdm-2000: [F:/SocFpga/soc/Hcamera_preprocess.v(line number: 215)] Removed register node g_ddr_profile.u_preprocess_stereo/cameras[1].u_preprocess/wait_count[25] that is stuck at constant 0.
W: Sdm-2000: [F:/SocFpga/soc/Hcamera_preprocess.v(line number: 215)] Removed register node g_ddr_profile.u_preprocess_stereo/cameras[1].u_preprocess/wait_count[24] that is stuck at constant 0.
W: Sdm-2000: [F:/SocFpga/soc/Hcamera_preprocess.v(line number: 215)] Removed register node g_ddr_profile.u_preprocess_stereo/cameras[1].u_preprocess/wait_count[23] that is stuck at constant 0.
W: Sdm-2000: [F:/SocFpga/soc/Hcamera_preprocess.v(line number: 215)] Removed register node g_ddr_profile.u_preprocess_stereo/cameras[1].u_preprocess/wait_count[22] that is stuck at constant 0.
W: Sdm-2000: [F:/SocFpga/soc/Hcamera_preprocess.v(line number: 215)] Removed register node g_ddr_profile.u_preprocess_stereo/cameras[1].u_preprocess/wait_count[21] that is stuck at constant 0.
W: Sdm-2000: [F:/SocFpga/soc/Hcamera_preprocess.v(line number: 215)] Removed register node g_ddr_profile.u_preprocess_stereo/cameras[1].u_preprocess/wait_count[20] that is stuck at constant 0.
W: Sdm-2000: [F:/SocFpga/soc/Hcamera_preprocess.v(line number: 215)] Removed register node g_ddr_profile.u_preprocess_stereo/cameras[0].u_preprocess/wait_count[31] that is stuck at constant 0.
W: Sdm-2000: [F:/SocFpga/soc/Hcamera_preprocess.v(line number: 215)] Removed register node g_ddr_profile.u_preprocess_stereo/cameras[0].u_preprocess/wait_count[30] that is stuck at constant 0.
W: Sdm-2000: [F:/SocFpga/soc/Hcamera_preprocess.v(line number: 215)] Removed register node g_ddr_profile.u_preprocess_stereo/cameras[0].u_preprocess/wait_count[29] that is stuck at constant 0.
W: Sdm-2000: [F:/SocFpga/soc/Hcamera_preprocess.v(line number: 215)] Removed register node g_ddr_profile.u_preprocess_stereo/cameras[0].u_preprocess/wait_count[28] that is stuck at constant 0.
W: Sdm-2000: [F:/SocFpga/soc/Hcamera_preprocess.v(line number: 215)] Removed register node g_ddr_profile.u_preprocess_stereo/cameras[0].u_preprocess/wait_count[27] that is stuck at constant 0.
W: Sdm-2000: [F:/SocFpga/soc/Hcamera_preprocess.v(line number: 215)] Removed register node g_ddr_profile.u_preprocess_stereo/cameras[0].u_preprocess/wait_count[26] that is stuck at constant 0.
W: Sdm-2000: [F:/SocFpga/soc/Hcamera_preprocess.v(line number: 215)] Removed register node g_ddr_profile.u_preprocess_stereo/cameras[0].u_preprocess/wait_count[25] that is stuck at constant 0.
W: Sdm-2000: [F:/SocFpga/soc/Hcamera_preprocess.v(line number: 215)] Removed register node g_ddr_profile.u_preprocess_stereo/cameras[0].u_preprocess/wait_count[24] that is stuck at constant 0.
W: Sdm-2000: [F:/SocFpga/soc/Hcamera_preprocess.v(line number: 215)] Removed register node g_ddr_profile.u_preprocess_stereo/cameras[0].u_preprocess/wait_count[23] that is stuck at constant 0.
W: Sdm-2000: [F:/SocFpga/soc/Hcamera_preprocess.v(line number: 215)] Removed register node g_ddr_profile.u_preprocess_stereo/cameras[0].u_preprocess/wait_count[22] that is stuck at constant 0.
W: Sdm-2000: [F:/SocFpga/soc/Hcamera_preprocess.v(line number: 215)] Removed register node g_ddr_profile.u_preprocess_stereo/cameras[0].u_preprocess/wait_count[21] that is stuck at constant 0.
W: Sdm-2000: [F:/SocFpga/soc/Hcamera_preprocess.v(line number: 215)] Removed register node g_ddr_profile.u_preprocess_stereo/cameras[0].u_preprocess/wait_count[20] that is stuck at constant 0.
W: Sdm-2000: [F:/SocFpga/soc/Hcamera_dma.v(line number: 137)] Removed register node g_ddr_profile.u_cam2/u_dma/timeout_count[31] that is stuck at constant 0.
W: Sdm-2000: [F:/SocFpga/soc/Hcamera_dma.v(line number: 137)] Removed register node g_ddr_profile.u_cam2/u_dma/timeout_count[30] that is stuck at constant 0.
W: Sdm-2000: [F:/SocFpga/soc/Hcamera_dma.v(line number: 137)] Removed register node g_ddr_profile.u_cam2/u_dma/timeout_count[29] that is stuck at constant 0.
W: Sdm-2000: [F:/SocFpga/soc/Hcamera_dma.v(line number: 137)] Removed register node g_ddr_profile.u_cam2/u_dma/timeout_count[28] that is stuck at constant 0.
W: Sdm-2000: [F:/SocFpga/soc/Hcamera_dma.v(line number: 137)] Removed register node g_ddr_profile.u_cam2/u_dma/timeout_count[27] that is stuck at constant 0.
W: Sdm-2000: [F:/SocFpga/soc/Hcamera_dma.v(line number: 137)] Removed register node g_ddr_profile.u_cam2/u_dma/timeout_count[26] that is stuck at constant 0.
W: Sdm-2000: [F:/SocFpga/soc/Hcamera_dma.v(line number: 137)] Removed register node g_ddr_profile.u_cam2/u_dma/timeout_count[25] that is stuck at constant 0.
W: Sdm-2000: [F:/SocFpga/soc/Hcamera_dma.v(line number: 137)] Removed register node g_ddr_profile.u_cam2/u_dma/timeout_count[24] that is stuck at constant 0.
W: Sdm-2000: [F:/SocFpga/soc/Hcamera_dma.v(line number: 137)] Removed register node g_ddr_profile.u_cam2/u_dma/timeout_count[23] that is stuck at constant 0.
W: Sdm-2000: [F:/SocFpga/soc/Hcamera_dma.v(line number: 137)] Removed register node g_ddr_profile.u_cam2/u_dma/timeout_count[22] that is stuck at constant 0.
W: Sdm-2000: [F:/SocFpga/soc/Hcamera_dma.v(line number: 137)] Removed register node g_ddr_profile.u_cam2/u_dma/timeout_count[21] that is stuck at constant 0.
W: Sdm-2000: [F:/SocFpga/soc/Hcamera_dma.v(line number: 137)] Removed register node g_ddr_profile.u_cam2/u_dma/timeout_count[20] that is stuck at constant 0.
W: Sdm-2014: [F:/SocFpga/jtag/jtag_dm.v(line number: 61)] Feedback mux created for signal 'dm_mem_wdata'. It is possible a async set/reset assignment for this is signal missing. To improve timing and area, specify a set/reset value. 
W: Sdm-2000: [F:/SocFpga/soc/flash_boot/flash_ddr_loader.v(line number: 94)] Removed register node g_ddr_profile.u_flash_ddr_boot/u_loader/timeout_count[31] that is stuck at constant 0.
W: Sdm-2000: [F:/SocFpga/soc/flash_boot/flash_ddr_loader.v(line number: 94)] Removed register node g_ddr_profile.u_flash_ddr_boot/u_loader/timeout_count[30] that is stuck at constant 0.
W: Sdm-2000: [F:/SocFpga/soc/flash_boot/flash_ddr_loader.v(line number: 94)] Removed register node g_ddr_profile.u_flash_ddr_boot/u_loader/timeout_count[29] that is stuck at constant 0.
W: Sdm-2000: [F:/SocFpga/soc/flash_boot/flash_ddr_loader.v(line number: 94)] Removed register node g_ddr_profile.u_flash_ddr_boot/u_loader/timeout_count[28] that is stuck at constant 0.
W: Sdm-2000: [F:/SocFpga/soc/flash_boot/flash_ddr_loader.v(line number: 94)] Removed register node g_ddr_profile.u_flash_ddr_boot/u_loader/timeout_count[27] that is stuck at constant 0.
I: Removed inst ddrphy_update_req that is redundant to update_start.
I: Removed inst wrlvl_cs_n that is redundant to wrlvl_cas_n.
I: Removed inst wrlvl_we_n that is redundant to wrlvl_cas_n.
I: Removed inst genblk2.init_ras_n that is redundant to genblk2.init_cas_n.
I: Removed inst dqs_gate_comp_en_r that is redundant to dqs_gate_comp_done.
Executing : DFF-inference successfully.
W: Sdm-2000: [F:/SocFpga/jtag/jtag_dm.v(line number: 117)] Removed register node g_ddr_profile.u_jtag/u_jtag_dm/dm_reg_we that is stuck at constant 0.
W: Sdm-2000: [F:/SocFpga/jtag/jtag_dm.v(line number: 117)] Removed register node g_ddr_profile.u_jtag/u_jtag_dm/hartinfo[31] that is stuck at constant 0.
W: Sdm-2000: [F:/SocFpga/jtag/jtag_dm.v(line number: 117)] Removed register node g_ddr_profile.u_jtag/u_jtag_dm/hartinfo[30] that is stuck at constant 0.
W: Sdm-2000: [F:/SocFpga/jtag/jtag_dm.v(line number: 117)] Removed register node g_ddr_profile.u_jtag/u_jtag_dm/hartinfo[29] that is stuck at constant 0.
W: Sdm-2000: [F:/SocFpga/jtag/jtag_dm.v(line number: 117)] Removed register node g_ddr_profile.u_jtag/u_jtag_dm/hartinfo[28] that is stuck at constant 0.
W: Sdm-2000: [F:/SocFpga/jtag/jtag_dm.v(line number: 117)] Removed register node g_ddr_profile.u_jtag/u_jtag_dm/hartinfo[27] that is stuck at constant 0.
W: Sdm-2000: [F:/SocFpga/jtag/jtag_dm.v(line number: 117)] Removed register node g_ddr_profile.u_jtag/u_jtag_dm/hartinfo[26] that is stuck at constant 0.
W: Sdm-2000: [F:/SocFpga/jtag/jtag_dm.v(line number: 117)] Removed register node g_ddr_profile.u_jtag/u_jtag_dm/hartinfo[25] that is stuck at constant 0.
W: Sdm-2000: [F:/SocFpga/jtag/jtag_dm.v(line number: 117)] Removed register node g_ddr_profile.u_jtag/u_jtag_dm/hartinfo[24] that is stuck at constant 0.
W: Sdm-2000: [F:/SocFpga/jtag/jtag_dm.v(line number: 117)] Removed register node g_ddr_profile.u_jtag/u_jtag_dm/hartinfo[23] that is stuck at constant 0.
W: Sdm-2000: [F:/SocFpga/jtag/jtag_dm.v(line number: 117)] Removed register node g_ddr_profile.u_jtag/u_jtag_dm/hartinfo[22] that is stuck at constant 0.
W: Sdm-2000: [F:/SocFpga/jtag/jtag_dm.v(line number: 117)] Removed register node g_ddr_profile.u_jtag/u_jtag_dm/hartinfo[21] that is stuck at constant 0.
W: Sdm-2000: [F:/SocFpga/jtag/jtag_dm.v(line number: 117)] Removed register node g_ddr_profile.u_jtag/u_jtag_dm/hartinfo[20] that is stuck at constant 0.
W: Sdm-2000: [F:/SocFpga/jtag/jtag_dm.v(line number: 117)] Removed register node g_ddr_profile.u_jtag/u_jtag_dm/hartinfo[19] that is stuck at constant 0.
W: Sdm-2000: [F:/SocFpga/jtag/jtag_dm.v(line number: 117)] Removed register node g_ddr_profile.u_jtag/u_jtag_dm/hartinfo[18] that is stuck at constant 0.
W: Sdm-2000: [F:/SocFpga/jtag/jtag_dm.v(line number: 117)] Removed register node g_ddr_profile.u_jtag/u_jtag_dm/hartinfo[17] that is stuck at constant 0.
W: Sdm-2000: [F:/SocFpga/jtag/jtag_dm.v(line number: 117)] Removed register node g_ddr_profile.u_jtag/u_jtag_dm/hartinfo[16] that is stuck at constant 0.
W: Sdm-2000: [F:/SocFpga/jtag/jtag_dm.v(line number: 117)] Removed register node g_ddr_profile.u_jtag/u_jtag_dm/hartinfo[15] that is stuck at constant 0.
W: Sdm-2000: [F:/SocFpga/jtag/jtag_dm.v(line number: 117)] Removed register node g_ddr_profile.u_jtag/u_jtag_dm/hartinfo[14] that is stuck at constant 0.
W: Sdm-2000: [F:/SocFpga/jtag/jtag_dm.v(line number: 117)] Removed register node g_ddr_profile.u_jtag/u_jtag_dm/hartinfo[13] that is stuck at constant 0.
W: Sdm-2000: [F:/SocFpga/jtag/jtag_dm.v(line number: 117)] Removed register node g_ddr_profile.u_jtag/u_jtag_dm/hartinfo[12] that is stuck at constant 0.
W: Sdm-2000: [F:/SocFpga/jtag/jtag_dm.v(line number: 117)] Removed register node g_ddr_profile.u_jtag/u_jtag_dm/hartinfo[11] that is stuck at constant 0.
W: Sdm-2000: [F:/SocFpga/jtag/jtag_dm.v(line number: 117)] Removed register node g_ddr_profile.u_jtag/u_jtag_dm/hartinfo[10] that is stuck at constant 0.
W: Sdm-2000: [F:/SocFpga/jtag/jtag_dm.v(line number: 117)] Removed register node g_ddr_profile.u_jtag/u_jtag_dm/hartinfo[9] that is stuck at constant 0.
W: Sdm-2000: [F:/SocFpga/jtag/jtag_dm.v(line number: 117)] Removed register node g_ddr_profile.u_jtag/u_jtag_dm/hartinfo[8] that is stuck at constant 0.
W: Sdm-2000: [F:/SocFpga/jtag/jtag_dm.v(line number: 117)] Removed register node g_ddr_profile.u_jtag/u_jtag_dm/hartinfo[7] that is stuck at constant 0.
W: Sdm-2000: [F:/SocFpga/jtag/jtag_dm.v(line number: 117)] Removed register node g_ddr_profile.u_jtag/u_jtag_dm/hartinfo[6] that is stuck at constant 0.
W: Sdm-2000: [F:/SocFpga/jtag/jtag_dm.v(line number: 117)] Removed register node g_ddr_profile.u_jtag/u_jtag_dm/hartinfo[5] that is stuck at constant 0.
W: Sdm-2000: [F:/SocFpga/jtag/jtag_dm.v(line number: 117)] Removed register node g_ddr_profile.u_jtag/u_jtag_dm/hartinfo[4] that is stuck at constant 0.
W: Sdm-2000: [F:/SocFpga/jtag/jtag_dm.v(line number: 117)] Removed register node g_ddr_profile.u_jtag/u_jtag_dm/hartinfo[3] that is stuck at constant 0.
W: Sdm-2000: [F:/SocFpga/jtag/jtag_dm.v(line number: 117)] Removed register node g_ddr_profile.u_jtag/u_jtag_dm/hartinfo[2] that is stuck at constant 0.
W: Sdm-2000: [F:/SocFpga/jtag/jtag_dm.v(line number: 117)] Removed register node g_ddr_profile.u_jtag/u_jtag_dm/hartinfo[1] that is stuck at constant 0.
W: Sdm-2000: [F:/SocFpga/jtag/jtag_dm.v(line number: 117)] Removed register node g_ddr_profile.u_jtag/u_jtag_dm/hartinfo[0] that is stuck at constant 0.
W: Sdm-2000: [F:/SocFpga/cpu/axi_bridge.v(line number: 224)] Removed register node g_ddr_profile.u_cpu/u_axi_bridge/rready that is stuck at constant 1.
W: Sdm-2000: [F:/SocFpga/IP/ddr3_ctrl_v116/rtl/ddrphy/ips2l_ddrphy_gate_update_ctrl_v1_11.vp(line number: 181)] Removed register node g_ddr_profile.u_ddr3_ctrl/u_ddrphy_top/ddrphy_gate_update_ctrl/update_start that is stuck at constant 0.
W: Sdm-2000: [F:/SocFpga/IP/ddr3_ctrl_v116/rtl/mcdq/mac/ips2l_mcdq_mpr_v1_5.vp(line number: 530)] Removed register node g_ddr_profile.u_ddr3_ctrl/u_ips_ddrc_top/mcdq_mac_top/mcdq_mpr/mpr_bg[1] that is stuck at constant 0.
W: Sdm-2000: [F:/SocFpga/IP/ddr3_ctrl_v116/rtl/mcdq/mac/ips2l_mcdq_mpr_v1_5.vp(line number: 530)] Removed register node g_ddr_profile.u_ddr3_ctrl/u_ips_ddrc_top/mcdq_mac_top/mcdq_mpr/mpr_bg[0] that is stuck at constant 0.
W: Sdm-2000: [F:/SocFpga/IP/ddr3_ctrl_v116/rtl/ddrphy/ips2l_ddrphy_eyecal_v1_5.vp(line number: 461)] Removed register node g_ddr_profile.u_ddr3_ctrl/u_ddrphy_top/ddrphy_calib_top/ddrphy_eyecal/eyecal_ba[2] that is stuck at constant 0.
W: Sdm-2000: [F:/SocFpga/IP/ddr3_ctrl_v116/rtl/ddrphy/ips2l_ddrphy_eyecal_v1_5.vp(line number: 461)] Removed register node g_ddr_profile.u_ddr3_ctrl/u_ddrphy_top/ddrphy_calib_top/ddrphy_eyecal/eyecal_ba[1] that is stuck at constant 0.
W: Sdm-2000: [F:/SocFpga/IP/ddr3_ctrl_v116/rtl/ddrphy/ips2l_ddrphy_eyecal_v1_5.vp(line number: 461)] Removed register node g_ddr_profile.u_ddr3_ctrl/u_ddrphy_top/ddrphy_calib_top/ddrphy_eyecal/eyecal_ba[0] that is stuck at constant 0.
W: Sdm-2000: [F:/SocFpga/IP/ddr3_ctrl_v116/rtl/ddrphy/ips2l_ddrphy_wrcal_v1_16.vp(line number: 794)] Removed register node g_ddr_profile.u_ddr3_ctrl/u_ddrphy_top/ddrphy_calib_top/ddrphy_wrcal/wrcal_ba[2] that is stuck at constant 0.
W: Sdm-2000: [F:/SocFpga/IP/ddr3_ctrl_v116/rtl/ddrphy/ips2l_ddrphy_wrcal_v1_16.vp(line number: 794)] Removed register node g_ddr_profile.u_ddr3_ctrl/u_ddrphy_top/ddrphy_calib_top/ddrphy_wrcal/wrcal_ba[1] that is stuck at constant 0.
W: Sdm-2000: [F:/SocFpga/IP/ddr3_ctrl_v116/rtl/ddrphy/ips2l_ddrphy_wrcal_v1_16.vp(line number: 794)] Removed register node g_ddr_profile.u_ddr3_ctrl/u_ddrphy_top/ddrphy_calib_top/ddrphy_wrcal/wrcal_ba[0] that is stuck at constant 0.
I: Removed inst pclk_combined_ack that is redundant to pclk_ack_seen.
I: Removed inst pclk_combined_ack that is redundant to pclk_ack_seen.
I: Removed inst snapshot_req_seen_ddr that is redundant to snapshot_ack_toggle_ddr.
I: Sdm-0001: [F:/SocFpga/soc/Hcamera_async_fifo.v(line number: 95)] Found Ram mem, depth=1024, width=18.
I: Removed inst expected_word[31:0] that is redundant to ddr_req_wdata[31:0].
I: Removed inst mrs2dfi_ras_n that is redundant to mrs2dfi_cs_n.
I: Removed inst lp_ras_n[1:0] that is redundant to lp_cs_n[1:0].
I: Sdm-0001: [F:/SocFpga/IP/ddr3_ctrl_v116/rtl/mcdq/distributed_fifo/rtl/ips2l_distributed_sdpram_v1_0_distributed_fifo_v1_0.vp(line number: 214)] Found Ram mem, depth=16, width=2.
I: Sdm-0001: [F:/SocFpga/IP/ddr3_ctrl_v116/rtl/mcdq/distributed_fifo/rtl/ips2l_distributed_sdpram_v1_0_distributed_fifo_v1_0.vp(line number: 214)] Found Ram mem, depth=32, width=11.
I: Sdm-0001: [F:/SocFpga/IP/ddr3_ctrl_v116/rtl/mcdq/distributed_fifo/rtl/ips2l_distributed_sdpram_v1_0_distributed_fifo_v1_0.vp(line number: 214)] Found Ram mem, depth=16, width=49.
I: Sdm-0001: [F:/SocFpga/IP/ddr3_ctrl_v116/rtl/mcdq/distributed_fifo/rtl/ips2l_distributed_sdpram_v1_0_distributed_fifo_v1_0.vp(line number: 214)] Found Ram mem, depth=16, width=51.
I: Sdm-0001: [F:/SocFpga/IP/ddr3_ctrl_v116/rtl/mcdq/distributed_fifo/rtl/ips2l_distributed_sdpram_v1_0_distributed_fifo_v1_0.vp(line number: 214)] Found Ram mem, depth=16, width=32.
I: Sdm-0001: [F:/SocFpga/IP/ddr3_ctrl_v116/rtl/mcdq/distributed_fifo/rtl/ips2l_distributed_sdpram_v1_0_distributed_fifo_v1_0.vp(line number: 214)] Found Ram mem, depth=16, width=33.
I: Sdm-0001: [F:/SocFpga/IP/ddr3_ctrl_v116/rtl/mcdq/distributed_fifo/rtl/ips2l_distributed_sdpram_v1_0_distributed_fifo_v1_0.vp(line number: 214)] Found Ram mem, depth=16, width=42.
I: Sdm-0001: [F:/SocFpga/IP/ddr3_ctrl_v116/rtl/mcdq/distributed_fifo/rtl/ips2l_distributed_sdpram_v1_0_distributed_fifo_v1_0.vp(line number: 214)] Found Ram mem, depth=32, width=32.
I: Sdm-0001: [F:/SocFpga/IP/ddr3_ctrl_v116/rtl/mcdq/distributed_fifo/rtl/ips2l_distributed_sdpram_v1_0_distributed_fifo_v1_0.vp(line number: 214)] Found Ram mem, depth=32, width=10.
I: Sdm-0001: [F:/SocFpga/IP/ddr3_ctrl_v116/rtl/mcdq/distributed_fifo/rtl/ips2l_distributed_sdpram_v1_0_distributed_fifo_v1_0.vp(line number: 214)] Found Ram mem, depth=16, width=11.
I: Sdm-0001: [F:/SocFpga/IP/ddr3_ctrl_v116/rtl/mcdq/distributed_fifo/rtl/ips2l_distributed_sdpram_v1_0_distributed_fifo_v1_0.vp(line number: 214)] Found Ram mem, depth=64, width=32.
Executing : rtl-infer successfully. Time elapsed: 71.354s wall, 13.438s user + 3.734s system = 17.172s CPU (24.1%)

Start rtl-control-opt.
Executing : rtl-control-opt successfully. Time elapsed: 0.664s wall, 0.172s user + 0.000s system = 0.172s CPU (25.9%)

Start rtl-data-opt.
W: Sdm-2000: [F:/SocFpga/IP/ddr3_ctrl_v116/rtl/ddrphy/ips2l_ddrphy_rst_clk_phase_adj_v1_14.vp(line number: 352)] Removed register node g_ddr_profile.u_ddr3_ctrl/u_ddrphy_top/u_ips2l_ddrphy_rst_clk_phase_adj/rst_clk_adj_dir that is stuck at constant 0.
Executing : rtl-data-opt successfully. Time elapsed: 3.671s wall, 0.578s user + 0.000s system = 0.578s CPU (15.7%)

Start FSM inference.
I: FSM state_fsm[3:0] inferred.
FSM state_fsm[3:0] STG:
Number of reachable states: 7
Input nets: N59 N77 N465 N473 N476 N483 N497 axi_arvalid axi_awvalid axi_bready axi_rready axi_wvalid ddr_req_ready ddr_rsp_valid mmio_req_ready read_last rst_n write_last write_region[1:0] 
S0(0000)-->S1(0001): x11xxxx10xxxxxxx1xxx
S0(0000)-->S4(0100): x11xxxxx1xxxxxxx1xxx
S1(0001)-->S2(0010): xxxxx1xxxxxx1xxxxxxx
S1(0001)-->S3(0011): xxx0x0xxxxxxxxxxxxxx
S1(0001)-->S3(0011): xxxxx0xxxxxxxx1xxxxx
S2(0010)-->S3(0011): xxxxxxxxxxxxx1xxxxxx
S3(0011)-->S1(0001): 0xxxxxxxxx1xxxxx1xxx
S3(0011)-->S1(0001): xxxxxxxxxx1xxxx01xxx
S4(0100)-->S5(0101): xxxx1xxxxxx11xxx1x10
S4(0100)-->S6(0110): xxxx0xxxxxx1xxxx11xx
S4(0100)-->S6(0110): xxxxxxxxxxx1xx1x110x
S4(0100)-->S6(0110): xxxxxxxxxxx1xxxx1111
S4(0100)-->S6(0110): xxxxxxxxxxx1xxxx1100
S5(0101)-->S4(0100): xxxxxxxxxxxxx1xxx0xx
S5(0101)-->S6(0110): xxxxxxxxxxxxx1xxx1xx
S6(0110)-->S0(0000): xxxxxxxxx1xxxxxx1xxx
S3(0011)-->S0(0000): 1xxxxxxxxx1xxxx11xxx

I: FSM jtag_state_fsm[2:0] inferred.
FSM jtag_state_fsm[2:0] STG:
Number of reachable states: 4
Input nets: N73 N77 N85 N97 N163 N342 N351 N404 ddr_req_ready ddr_rsp_valid jtag_cmd_valid 
S0(000)-->S1(001): 1111x01xxx1
S0(000)-->S3(011): 1111x1xxxx1
S0(000)-->S3(011): 1111xx0xxx1
S1(001)-->S2(010): xxxxxxxx1xx
S2(010)-->S3(011): xxxxxxxxx1x
S3(011)-->S0(000): xxxxxxx1xxx
S0(000)-->S0(000): 01xxxxxxxxx
S0(000)-->S0(000): x10xxxxxxxx
S0(000)-->S0(000): x1x0xxxxxxx
S0(000)-->S0(000): x1xxxxxxxx0
S3(011)-->S0(000): x1xxxxx1xxx

I: FSM cpu_snapshot_state_fsm[1:0] inferred.
FSM cpu_snapshot_state_fsm[1:0] STG:
Number of reachable states: 3
Input nets: N459 N472 N1371 
S0(00)-->S1(01): 1xx
S1(01)-->S2(10): xx1
S2(10)-->S0(00): x1x
S1(01)-->S0(00): x1x

I: FSM mem_snapshot_state_fsm[1:0] inferred.
FSM mem_snapshot_state_fsm[1:0] STG:
Number of reachable states: 3
Input nets: N226 N233 
S0(00)-->S1(01): 1x
S1(01)-->S2(10): x1
S2(10)-->S0(00): xx

I: FSM cpu_snapshot_state_fsm[1:0] inferred.
FSM cpu_snapshot_state_fsm[1:0] STG:
Number of reachable states: 3
Input nets: N459 N472 N1371 
S0(00)-->S1(01): 1xx
S1(01)-->S2(10): xx1
S2(10)-->S0(00): x1x
S1(01)-->S0(00): x1x

I: FSM mem_snapshot_state_fsm[1:0] inferred.
FSM mem_snapshot_state_fsm[1:0] STG:
Number of reachable states: 3
Input nets: N226 N233 
S0(00)-->S1(01): 1x
S1(01)-->S2(10): x1
S2(10)-->S0(00): xx

I: FSM write_state_fsm[1:0] inferred.
FSM write_state_fsm[1:0] STG:
Number of reachable states: 3
Input nets: N43 N74 N311 ddr_axi_bvalid ddr_axi_wlast ddr_axi_wready 
S0(00)-->S1(01): xx1xxx
S1(01)-->S2(10): 1xxx11
S2(10)-->S0(00): x1x1xx

I: FSM state_ddr_fsm[2:0] inferred.
FSM state_ddr_fsm[2:0] STG:
Number of reachable states: 5
Input nets: N117 aw_done_ddr axi_arready axi_awready axi_bvalid axi_rvalid axi_wready req_write_cpu w_done_ddr 
S0(000)-->S1(001): 1xxxxxx1x
S0(000)-->S3(011): 1xxxxxx0x
S1(001)-->S2(010): x1xxxx1xx
S1(001)-->S2(010): x1xxxxxx1
S1(001)-->S2(010): xxx1xx1xx
S1(001)-->S2(010): xxx1xxxx1
S3(011)-->S4(100): xx1xxxxxx
S4(100)-->S0(000): xxxxx1xxx
S2(010)-->S0(000): xxxx1xxxx

W: Loop was found during constant probe.
I: FSM main_state_fsm[3:0] inferred.
FSM main_state_fsm[3:0] STG:
Number of reachable states: 4
Input nets: N10 N72 N570 flush rd_rdy 
S0(0001)-->S1(0010): 1xxxx
S1(0010)-->S2(0100): xx0xx
S1(0010)-->S0(0001): xx1xx
S2(0100)-->S3(1000): xxxx1
S3(1000)-->S0(0001): x1xxx
S2(0100)-->S0(0001): xxx10

I: FSM main_state_fsm[4:0] inferred.
FSM main_state_fsm[4:0] STG:
Number of reachable states: 5
Input nets: N817 N840 N945 cache_hit main_idle2lookup rd_rdy wr_rdy 
S0(00001)-->S1(00010): xx1x1xx
S1(00010)-->S2(00100): 1xx0xxx
S1(00010)-->S3(01000): 0xx0xxx
S2(00100)-->S3(01000): xxxxxx1
S3(01000)-->S4(10000): xxxxx1x
S4(10000)-->S0(00001): x1xxxxx
S1(00010)-->S0(00001): xxx1xxx

I: FSM arlen_fsm[7:0] inferred.
FSM arlen_fsm[7:0] STG:
Number of reachable states: 2
Input nets: N661 N662 data_rd_cache_line inst_rd_cache_line 
S0(00000000)-->S0(00000000): 1x0x
S1(00000011)-->S0(00000000): 1x0x
S0(00000000)-->S0(00000000): x1x0
S1(00000011)-->S0(00000000): x1x0
S0(00000000)-->S1(00000011): 1x1x
S1(00000011)-->S1(00000011): 1x1x
S0(00000000)-->S1(00000011): x1x1
S1(00000011)-->S1(00000011): x1x1

I: FSM write_requst_state_fsm[2:0] inferred.
FSM write_requst_state_fsm[2:0] STG:
Number of reachable states: 4
Input nets: N15 awready data_wr_req wlast wready 
S0(000)-->S2(101): xx1xx
S1(100)-->S1(100): xxx01
S1(100)-->S3(110): xxx11
S2(101)-->S1(100): x1xxx
S3(110)-->S0(000): 1xxxx

I: FSM jtag_state_fsm[3:0] inferred.
FSM jtag_state_fsm[3:0] STG:
Number of reachable states: 16
Input nets: jtag_TMS 
S0(0000)-->S0(0000): 1
S1(0001)-->S2(0010): 1
S0(0000)-->S1(0001): 0
S1(0001)-->S1(0001): 0
S2(0010)-->S3(0011): 0
S2(0010)-->S9(1001): 1
S3(0011)-->S5(0101): 1
S4(0100)-->S4(0100): 0
S4(0100)-->S5(0101): 1
S5(0101)-->S6(0110): 0
S6(0110)-->S6(0110): 0
S6(0110)-->S7(0111): 1
S5(0101)-->S8(1000): 1
S7(0111)-->S8(1000): 1
S3(0011)-->S4(0100): 0
S7(0111)-->S4(0100): 0
S8(1000)-->S2(0010): 1
S9(1001)-->S0(0000): 1
S9(1001)-->S10(1010): 0
S10(1010)-->S11(1011): 0
S11(1011)-->S11(1011): 0
S10(1010)-->S12(1100): 1
S11(1011)-->S12(1100): 1
S13(1101)-->S14(1110): 1
S12(1100)-->S13(1101): 0
S13(1101)-->S13(1101): 0
S15(1111)-->S1(0001): 0
S15(1111)-->S2(0010): 1
S12(1100)-->S15(1111): 1
S14(1110)-->S15(1111): 1
S10(1010)-->S11(1011): 0
S14(1110)-->S11(1011): 0
S0(0000)-->S1(0001): 0
S8(1000)-->S1(0001): 0

I: FSM state_fsm[2:0] inferred.
FSM state_fsm[2:0] STG:
Number of reachable states: 3
Input nets: rx_valid 
S0(001)-->S1(010): 1
S1(010)-->S2(100): x
S2(100)-->S0(001): x

I: FSM bus_p_fsm[1:0] inferred.
FSM bus_p_fsm[1:0] STG:
Number of reachable states: 4
Input nets: N1278 N1279 dmi_w_bus jtag_icb_cmd_ready jtag_icb_rsp_valid 
S0(00)-->S0(00): x1xxx
S0(00)-->S1(01): xx1xx
S0(00)-->S2(10): 1xxxx
S1(01)-->S0(00): xxx1x
S1(01)-->S1(01): xxx0x
S0(00)-->S0(00): x1x1x
S1(01)-->S0(00): x1x1x
S0(00)-->S1(01): xx10x
S1(01)-->S1(01): xx10x
S2(10)-->S2(10): xxx0x
S2(10)-->S3(11): xxx1x
S3(11)-->S0(00): xxxx1
S3(11)-->S2(10): xxxx0
S2(10)-->S2(10): xxx00
S3(11)-->S2(10): xxx00
S0(00)-->S2(10): 1xx0x
S2(10)-->S2(10): 1xx0x
S1(01)-->S0(00): xxx11
S3(11)-->S0(00): xxx11

I: FSM state_fsm[2:0] inferred.
FSM state_fsm[2:0] STG:
Number of reachable states: 7
Input nets: N179 N197 N935 N1024 N1523 N1524 N6210 axi_awready axi_bvalid axi_wready enable pending_eof 
S0(000)-->S1(001): 1xxxxxxxxxxx
S1(001)-->S2(010): xxxx1xxxxxxx
S1(001)-->S2(010): xxxxx11xxxxx
S1(001)-->S5(101): xxxxx10xxxxx
S1(001)-->S6(110): x1xxxxxxxx0x
S2(010)-->S3(011): xxxxxxx1xxxx
S3(011)-->S4(100): xxxxxxxxx1xx
S4(100)-->S1(001): xx0xxxxx1xx0
S4(100)-->S5(101): xx0xxxxx1xx1
S4(100)-->S6(110): xx1xxxxx1xxx
S5(101)-->S1(001): xxxxxxxxxx1x
S6(110)-->S0(000): xxx1xxxxxxxx
S5(101)-->S0(000): xxxxxxxxxx0x
S1(001)-->S0(000): x0xxxxxxxx0x
S5(101)-->S0(000): x0xxxxxxxx0x

I: FSM error_code_fsm[31:0] inferred.
FSM error_code_fsm[31:0] STG:
Number of reachable states: 10
Input nets: N5148 N5151 N5152 N6187 N6189 N6191 N6193 N6196 N6209 N6216 clear_errors 
S0(00000000000000000000000000000000)-->S0(00000000000000000000000000000000): xxxxxxx1000
S1(00000000000000000000000000000001)-->S1(00000000000000000000000000000001): xxxxxxx1000
S2(00000000000000000000000000000010)-->S2(00000000000000000000000000000010): xxxxxxx1000
S3(00000000000000000000000000000011)-->S3(00000000000000000000000000000011): xxxxxxx1000
S4(00000000000000000000000000000100)-->S4(00000000000000000000000000000100): xxxxxxx1000
S5(00000000000000000000000000000101)-->S5(00000000000000000000000000000101): xxxxxxx1000
S6(00000000000000000000000000000110)-->S6(00000000000000000000000000000110): xxxxxxx1000
S7(00000000000000000000000000000111)-->S7(00000000000000000000000000000111): xxxxxxx1000
S8(00000000000000000000000000001000)-->S8(00000000000000000000000000001000): xxxxxxx1000
S9(00000000000000000000000000001001)-->S9(00000000000000000000000000001001): xxxxxxx1000
S0(00000000000000000000000000000000)-->S0(00000000000000000000000000000000): xxxxxxx1001
S1(00000000000000000000000000000001)-->S0(00000000000000000000000000000000): xxxxxxx1001
S2(00000000000000000000000000000010)-->S0(00000000000000000000000000000000): xxxxxxx1001
S3(00000000000000000000000000000011)-->S0(00000000000000000000000000000000): xxxxxxx1001
S4(00000000000000000000000000000100)-->S0(00000000000000000000000000000000): xxxxxxx1001
S5(00000000000000000000000000000101)-->S0(00000000000000000000000000000000): xxxxxxx1001
S6(00000000000000000000000000000110)-->S0(00000000000000000000000000000000): xxxxxxx1001
S7(00000000000000000000000000000111)-->S0(00000000000000000000000000000000): xxxxxxx1001
S8(00000000000000000000000000001000)-->S0(00000000000000000000000000000000): xxxxxxx1001
S9(00000000000000000000000000001001)-->S0(00000000000000000000000000000000): xxxxxxx1001
S0(00000000000000000000000000000000)-->S1(00000000000000000000000000000001): xxxxxxx1x1x
S1(00000000000000000000000000000001)-->S1(00000000000000000000000000000001): xxxxxxx1x1x
S2(00000000000000000000000000000010)-->S1(00000000000000000000000000000001): xxxxxxx1x1x
S3(00000000000000000000000000000011)-->S1(00000000000000000000000000000001): xxxxxxx1x1x
S4(00000000000000000000000000000100)-->S1(00000000000000000000000000000001): xxxxxxx1x1x
S5(00000000000000000000000000000101)-->S1(00000000000000000000000000000001): xxxxxxx1x1x
S6(00000000000000000000000000000110)-->S1(00000000000000000000000000000001): xxxxxxx1x1x
S7(00000000000000000000000000000111)-->S1(00000000000000000000000000000001): xxxxxxx1x1x
S8(00000000000000000000000000001000)-->S1(00000000000000000000000000000001): xxxxxxx1x1x
S9(00000000000000000000000000001001)-->S1(00000000000000000000000000000001): xxxxxxx1x1x
S0(00000000000000000000000000000000)-->S2(00000000000000000000000000000010): xxxxx1xxxxx
S1(00000000000000000000000000000001)-->S2(00000000000000000000000000000010): xxxxx1xxxxx
S2(00000000000000000000000000000010)-->S2(00000000000000000000000000000010): xxxxx1xxxxx
S3(00000000000000000000000000000011)-->S2(00000000000000000000000000000010): xxxxx1xxxxx
S4(00000000000000000000000000000100)-->S2(00000000000000000000000000000010): xxxxx1xxxxx
S5(00000000000000000000000000000101)-->S2(00000000000000000000000000000010): xxxxx1xxxxx
S6(00000000000000000000000000000110)-->S2(00000000000000000000000000000010): xxxxx1xxxxx
S7(00000000000000000000000000000111)-->S2(00000000000000000000000000000010): xxxxx1xxxxx
S8(00000000000000000000000000001000)-->S2(00000000000000000000000000000010): xxxxx1xxxxx
S9(00000000000000000000000000001001)-->S2(00000000000000000000000000000010): xxxxx1xxxxx
S0(00000000000000000000000000000000)-->S3(00000000000000000000000000000011): xxx1xxxxxxx
S1(00000000000000000000000000000001)-->S3(00000000000000000000000000000011): xxx1xxxxxxx
S2(00000000000000000000000000000010)-->S3(00000000000000000000000000000011): xxx1xxxxxxx
S3(00000000000000000000000000000011)-->S3(00000000000000000000000000000011): xxx1xxxxxxx
S4(00000000000000000000000000000100)-->S3(00000000000000000000000000000011): xxx1xxxxxxx
S5(00000000000000000000000000000101)-->S3(00000000000000000000000000000011): xxx1xxxxxxx
S6(00000000000000000000000000000110)-->S3(00000000000000000000000000000011): xxx1xxxxxxx
S7(00000000000000000000000000000111)-->S3(00000000000000000000000000000011): xxx1xxxxxxx
S8(00000000000000000000000000001000)-->S3(00000000000000000000000000000011): xxx1xxxxxxx
S9(00000000000000000000000000001001)-->S3(00000000000000000000000000000011): xxx1xxxxxxx
S0(00000000000000000000000000000000)-->S4(00000000000000000000000000000100): xxxx1xxxxxx
S1(00000000000000000000000000000001)-->S4(00000000000000000000000000000100): xxxx1xxxxxx
S2(00000000000000000000000000000010)-->S4(00000000000000000000000000000100): xxxx1xxxxxx
S3(00000000000000000000000000000011)-->S4(00000000000000000000000000000100): xxxx1xxxxxx
S4(00000000000000000000000000000100)-->S4(00000000000000000000000000000100): xxxx1xxxxxx
S5(00000000000000000000000000000101)-->S4(00000000000000000000000000000100): xxxx1xxxxxx
S6(00000000000000000000000000000110)-->S4(00000000000000000000000000000100): xxxx1xxxxxx
S7(00000000000000000000000000000111)-->S4(00000000000000000000000000000100): xxxx1xxxxxx
S8(00000000000000000000000000001000)-->S4(00000000000000000000000000000100): xxxx1xxxxxx
S9(00000000000000000000000000001001)-->S4(00000000000000000000000000000100): xxxx1xxxxxx
S0(00000000000000000000000000000000)-->S5(00000000000000000000000000000101): xxxxxxx110x
S1(00000000000000000000000000000001)-->S5(00000000000000000000000000000101): xxxxxxx110x
S2(00000000000000000000000000000010)-->S5(00000000000000000000000000000101): xxxxxxx110x
S3(00000000000000000000000000000011)-->S5(00000000000000000000000000000101): xxxxxxx110x
S4(00000000000000000000000000000100)-->S5(00000000000000000000000000000101): xxxxxxx110x
S5(00000000000000000000000000000101)-->S5(00000000000000000000000000000101): xxxxxxx110x
S6(00000000000000000000000000000110)-->S5(00000000000000000000000000000101): xxxxxxx110x
S7(00000000000000000000000000000111)-->S5(00000000000000000000000000000101): xxxxxxx110x
S8(00000000000000000000000000001000)-->S5(00000000000000000000000000000101): xxxxxxx110x
S9(00000000000000000000000000001001)-->S5(00000000000000000000000000000101): xxxxxxx110x
S0(00000000000000000000000000000000)-->S6(00000000000000000000000000000110): xx1xxxxxxxx
S1(00000000000000000000000000000001)-->S6(00000000000000000000000000000110): xx1xxxxxxxx
S2(00000000000000000000000000000010)-->S6(00000000000000000000000000000110): xx1xxxxxxxx
S3(00000000000000000000000000000011)-->S6(00000000000000000000000000000110): xx1xxxxxxxx
S4(00000000000000000000000000000100)-->S6(00000000000000000000000000000110): xx1xxxxxxxx
S5(00000000000000000000000000000101)-->S6(00000000000000000000000000000110): xx1xxxxxxxx
S6(00000000000000000000000000000110)-->S6(00000000000000000000000000000110): xx1xxxxxxxx
S7(00000000000000000000000000000111)-->S6(00000000000000000000000000000110): xx1xxxxxxxx
S8(00000000000000000000000000001000)-->S6(00000000000000000000000000000110): xx1xxxxxxxx
S9(00000000000000000000000000001001)-->S6(00000000000000000000000000000110): xx1xxxxxxxx
S0(00000000000000000000000000000000)-->S7(00000000000000000000000000000111): xxxxxx1xxxx
S1(00000000000000000000000000000001)-->S7(00000000000000000000000000000111): xxxxxx1xxxx
S2(00000000000000000000000000000010)-->S7(00000000000000000000000000000111): xxxxxx1xxxx
S3(00000000000000000000000000000011)-->S7(00000000000000000000000000000111): xxxxxx1xxxx
S4(00000000000000000000000000000100)-->S7(00000000000000000000000000000111): xxxxxx1xxxx
S5(00000000000000000000000000000101)-->S7(00000000000000000000000000000111): xxxxxx1xxxx
S6(00000000000000000000000000000110)-->S7(00000000000000000000000000000111): xxxxxx1xxxx
S7(00000000000000000000000000000111)-->S7(00000000000000000000000000000111): xxxxxx1xxxx
S8(00000000000000000000000000001000)-->S7(00000000000000000000000000000111): xxxxxx1xxxx
S9(00000000000000000000000000001001)-->S7(00000000000000000000000000000111): xxxxxx1xxxx
S0(00000000000000000000000000000000)-->S8(00000000000000000000000000001000): x1xxxxxxxxx
S1(00000000000000000000000000000001)-->S8(00000000000000000000000000001000): x1xxxxxxxxx
S2(00000000000000000000000000000010)-->S8(00000000000000000000000000001000): x1xxxxxxxxx
S3(00000000000000000000000000000011)-->S8(00000000000000000000000000001000): x1xxxxxxxxx
S4(00000000000000000000000000000100)-->S8(00000000000000000000000000001000): x1xxxxxxxxx
S5(00000000000000000000000000000101)-->S8(00000000000000000000000000001000): x1xxxxxxxxx
S6(00000000000000000000000000000110)-->S8(00000000000000000000000000001000): x1xxxxxxxxx
S7(00000000000000000000000000000111)-->S8(00000000000000000000000000001000): x1xxxxxxxxx
S8(00000000000000000000000000001000)-->S8(00000000000000000000000000001000): x1xxxxxxxxx
S9(00000000000000000000000000001001)-->S8(00000000000000000000000000001000): x1xxxxxxxxx
S0(00000000000000000000000000000000)-->S9(00000000000000000000000000001001): 1xxxxxxxxxx
S1(00000000000000000000000000000001)-->S9(00000000000000000000000000001001): 1xxxxxxxxxx
S2(00000000000000000000000000000010)-->S9(00000000000000000000000000001001): 1xxxxxxxxxx
S3(00000000000000000000000000000011)-->S9(00000000000000000000000000001001): 1xxxxxxxxxx
S4(00000000000000000000000000000100)-->S9(00000000000000000000000000001001): 1xxxxxxxxxx
S5(00000000000000000000000000000101)-->S9(00000000000000000000000000001001): 1xxxxxxxxxx
S6(00000000000000000000000000000110)-->S9(00000000000000000000000000001001): 1xxxxxxxxxx
S7(00000000000000000000000000000111)-->S9(00000000000000000000000000001001): 1xxxxxxxxxx
S8(00000000000000000000000000001000)-->S9(00000000000000000000000000001001): 1xxxxxxxxxx
S9(00000000000000000000000000001001)-->S9(00000000000000000000000000001001): 1xxxxxxxxxx

I: FSM state_fsm[2:0] inferred.
FSM state_fsm[2:0] STG:
Number of reachable states: 7
Input nets: N179 N197 N935 N1024 N1522 N1523 N6209 axi_awready axi_bvalid axi_wready enable pending_eof 
S0(000)-->S1(001): 1xxxxxxxxxxx
S1(001)-->S2(010): xxxx1xxxxxxx
S1(001)-->S2(010): xxxxx11xxxxx
S1(001)-->S5(101): xxxxx10xxxxx
S1(001)-->S6(110): x1xxxxxxxx0x
S2(010)-->S3(011): xxxxxxx1xxxx
S3(011)-->S4(100): xxxxxxxxx1xx
S4(100)-->S1(001): xx0xxxxx1xx0
S4(100)-->S5(101): xx0xxxxx1xx1
S4(100)-->S6(110): xx1xxxxx1xxx
S5(101)-->S1(001): xxxxxxxxxx1x
S6(110)-->S0(000): xxx1xxxxxxxx
S5(101)-->S0(000): xxxxxxxxxx0x
S1(001)-->S0(000): x0xxxxxxxx0x
S5(101)-->S0(000): x0xxxxxxxx0x

I: FSM error_code_fsm[31:0] inferred.
FSM error_code_fsm[31:0] STG:
Number of reachable states: 10
Input nets: N5147 N5150 N5151 N6186 N6188 N6190 N6192 N6195 N6208 N6215 clear_errors 
S0(00000000000000000000000000000000)-->S0(00000000000000000000000000000000): xxxxxxx1000
S1(00000000000000000000000000000001)-->S1(00000000000000000000000000000001): xxxxxxx1000
S2(00000000000000000000000000000010)-->S2(00000000000000000000000000000010): xxxxxxx1000
S3(00000000000000000000000000000011)-->S3(00000000000000000000000000000011): xxxxxxx1000
S4(00000000000000000000000000000100)-->S4(00000000000000000000000000000100): xxxxxxx1000
S5(00000000000000000000000000000101)-->S5(00000000000000000000000000000101): xxxxxxx1000
S6(00000000000000000000000000000110)-->S6(00000000000000000000000000000110): xxxxxxx1000
S7(00000000000000000000000000000111)-->S7(00000000000000000000000000000111): xxxxxxx1000
S8(00000000000000000000000000001000)-->S8(00000000000000000000000000001000): xxxxxxx1000
S9(00000000000000000000000000001001)-->S9(00000000000000000000000000001001): xxxxxxx1000
S0(00000000000000000000000000000000)-->S0(00000000000000000000000000000000): xxxxxxx1001
S1(00000000000000000000000000000001)-->S0(00000000000000000000000000000000): xxxxxxx1001
S2(00000000000000000000000000000010)-->S0(00000000000000000000000000000000): xxxxxxx1001
S3(00000000000000000000000000000011)-->S0(00000000000000000000000000000000): xxxxxxx1001
S4(00000000000000000000000000000100)-->S0(00000000000000000000000000000000): xxxxxxx1001
S5(00000000000000000000000000000101)-->S0(00000000000000000000000000000000): xxxxxxx1001
S6(00000000000000000000000000000110)-->S0(00000000000000000000000000000000): xxxxxxx1001
S7(00000000000000000000000000000111)-->S0(00000000000000000000000000000000): xxxxxxx1001
S8(00000000000000000000000000001000)-->S0(00000000000000000000000000000000): xxxxxxx1001
S9(00000000000000000000000000001001)-->S0(00000000000000000000000000000000): xxxxxxx1001
S0(00000000000000000000000000000000)-->S1(00000000000000000000000000000001): xxxxxxx1x1x
S1(00000000000000000000000000000001)-->S1(00000000000000000000000000000001): xxxxxxx1x1x
S2(00000000000000000000000000000010)-->S1(00000000000000000000000000000001): xxxxxxx1x1x
S3(00000000000000000000000000000011)-->S1(00000000000000000000000000000001): xxxxxxx1x1x
S4(00000000000000000000000000000100)-->S1(00000000000000000000000000000001): xxxxxxx1x1x
S5(00000000000000000000000000000101)-->S1(00000000000000000000000000000001): xxxxxxx1x1x
S6(00000000000000000000000000000110)-->S1(00000000000000000000000000000001): xxxxxxx1x1x
S7(00000000000000000000000000000111)-->S1(00000000000000000000000000000001): xxxxxxx1x1x
S8(00000000000000000000000000001000)-->S1(00000000000000000000000000000001): xxxxxxx1x1x
S9(00000000000000000000000000001001)-->S1(00000000000000000000000000000001): xxxxxxx1x1x
S0(00000000000000000000000000000000)-->S2(00000000000000000000000000000010): xxxxx1xxxxx
S1(00000000000000000000000000000001)-->S2(00000000000000000000000000000010): xxxxx1xxxxx
S2(00000000000000000000000000000010)-->S2(00000000000000000000000000000010): xxxxx1xxxxx
S3(00000000000000000000000000000011)-->S2(00000000000000000000000000000010): xxxxx1xxxxx
S4(00000000000000000000000000000100)-->S2(00000000000000000000000000000010): xxxxx1xxxxx
S5(00000000000000000000000000000101)-->S2(00000000000000000000000000000010): xxxxx1xxxxx
S6(00000000000000000000000000000110)-->S2(00000000000000000000000000000010): xxxxx1xxxxx
S7(00000000000000000000000000000111)-->S2(00000000000000000000000000000010): xxxxx1xxxxx
S8(00000000000000000000000000001000)-->S2(00000000000000000000000000000010): xxxxx1xxxxx
S9(00000000000000000000000000001001)-->S2(00000000000000000000000000000010): xxxxx1xxxxx
S0(00000000000000000000000000000000)-->S3(00000000000000000000000000000011): xxx1xxxxxxx
S1(00000000000000000000000000000001)-->S3(00000000000000000000000000000011): xxx1xxxxxxx
S2(00000000000000000000000000000010)-->S3(00000000000000000000000000000011): xxx1xxxxxxx
S3(00000000000000000000000000000011)-->S3(00000000000000000000000000000011): xxx1xxxxxxx
S4(00000000000000000000000000000100)-->S3(00000000000000000000000000000011): xxx1xxxxxxx
S5(00000000000000000000000000000101)-->S3(00000000000000000000000000000011): xxx1xxxxxxx
S6(00000000000000000000000000000110)-->S3(00000000000000000000000000000011): xxx1xxxxxxx
S7(00000000000000000000000000000111)-->S3(00000000000000000000000000000011): xxx1xxxxxxx
S8(00000000000000000000000000001000)-->S3(00000000000000000000000000000011): xxx1xxxxxxx
S9(00000000000000000000000000001001)-->S3(00000000000000000000000000000011): xxx1xxxxxxx
S0(00000000000000000000000000000000)-->S4(00000000000000000000000000000100): xxxx1xxxxxx
S1(00000000000000000000000000000001)-->S4(00000000000000000000000000000100): xxxx1xxxxxx
S2(00000000000000000000000000000010)-->S4(00000000000000000000000000000100): xxxx1xxxxxx
S3(00000000000000000000000000000011)-->S4(00000000000000000000000000000100): xxxx1xxxxxx
S4(00000000000000000000000000000100)-->S4(00000000000000000000000000000100): xxxx1xxxxxx
S5(00000000000000000000000000000101)-->S4(00000000000000000000000000000100): xxxx1xxxxxx
S6(00000000000000000000000000000110)-->S4(00000000000000000000000000000100): xxxx1xxxxxx
S7(00000000000000000000000000000111)-->S4(00000000000000000000000000000100): xxxx1xxxxxx
S8(00000000000000000000000000001000)-->S4(00000000000000000000000000000100): xxxx1xxxxxx
S9(00000000000000000000000000001001)-->S4(00000000000000000000000000000100): xxxx1xxxxxx
S0(00000000000000000000000000000000)-->S5(00000000000000000000000000000101): xxxxxxx110x
S1(00000000000000000000000000000001)-->S5(00000000000000000000000000000101): xxxxxxx110x
S2(00000000000000000000000000000010)-->S5(00000000000000000000000000000101): xxxxxxx110x
S3(00000000000000000000000000000011)-->S5(00000000000000000000000000000101): xxxxxxx110x
S4(00000000000000000000000000000100)-->S5(00000000000000000000000000000101): xxxxxxx110x
S5(00000000000000000000000000000101)-->S5(00000000000000000000000000000101): xxxxxxx110x
S6(00000000000000000000000000000110)-->S5(00000000000000000000000000000101): xxxxxxx110x
S7(00000000000000000000000000000111)-->S5(00000000000000000000000000000101): xxxxxxx110x
S8(00000000000000000000000000001000)-->S5(00000000000000000000000000000101): xxxxxxx110x
S9(00000000000000000000000000001001)-->S5(00000000000000000000000000000101): xxxxxxx110x
S0(00000000000000000000000000000000)-->S6(00000000000000000000000000000110): xx1xxxxxxxx
S1(00000000000000000000000000000001)-->S6(00000000000000000000000000000110): xx1xxxxxxxx
S2(00000000000000000000000000000010)-->S6(00000000000000000000000000000110): xx1xxxxxxxx
S3(00000000000000000000000000000011)-->S6(00000000000000000000000000000110): xx1xxxxxxxx
S4(00000000000000000000000000000100)-->S6(00000000000000000000000000000110): xx1xxxxxxxx
S5(00000000000000000000000000000101)-->S6(00000000000000000000000000000110): xx1xxxxxxxx
S6(00000000000000000000000000000110)-->S6(00000000000000000000000000000110): xx1xxxxxxxx
S7(00000000000000000000000000000111)-->S6(00000000000000000000000000000110): xx1xxxxxxxx
S8(00000000000000000000000000001000)-->S6(00000000000000000000000000000110): xx1xxxxxxxx
S9(00000000000000000000000000001001)-->S6(00000000000000000000000000000110): xx1xxxxxxxx
S0(00000000000000000000000000000000)-->S7(00000000000000000000000000000111): xxxxxx1xxxx
S1(00000000000000000000000000000001)-->S7(00000000000000000000000000000111): xxxxxx1xxxx
S2(00000000000000000000000000000010)-->S7(00000000000000000000000000000111): xxxxxx1xxxx
S3(00000000000000000000000000000011)-->S7(00000000000000000000000000000111): xxxxxx1xxxx
S4(00000000000000000000000000000100)-->S7(00000000000000000000000000000111): xxxxxx1xxxx
S5(00000000000000000000000000000101)-->S7(00000000000000000000000000000111): xxxxxx1xxxx
S6(00000000000000000000000000000110)-->S7(00000000000000000000000000000111): xxxxxx1xxxx
S7(00000000000000000000000000000111)-->S7(00000000000000000000000000000111): xxxxxx1xxxx
S8(00000000000000000000000000001000)-->S7(00000000000000000000000000000111): xxxxxx1xxxx
S9(00000000000000000000000000001001)-->S7(00000000000000000000000000000111): xxxxxx1xxxx
S0(00000000000000000000000000000000)-->S8(00000000000000000000000000001000): x1xxxxxxxxx
S1(00000000000000000000000000000001)-->S8(00000000000000000000000000001000): x1xxxxxxxxx
S2(00000000000000000000000000000010)-->S8(00000000000000000000000000001000): x1xxxxxxxxx
S3(00000000000000000000000000000011)-->S8(00000000000000000000000000001000): x1xxxxxxxxx
S4(00000000000000000000000000000100)-->S8(00000000000000000000000000001000): x1xxxxxxxxx
S5(00000000000000000000000000000101)-->S8(00000000000000000000000000001000): x1xxxxxxxxx
S6(00000000000000000000000000000110)-->S8(00000000000000000000000000001000): x1xxxxxxxxx
S7(00000000000000000000000000000111)-->S8(00000000000000000000000000001000): x1xxxxxxxxx
S8(00000000000000000000000000001000)-->S8(00000000000000000000000000001000): x1xxxxxxxxx
S9(00000000000000000000000000001001)-->S8(00000000000000000000000000001000): x1xxxxxxxxx
S0(00000000000000000000000000000000)-->S9(00000000000000000000000000001001): 1xxxxxxxxxx
S1(00000000000000000000000000000001)-->S9(00000000000000000000000000001001): 1xxxxxxxxxx
S2(00000000000000000000000000000010)-->S9(00000000000000000000000000001001): 1xxxxxxxxxx
S3(00000000000000000000000000000011)-->S9(00000000000000000000000000001001): 1xxxxxxxxxx
S4(00000000000000000000000000000100)-->S9(00000000000000000000000000001001): 1xxxxxxxxxx
S5(00000000000000000000000000000101)-->S9(00000000000000000000000000001001): 1xxxxxxxxxx
S6(00000000000000000000000000000110)-->S9(00000000000000000000000000001001): 1xxxxxxxxxx
S7(00000000000000000000000000000111)-->S9(00000000000000000000000000001001): 1xxxxxxxxxx
S8(00000000000000000000000000001000)-->S9(00000000000000000000000000001001): 1xxxxxxxxxx
S9(00000000000000000000000000001001)-->S9(00000000000000000000000000001001): 1xxxxxxxxxx

I: FSM state_fsm[1:0] inferred.
FSM state_fsm[1:0] STG:
Number of reachable states: 3
Input nets: N6 N8 N10 N14 N18 N56 N291 N328 N346 N354 N715 req_valid 
S0(00)-->S1(01): 11111xxx11x1
S1(01)-->S2(10): xxxxxxx111xx
S2(10)-->S1(01): xxxxx10x11xx
S2(10)-->S0(00): xxxxx11x11xx
S0(00)-->S0(00): xxxxxxxxxx1x
S1(01)-->S0(00): xxxxxxxxxx1x
S2(10)-->S0(00): xxxxxxxxxx1x

I: FSM state_fsm[3:0] inferred.
FSM state_fsm[3:0] STG:
Number of reachable states: 9
Input nets: N347 N384 N437 N441 N451 N455 N459 N1060 ddr_init_done ddr_req_ready ddr_rsp_is_read ddr_rsp_valid flash_req_ready flash_rsp_valid 
S0(0000)-->S1(0001): xxxxxxxx1xxxxx
S0(0000)-->S8(1000): xxxxxx1xxxxxxx
S1(0001)-->S2(0010): xxxxxxxx1xxx1x
S2(0010)-->S2(0010): 0xxxxxxx1xxxx1
S2(0010)-->S3(0011): 1xxxxxxx1xxxx1
S3(0011)-->S4(0100): xxxxxxxx11xxxx
S0(0000)-->S8(1000): xxxx1x1xxxxxxx
S2(0010)-->S8(1000): xxxx1x1xxxxxxx
S4(0100)-->S5(0101): xxxxxxxx1x01xx
S5(0101)-->S6(0110): xxxxxxxx11xxxx
S6(0110)-->S2(0010): x0xxxxx01xx1xx
S6(0110)-->S7(0111): x1xxxxx01xx1xx
S0(0000)-->S8(1000): xxxxxx1x0xxxxx
S1(0001)-->S8(1000): xxxxxx1x0xxxxx
S2(0010)-->S8(1000): xxxxxx1x0xxxxx
S3(0011)-->S8(1000): xxxxxx1x0xxxxx
S4(0100)-->S8(1000): xxxxxx1x0xxxxx
S5(0101)-->S8(1000): xxxxxx1x0xxxxx
S6(0110)-->S8(1000): xxxxxx1x0xxxxx
S7(0111)-->S8(1000): xxxxxx1x0xxxxx
S1(0001)-->S8(1000): xxxxx1xxxxxxxx
S2(0010)-->S8(1000): xxxx1xxxxxxxxx
S3(0011)-->S8(1000): xxx1xxxxxxxxxx
S1(0001)-->S8(1000): xxx1x1xxxxxxxx
S3(0011)-->S8(1000): xxx1x1xxxxxxxx
S4(0100)-->S8(1000): xxxxxxxxxx11xx
S5(0101)-->S8(1000): xxx1xxxxxxxxxx
S6(0110)-->S8(1000): xxxxxxx1xxx1xx
S4(0100)-->S8(1000): xx1xxxxxxxxxxx
S6(0110)-->S8(1000): xx1xxxxxxxxxxx
S4(0100)-->S8(1000): xxxxxxx1xx11xx
S6(0110)-->S8(1000): xxxxxxx1xx11xx
S4(0100)-->S8(1000): xxxxxxxx0xxxxx
S5(0101)-->S8(1000): xxxxxxxx0xxxxx
S6(0110)-->S8(1000): xxxxxxxx0xxxxx
S7(0111)-->S8(1000): xxxxxxxx0xxxxx
S2(0010)-->S8(1000): xxxxxxxx0xxxxx
S3(0011)-->S8(1000): xxxxxxxx0xxxxx
S6(0110)-->S8(1000): xxxxxxxx0xxxxx
S7(0111)-->S8(1000): xxxxxxxx0xxxxx
S1(0001)-->S8(1000): xxxxxxxx0xxxxx
S3(0011)-->S8(1000): xxxxxxxx0xxxxx
S5(0101)-->S8(1000): xxxxxxxx0xxxxx
S7(0111)-->S8(1000): xxxxxxxx0xxxxx

W: Loop was found during constant probe.
W: Loop was found during constant probe.
E: Memory alloc failed for size 17179869224. Please clean up the memory and run again.
Program Error Out.
Action compile: Real time elapsed is 0h:14m:7s
Action compile: CPU time elapsed is 0h:2m:58s
Action compile: Process CPU time elapsed is 0h:2m:58s
Current time: Thu Oct  8 22:03:50 2026
Action compile: Peak memory pool usage is 16,525 MB
